date,SPY,QQQ,DIA,IWN
2002-01-07,-0.5865508823113068,-0.6880759999706335,-0.5053712373019522,-0.7102471400442165
2002-01-08,-0.248190797947201,0.40182708191458877,-0.46402749383139286,0.42851512987157353
2002-01-09,-0.8216821966768963,-0.7824364078237932,-0.6371922546703255,-0.3228765330912628
2002-01-10,0.2429584407503429,0.36117890366216465,-0.3270504952366271,0.002879739462226984
2002-01-11,-0.8852088111888758,-0.9843068209885227,-0.798510935871691,-0.7132388425877412
2002-01-14,-0.5371200542332267,-1.5895863505670174,-0.8718831728193966,-0.9990952273618253
2002-01-15,0.6480728312870224,0.5890665757323021,0.2485823637804685,0.7082906320406214
2002-01-16,-1.6059477358276835,-2.7645864664121125,-1.8368898459030936,-0.9161829163763935
2002-01-17,0.49693563825419235,1.3811329199088538,1.0683219176397574,0.9970126603938887
2002-01-18,-0.3367007220700597,-1.9061196004069008,-0.5975247970578161,-0.9664696646821996
2002-01-22,-0.6130447542534555,-2.194414322252684,-0.5975634919728662,-0.3693297036958651
2002-01-23,0.760964132489364,1.8786330645118232,0.2686751168232176,0.6140825461888698
2002-01-24,0.18048778185798237,0.7825577473814527,0.5010936770466031,0.4366542392405489
2002-01-25,-0.07549542163655412,-0.1699766601370891,0.3866181940574148,0.0968141929191401
2002-01-28,0.17141930707357791,0.4036803187482019,0.21702964843314845,0.5174495458566021
2002-01-29,-2.6805429135084506,-1.9873583749238817,-2.2835368126124242,-0.862636689885517
2002-01-30,0.7996939442165036,0.20896841796424392,0.9400961255423002,0.5497601856617648
2002-01-31,0.9890330210949821,0.47713605812464677,1.4815568486640462,0.15810220839572997
2002-02-01,-0.1813760171870274,-0.5013028083957535,0.12015563874241311,0.3073443492434203
2002-02-04,-2.1011593976715455,-2.294185209331188,-2.001178868607754,-1.2770244559327744
2002-02-05,-0.7462902945903811,-1.417651337599601,-0.27821171583227705,-0.17746237720885708
2002-02-06,-0.3643479107889,-0.5464743878646895,-0.27213887746082327,-0.6088628133888376
2002-02-07,-0.5625720334950466,-1.7826170920116244,-0.3051017153578092,-0.5427002659538535
2002-02-08,1.5899398616278917,1.9145872257756047,1.1237569578894429,1.1489183932075782
2002-02-11,1.042548802171944,0.8856338359551794,1.3028650826215875,0.5626964643692336
2002-02-12,-0.11718194446829905,-0.4178695497349673,-0.014129065769599214,0.17071028122604054
2002-02-13,0.8012821231009521,1.1431832436385398,1.0543541618685008,0.28622149041817996
2002-02-14,-0.08895481254898177,-0.0797524356298937,0.2080179667152976,-0.12467653692312929
2002-02-15,-0.900521207409955,-2.103579457495858,-0.8897992880765889,-0.12554811142420702
2002-02-19,-1.6575377510794398,-2.262951799373085,-1.4963569738491924,-1.0132046285169871
2002-02-20,1.2686212609274607,0.7396060329133546,1.626151591628142,1.0923141850715914
2002-02-21,-1.5487620799719297,-3.282606233259302,-0.7374670918037395,-1.123428547470549
2002-02-22,1.002421314155452,0.3257329804329794,1.1799498333080094,1.061878789715507
2002-02-25,1.4213073119651796,2.7663897767992918,1.6564547148068895,0.443386010266506
2002-02-26,-0.12236255678780146,-0.19254152247435835,-0.173069302298208,0.30905040629674907
2002-02-27,0.16734896387849021,-0.9832380265236313,-0.02318421886547195,0.22133766325148574
2002-02-28,-0.30150576273101337,-1.2498084987957465,-0.13509518891744032,-0.47978175696804676
2002-03-01,1.9805603431548673,3.9162148550424916,2.3338799317995162,1.3488785932676783
2002-03-04,1.4742090961081253,2.7623390681948834,1.9428278074525713,0.9794397420198908
2002-03-05,-0.32707823458531987,0.6495697005726766,-1.2535265134812923,-0.054681308745173116
2002-03-06,0.6364110994996705,0.15007165305840023,0.8127487710724544,0.8492514938699771
2002-03-07,-0.01685885205652385,0.2778550685202933,-0.2118874150616851,0.4079808940492955
2002-03-08,0.2227295603515117,1.6883920018731013,0.2579043794978565,0.1354030803831528
2002-03-11,0.10254627494652369,-0.3169787591245244,0.24840370522293165,0.06378028026711836
2002-03-12,-0.11495915741986965,-0.9146624849805766,0.17119208125340157,-0.03172816438542453
2002-03-13,-0.727423114559764,-1.6813880946655653,-1.00761263059458,-0.3583086386305885
2002-03-14,-0.18295187027883736,-0.5471389556522047,0.018925124938636503,0.2633868737441814
2002-03-15,0.8074951130783493,0.6482205349699643,0.792135941359194,0.21532243474063156
2002-03-18,0.05896645506715541,0.42077334397642296,-0.18329087192357646,0.3577980854914966
2002-03-19,0.4480330878561951,-0.17979224175824285,0.3772440085829193,0.3829046536804466
2002-03-20,-1.489795660408203,-2.456260321497511,-1.0410728394011692,-0.568556987255101
2002-03-21,-0.016676029988331474,1.7208792101729924,-0.23984192990391656,0.6035936160604837
2002-03-22,-0.42147398134774866,-0.8805173270011116,-0.6645494612257534,-0.563590696660994
2002-03-25,-1.1087670210013134,-2.185814956788759,-1.3223255717884532,-0.7316509000220639
2002-03-26,0.4544199486992702,0.5452302399515813,0.55384948281242,0.6456348200930885
2002-03-27,0.26721604439064983,-0.5709335511745153,0.6903954036915971,0.9990501881016081
2002-03-28,-0.024014944924984627,0.907671043207803,-0.14891223344740562,-0.5871803273398567
2002-04-01,-0.0707940019015437,1.2020285161630815,-0.4562212123604368,0.10046150695194649
2002-04-02,-0.6407042730659903,-3.323783966537991,-0.5923498323421845,-0.30557390399358586
2002-04-03,-0.43211561153402167,-0.04047486533436412,-0.8905376791032671,-0.2340558760553564
2002-04-04,-0.429276895252274,-0.7507966386292815,0.20946349561158484,-0.062119488070722866
2002-04-05,0.035656833953588776,-0.7723565127652509,0.3792612394218528,0.4176443260710387
2002-04-08,0.14374824257068175,0.8481727906876123,-0.1972152051418243,0.7504571425998605
2002-04-09,-0.7220023974170294,-2.6091688665677966,-0.5036418488845184,0.18826283310444394
2002-04-10,0.9433024825632285,0.5214325049422677,1.4933368438216825,1.188758110073155
2002-04-11,-1.8907120426262267,-1.6937789355080162,-1.5551788868248573,-0.7453678252770317
2002-04-12,0.3154487985645509,0.8321193517409592,-0.17202696814727436,1.2045896919087498
2002-04-15,-0.8131210506239853,0.4001794437136357,-1.0146741764970464,-0.40677056548051127
2002-04-16,1.7118622244182418,2.673357117151942,1.5726897527204875,1.0207859866722577
2002-04-17,-0.1319284859628718,-0.24487381889945187,-0.5887996580637233,-0.26746024522229317
2002-04-18,-0.4455620328620287,-1.37157962414731,-0.2487446385419349,-0.39788100856350217
2002-04-19,0.3890775290632642,0.24404735374998354,0.5384326699119633,-0.01330734025770508
2002-04-22,-1.3122113333959025,-1.7807895814234864,-0.9672484035616895,-0.6407490968553509
2002-04-23,-0.4708378722556771,-1.3262652815646845,-0.5209552851642956,0.0038656429438859025
2002-04-24,-0.8782107504909381,-1.185604042343869,-0.5729356076750834,-0.5128215699727092
2002-04-25,0.015806309985808443,-0.2686079581774916,0.013762176185503124,0.5106879236820034
2002-04-26,-1.627949733713087,-3.0981512837463785,-1.1447551958462616,-1.0495203286918335
2002-04-29,-0.4252597242953207,0.09785445255897554,-0.83396762855475,0.10189952551625081
2002-04-30,0.5818438897547022,1.1140267929667769,0.9203664408804848,1.0665190751297007
2002-05-01,0.9819988465162938,-0.3452916960971262,1.0386534706113209,0.4903706010135674
2002-05-02,-0.2051334244927052,-2.2191288060097136,0.39985467480177805,0.791460355738746
2002-05-03,-0.7250496594284396,-1.7073633819672167,-0.5733812345309655,-0.22744823184153756
2002-05-06,-1.6544855188005547,-1.980226794882304,-1.8192755662714852,-1.0346573107942958
2002-05-07,-0.46482298538049305,-0.8998730825273106,0.04067899049892959,-0.5370176833063822
2002-05-08,3.0181481418819143,7.053211575464021,2.7512606515607194,1.1269453167788173
2002-05-09,-1.0105125793310148,-1.7751992479785994,-0.8892960063989158,-1.0906426754936953
2002-05-10,-1.6443642393731868,-3.1034706008389614,-0.9745229332011955,-1.3708984371671484
2002-05-13,1.6590270446493929,2.7235639095962854,1.5485523439077817,0.8046458329483426
2002-05-14,1.7902873884326227,3.963791698678345,1.6820293479592012,1.6097549538079745
2002-05-15,-0.42106599433413056,0.5707269984473222,-0.5041215170987441,0.10822012194840111
2002-05-16,0.17283542248997802,0.0327126345470322,0.16068082877510012,-0.9940545811541985
2002-05-17,0.4621448661592711,0.21180057185151913,0.6190735161577288,0.2690267764174548
2002-05-20,-0.8037400109323845,-1.4681761442417156,-0.9458375855262942,-0.8468679736118563
2002-05-21,-0.8169426717769614,-2.024941027725806,-1.1604419088521973,-0.8718316629512153
2002-05-22,0.18884528433135894,0.06036461340238244,0.42005320463661766,-0.3147100351590741
2002-05-23,0.9834663163709251,1.3969862226512013,0.6364126333393794,1.1087691439159022
2002-05-24,-1.1231342567900346,-1.7662028106855514,-1.0239422213107956,-0.799627842888275
2002-05-28,-0.5053391543298714,-0.37986536561310225,-1.1400164372161055,-0.22187023812405857
2002-05-29,-0.7477806641613122,-2.052837930531087,-0.6927948751451293,-0.7067483230893516
2002-05-30,-0.1527602834836274,0.5878567989692898,-0.03564722253345862,0.13941413862017185
2002-05-31,-0.13136722738345422,-1.2663128835416197,0.061913336091721394,0.02117326345792714
2002-06-03,-1.9614047099668945,-2.474427186842369,-1.8963774599406282,-1.6561778205542734
2002-06-04,0.07576580759985178,0.6966865277513138,-0.36114990223594257,-0.22500622121868136
2002-06-05,0.6751856985210096,0.5781635262566466,0.8923954781779133,0.1797762421315503
2002-06-06,-1.574239023873021,-1.7405606904895161,-1.411756393808076,-1.1694279292300742
2002-06-07,-0.26197263545438987,-1.565719296003433,-0.49798611283998095,0.790384852668771
2002-06-10,0.26953114844500187,-0.21194886677835037,0.45297946928770466,-0.3933157302770128
2002-06-11,-1.260086132819944,-1.948068007876023,-1.022828484249942,-0.3508484743828826
2002-06-12,0.375536762585571,0.8762928129183589,0.7946917447330568,0.039928700955133456
2002-06-13,-0.8050674997436489,-0.4655241504066159,-0.9876228410791854,-0.9495810859171263
2002-06-14,-0.3147670873050774,-0.28517173367428206,-0.46560719894623,0.23796824242977552
2002-06-17,2.0704249187880355,2.2514447730866616,1.8703484252323406,1.6838466101156633
2002-06-18,0.7828796819237116,1.2333249539341826,0.32189249131653674,0.2463610490337867
2002-06-19,-1.9386733463373393,-4.130364563907395,-1.343927944930901,-1.223542816453805
2002-06-20,-0.9995710538221946,-2.281749042274208,-1.1536320817208539,0.1531972607300224
2002-06-21,-1.366480819700498,-1.9305005096971268,-1.7863138712224194,0.23255296811443565
2002-06-24,0.23186485217264122,1.0702949192533102,0.023941272723025514,-0.3577079229446779
2002-06-25,-1.862238850277263,-2.418522052822404,-1.4805297637067618,-0.7176776586512024
2002-06-26,-0.03912222640768606,-0.1530428474442571,-0.22656025664342272,0.13990070409038602
2002-06-27,1.3341524581352486,1.9303462810101726,1.3474069697363913,0.5169790520087378
2002-06-28,-0.28249307977777516,-0.19806778276865156,-0.11582334624688057,0.2816221016054061
2002-07-01,-1.7062568394297153,-3.4420308809389253,-1.3566377559957274,-1.283066852996875
2002-07-02,-1.7799698806831419,-2.652261038655762,-1.0334510504234085,-2.1536493091536553
2002-07-03,0.5037593380523677,2.1723517581323817,0.5019866487314981,-0.8571047126237136
2002-07-05,3.084008206376408,4.245479501669163,3.0232409327756766,-0.08498339753243545
2002-07-08,-0.7753243954170101,-2.220986114168932,-0.6526332727730322,1.1385927946991974
2002-07-09,-2.175642354039286,-1.9842749581224846,-1.8042522909270249,-0.8227834069387374
2002-07-10,-3.2300058332256585,-2.4950977388256654,-2.9877514657710127,-1.5609236918104314
2002-07-11,0.20646680126980893,2.130270959929992,-0.5744967039280786,-0.9090094660139623
2002-07-12,-1.1120062826063606,-0.1806338152800053,-1.37300841038681,-0.7923845925286899
2002-07-15,0.24187554465931868,2.0303225466832178,-0.6403637579410064,-0.6281202900748168
2002-07-16,-1.762190787364046,-1.1770704212357415,-1.8838368430688803,-0.9000919668251127
2002-07-17,-0.06152203303476364,1.102542484088202,0.48778122743228725,0.3090074890433474
2002-07-18,-2.7619031559444465,-2.5882989690189255,-1.3860832096880809,-1.9596609093236945
2002-07-19,-3.1609373181349865,-2.266541192249046,-4.335488812569559,-1.8352803825837418
2002-07-22,-3.108521276264823,-2.3394180746098576,-3.334216262684298,-1.8784050414595481
2002-07-23,-2.539141611048762,-3.389031949467754,-1.229833161609964,-3.272422086234925
2002-07-24,4.737750426556636,3.6451767991931887,5.449895005872227,3.000222790329471
2002-07-25,-0.19280424068124924,-3.6528894245459855,0.5768846906298003,0.002761344498638074
2002-07-26,1.7545585993173778,1.4951563619856012,1.0259373244530512,1.2867569425955363
2002-07-29,3.9752107012373186,3.411241052977254,4.66945436405423,2.9300723363181396
2002-07-30,1.5515087496001256,1.8657841518945992,0.277495267770585,0.3063821189603003
2002-07-31,0.1747717142415302,-1.3569233793309783,0.39303208613230356,-1.5101875416903991
2002-08-01,-1.858158362414082,-3.0893817346755355,-1.9535779507863125,-0.2714704730034564
2002-08-02,-2.0098848704588352,-1.7284454601509371,-2.224227227132565,-2.312548095546538
2002-08-05,-3.0506993388103836,-2.883346635686528,-3.086971423919835,-1.3912997568471286
2002-08-06,2.329559768629306,2.989988191120393,2.087471357326874,1.9134433122641337
2002-08-07,1.492878688629956,1.0068707697580062,2.0461686859608244,0.9850819117374252
2002-08-08,2.794330987747174,2.5654738926960956,2.8483203745636034,1.053193131085549
2002-08-09,0.559694669093441,-0.4336054386906669,0.6376185165336503,0.019561949806231507
2002-08-12,-0.47094661263638415,0.3360826421941002,-0.443371755209655,-0.2869107750629499
2002-08-13,-1.6419704223776026,-2.555614436356452,-2.210004642995263,-1.916362838194446
2002-08-14,2.780165615760798,4.108548066077013,2.420306606477533,1.652578320607233
2002-08-15,1.3448698537570425,1.5610147014863371,1.015917226131452,0.43070704423481276
2002-08-16,-0.21169171135067172,0.6171632928310106,-0.35806577172399384,0.6630696816185558
2002-08-19,1.7347915345463578,1.5780292086585817,1.95278358622084,0.336158090321867
2002-08-20,-0.6654078953524261,-0.09794223398422178,-0.9100434816074042,-0.22026000289914688
2002-08-21,0.973545476910219,1.3920905616555594,0.6250878799372996,0.46023470637703684
2002-08-22,0.7997946439534774,1.1207439275122228,0.9673462114267275,1.4470036566050442
2002-08-23,-1.7640272945230508,-2.682915721792454,-1.7193831432055777,-1.0348826995042573
2002-08-26,0.38753824108908236,0.10336631794699624,0.24410248648413704,-0.26075851602785294
2002-08-27,-0.8536803974345513,-2.4796263316760236,-0.8379439195749079,0.6683306987755144
2002-08-28,-1.847152759181631,-2.6657606793275455,-1.3668849348295395,-2.1576344704306964
2002-08-29,0.03605950895644482,0.7568809076262295,-0.2518223811042874,0.24451400344492924
2002-08-30,-0.46399449067491616,-1.0394901193966544,-0.2111245829402585,-0.28395323889010626
2002-09-03,-3.173696276715372,-2.559466036933087,-3.6492048339582612,-1.3234461132877235
2002-09-05,-1.174905482479581,-2.2202702382207677,-2.0227076948178686,-0.3514179132737889
2002-09-06,0.9649941946933406,1.874773816184741,1.3092674352151663,1.3302018445485682
2002-09-09,0.7084030393054563,0.7321107035216875,1.110981284367573,0.6449534353240998
2002-09-10,0.8893283471860123,1.763421290100277,0.8591618455466169,-0.22637576273533935
2002-09-11,-0.5054117966618166,-0.5457355807007098,-0.19144045980670307,-0.019551317096272468
2002-09-12,-1.5858265720050493,-1.9317852651284246,-2.1215832345359513,-1.1939252692313158
2002-09-13,-0.03702473563633396,0.28944850750564355,-0.9854601928152258,0.5108557843708238
2002-09-16,0.09259463446223876,-1.1790740225339065,0.5623516039423924,-0.6967602995108826
2002-09-17,-1.6400173736904653,-1.3299188076227473,-1.5513050834126,-0.11603475744876096
2002-09-18,-1.0931973284284084,-1.0661314102692814,-0.6635914541735701,-1.3970482538421178
2002-09-19,-2.2102336654475803,-1.222696397872126,-2.5424705718166662,-1.4698996053913038
2002-09-20,-0.35792132567501345,-0.059877878710682675,0.06665646830361277,-0.6183005828811566
2002-09-23,-0.6665804330198314,-2.1141684111855596,-1.1963117876578602,-1.376831132758695
2002-09-24,-1.3595265995270045,-0.02820281391061399,-2.2066306459289566,-0.7235210641942067
2002-09-25,1.7589140965541976,2.401310329316959,1.497041769994606,1.115636461082164
2002-09-26,1.4051565599186189,-0.7491458928527673,1.8473323759387046,1.7798804426282102
2002-09-27,-2.623029852518269,-0.6628496893421485,-3.0012352241777167,-1.731060760830112
2002-09-30,-1.3984666887265151,-2.444110687391318,-1.7697413597398781,-0.6885634152074798
2002-10-01,3.6500580697969003,3.952113480415118,3.7314053007924195,1.278338041078759
2002-10-02,-1.7611718521842223,-1.9922777948852488,-1.5167705841842758,-0.5614128807986878
2002-10-03,-1.3092716702112241,-1.822451082840711,-0.6827236453903753,-1.0073157130394523
2002-10-04,-1.5620465382957855,-1.4297572057486132,-2.1873010492148572,-1.0869507771897975
2002-10-07,-1.995028912915525,-0.971085551400216,-1.580719000293359,-2.5045792171203174
2002-10-08,1.1610066014585212,-0.019800349002049883,0.8371522517988713,0.6204388926144233
2002-10-09,-2.2602563784868366,-0.38162309104748626,-2.448768816635113,-3.4562663456678164
2002-10-10,2.3860835155001383,3.177080198316276,2.662850555993746,-0.5404273052683726
2002-10-11,3.7557834140938855,3.9917180551390334,3.969340760692194,3.7658855013177455
2002-10-14,0.6506281319182396,1.1784281727837789,0.5888510991370258,0.32643597997961726
2002-10-15,3.7577274507502207,3.280982025248317,4.027711959271077,1.897768536051291
2002-10-16,-1.5575491306915565,-1.8975671762564281,-1.8359949514901017,-1.0424922944037966
2002-10-17,1.3875219837094852,2.133561155926207,2.281035794121993,1.3618090650304824
2002-10-18,0.5090571625894665,0.9022000798825183,0.7717473155212069,0.5185999748742918
2002-10-21,1.241477760559225,1.3766961158267512,2.1185208456107065,0.6098169976698626
2002-10-22,-0.4209318140785686,-0.2172913701577997,-0.6517672628046092,-0.7895911070925694
2002-10-23,0.4378375804547079,1.2009786637166953,0.2586584347005365,0.33624814677581283
2002-10-24,-1.6996255611881255,-1.7933095074954966,-1.838814772098607,0.1502775147076662
2002-10-25,1.3767709493269837,1.5904065609836802,1.0021863458368303,0.46284705894580824
2002-10-28,-0.44011407305351125,-0.33053086648030555,-0.6818835147653883,0.11270554665821651
2002-10-29,-1.0480211556917534,-1.711443880423918,-0.10630251294607207,-0.5060292940495867
2002-10-30,0.809469994186103,1.8318018521020243,0.6782851526313048,1.238552618128234
2002-10-31,-1.00184777557909,-0.15168135184369463,-0.458897348506066,-0.04908127432174421
2002-11-01,1.397544934886651,1.855204752824758,1.094018904417977,0.8101109151365982
2002-11-04,0.7330471873993069,1.799390803260448,0.5438603586577596,1.0513435112794276
2002-11-05,0.5759476293719463,0.5382873335129035,1.0334801316466435,-0.19520838684036268
2002-11-06,1.1353567230976565,1.1104513451768292,1.0633662763343392,0.7218819357275921
2002-11-07,-1.9796556919899928,-2.414290884214608,-1.8007923387800868,-0.5352474588841415
2002-11-08,-1.2069440770314104,-1.4920036681576399,-0.7269547595716112,-1.4852011982992472
2002-11-11,-1.3034378226607364,-2.2535183513849084,-1.856381873204904,-1.2769368092458473
2002-11-12,0.4891134876663289,1.5572813944145882,0.07996114672879603,0.7236578132321096
2002-11-13,0.052978551709332564,0.7381563597831169,0.10634232317003464,0.6730910643447119
2002-11-14,1.3856778495612465,2.305999924009249,1.37600391253076,0.41786522018451505
2002-11-15,0.6289560133208982,0.9899038889549245,0.45143303782894634,0.8341847722251763
2002-11-18,-0.8846852813715664,-1.0034826918927033,-0.9917598373315883,-0.4352414359703085
2002-11-19,-0.2264203335110057,-1.1885942723037446,-0.2541889879218935,-0.9054729635487362
2002-11-20,1.873952414773026,2.900453314518172,1.5915185214787684,1.8003401776471044
2002-11-21,1.5440360667510635,2.56571386288273,2.292720417210505,1.0126260080147733
2002-11-22,-0.49357382838395353,0.17176279150542323,-0.22332052834560967,0.6829216312238022
2002-11-25,-0.2275008660649235,0.5602870568478711,0.19313354849850886,0.17356870825684814
2002-11-26,-1.6816113947071945,-2.4393955066675814,-1.794242379276707,-1.2343209576330878
2002-11-27,2.0544000634415647,2.0013140979397743,2.30266677815458,1.6185771271232507
2002-11-29,-0.039951569882988924,-0.298190113234475,-0.04390277003549048,0.07362227575622593
2002-12-02,0.08058977976683579,0.666041860600722,-0.4140544118031066,-0.06169412340644246
2002-12-03,-1.1931610523853862,-2.198467504113541,-1.2964872491627137,-0.30252561604343586
2002-12-04,-0.448532576122555,-1.6502349320259548,-0.15011574682046414,-1.0718603738306294
2002-12-05,-0.7610590072821748,-0.9689708207301889,-1.0142045306970713,-0.3592513299922111
2002-12-06,0.413202430862274,0.5414852106790662,0.08319162732799991,0.22623681675329008
2002-12-09,-2.2763438563684866,-3.4059210207473734,-1.7659294901060374,-1.0871317594727694
2002-12-10,0.968601980930764,0.8997817618051794,0.9104356345514226,1.0316193367791118
2002-12-11,0.09285696254986618,0.28542530993121035,0.19611975043371344,-0.06907846392545791
2002-12-12,-0.03141851510525602,0.3676456972977715,-0.5289728412429913,0.647369325193195
2002-12-13,-1.4671710359192516,-2.3725277886963547,-1.2626041261157572,-1.2674489225782575
2002-12-16,2.048218237553797,2.1369118768886626,1.9430141512159655,0.36152630228828186
2002-12-17,-0.48573575683903364,0.36750366978156224,-0.677670934411287,0.004555339515844331
2002-12-18,-1.1297062185713436,-1.603317240872492,-1.0959047610581554,-1.2768721144365711
2002-12-19,-0.6617538562590566,-0.965565133137148,-0.9379410114023902,0.008779614091047269
2002-12-20,1.050769291675665,0.5723013448308996,1.396929407120907,0.5290733694104637
2002-12-23,0.21329212604562173,1.083423755135864,0.04058570166442288,0.32520082148114055
2002-12-24,-0.7385194785950839,-0.9674852009704004,-0.6041977993306029,-0.14408088072258635
2002-12-26,-0.07721442853268314,-0.25694354572938877,-0.24932082740838543,0.08309913484736474
2002-12-27,-1.9014093491820112,-1.3558131966251434,-1.401322493172926,-0.8740305440854929
2002-12-30,0.47965246894070857,-0.7344486888931308,0.12249532516855821,-0.1799777869731894
2002-12-31,0.13248220606454636,-0.729896962338438,0.1119979787613064,0.15631795671626536
2003-01-02,2.709393357061093,2.912677313886559,2.8576168104085293,1.3407398898472611
2003-01-03,0.51862205625811,0.9916816047978174,0.26155713801817787,-0.04409166351799576
2003-01-06,1.351751851460107,1.7212233974392883,1.6530597626433619,0.9396147429332553
2003-01-07,-0.082394286100405,1.0201830960416411,-0.15062020385225855,-0.5863528367910236
2003-01-08,-1.3338024536211484,-2.06176597091077,-1.6066693833267887,-1.0159575162813188
2003-01-09,1.114359746938183,2.000732928624129,1.6579873546793418,0.7315656253628913
2003-01-10,0.35675484337209684,1.1201774558583544,0.2912896777437672,0.36408360876197565
2003-01-13,-0.20579101203122524,-0.46221657929140925,-0.14640061935183216,-0.32759146612005485
2003-01-14,0.24374549818608354,0.370672556689367,0.5565597584858715,0.19315205595794377
2003-01-15,-0.7843000914106765,-0.8624379287093753,-1.1272695914965032,0.10666324008386874
2003-01-16,-0.5552301197234047,-0.9692138689857949,-0.49518592574380277,-0.3399648422920851
2003-01-17,-1.2137304749123967,-3.0976124775213565,-1.1239933788299281,-1.0572178031057202
2003-01-21,-1.2492926463606944,-0.8367904442073189,-1.4778542615023085,-0.6448310722421561
2003-01-22,-1.1479838010548573,-0.5423752318738575,-1.481129248024631,-0.493872699591949
2003-01-23,0.27750073200537906,1.3656045173771263,0.2769780838496511,-0.3041268143374928
2003-01-24,-2.2305814440220453,-1.9253767912942885,-2.5264376835085174,-0.9477859828707413
2003-01-27,-1.4814504536751016,-1.0981477517808123,-1.9219876815241903,-1.2219564082627288
2003-01-28,0.4034889669840296,0.46212482940103916,0.8588894047794434,0.6415842967582922
2003-01-29,0.6868007439931787,1.0918297248915314,0.3654150785424188,0.4546326356724556
2003-01-30,-2.046222831618127,-1.750782743011858,-1.8946768356582884,-1.602208696903149
2003-01-31,1.367293842838976,-0.4628327265736021,0.9881037492190213,0.19855210173064838
2003-02-03,0.3833457665380787,0.2939418861063859,0.8295232465630595,0.47363538688635326
2003-02-04,-0.6516312556593422,-0.7948604574071517,-0.8777857072363336,0.069313938947438
2003-02-05,-0.7212964217574944,-0.4971998456528691,-0.5360638924704273,-0.5128209829008654
2003-02-06,-0.44771257799744146,0.2791107704118631,-0.6625624334128476,-0.35552142377746054
2003-02-07,-1.1723289274931694,-1.303605174431412,-0.8913729778681915,-1.509410085462145
2003-02-10,0.5203190279276191,0.5588755514172412,0.5794388382664785,0.544322764709116
2003-02-11,-0.564344511414853,0.3773165388324736,-0.8235231241410724,-0.7005708247327058
2003-02-12,-1.4824985534817778,-1.1059868440466063,-1.1374891914340344,-0.4102944597861907
2003-02-13,0.05372177145609566,0.205036565285316,-0.2576920563514352,-0.6127531583976771
2003-02-14,1.6769988958179132,1.5012351250872829,1.6905772965201977,0.7498708173349813
2003-02-18,1.6311992977678291,2.324668294167844,1.6981545667823585,0.9759999970770682
2003-02-19,-0.34921533117942827,-0.3459738979777799,-0.32804808896751647,-0.2811866040475649
2003-02-20,-0.9142997279263474,-0.31274521391826615,-1.0334827171904193,-0.3655974312143655
2003-02-21,0.6602245610357126,0.35056791779994617,0.9437186524454584,1.015721921680518
2003-02-24,-1.3111312915428242,-1.1377314313500626,-1.6656999137820505,-1.4264203665908552
2003-02-25,0.4465654201904898,-0.12333777282355093,0.32193207193672363,0.7109345365891211
2003-02-26,-1.1238946406720918,-1.531047951856388,-1.0512435511362437,-0.5019349749441655
2003-02-27,0.9655665717788554,1.4199441645034923,0.7453341689471084,0.17752912310539043
2003-02-28,0.5753274888946633,1.090227319660421,0.12300130077021623,-0.13092409541602823
2003-03-03,-0.808948978094308,-1.4158605782709197,-0.6251703619783877,-0.13797619911326928
2003-03-04,-1.3384449018087161,-0.45240581368243027,-1.5187734285153889,-0.319501923062432
2003-03-05,0.4005794016693065,-0.15243390653448985,0.4980003185325484,-0.3833745298712521
2003-03-06,-0.5959688170685334,-0.09610305279059883,-1.0296185044570407,-0.29459769067757136
2003-03-07,0.3956372806608853,-0.019238294711520776,0.5571605205805285,0.2258254091603362
2003-03-10,-1.8873724142618757,-1.4504632146463394,-1.8411506547845855,-1.0290195483811773
2003-03-11,-1.067372698787054,-0.8685382409435375,-0.7951415070206082,-0.8453869991094641
2003-03-12,0.4208039719235724,1.1173862746193293,0.22996734549003722,-0.0922240515421003
2003-03-13,2.687926699315355,3.83254876786637,3.0075268049834727,0.9427521659141799
2003-03-14,0.4933385157064711,0.5644001989344009,0.7401183793414907,0.6812742966788656
2003-03-17,2.4560746867814647,2.420359858319976,3.046179057797162,0.8848756507935615
2003-03-18,0.7744400831085845,1.161359121672917,0.9338876303736721,0.9413760501049651
2003-03-19,0.5636315391014467,-0.5605962419719539,0.7202472422464908,0.636802296616029
2003-03-20,0.2510940341235683,0.34614251946726227,0.3163076206300499,0.31483794026887607
2003-03-21,1.7233121612499704,0.913230737560233,2.450400205924281,0.42111012083329447
2003-03-24,-2.44795963490855,-2.6713831302780413,-2.8364520733833958,-0.6638705915194759
2003-03-25,0.3664176165025505,0.6117683010476102,0.21937319749363304,0.18301703610211756
2003-03-26,-0.37791984182866417,0.34120225329609694,-0.47977056057720496,-0.040573469461461315
2003-03-27,-0.08446151652886139,-0.6091678855102801,-0.44884382770335085,-0.5874492259190668
2003-03-28,-0.43073641728688916,-0.786470384785684,-0.6238136589166257,0.05488724393257848
2003-03-31,-1.8848428682272018,-2.322348333404515,-1.6953066347628847,-0.4928578765531201
2003-04-01,1.0511709961691444,0.32292412855675406,0.6452032939513054,0.3202930306478574
2003-04-02,1.9662840413344107,2.4601874796088725,2.3832679143754447,1.5704566389685668
2003-04-03,-0.10766171869491675,0.519723253219427,-0.19755384885529265,0.04263016082020224
2003-04-04,0.3103436546612146,-1.2284303633059959,0.19465317099940727,-0.17639414704807788
2003-04-07,-0.057881682160890985,0.2030322756233024,0.36989089482669024,1.1377964446647246
2003-04-08,0.11983767928160377,-0.14476978206582963,-0.0036472710858003396,-1.0738375449479445
2003-04-09,-1.1043628213311842,-1.6472818728766085,-1.0997088864286322,0.6039580459647161
2003-04-10,0.3121296948543495,0.7066916163682975,0.10903041877228042,-0.7214622360371556
2003-04-11,-0.3292663188488785,-0.7669638414094574,-0.18811031734744138,-0.3464573513168977
2003-04-14,1.6698670049477573,1.4209259137023946,1.5790606079603497,1.2007389388174186
2003-04-15,0.8811948157098468,0.7750874486111546,0.6871373007473017,0.23851578047511163
2003-04-16,-1.3278937184087332,-0.09432750892623162,-1.4520879985786386,-0.011113679000963706
2003-04-17,0.9015178134805402,1.3221600239409703,0.5398451534559197,0.48440575807074676
2003-04-21,0.03479567932912,0.2551338400097177,-0.11323634347524977,0.3679372476389853
2003-04-22,1.469924994488205,1.2863915194834648,1.573441876088186,1.113864665481615
2003-04-23,0.8765197416281834,0.6401844906349032,0.4854092001262351,0.33514353513838313
2003-04-24,-0.6972297977292915,-0.3442970397643854,-0.765585212260743,-0.1334793880754223
2003-04-25,-1.1104075169850691,-1.4639755703406172,-1.4984320082242217,-0.6144018536429628
2003-04-28,1.2160451815495814,1.1663726813417998,1.5139934315832912,0.9184494563694571
2003-04-29,0.38781237875951186,0.7508921759630796,0.5463876452493395,0.35072477477921543
2003-04-30,-0.16616731354482256,-0.7115244072032638,-0.2753914151566702,0.01516618206625045
2003-05-01,-0.06227488918302799,0.5723076659050116,-0.3203102105456943,0.23763174404110735
2003-05-02,1.056855717327179,1.3483869617304,1.2161271215921299,1.1813944301147585
2003-05-05,-0.12405075558591432,-0.00012728169343999285,-0.44078983400327754,0.1652900550682769
2003-05-06,0.6251368782195607,0.7885719772444129,0.42413575446042634,0.36099477362978893
2003-05-07,-0.4122594306486286,-0.7611557131210106,-0.23305676549738363,0.2063165061646168
2003-05-08,-0.8672305891170098,-1.3269540054444606,-0.7471662168520685,-0.5060834273907561
2003-05-09,1.033381171203428,1.467888155771211,1.0691228281817797,0.7308430551945411
2003-05-12,1.0332777555425297,1.0699491326052344,1.3051247450116303,0.8545259622319391
2003-05-13,-0.09240408934758208,-0.3249629680356748,-0.38078719929781346,0.26571942262653087
2003-05-14,-0.2789406782016637,-0.22217125850728459,-0.4397247225613076,-0.0988488651683341
2003-05-15,0.4748665888144032,0.6939417381336381,0.6098722050517357,0.22958664232687126
2003-05-16,-0.1783417542587843,-0.5083114440831789,-0.2878309912463046,-0.49992712333361444
2003-05-19,-1.963808713867374,-2.517251365731101,-1.9303459759474235,-1.303026977392852
2003-05-20,-0.3075518789913224,0.010639519314994128,-0.1878967627408587,-0.10534242034390656
2003-05-21,0.10670557396593167,-0.3106766559500539,0.2183741287687212,0.11324053209339065
2003-05-22,0.7882630232994635,0.9992816223311418,0.7953062138030323,0.42528999668088113
2003-05-23,0.20570147856727242,0.05848426238297583,0.13478624576139075,0.9260296647223074
2003-05-27,1.3385044316281522,2.3990263189149443,1.7445697551418715,1.1991759506298614
2003-05-28,0.27687253015604757,0.28793956973526513,0.2258382591971005,0.3403623492795109
2003-05-29,-0.3243128196094214,0.28026335878040426,-0.9143907959589375,0.1584101935042302
2003-05-30,1.1201058805899415,0.9704689492727655,1.1846958417828086,1.2299205619331202
2003-06-02,0.44300848986446295,-0.3879359493367245,0.612483579849504,0.741428551541527
2003-06-03,0.37948550572214246,0.7032741045569371,0.29991418805339126,0.09450886313134185
2003-06-04,1.1530435538983854,1.251635841517364,1.1177744462896182,1.2861043519956337
2003-06-05,0.4276605699637021,0.5666503201163604,0.08179249278755664,0.5458325124308141
2003-06-06,-0.3852591924949668,-1.2056549433883845,0.13017492101341677,-0.3011175954212268
2003-06-09,-0.7434723510601728,-0.8762592840051948,-0.6901666792071404,-1.2629988928647977
2003-06-10,0.7525531817008427,0.9303735491121418,0.6432530851179498,0.5624956797619101
2003-06-11,0.8747691350876298,0.7967237446633944,1.272948120321231,0.7927671219119349
2003-06-12,0.3318189337124876,0.4034633064979872,0.25118439472660825,0.491136731828753
2003-06-13,-0.9291206027039598,-1.620429163815869,-0.8279841142021844,-0.9291229230726353
2003-06-16,1.6681402369506948,2.043446526656803,1.872550651778024,0.4527546287448602
2003-06-17,0.1830635437321341,-0.13228385765248774,0.2688839156358427,0.29749412060491454
2003-06-18,-0.11193611314542573,0.38647789839206975,-0.3017967688221214,-0.26084665673671426
2003-06-19,-1.333716100052398,-1.2241874474957253,-1.1663909171397788,-0.0882473138060216
2003-06-20,-0.37154906046615965,-0.2542156968051761,0.018554284638199442,-0.9891446818880203
2003-06-23,-0.8492287143168945,-1.1177854282347999,-1.2011863359269357,-1.248130313892858
2003-06-24,-0.03719440602023216,-0.6539295086525322,0.20942110645492595,0.014872437649488118
2003-06-25,-0.7221168917774252,-0.3375341830189377,-0.8256737204684352,0.09960032266117265
2003-06-26,0.8540765637803629,1.434827579965094,0.4443999512835942,0.3825194453743081
2003-06-27,-0.974829100669956,-0.9222411147746523,-0.8883110712466313,0.4002965107628732
2003-06-30,-0.18385121126206005,0.1670584899182263,-0.18935343667817528,-0.3222393727686821
2003-07-01,0.6658927476023209,0.8304626885645952,0.4686222045360446,-0.7160877198112938
2003-07-02,1.083992282677559,1.4701022890428412,1.0550265206981917,2.226184910764474
2003-07-03,-0.9702214944884696,-0.8436589172088873,-0.6858492430364205,-0.07643643817246895
2003-07-07,1.5204175029120637,2.7798803877614606,1.228818388656754,0.8568266428007622
2003-07-08,0.3367960084381488,0.8517803579196311,0.06861207706211228,0.3403732421831817
2003-07-09,-0.5443636693442031,-0.16294864259532693,-0.7114275197529991,0.849818685557588
2003-07-10,-1.2270426423747056,-1.447036076910586,-1.336324197723494,-1.0270685493404783
2003-07-11,0.6344422088539579,0.3668978287860013,0.6523578141569747,0.4549450215998281
2003-07-14,0.4797209418982075,0.8657325690114066,0.6553545668004561,0.5909710994445846
2003-07-15,-0.1949155367875951,0.08957538412244093,-0.451089170080616,-0.1571242821620608
2003-07-16,-0.615536682917015,-0.3095171208153385,-0.47044659988570037,-0.33547908972898244
2003-07-17,-1.2364700493389322,-2.2221642116684754,-0.47850540508681005,-0.9778503356141443
2003-07-18,0.8187893964062999,0.19785827853763954,1.3330056495711917,-0.21374611842486693
2003-07-21,-0.8528292778862783,-0.7933981487930979,-0.6738556452987119,-0.8039390713443378
2003-07-22,0.6165578125720262,0.9223551788200264,0.47297735681118125,0.4604236655966541
2003-07-23,0.0252409966846536,0.5546840470116289,0.3318557917736346,0.1637638274490314
2003-07-24,-0.6593418722772089,-0.9355318136983969,-0.7897223683028691,-0.013073813399108267
2003-07-25,1.2570912415248778,1.2481860730397933,1.4616664026873851,-0.19583595791356595
2003-07-28,-0.09031496600583147,0.3467981254629178,0.07563040252038578,1.098287355782114
2003-07-29,-0.524457834502586,-0.5952349866009671,-0.7121578790140924,0.021001298690693213
2003-07-31,0.021961566277820282,0.696173598684078,0.14708100393384832,0.27966807701713675
2003-08-01,-0.7691799007471547,-0.8012812895768157,-0.779220194797289,-1.241624937610841
2003-08-04,-0.10076166125653421,-0.0968262648193767,0.202713592689738,-0.14714060609223967
2003-08-05,-1.723121623183803,-2.787874622845943,-1.3809700110433842,-0.8077548407310285
2003-08-06,0.33230991073270477,-0.1916963671812416,0.09954686351878224,-0.3350991864014791
2003-08-07,0.9074671188491251,0.234515949135884,0.669469838839734,-0.2538762089390448
2003-08-08,0.4062733244682061,-0.44497705679526633,0.7824217850956183,-0.012171662983146495
2003-08-11,0.4740026407132242,0.8766647113219845,0.4372146855166334,0.5817320406895377
2003-08-12,0.6730001663472627,0.9837553169440582,0.8194784200265023,1.2765046457299487
2003-08-13,-0.4630806096463185,0.032881381263945686,-0.3666356152461496,-0.040891775995912136
2003-08-14,0.1574597268420304,-0.037706625160189376,0.22023402678684206,0.21875606144429144
2003-08-15,0.14506477594628947,0.6039738631019614,0.10777548790369508,0.41554678802701406
2003-08-18,0.6263973961891215,1.7019971273102241,0.7838739582043508,0.26885181965966126
2003-08-19,0.2659869182312264,0.8750728136518469,0.15428975826864708,1.4312478904461463
2003-08-20,-0.5255763135817013,-0.2410779642549279,-0.4576090602703865,0.1497823116624699
2003-08-21,0.12435472551103233,0.6486543026164443,0.11763044018158525,0.5280083295140786
2003-08-22,-0.9036494352646155,-0.495075290692335,-0.7674516521304697,-0.9336488805033405
2003-08-25,-9.0572397531824e-06,0.048318397636809285,-0.4136308903084053,-0.4999194751527859
2003-08-26,0.08315535677532894,0.006103415678192298,0.1446272129680823,0.40230754667612617
2003-08-27,0.04460298333731809,0.5597081100817123,-0.026091890816900346,0.34584048356448405
2003-08-28,0.3918931522885031,0.5224317248099,0.27657823709165963,0.15203286470954427
2003-08-29,0.5252803624490593,0.630479936505761,0.3797827649547149,0.8429530235312657
2003-09-02,1.0584713792122322,0.9898458388068128,0.9771466396163121,0.9451706127474785
2003-09-03,0.49725146518972607,0.021274627481988995,0.4859735554570796,0.5837547651838997
2003-09-04,0.07877768898390605,0.6719515857369305,0.2205953084091668,0.022548930207767513
2003-09-05,-0.49526041535350906,-0.494165343244636,-0.7945395462341919,-0.4072344691151728
2003-09-08,0.5210717129373046,1.0281315779581142,0.6009832819968509,0.5917218803351589
2003-09-09,-0.5175068416303588,-0.8194234685078979,-0.6735714343348977,-0.28608509879710375
2003-09-10,-0.9399420131205016,-1.7772250610642597,-0.9260945243811031,-1.5595820244720497
2003-09-11,0.27831004472761645,0.7234747977519111,0.3847821596995656,0.3585380223571163
2003-09-12,0.148401329964431,0.3325033982031433,0.1314625765683778,0.8492432972507749
2003-09-15,-0.41304664185673223,-0.7450312969313105,-0.3165128223196831,0.027895441817956494
2003-09-16,1.1168510978754917,1.8054837544486988,1.0319851670426285,0.2585722099814866
2003-09-17,-0.10522947475238376,-0.2457088563421796,-0.12231397466083857,-0.0351132805931712
2003-09-18,0.90070497812928,1.0477997205253664,0.9866393952206233,0.555601265891917
2003-09-19,-0.34865707700781556,-0.3416930317920853,-0.03432400292170043,0.10263488001611669
2003-09-22,-0.9539787243015352,-1.3772351779894623,-1.0471329778208516,-0.6592075074412489
2003-09-23,0.17501220153770913,1.0786509697685438,0.22382531186696902,0.47276738228902243
2003-09-24,-1.520094678021315,-2.7453735975205826,-1.417626274669381,-0.5798725905818013
2003-09-25,-0.8197986761485656,-1.0264345818134015,-0.920549965237554,-1.3018163428263552
2003-09-26,-0.2798651564920693,-0.5771358078122,-0.32218607474937727,-1.7615401030731985
2003-09-29,0.8711042276904302,1.1959807391387258,0.7026308209023295,0.5928660844798919
2003-09-30,-0.7659543612727923,-1.4923553037203063,-0.9339326694071282,0.025931880765823093
2003-10-01,1.6018840780435386,1.4499159331784852,1.6759063734825734,1.2352039439265274
2003-10-02,0.4933459593385482,0.34040096032815614,0.379566919260855,0.7064333882343359
2003-10-03,0.6873913023430027,1.9145452962058704,0.7402713378757981,0.8371767207995757
2003-10-06,0.30559314539596,0.477850504356963,0.17811540003658158,0.4068669836182473
2003-10-07,0.21239690264490885,0.4116927233882366,0.45749862106797334,0.4271624045046126
2003-10-08,-0.1994686699369404,-0.4250008022000583,-0.18201398975032276,-0.43964161608854985
2003-10-09,0.17059871250386688,0.4844544582221156,0.39777776761598027,0.19951049994196698
2003-10-10,0.22289312775873413,0.6326458409457415,-0.020849814404698,0.30595312117349915
2003-10-13,0.13589767937824726,0.3831023825141773,0.6903621444725251,0.8033025196737377
2003-10-14,0.27472850522291287,0.20870041581004925,0.4827021373526193,0.7395362853338766
2003-10-15,-0.2982909443457272,-0.3296796161649094,-0.15170895773291432,-0.657768356733171
2003-10-16,0.29977768971087004,0.5188197184115165,-0.1184862282542157,0.37503661122289494
2003-10-17,-0.970406018047109,-1.7550220559095326,-0.7088066461280272,-1.020909776448858
2003-10-20,0.6256307105886662,0.8373086176675605,0.5210904173408398,0.14430017018343705
2003-10-21,-0.11856560673456651,0.39657934680479645,-0.23732229774751903,0.08913143871426774
2003-10-22,-1.1377655074506186,-1.4252636356796498,-1.4485901661510074,-0.9048817379197959
2003-10-23,-0.29927444890120775,-0.9568296916569383,-0.03966010482911202,-0.6422813309576328
2003-10-24,0.28214898072180117,0.08042784562228948,-0.16308953281538385,-0.23565663234672066
2003-10-27,0.016596258987282606,-0.03791439446277132,0.18982762608818454,0.4491544864428354
2003-10-28,1.1170256039968223,2.2992288125590252,1.30304356423592,1.1105925287753124
2003-10-29,0.057040516005014884,-0.0761203812433505,0.23312314489609837,0.5320241733806667
2003-10-30,0.07525917045467075,0.14464129602886672,0.0409112931135606,0.1792435282760448
2003-10-31,-0.11989999117822324,-0.4583377774786936,0.09178367866778563,0.019461297357262243
2003-11-03,0.5357200072789451,1.13180847653961,0.5295507474940544,0.9793144136227582
2003-11-04,-0.201046961201313,-0.5228888429295213,-0.22854356205569426,0.23583272429993007
2003-11-05,0.010364586543505264,0.5773220374948951,-0.23710127699362218,0.04160659970521927
2003-11-06,0.2633375048160402,0.09673975178789139,0.2359662807425332,0.37916870913151407
2003-11-07,-0.5705395859395285,-0.586926290054039,-0.40526626592648185,-0.033822177518324295
2003-11-10,-0.4531051775300387,-0.9477253762142955,-0.5514365015680397,-1.0652648583636772
2003-11-11,-0.04192557443843962,-0.3131143530533152,-0.19645863168969088,-0.5821645489792845
2003-11-12,0.9490426470044727,1.4577941850185994,1.0257411110259722,1.4030791777740828
2003-11-13,0.02426541439622914,-0.05884950712967214,-0.05736677930245352,0.04697867745460354
2003-11-14,-0.7723805634880871,-1.47161585796446,-0.6969628511295424,-0.8431684335026729
2003-11-17,-0.409495187740625,-0.7606752012183042,-0.5264673469060599,-0.774931662135959
2003-11-18,-0.8688518061634878,-1.696395433105493,-0.7993810433273053,-0.5353691278586555
2003-11-19,0.675394768434711,0.597691350536438,0.5656641957448548,0.42252401179952964
2003-11-20,-0.6899053176189991,-0.6802856849116966,-0.5897686852282227,0.08407632184263412
2003-11-21,0.24912423465296119,0.6113319811411365,-0.03264295023214725,-0.08867795059106047
2003-11-24,0.9713512284233675,1.829353962907636,1.0102831940211259,1.2555624358340047
2003-11-25,0.2937264288671142,0.0364157587209087,0.17282325204243537,0.8161642944524682
2003-11-26,0.20728790704298217,0.30174343141746923,0.06351122658890351,0.2816771773304937
2003-11-28,0.0856644993785721,0.04204925062755458,0.010098523770378147,0.17805982448497698
2003-12-01,0.8014366718647267,0.985748392536594,1.012234735134934,0.8436093400027732
2003-12-02,-0.11892046768703683,-0.3374467601420543,-0.32418187707386875,-0.16593559970659846
2003-12-03,-0.23356198145001494,-0.9395136666066618,0.08127517221135053,-0.6653294100277438
2003-12-04,0.4228867031839419,0.7910281862252709,0.6245486364827467,-0.27218247178925736
2003-12-05,-0.5654198234860235,-1.154426620284925,-0.550269784375901,-0.1941842373746826
2003-12-08,0.47872983794392077,0.32853882128168965,0.8148445717036693,0.19474432070333747
2003-12-09,-0.5363549010393303,-1.5615957423479419,-0.24303443826519255,-0.26244118920696785
2003-12-10,-0.026008748502759457,0.238184299537174,-0.028546515110129542,-0.8918611300360417
2003-12-11,0.9381442782280384,1.4179802922326443,0.76377651445081,1.0641603524039671
2003-12-12,0.10412888962333723,-0.10205825816328234,0.29322584814245733,0.8477100122590686
2003-12-15,-0.4518446392636981,-0.9142929934798983,-0.19188220091678668,-0.5088799250139708
2003-12-16,0.4082913242858666,0.09989409773798341,0.9157396601978495,-0.24382952383537926
2003-12-17,0.3690351049778144,0.19958659298176223,0.28873653795045917,-0.0022294980474265036
2003-12-18,0.8834202278754895,1.2743287425444318,0.8594519142676581,0.9936287365695313
2003-12-19,-0.19028425764965035,-0.16822920166451016,0.2959725243268112,-0.40438596107518454
2003-12-22,0.5376873334415754,0.23784734048406653,0.5316288680305591,0.6059836528908435
2003-12-23,0.032587273378086284,0.532674610104249,0.02755995432159934,0.5212115475153343
2003-12-24,-0.16663050417604863,0.06866425530969819,-0.38066321855261975,0.10085748637718181
2003-12-26,-0.0648311152038623,-0.18907974936555721,0.0415473103194305,0.18521982667010453
2003-12-29,1.0634069864586133,1.1209511173860247,1.058330213562901,0.8825302892687216
2003-12-30,0.05924695247276634,0.2786856461143272,-0.1393019915524376,0.24072046778293232
2003-12-31,-0.010618551409269664,-0.24633024924662827,0.15298385959317728,-0.5264629219628434
2004-01-02,0.013455920657171896,-0.16083073353414995,-0.3027582433745579,-0.05513120821333075
2004-01-05,0.8250914862583678,1.3194449301892777,1.0509704989983695,0.7293464408493142
2004-01-06,0.14247651067729095,0.5231303133909316,0.05905375891306226,-0.07829228927050327
2004-01-07,0.17213725202852226,0.5906891328531249,-0.1721202755436511,0.023833129661518446
2004-01-08,0.2529813524285148,0.5033985080347432,0.4542130259901331,0.7166191730355107
2004-01-09,-0.7246090983047975,-0.44556049083167015,-1.086194518584949,-0.28861737117865144
2004-01-12,0.37824475663881996,0.9169799805261262,-0.015116051079384518,0.2661308102933231
2004-01-13,-0.5045826473885193,-0.7407043259450132,-0.5159583686775743,-0.0568731317920545
2004-01-14,0.6356124814799443,0.19022335546905553,0.8642850892884152,0.5196208459253994
2004-01-15,0.2687210459124666,0.24216217580933236,0.24629964568774695,0.3310406573271494
2004-01-16,0.2883796597246696,0.6761805844750812,0.35580856397291505,0.20484215230901986
2004-01-20,-0.047328242099157265,-0.06790319813823141,-0.597811636471208,-0.06793173305697564
2004-01-21,0.4864352032186567,-0.3800390503787361,0.644920626834003,0.5806213681003352
2004-01-22,0.000960764664908742,-0.32153570977739576,0.16383285401998557,0.08034530639842881
2004-01-23,-0.2878448050865935,-0.29072037705490916,-0.4482251376266576,-0.19135648513014125
2004-01-26,0.926830643914488,0.9538712855397301,1.00593972850408,0.7164063188171611
2004-01-27,-0.7652549290381697,-1.4809758231550347,-0.6523800862818383,-0.3040569988781721
2004-01-28,-1.0328695222141595,-1.2542324834042504,-1.2514753335740028,-1.5061061471865609
2004-01-29,0.03924951169684402,0.11423576071975199,0.25127461406389306,-0.2488813345759645
2004-01-30,0.04549279509513789,-0.30983961044669056,-0.10960258086782781,-0.07584367193516188
2004-02-02,0.2507487325585727,-0.22262010928414508,0.04165927193216669,-0.012067180307202177
2004-02-03,-0.035089822594203124,-0.07104450138355203,0.09229606389341581,0.13844134186222173
2004-02-04,-0.6684898735963527,-1.1638712704655207,-0.27104222810737844,-1.5872352517590234
2004-02-05,0.27553246204164206,0.2667351856049223,0.24977508439582002,0.4232632965318382
2004-02-06,0.8720518825074502,1.215186812928292,0.7900078097899225,1.5836250957320506
2004-02-09,0.004859476611197313,-0.03672536758863136,-0.14294819287012192,0.11559220072089268
2004-02-10,0.16000215278410285,0.0654602102298538,0.21455683104373982,0.7660662786700737
2004-02-11,0.8395106798240166,0.7225576129347506,1.0092497601669965,0.4565084824443465
2004-02-12,-0.22624372219054112,-0.5691139295286171,-0.2609303202037063,-0.023209049769783607
2004-02-13,-0.4207537927821056,-0.606964258530785,-0.6011236622590281,-0.9780157383798439
2004-02-17,0.7138571604086532,0.8664583036815028,0.6792806385973451,0.8276592835509623
2004-02-18,-0.32033566577361317,0.2257090859094193,-0.29469309657189535,-0.3284050765629105
2004-02-19,-0.4219231807431451,-1.1445088872844709,-0.16477982519232365,-0.6574120621513186
2004-02-20,-0.22116904709268,-0.20868537362675973,-0.33751884864300574,-0.3377547530275981
2004-02-23,-0.2605352512327912,-0.8619165946680242,-0.1322512544241903,-0.884596472965984
2004-02-24,-0.08384453876676802,-0.1549592782930524,-0.2921009373059494,0.168990882219426
2004-02-25,0.30655252133915323,0.33663210758845846,0.22250513960769877,0.5098178153808917
2004-02-26,0.004543827547386813,0.14422705287933701,-0.1829791194819464,0.49677564483882936
2004-02-27,0.012678272661891477,-0.26837985949359805,-0.06316822325554887,0.383552725944569
2004-03-01,0.6949567471457649,0.8706723855504415,0.7478239235112519,0.3220092907060634
2004-03-02,-0.3982621602960097,-0.7794245454253586,-0.64064298243065,0.4022083446593964
2004-03-03,-0.01346252454136751,-0.4785564983938154,-0.12606268590480033,-0.1553200305403285
2004-03-04,0.28178868191789563,0.6162782149263188,-0.013081388815000261,0.40026416196498177
2004-03-05,0.22282714867589587,-0.31447245653803085,0.007689587880343365,0.3851576816413289
2004-03-08,-0.997117721879834,-1.6530556789454602,-0.5475682379484805,-0.44747932096802745
2004-03-09,-0.33020453935906496,-0.27293408356327775,-0.6018300946689387,-0.31154306450424635
2004-03-10,-1.4967247358770572,-1.0746245844336777,-1.4809972108702614,-1.5848812203586675
2004-03-11,-1.1985696656669504,-0.7948069394059767,-1.5848643754577556,-0.5658600739248267
2004-03-12,0.8189381602026035,1.0415953959370399,0.704107269334789,0.5703257045898482
2004-03-15,-0.9536669510243585,-1.1869220171411723,-1.1004741571792696,-1.0774277071480833
2004-03-16,0.33626223904363806,0.026113860406466564,0.5853436266220704,-0.0034628791856911034
2004-03-17,1.0045312633987453,1.1402999530599294,1.1174146794932727,0.9561691655926781
2004-03-18,0.04279077703135907,-0.27089936901159695,0.012381672224655332,-0.0344839329834885
2004-03-19,-1.178613243238735,-1.1802998506572224,-0.957605639051096,-0.3014531538260222
2004-03-22,-1.1895653764480418,-1.0295867276017157,-1.176454247848098,-1.276558244977644
2004-03-23,-0.2941935143918349,-0.7430591326204645,-0.16670667900610844,0.11722821679333965
2004-03-24,0.02688132408730893,0.7578793976750798,-0.13824476343612846,-0.511055437451025
2004-03-25,1.048181682821751,1.7537158522279541,1.3966455204634152,0.988958090306921
2004-03-26,0.018923564590488474,-0.14105328106364656,0.05031921943456402,0.6292194302452142
2004-03-29,1.0083958633394188,1.0772845515424365,0.8778263883560984,0.7153754944598418
2004-03-30,0.3312848966923679,0.27468518519777474,0.5101722137184201,0.9682502622313846
2004-03-31,0.12260280209733958,-0.12413145274488852,-0.1948276325126633,0.03623927756856425
2004-04-01,0.38192306843376234,0.553410883262012,0.054421147189535425,0.43690796733763376
2004-04-02,0.606970341583154,1.7530767398838336,0.8043939103497684,1.0571537319657636
2004-04-05,0.3773918979560525,0.6379760598909235,0.711540542334758,-0.21645913921846655
2004-04-06,-0.29295622268948074,-0.8189435198176798,0.12087196896195612,-0.5692201023976432
2004-04-07,-0.15322777008102684,-0.033860934782491844,-0.7030646882018454,0.005942049451299294
2004-04-08,-0.3207688158026034,-0.14807333616704169,-0.4812428632287779,-0.34751223953979377
2004-04-12,0.2912172660399865,0.37026805223741577,0.5815535542475662,-0.24430297886099944
2004-04-13,-1.092665931287759,-0.9678869013254283,-1.0329202622381337,-1.2359975475579945
2004-04-14,0.008694183308394748,0.22020391999030192,-0.1738694890593019,-0.8452952744049279
2004-04-15,-0.34673595565572446,-1.287067692528509,0.16258229116179412,0.19780054395237873
2004-04-16,0.7121695430329813,-0.0687569987053417,0.5395653255865333,0.6155022060617629
2004-04-19,0.006706853237999855,0.8304669464309132,-0.08971541008538389,0.38310291428006205
2004-04-20,-1.4583050498644627,-1.7358384306564096,-1.1188846029367234,-1.3217253260517254
2004-04-21,0.41808959337304685,0.5004244587005258,-0.09015029137877019,0.5285405324806204
2004-04-22,1.0013529124349252,1.683818974774423,1.1236145353624014,1.0593537152630514
2004-04-23,0.1802570051225928,0.6058369519764466,0.1866562530238317,-0.09381631732897436
2004-04-26,-0.16282851400825787,-0.521935849116746,-0.3034755551315969,-0.34511586481611595
2004-04-27,-0.03725346397707464,-0.14686383540362188,0.254465619769731,0.1284756913167977
2004-04-28,-0.9783029190111708,-1.2761565641035377,-1.0830685290768238,-1.3472721592791561
2004-04-29,-0.8242634234104281,-1.209434802487577,-0.7237028848625796,-1.1161298177038028
2004-04-30,-0.6325187263953808,-1.7752606939769218,-0.3930058542262412,-0.7352628624466714
2004-05-03,0.9064754814658141,0.6368597779192368,0.7934558783265047,0.4208608975530499
2004-05-04,0.04288533723082506,0.31932174857356627,0.12027125679526515,0.5388238751306397
2004-05-05,0.43544277994137,0.5041572240204932,-0.1025800334113548,-0.1384926838702218
2004-05-06,-0.7585022461759037,-0.577367665706222,-0.663057334584757,-0.781562330581496
2004-05-07,-1.3787031438560622,-0.6214316570491233,-1.082640499104119,-2.015334124664955
2004-05-10,-0.9783038723575713,-0.7351271341382124,-1.228391253126941,-1.0869362900907613
2004-05-11,0.498930765847777,0.8880458801698741,0.07372728597805134,0.8284372344350955
2004-05-12,0.48280818630533157,0.08829383145992505,0.17477509419082407,0.311550462178483
2004-05-13,-0.32534687122852834,-0.47059345155643106,-0.2728712653616364,-0.3074154554835373
2004-05-14,0.04310607195297898,-0.5524203349948421,0.02209133023746128,-0.33731552561162154
2004-05-17,-0.6672399988147928,-0.6659353165265299,-0.8957656179226843,-0.8797157692821463
2004-05-18,0.3381442036229653,0.5099874614382371,0.4485071608355494,0.7284564945086063
2004-05-19,-0.288699080693108,-0.08826900586753712,-0.24421835418322901,-0.42013364111289675
2004-05-20,0.17793868339209104,0.25256005160385714,-0.0840991014856741,0.20606692617455996
2004-05-21,0.10122267736209031,0.2939662458496233,0.20445610049160579,0.5138099360927851
2004-05-24,0.2899848588735193,0.4551090915008902,-0.08077806124359158,0.9170103172447501
2004-05-25,1.028320960717957,1.2735887205949459,1.2521845481650498,1.3166586127081006
2004-05-26,0.34875733245375734,0.5190021668106186,0.040875051697688417,0.47073712924491357
2004-05-27,0.3496067470380177,0.3837819843050927,0.7056988505419935,-0.03912380295832725
2004-05-28,0.08290329209312987,0.32659202751025723,-0.018178568074963708,0.3582415336822863
2004-06-01,-0.2230798021762978,-0.16665968288011715,0.013506784931046012,0.300393329893591
2004-06-02,0.24732747581778325,-0.19124857914415896,0.4840644346247095,0.10433220564955531
2004-06-03,-0.7402711409657208,-0.8227190473987733,-0.5255104810912135,-1.1924948868469236
2004-06-04,0.6226117765321738,0.34344912170220093,0.3664174948010239,0.44930373869835427
2004-06-07,1.234255548760417,1.6342301875734788,1.2694009588074455,1.3248391751732203
2004-06-08,0.17271232878827814,0.16324995737456827,0.4363984913982557,-0.002153380600038765
2004-06-09,-0.7729315481699641,-0.9591901143893747,-0.527800302550153,-0.9195057110184439
2004-06-10,0.2955467716752157,0.43412889891721085,0.29740905255951505,0.14977974643627762
2004-06-14,-0.7842446460254999,-1.0129493631510216,-0.6337666628195876,-1.3048190759660214
2004-06-15,0.5401054232694108,0.8495746211694133,0.3520957051180512,0.9367847415170629
2004-06-16,-0.06956986459754591,-0.15794144479083247,-0.04354104055346856,0.2949346572016867
2004-06-17,-0.1750956087076451,-0.6839230063596483,-0.06366304258345985,0.04232321554766606
2004-06-18,0.14647125380566478,0.06980856961630344,0.3262432138585576,0.15228936904498694
2004-06-21,-0.2986265338853182,-0.5717394258345547,-0.3509807960629001,-0.06361251673997029
2004-06-22,0.31719959526233393,0.9394497160762314,0.1200058761179407,0.1996476581642094
2004-06-23,0.659330268962053,0.7693908621901346,0.6625690199870166,1.0103282528739292
2004-06-24,-0.2580216362533194,-0.10082027410390804,-0.2865878058498074,-0.22808116971272774
2004-06-25,-0.5338542777624288,0.4595986391393075,-0.6821048358196192,0.4361248176738022
2004-06-28,-0.4160264419024487,-0.7523649968236851,-0.3299417500432673,0.11996884440395929
2004-06-29,0.22170756506995468,0.5979268523301321,0.40438754464286353,0.4099233637439732
2004-06-30,0.41022649223946084,0.6540602902564693,0.1853553353278565,0.3530436836190267
2004-07-01,-1.2119066114988206,-1.3356821307006255,-0.9196928076179296,-0.574916920764291
2004-07-02,-0.1432264914217966,-0.5100774194346853,-0.5271913847020758,-0.10104752971262526
2004-07-06,-0.8282552435186268,-1.6168849840905657,-0.6387084475121917,-0.8239127454752004
2004-07-07,0.3134395198193573,0.09674696618619502,0.21766044643729446,0.025228844011342594
2004-07-08,-0.5638033415396047,-0.7988578759272464,-0.5666428197201077,-1.161823132443775
2004-07-09,0.21574692456432515,0.05439403177665319,0.338393378298858,0.24818372863976246
2004-07-12,0.05761928121973378,-0.28555768709124574,0.2586250615386858,0.0037653151792943
2004-07-13,0.06293178222976878,-0.09813389757293481,0.09955193487425623,0.1290182529334349
2004-07-14,-0.27115664858907274,-0.7402169922445323,-0.34642611967345877,-0.36366736389652066
2004-07-15,-0.5754109855317161,-0.28269374280110354,-0.4179351535895713,0.10151206368785815
2004-07-16,-0.14645485738067704,-0.9084872492098772,-0.28354674924104295,-0.6171432735469965
2004-07-19,-0.34012959677893534,-0.16768770396862206,-0.40943167920845785,0.41231688841161906
2004-07-20,0.9766114759991728,1.545384530603886,0.40260943207402955,0.7246449266433053
2004-07-21,-1.5979208444444442,-2.099076174535376,-0.953470019015282,-1.577331785237917
2004-07-22,0.18847388766635254,0.9266992132324433,0.046435459591655764,-0.3365461427999855
2004-07-23,-0.7523876192335336,-1.428190044005678,-0.8504439720776973,-0.760214862270825
2004-07-26,-0.22476580311395591,-0.34644917091262784,-0.06317426239855381,-0.6325579442064055
2004-07-27,0.8208870563589398,0.931119765671623,1.1285256622853288,1.1283149019768433
2004-07-28,0.26152110499580705,-0.25962694224867083,0.3402722938278913,-0.03979673483061161
2004-07-29,0.3481793868682415,0.8251253876624016,0.11376037160508853,0.5217926792958805
2004-07-30,0.12754756379950327,0.1588953690550088,0.03555316799235644,-0.00090083906688063
2004-08-02,0.15628284186153596,0.1265512569159553,0.31960551659255426,0.19440948782635895
2004-08-03,-0.5865158454662616,-1.4571947803774499,-0.4770380789055917,-0.7256205525458753
2004-08-04,-0.05384661856869202,-0.01266867414629894,0.038468684697583036,0.06574025511493434
2004-08-05,-1.339797899421179,-1.3682443812575646,-1.417983776078055,-1.0588573785814819
2004-08-06,-1.355846979132301,-2.0237998783309408,-1.4977537739302575,-1.4992938240534888
2004-08-09,0.04371374192254213,0.03725751643025761,-0.09703364325521181,-0.29944430615053047
2004-08-10,0.946543076458899,0.8200096605630556,1.1754915487658428,1.429259893006112
2004-08-11,0.0025217349532119515,-0.5419876669576209,0.033627002829748814,-0.13746946892676426
2004-08-12,-0.9242590640476471,-0.9732064984534913,-1.1155123633725739,-1.0995588515737174
2004-08-13,0.0939235244850336,-0.022434188370770575,-0.008911422572611086,-0.12775016658346913
2004-08-16,0.8486531577637155,0.7594561528883828,1.161199001262832,1.3719376376159333
2004-08-17,0.5027136220964954,0.8460136886880932,0.24931257283167396,0.23082181003228291
2004-08-18,0.7536042560578845,1.1745898442756266,0.8784468724478798,0.9971854684834973
2004-08-19,-0.22017077135052485,-0.31542149969270805,-0.31270757260545906,-0.33557933749715896
2004-08-20,0.45545263648923134,0.641657842720555,0.512036088951191,1.0102872102053546
2004-08-23,-0.16722338325100905,0.15529552675708713,-0.3064138869949127,-0.33758031577184006
2004-08-24,-0.010832941300681166,-0.10170123641132806,0.11800032455316964,0.03681574184784571
2004-08-25,0.5063124697939557,0.9581020459736419,0.7371789493663412,0.5643156971751548
2004-08-26,0.02429974712873742,-0.29889483607004375,-0.05593491445890121,-0.23922776312956817
2004-08-27,0.21334347159133757,0.30990467040223374,0.14471363319565006,0.40158195624304216
2004-08-30,-0.6829181493331459,-1.2023139147105708,-0.623902029865648,-0.5712809847131742
2004-08-31,0.3905726696058263,0.01572052762894704,0.38654584038192163,0.3001911338378497
2004-09-01,0.18548274663499673,0.5119492700194125,0.011040386458935528,0.3763909845313902
2004-09-02,0.8457507553016533,0.9592322676122703,0.9699334696704716,0.8964810888983321
2004-09-03,-0.2987297514472705,-1.23032463290443,-0.18569824610385616,-0.22045763089231166
2004-09-07,0.5325888392498869,0.5831150684242296,0.6929493028041924,0.736374888947287
2004-09-08,-0.1642518060360097,-0.26919720598338326,-0.18894287699492734,-0.358320684994472
2004-09-09,-0.13467440766550873,0.5354418436976347,-0.2685446451628698,0.6940725796509191
2004-09-10,0.27334796984693216,0.9389904573358208,0.07081407453199318,0.16891572707655422
2004-09-13,0.19908992755674815,0.8488734067289319,-0.06764415740531021,0.13107768410567128
2004-09-14,0.04577691031703904,0.05952826869290292,-0.046149756957889365,-0.4286981624232183
2004-09-15,-0.6084711669467493,-0.7269465725130618,-0.7281445487150994,-0.204498434741404
2004-09-16,0.1552009373428427,0.03775543362533826,0.015181113281998615,0.604897036968097
2004-09-17,0.305570317454837,0.15809828346102356,0.3064546402417974,-0.048323740671455846
2004-09-20,-0.4550815826914866,0.01693039506531117,-0.6363018222090072,-0.24668287048398638
2004-09-21,0.24621569893318512,0.15129311338191942,0.20771308737937805,0.46127131387624076
2004-09-22,-1.0927633841059872,-1.2308577188644352,-1.1651128640788095,-0.9468681893758936
2004-09-23,-0.5245441008954995,-0.1959758915783443,-0.7441674638822469,-0.15677669079082499
2004-09-24,0.2530870848897127,-0.37818076666388845,-0.047977514321868774,-0.113379168221452
2004-09-27,-0.48796791470869816,-0.5945962211643182,-0.48718780864998895,-0.6684821368399653
2004-09-28,0.39653443089904133,0.09151350107842283,0.7715829094130465,0.8114322075094698
2004-09-29,0.4403657184412974,1.0499400309948923,0.5821654617816073,0.5377375195530092
2004-09-30,-0.13858449878079176,0.0741873312596682,-0.5382441205858699,0.10191521082218546
2004-10-01,1.2123401673642755,1.776394406137872,0.8080653487195892,1.1574647653393477
2004-10-04,0.13609172006343728,0.4356402351897129,0.23934252188565983,0.653420735219979
2004-10-05,0.01974096342301621,0.0835324675256873,-0.3655515002236314,-0.20826025633200002
2004-10-06,0.4162587683660543,0.4775486250893196,0.43022212234827617,0.4306770641901555
2004-10-07,-0.765626408387823,-0.7507545347737881,-0.9156470452721358,-0.9168332492508205
2004-10-08,-0.8088293027613482,-1.3901387497433282,-0.7353425519107114,-0.7094981839444019
2004-10-11,0.3109887664050779,0.27011245636487463,0.21295271174672611,-0.048405614245789125
2004-10-12,-0.2997541638334653,-0.14374465220637472,-0.019051978265974073,0.20498411340590744
2004-10-13,-0.7776751626748692,-0.19991734368715225,-0.6857792637562329,-0.9650719283175493
2004-10-14,-0.8128490479962701,-0.44384225219001827,-1.0909869428764216,-0.7294746017824391
2004-10-15,0.28513583871834164,0.21140424586388307,0.16995620068318143,0.6926651824536924
2004-10-18,0.30625087279085655,0.9743373523596074,0.20365037385867496,0.10397838696175088
2004-10-19,-0.7509159736162477,-0.5453791710392527,-0.5575182413409994,-0.7439362627028018
2004-10-20,-0.25490372819513946,0.26695816093419467,-0.17101607163660848,0.2079601088409829
2004-10-21,0.3988029486058815,0.9623466294656109,-0.29017112739862055,0.6982785777682798
2004-10-22,-1.0811729125769267,-1.6522140217533103,-1.1351658169897432,-0.9436064802286438
2004-10-25,-0.08209961146770173,-0.398399691663603,-0.11093870043026237,0.4542448767304288
2004-10-26,1.17616598616094,0.31059564322515215,1.2154788328411688,0.9550955353675283
2004-10-27,1.1078436786075256,1.8452965325497834,1.1509820267993216,0.759187222687988
2004-10-28,0.296365901527431,0.47033816712982773,0.08016740802351631,-0.22418905039454862
2004-10-29,-0.08487425009986435,-0.1113200924041707,0.14821243038048199,-0.19722078536184334
2004-11-01,0.24650109387060157,0.28245247925311046,0.2808207167447455,0.34358136250343363
2004-11-02,-0.01523695063849155,0.20210024080040276,-0.18955803274821958,-0.42701418605910235
2004-11-03,0.9829847289030559,0.4167108663781754,0.8259619216529159,1.1856592350487527
2004-11-04,1.1669480725343724,0.4632590334258432,1.6043033489158114,0.9864900418974982
2004-11-05,0.6900164244038767,0.7777949733658545,0.8347994412269755,0.24444512612524907
2004-11-08,-0.0975019182747481,0.09769275032341809,0.06651928512357039,-0.4647312807808146
2004-11-09,-0.19297242905344322,-0.15753829880304318,-0.05639098393693434,0.4529990627617562
2004-11-10,-0.03151757850654463,-0.2980167904115521,-0.07914486783016003,0.38742384740854685
2004-11-11,0.5519402553499805,0.8514164926622911,0.645632961451103,0.5426400610382445
2004-11-12,0.6533238601502611,0.6738640171700139,0.6119368401817907,0.7146580693592753
2004-11-15,0.17832507329297073,0.3245270369652705,0.09060874791739704,0.08097776015710167
2004-11-16,-0.6410870179926561,-0.4467513091110863,-0.545079878785404,-0.6154550075672255
2004-11-17,0.43015630532686805,0.8490029983010893,0.4414853005194364,0.43279873651641504
2004-11-18,0.06613036107052382,0.2995933484544962,0.17545999461937575,-0.040982312164493065
2004-11-19,-0.9519005490211386,-1.0958821409138104,-0.983176679833602,-0.7941600793215298
2004-11-22,0.2685526602313753,0.551425529187311,0.1452693382320892,0.9074289850837064
2004-11-23,0.0842574302540508,-0.17713732673245136,-0.0233293213308084,0.3049382139906799
2004-11-24,0.14497889645554218,0.5697937404637743,0.18966439621069475,0.6870129714297125
2004-11-26,-0.17477438461178246,-0.2671976734574942,-0.024948629125684074,0.09885969067981287
2004-11-29,-0.3918434508753381,-0.052906016245522686,-0.4361241246803954,0.21837723143479965
2004-11-30,-0.09538090912010239,-0.2639376147320082,-0.5305375329352984,0.043574643563333806
2004-12-01,0.8296576080818581,1.314581155447598,1.2423375340934222,0.9313296505626192
2004-12-02,0.15842793570315425,0.3396508569082285,0.09942482665247471,-0.32483073448018535
2004-12-03,-0.14393638587283786,0.0761405219818014,-0.0241364785058358,-0.05132091765682753
2004-12-06,-0.06067705548245455,0.2240271410933572,-0.3848641771985914,-0.5229143896999565
2004-12-07,-0.8453544895888206,-1.2780349187359201,-0.9789536161799299,-1.3067078594517632
2004-12-08,0.4204412078737244,0.3553455732699938,0.4201570897888865,0.5892237139080513
2004-12-09,0.36458006933939563,0.41453849860139697,0.5348371985480308,-0.19629752544152157
2004-12-10,0.1188990596883977,-0.1800466118655112,-0.029892875948463973,0.40694163036344855
2004-12-13,0.6395152172275822,0.5761457237534922,0.7336513118332204,0.5425552516587759
2004-12-14,0.3442075977976207,0.3756420496628824,0.39287085662809573,0.5106071765663692
2004-12-15,0.030658843310303645,-0.2629559601817599,0.1066416465886188,0.4467550602100774
2004-12-16,-0.08223146864277582,-0.6835019509870502,0.09215460325768883,-0.5752280483029583
2004-12-17,-0.4867987193719714,-0.1568963403153884,-0.39423454086140935,-0.12875238901235414
2004-12-20,-0.07752914072014663,-0.5926620741059297,0.005793315971188415,-0.19884361357858155
2004-12-21,0.6116616655012242,0.8346795410665703,0.7995341349679609,0.7369279709274856
2004-12-22,0.2196114561243943,0.10444334854685358,0.5097129925492084,0.40299321491073153
2004-12-23,0.035164478864932534,0.06046969363427428,0.09329036459044679,-0.01637961162474818
2004-12-27,-0.21547620823694985,-0.3305417458532954,-0.44809280709105387,-0.6841538950937268
2004-12-28,0.4070611626692242,0.6122135964940917,0.5843492960915831,0.837926358604851
2004-12-29,0.13282180466950974,0.09908528399730948,-0.15847469530954544,0.1033404516431706
2004-12-30,-0.24680998182659053,-0.12009085831472746,-0.33480054684682675,-0.28137413376564363
2004-12-31,-0.19931446651555343,-0.17634633796529034,-0.16435465569918808,-0.13581448847985322
2005-01-03,-0.4299680184944282,-0.7749029523074786,-0.469352637590576,-1.0796594460617421
2005-01-04,-1.074688809575898,-1.3119891599138895,-0.8186201906024191,-0.9668119595488887
2005-01-05,-0.5399196748508234,-0.5144234978585147,-0.3105997898993066,-1.3953827953392701
2005-01-06,0.3942976511448079,-0.40019559896360035,0.20374304363517487,0.2914762631652226
2005-01-07,-0.08931162725928882,0.3901664096242308,-0.12353556203244842,-0.9035360438212111
2005-01-10,0.40095739720709933,-0.07431690020739938,0.15300254616434592,0.572919916621089
2005-01-11,-0.5792168459096423,-0.4838316484974308,-0.5436377188242676,-0.59852815258743
2005-01-12,0.22665166907993317,0.49985275768209075,0.4588670455116848,0.1300669491038387
2005-01-13,-0.6640260654213059,-0.9274146628818422,-0.8994294287365937,-0.32575524065258393
2005-01-14,0.27914763556411376,0.5343263700740593,0.26880743617198505,0.5972089281847539
2005-01-18,0.835882576583674,0.4906426682555458,0.5965263326582426,0.9231743736933058
2005-01-19,-0.8497855517714618,-1.137131420239273,-0.7226685394551964,-0.7500357742720932
2005-01-20,-0.5268972443235012,-1.4136743089261912,-0.6100893927977188,-0.6481293983019285
2005-01-21,-0.5081375244632889,-0.6239636399449984,-0.6760343165169431,-0.12689080383179654
2005-01-24,-0.22305682311617162,-1.1052360688321392,-0.2818418380023557,-0.5729893240336874
2005-01-25,0.2731356043780539,0.32859782064804616,0.8146215730576865,0.18386435369717416
2005-01-26,0.3284252273961074,0.8707487456562415,0.43399982233009193,0.942293691705015
2005-01-27,-0.013127796197569153,-0.16710644508281153,-0.3800683470467692,0.024109337687830072
2005-01-28,-0.09419160923537723,-0.4032433202052033,-0.44134557881372766,-0.1761135787724378
2005-01-31,0.5145453846257984,0.8582190541204829,0.513855840838728,0.7399006970857799
2005-02-01,0.5245492210433658,0.21471627158729573,0.5440387081970316,0.436380242389032
2005-02-02,0.2534796944547579,0.14347637648035677,0.3935396413384342,0.5111459790829687
2005-02-03,-0.20619318577588422,-0.7903467476929117,-0.009456910331512615,-0.27180333872641704
2005-02-04,0.8670367574119695,1.093974789063307,1.0186834537352887,0.7627625809053616
2005-02-07,-0.06702234792945576,-0.10880753879875588,0.06986871332494804,-0.056588804223638656
2005-02-08,0.039561324682081386,0.10156664803314308,0.030151722894034942,-0.024061871680916953
2005-02-09,-0.6482814130789882,-1.2046370913644642,-0.5204432646365997,-1.0482183952691897
2005-02-10,0.29362034966347617,0.04748043360796886,0.6958217161456186,0.11432211221774219
2005-02-11,0.773276869628314,1.0642607360001022,0.4887702347709561,0.8929796972136183
2005-02-14,-0.14071068003163476,0.266458295294261,-0.11344326469589096,-0.023332810110723093
2005-02-15,0.24359886140243373,0.41998891824107676,0.32504267007426235,-0.026368845022378226
2005-02-16,0.023056508587696888,-0.2508854110913753,-0.013295762357271812,0.2709908529800349
2005-02-17,-0.6853147684492212,-0.9622281015728411,-0.6838808521006138,-0.6258847434587499
2005-02-18,0.0634279524714429,-0.31005760710395003,0.18955341679625703,-0.28930817683904225
2005-02-22,-1.1746778530577502,-0.8549817926701577,-1.3553103205265222,-1.2258822617893401
2005-02-23,0.4158539422019934,-0.0828568573428582,0.3269691701811303,0.1167632310211093
2005-02-24,0.5970791029340381,0.916824426144363,0.6909992383780273,0.7083448483382394
2005-02-25,0.8136012255488836,0.3983385537251754,0.7832943901953457,1.2509562252424622
2005-02-28,-0.540173543877321,-0.7075411373436389,-0.59218280066807,-0.33237899230528545
2005-03-01,0.3372283044955684,0.669569498304291,0.4325873714997249,0.5739189008060078
2005-03-02,-0.06086826739765937,-0.06310032857177575,-0.13828573164538102,-0.24871915233536673
2005-03-03,-0.03304364545094645,-0.6164893548455942,0.10614915580619409,0.17837649783164714
2005-03-04,1.0356722405928702,0.4221279198694559,0.9049815442106355,0.9306746515405944
2005-03-07,0.12361546637079714,1.0411990576086465,0.05931933557830158,-0.03869818815676658
2005-03-08,-0.36732382132687713,-0.7651534664568487,-0.2529401803596844,-0.7328399763296498
2005-03-09,-0.9338332137718856,-0.1986691884156967,-0.8693874261664299,-0.7135210571656936
2005-03-10,0.031159369546255908,-0.24578299823826139,0.2245605826557911,-0.42060696740017534
2005-03-11,-0.56062944378037,-0.627063512178689,-0.5804370416056754,-0.06657965642692792
2005-03-14,0.4001215232376185,0.21621913708302265,0.13672856336785694,0.5169383452756849
2005-03-15,-0.6921870538620997,-0.5979367636125585,-0.4985740646145735,-0.3609795159862887
2005-03-16,-0.7527200071954684,-0.879834801878045,-0.9694508015377281,-0.44245603896263763
2005-03-17,0.015284741457270365,0.03290675621282314,-0.21393076186405544,0.023503697822257794
2005-03-18,-0.26470983122581365,-0.43570405148625224,0.0033183181190203468,-0.31503631254836156
2005-03-21,-0.28883036507984444,0.12923438129073006,-0.4981871623877369,0.003384830663001232
2005-03-22,-0.9807458410559664,-0.9919679706065273,-0.9390693065048556,-0.4786067759769329
2005-03-23,-0.051280180718464935,0.1335589010707221,-0.2383987907433574,-0.7156187935678675
2005-03-24,0.06918704120940114,-0.03547910771454417,-0.1375165811899131,0.2593151077962671
2005-03-28,0.08702061790315355,0.10857388798210339,0.3284549175111194,0.03548212925855591
2005-03-29,-0.5204011045992638,-0.5507010332303347,-0.6236932007676703,-0.9259633091704192
2005-03-30,1.0710586663928199,1.215254988250849,1.0330952643511164,0.8219796447206315
2005-03-31,-0.09193053113392448,-0.23334816438471134,-0.2024940725772664,0.08985660509832762
2005-04-01,-0.46541877083449906,-0.7499267321264388,-0.9011219221284897,-0.42185577593016227
2005-04-04,0.0979332462653167,0.3874877989305696,0.03781726109639115,0.3025565039616225
2005-04-05,0.3655103067261186,0.14726655578201617,0.3159183972687784,0.1857048158979922
2005-04-06,0.2938419306968454,-0.10410623993952389,0.23943733032384712,0.16809539353092606
2005-04-07,0.4734691100824463,0.8503050255296329,0.5389312588247156,0.2788501981715481
2005-04-08,-0.8381441763222562,-0.5660766165675664,-0.6760466652311031,-1.0485960433617598
2005-04-11,-0.05016752087014834,-0.38755395293857786,-0.21017605754657823,-0.41347456721391274
2005-04-12,0.4061271966218522,0.318091540561024,0.4799620041997043,0.6175491719189455
2005-04-13,-0.9348191004088946,-1.132322682703598,-0.8145828849338005,-0.9353082858788251
2005-04-14,-1.1579376140431121,-1.0921058491153715,-1.1539845588254658,-1.284771136197988
2005-04-15,-1.2564875116021788,-1.7443610643665641,-1.753891901053941,-1.1917845076686067
2005-04-18,0.10596286226180697,-0.16026754588486689,-0.32075648177254146,0.22394722330845096
2005-04-19,0.664521024738468,0.4207802539993212,0.49272014180824636,1.0652617823113757
2005-04-20,-1.1105044799888784,-0.5652905500205224,-0.9613542500378416,-0.9647122640463008
2005-04-21,1.422946874231159,1.6655759615574994,1.6356060480631347,1.3624014316309554
2005-04-22,-0.25550394679343946,-0.9416245231968519,-0.40291182315582297,-0.8621926566020862
2005-04-25,0.514571050957911,0.5559538600406697,0.6836250218664458,0.6094211053455282
2005-04-26,-0.7147560649638738,-0.607429513155487,-0.6762460076911961,-0.8319204427074226
2005-04-27,0.1938679967299642,-0.010274796162653116,0.2811665509193715,-0.03996883384909446
2005-04-28,-0.9996508007783614,-0.680300886758047,-1.0561506880547302,-1.538003295912323
2005-04-29,0.9889398569043579,0.33644740025551556,0.9304833973604836,0.5047397042632422
2005-05-02,0.5781827484324653,0.387045454096894,0.6568270391970727,0.8114735444741226
2005-05-03,0.17908671163942258,0.3805508765819105,0.09289843795805755,0.2712869439781559
2005-05-04,0.5622870490786201,0.7829146051080844,1.0208021096638997,0.7081288912709441
2005-05-05,0.006622117511549057,0.1223684341929199,-0.28720177394031143,0.11953082598030966
2005-05-06,-0.3996570885271904,0.09569609819272676,-0.10963044008501777,-0.06258837990963223
2005-05-09,0.45819263039837715,0.28874835728357434,0.3087000434960183,0.690463481939105
2005-05-10,-0.9147506715121542,-0.5385882299749031,-0.9267394288904558,-0.7284234239268539
2005-05-11,0.33062057198806677,0.23061043797795283,0.03901331765722996,-0.05073660325126614
2005-05-12,-0.9124161214793963,-0.21180578580477444,-0.9514221917146918,-1.0732016177392965
2005-05-13,-0.2707518461467643,0.6336209343672347,-0.5386665219660743,-0.5390606140703909
2005-05-16,0.5998985013106596,0.35960891641007964,0.8245705380199682,0.9647456144164768
2005-05-17,0.5850629061986466,0.4912241395002923,0.7562075716915029,0.5191952666798689
2005-05-18,0.8732847470242827,0.9684256572676224,1.150822141068544,1.1517231724213015
2005-05-19,0.340089336459979,0.6354961329832955,0.30474000350020886,0.3360388086616352
2005-05-20,-0.1845343546595762,0.2400239894877441,-0.24237442315545546,-0.19619467829219797
2005-05-23,0.35330042753988955,0.2912360519969262,0.3555883880298246,0.5382618272209877
2005-05-24,-0.1925427817949257,0.22598476799559705,-0.1596003944932523,-0.29894890195272966
2005-05-25,-0.12170805415916712,-0.3551380548262629,-0.4423998352483566,-0.6487399132109063
2005-05-26,0.355226105672131,0.6570510380581719,0.614812687811926,0.8561688217167241
2005-05-27,0.190697818739334,0.05184615401686905,0.09873973710522467,0.518523039807105
2005-05-31,-0.6172266319606721,-0.2917533226239524,-0.7130325944719106,-0.34677964901900404
2005-06-01,0.6028465289374074,0.4830146109538384,0.569833251345919,0.8024204465977718
2005-06-02,0.16247466137013358,0.4672050157928599,0.06192298296723829,0.19322687960674076
2005-06-03,-0.4662283777782874,-1.0595491056147615,-0.8209438088309854,-0.4179524434425118
2005-06-06,-0.12969375729492583,-0.05501137490204147,-0.034866877045555966,0.2579746520761389
2005-06-07,0.05762398056031798,-0.6354503758148926,0.14826484657602046,0.18781965499621228
2005-06-08,-0.13871541767869108,-0.15637876611422652,-0.04565227273339151,-0.3983092222325001
2005-06-10,-0.1958755109995207,-0.7814241105061529,0.0831858375696793,0.1161338863025746
2005-06-13,0.2810688499792841,0.3318455948747507,0.10086350356432564,0.3098735669478223
2005-06-14,0.1169699845807889,-0.343640185806085,0.1543803124624477,0.5879311081109708
2005-06-15,0.15680623420149356,0.21820429045322584,0.16762093439442788,0.2826240192649945
2005-06-16,0.18608228842352356,0.32139466419410845,0.07887833252078147,0.47520119077978157
2005-06-17,0.2286311243585383,-0.0386178981132548,0.3096290275990017,-0.05080687453187424
2005-06-20,0.06135993907555851,0.02617447293508611,-0.06700696946462566,0.03273327228366771
2005-06-21,0.05968014959336377,-0.0781791038032494,-0.11310423684543212,-0.18603906822960278
2005-06-22,0.0259769029614216,-0.09993388442192998,-0.10681214179398787,0.2224580176910787
2005-06-23,-1.1887479182767855,-0.815829405911126,-1.4067819619183313,-0.9789134400547942
2005-06-24,-0.7720222615448182,-0.973122070514768,-1.2359242151898084,-0.748629040151074
2005-06-27,0.006601743486411668,-0.45507774122143646,-0.19026255212173573,0.15082584534285975
2005-06-28,0.7134121819955721,0.634851389903721,0.9977104915315621,1.3703011051844727
2005-06-29,-0.19427075136450747,-0.12327722567445189,-0.18424461658654023,0.09135799002878991
2005-06-30,-0.5394708709023547,-0.6324146846879954,-0.9574406532600672,-0.37032331772412697
2005-07-01,0.12156645034802041,-0.23041512996940922,0.10223138015214275,0.37727069856947537
2005-07-05,0.6622517499315903,0.7215555437124628,0.6250610624501803,0.9314181099454922
2005-07-06,-0.6631144560870729,-0.3473189656090443,-0.8468490182665929,-0.47515634453569144
2005-07-07,0.17387697259868592,0.11355436100151861,0.10984265362467194,-0.06273433287453242
2005-07-08,0.9320509138422012,1.3184352952507052,1.2590944871671454,1.3606697522582951
2005-07-11,0.43980137175045675,0.6975042147905357,0.6616929982599559,0.9556503962103274
2005-07-12,0.12287852436235355,0.31346865780657573,-0.10669294334500443,-0.20694110155534468
2005-07-13,0.043875862558254014,0.11607527409872051,0.2875365369156177,-0.24223503930063645
2005-07-14,0.3605273218196882,0.7204191213599291,0.6570028673952082,-0.5510192291562301
2005-07-15,-0.02073723163232704,0.25750802787677,0.15747619449716782,-0.014934202194379827
2005-07-18,-0.3963833743439646,-0.29566093674667765,-0.5842938677724764,-0.3648431710985144
2005-07-19,0.3282798225625845,0.7022532589018418,0.4684626022411003,0.7987682137715124
2005-07-20,0.255417204299724,0.4823821539473221,0.35923787518170913,0.894272429467603
2005-07-21,-0.573026020836819,-0.02492766191202412,-0.5757677995381036,-1.133016884208921
2005-07-22,0.44247371209582564,-0.17544451573315464,0.09410506823589661,1.0057368982391313
2005-07-25,-0.2560145114435131,-0.2684626372385011,-0.46957388315251736,-0.5193732637584757
2005-07-26,0.09335352243564186,0.19407431768952332,-0.16717973351607,0.3745442225275696
2005-07-27,0.24775002894602643,0.4652332593404905,0.41771583423813397,0.05366917639024354
2005-07-28,0.5171076592420644,0.3445425455912875,0.5976553352300709,0.6408043219564381
2005-07-29,-0.5502330496927497,-0.5604770113377026,-0.5118551932369314,-0.25515074284197714
2005-08-01,-0.17536900991379412,0.04138527083778235,-0.2384191217304309,-0.03451678226752441
2005-08-02,0.441193056176013,0.6692120003849433,0.42837646461267576,0.5338266202193934
2005-08-03,0.18390770746207355,-0.0404554955166818,0.11017519725644867,-0.4854129934900753
2005-08-04,-0.6311376435571227,-0.6537126358419622,-0.6923474160222183,-1.0720235909507234
2005-08-05,-0.5839761674635698,-0.39919932498494454,-0.46849656514536764,-1.1227776632063107
2005-08-08,-0.18477493876088422,-0.5678149034583466,-0.19506844423040998,-0.3145108411526002
2005-08-09,0.4495293463332818,0.4341302108163016,0.6330525137713434,0.0749012108595111
2005-08-10,0.04341171161709858,-0.5646774937915353,-0.08804492933565293,-0.08863227862705421
2005-08-11,0.3151202925430016,0.5559378290976305,0.7297469011090116,0.4829874016693701
2005-08-12,-0.46681986522418484,-0.3714181068127059,-0.6176866340911273,-0.6062821270164482
2005-08-15,0.35025900970039897,0.30396073163535775,0.1227165894044733,0.3821420002452336
2005-08-16,-1.0897145613556933,-1.1392909088646874,-0.9893330196965575,-1.0181255817012815
2005-08-17,-0.06233340374913275,0.30526428764107827,0.21684843204143264,-0.16575440338515002
2005-08-18,-0.04411701114929172,-0.38516557980085403,0.04081685269718481,-0.21303202220001255
2005-08-19,0.1565340881173985,-0.049712238764967456,0.013780647930780751,0.13825369825810402
2005-08-22,-0.005893017500016431,0.008853691827525366,0.08081024272101552,0.5028431373346218
2005-08-23,-0.19509661392808403,-0.24043935226484225,-0.4388150745793875,-0.057899355850013615
2005-08-24,-0.8195868380850995,-0.5108667908045749,-0.8135788451128018,-0.3501441217598734
2005-08-25,0.156260373243372,0.03569357097202144,0.021591079052503487,0.4064315318440277
2005-08-26,-0.585196924492437,-0.2800105028481739,-0.49035231609222263,-1.0767788041211843
2005-08-29,0.5841662922736772,0.4809297749478764,0.5122326727907766,0.7006054206500858
2005-08-30,-0.4361648849749815,-0.23456611270485445,-0.4022663914479806,-0.26822895675350855
2005-08-31,0.9384986923452909,0.5655190109079324,0.4921650004738513,1.3419734478853096
2005-09-01,-0.07385198300883017,-0.11153065467390363,-0.19475665474354095,0.04907635364191097
2005-09-02,-0.1494482808526938,-0.31045771602281186,-0.11911986271890292,-0.37350137226796765
2005-09-06,0.9400921799149768,0.988116631361438,1.1779066912905762,0.9257939217509986
2005-09-07,0.19943445945769028,0.19173415287295725,0.46695708315202344,0.2790000997530367
2005-09-08,-0.30058520712490283,-0.010573876856118006,-0.3170603360209872,-0.5424191618600959
2005-09-09,0.6335354669363261,0.3117188188886296,0.5951082347585797,0.30509836780881944
2005-09-12,-0.11233844414911327,0.2521493510624689,0.1127854966183479,0.37886604093092385
2005-09-13,-0.5058884293879212,-0.22435793164947754,-0.7425033333966639,-0.611384891544667
2005-09-14,-0.45013870050674265,-0.9217132878312234,-0.5944926557837742,-0.7592151500611775
2005-09-15,-0.0356094813102035,-0.06395310790406453,0.11196864812641735,-0.09467274195284868
2005-09-16,0.5995196433756589,0.4086252378879809,0.7232242759066453,0.6109415096252742
2005-09-19,-0.25535034563625514,-0.52142247301286,-0.6526618503054196,-0.33248069132424757
2005-09-20,-0.7702701648030066,-0.3750666374507431,-0.7399889758013999,-1.0201301047344637
2005-09-21,-0.8023437875043447,-0.8598696647055726,-0.9053134893312538,-1.0855012580786214
2005-09-22,0.1871158283621536,0.15309178678464558,0.26617994117327537,0.24373776687379684
2005-09-23,0.07942802996143183,0.1970884047992835,0.015931584733139326,0.5075798892766911
2005-09-26,0.010737864644531844,-0.045438511848538345,0.12537193503915361,0.32077680831825056
2005-09-27,-0.053068696066623185,-0.1887987093173164,0.08883431422821554,-0.23798703995466616
2005-09-28,0.06956324329190798,0.0007883104475749463,0.14239578755251917,-0.312964727619646
2005-09-29,0.6625163838237665,0.9241913884417463,0.6779350133464833,0.8474199357038543
2005-09-30,0.23574409825106654,0.46692319819342437,0.14216290180938057,0.16141195470924607
2005-10-03,-0.3477776139735458,0.1485825947324964,-0.3242149041805489,0.34549450075131916
2005-10-04,-1.047343538588537,-0.5527797690883235,-0.8982275007064571,-1.065231428206648
2005-10-05,-1.2247754991566107,-1.0934501218054566,-1.182190882774923,-1.6834953596307485
2005-10-06,-0.40884470209887513,-1.0355853603606593,-0.3696251078476233,-0.45421155277586145
2005-10-07,0.26682931440747676,0.13904160520467787,0.05506035739220476,0.3932270563677033
2005-10-10,-0.7111396010235527,-0.43346209297577065,-0.47458966667209657,-0.5459918043917696
2005-10-11,-0.16749234863216778,-0.42980542783342585,0.06232358552843399,-1.0005951026255686
2005-10-12,-0.6251697363242776,-0.82373307569422,-0.27125507364817103,-0.892736509684594
2005-10-13,-0.059272736777369384,0.517867176591436,0.004497273977150964,0.27564937360906755
2005-10-14,0.7325129551811195,0.4187119488534188,0.5053124456527939,0.9268950699607867
2005-10-17,0.29381682426091743,0.233146124125017,0.5050592656701405,0.026785646726371175
2005-10-18,-0.8264025976470288,-0.4504034871677751,-0.4455929658868165,-0.7825417819718888
2005-10-19,1.2336392465361832,1.2919581108415654,0.9998849696091335,1.2045400617574629
2005-10-20,-1.4612637690861738,-0.6290130149362911,-1.1090565660324112,-1.0234388045428107
2005-10-21,0.1471938460344113,0.294097848695704,-0.7251138690366236,0.537740451699824
2005-10-24,1.0403527489758226,0.9334899520253555,1.2120736156240228,1.265047627082062
2005-10-25,-0.006644343418943349,-0.14394834180393706,0.12990767796165725,-0.2604107511433929
2005-10-26,-0.2361374369675786,-0.37298063374968743,-0.2996702551272552,-0.6671096163857005
2005-10-27,-0.9182097764900039,-1.448949531001695,-0.9968911070570443,-1.1419172360332384
2005-10-28,1.1217432768322433,0.4501505782836328,1.4054695439762404,0.9174917623012457
2005-10-31,0.40031072436679616,1.1104704669003642,0.528914568875632,0.7784321013217763
2005-11-01,0.15078589912888554,-0.11243984620874785,-0.3526842798711502,0.36772000556937634
2005-11-02,0.7304951499473745,0.8327252355319336,0.4231348088924974,1.103087386258382
2005-11-03,0.37771408907807674,1.039224685466681,0.44565180544265504,0.13945131159813637
2005-11-04,-0.12380926296422712,0.23762627052244614,0.06865683647469228,-0.08679636944255725
2005-11-07,-0.0029836534795320835,0.06459439090811755,0.40504944643581986,0.1527492284844313
2005-11-08,-0.028960486093028558,0.024120740380388576,-0.37303410391595454,-0.24635195823734976
2005-11-09,0.0033872820183879493,-0.05315083884860586,-0.06187272595043894,0.047200038538728825
2005-11-10,0.6393602829996645,0.7482907953712791,0.7908265361144798,0.47472555059340515
2005-11-11,0.31206906189634454,0.2248727672010926,0.4395420623060995,0.40526037589015257
2005-11-14,-0.06632104912892886,0.0165524566136392,0.09018975580643532,-0.24486200190218865
2005-11-15,-0.3210504913724214,-0.3545163890952133,-0.09788787596039208,-0.9883197732081679
2005-11-16,0.16197043355700022,0.4156175642807556,-0.08216520436535925,-0.154337543271429
2005-11-17,0.6942681548197769,0.8660679666991475,0.31596659403214594,0.9829714956842671
2005-11-18,0.28611805258922274,0.22689620163424928,0.34630159474125544,0.4411350903106272
2005-11-21,0.42457278466831083,0.1806736882605868,0.46458671242224453,0.7154044731995687
2005-11-22,0.34331227045275353,0.25415753868266006,0.42107036550879706,0.22713156648706143
2005-11-23,0.48305565961538033,0.17186430176252404,0.3843688525303858,0.22547401891300278
2005-11-25,0.08981694693884285,0.17012188918604235,0.15481107240205752,0.026295905584253577
2005-11-28,-0.5773239210946786,-0.5967519590889147,-0.31748863542555844,-0.9975516328910191
2005-11-29,-0.12434158922263387,-0.36893069565188913,-0.04104698128112648,0.08359316693948646
2005-11-30,-0.4850027529636499,-0.2119946152992173,-0.6900748254862293,0.20326220011337756
2005-12-01,0.6697883014469019,1.12946429770188,0.6937345657012941,1.0849036274206565
2005-12-02,0.07440075743499083,0.15669281083511008,-0.27557743602015683,0.13936936734314898
2005-12-05,-0.24349421031366952,-0.5737640413918149,-0.4556455843467372,-0.5375443553650882
2005-12-06,0.13757277782711316,0.20251286600158372,0.17908818427840284,0.07323796471509285
2005-12-07,-0.4580692780193921,-0.1394474951937604,-0.339911340143754,-0.2886164939697904
2005-12-08,-0.15672953441550677,-0.5833116797226947,-0.5432340467936063,0.04976617816150297
2005-12-09,0.12460868025883373,0.17608703410949142,0.08954043272233443,0.2485106463006247
2005-12-12,0.1019139172602391,0.22975401903169468,-0.058088557610556764,0.14746256513026693
2005-12-13,0.4870093141926499,0.23985210245418537,0.3903442959875213,0.02060619410322203
2005-12-14,0.3712154994045654,-0.2011461243048956,0.541992679514085,0.13375347188987813
2005-12-15,-0.14447333660548267,0.18305052052346887,0.08995223320758922,-0.6753608002497833
2005-12-16,-0.2758165441150863,-0.5130434846460424,-0.04800568475979321,-0.22802003556871736
2005-12-19,-0.46730130541761994,-1.1325212037867667,-0.3374167904892912,-0.8939234057866795
2005-12-20,0.08821915058716528,0.025362476765781388,-0.2398016814798289,-0.1974562272374984
2005-12-21,0.11005044621898494,0.2414216117532412,0.19534326900074922,0.562558001927838
2005-12-22,0.40347065350250494,0.4267917785813692,0.446583032938785,0.4324228594088
2005-12-23,0.01593577142876033,0.0011800531480902453,-0.059989777649125525,0.2741711224658715
2005-12-27,-0.8881598865979488,-0.6598439514873496,-0.9031097330415787,-0.9172344654999499
2005-12-28,0.07525984740670211,-0.20048599872821243,0.037452227360639134,0.2665330358430858
2005-12-29,-0.38348086035261975,-0.4830486638637179,-0.09741155864686778,-0.31041168553881554
2005-12-30,-0.45944778477973575,-0.564664262002532,-0.5495174478215944,-0.46004579350508973
2006-01-03,1.321534543939982,1.4305373952749798,0.953232999048758,1.0367913116049825
2006-01-04,0.43913938822833665,0.7663550767243718,0.3313294575195802,0.5484547085113387
2006-01-05,0.03422704377095746,0.3028975883689532,0.004821844904258953,0.1379165632196198
2006-01-06,0.6082114394565381,1.2100018220347948,0.5632937362084999,0.680045702174449
2006-01-09,0.1628264215362298,0.2645056476227273,0.39799216177713936,0.5156567618713271
2006-01-10,0.03980375446517412,0.05934024190612898,-0.0145002117510407,0.45396501269222594
2006-01-11,0.16929295104724995,0.47006218680712286,0.17047981907272364,0.039518549740761216
2006-01-12,-0.3452371896470419,-0.3649841429857309,-0.6540772139573432,-0.38197858636424675
2006-01-13,-0.17277210307458568,-0.1168269933563411,-0.13014767907858335,0.0013057381907868176
2006-01-17,-0.23542462354859495,-0.4899912150446448,-0.5087920477636629,-0.36269696373529753
2006-01-18,-0.3891388776803001,-0.8786447252448149,-0.4121938787006338,-0.026660550857365302
2006-01-19,0.3057937174486002,0.46082247551379096,0.19986890204668106,0.8453891550018471
2006-01-20,-1.5507932775198672,-2.178974372546912,-1.7742970405098253,-0.7450866160931603
2006-01-23,0.10799077534601406,-0.17717668764204159,-0.04300485414734076,0.17170207483614597
2006-01-24,0.115432458044627,0.25256780635851506,0.22440255438425621,0.9932157993902606
2006-01-25,0.007673568556613847,-0.3585822428537528,-0.0648069947800627,0.020229472503725348
2006-01-26,0.4026147923952306,0.44579216849827413,0.7635712321447604,0.7588574407000604
2006-01-27,0.7894996972052277,0.9603113217867938,0.8614527890689143,0.39369418885280977
2006-01-30,-0.070611866737238,0.1579723544989731,-0.04186327344420056,-0.2477228999324185
2006-01-31,-0.6447248573821768,-0.33461803086745867,-0.31879814537962675,-0.18959449165596895
2006-02-01,0.4636233687465255,0.17171942514202979,0.6374436604487633,0.5583670022966004
2006-02-02,-0.9559639858658695,-1.1817784709692751,-0.7918321143625475,-0.854255112856461
2006-02-03,-0.4835849263907394,-0.9564740093182924,-0.5568939096592525,-0.37612889899217183
2006-02-06,0.16426608966826056,-0.2701064512447429,-0.012833184636772077,0.4707160310987371
2006-02-07,-0.724214049605335,-0.3504661034183225,-0.3989023385094436,-0.8589653922332213
2006-02-08,0.6885742744840989,0.7224983034132819,0.8447974114302474,0.41575845395406985
2006-02-09,-0.13251576742951823,-0.6213922163667381,0.24263778771860695,-0.5221751791833587
2006-02-10,0.19024720045826954,0.4705577215274849,0.3468823406647934,-0.06346328302734694
2006-02-13,-0.16726594228236763,-0.8248967277172043,-0.21193413145891293,-0.41408673803591023
2006-02-14,0.8434047667253808,0.6899853930157328,1.0687808372713956,0.8579441246765135
2006-02-15,0.3871642257486039,0.5067640030434344,0.3738200615487317,0.5191568806818039
2006-02-16,0.5485405943918075,0.6089956504960697,0.437061972325257,0.5032445156538692
2006-02-17,-0.22871554791056628,-0.5479027809467779,-0.03793558103621503,-0.08344278348700183
2006-02-21,-0.20694377283146026,-0.7894640948021017,-0.3586051806832938,-0.37030361099048104
2006-02-22,0.47209560797433825,0.810127845118439,0.5031474171970931,0.5394016288577722
2006-02-23,-0.10247134671364438,-0.19645018100203498,-0.49730874374428513,-0.12363804591059932
2006-02-24,0.1024301334264894,0.10445049580369481,-0.17980448501059948,0.5056448475875212
2006-02-27,0.004902720464834754,0.7211119295100483,0.250907669435776,0.20708172747572345
2006-02-28,-0.8270874105680245,-1.0843277636073125,-0.8451340775041174,-0.8974049082087235
2006-03-01,0.5897956301394542,0.8499131766843955,0.3453015254610929,0.9342424758135681
2006-03-02,-0.031035957658480908,0.01590520423512623,-0.232934733293799,-0.11649893992039775
2006-03-03,-0.42616046361223325,-0.44722257065441373,-0.0874829811807333,-0.2658503510007097
2006-03-06,-0.38421376019678033,-0.626626472444278,-0.48708149057105454,-0.44243488481783316
2006-03-07,-0.21640094097862445,-0.4959225505793633,0.08237660225819092,-1.043702837102905
2006-03-08,0.25705073742555706,0.0673048765153263,0.3019907660709834,0.14270832291497576
2006-03-09,-0.5531063681243348,-0.6012267120090369,-0.2561129265960157,-0.34021615925058163
2006-03-10,0.7144765651491881,0.011651926336382266,0.785175985151313,0.7193621556473212
2006-03-13,0.2028571050239215,0.250984433458022,0.0709448798997209,0.21141841877317435
2006-03-14,0.8253858971915922,1.1242657280376143,0.5617218005773786,0.7086022816378034
2006-03-15,0.3554413659461178,0.5895100155719869,0.46099795298183044,0.6315366700219694
2006-03-16,0.1484900959070542,-0.5731162393827673,0.3413993241015094,0.13278627651344774
2006-03-17,0.09852379913700363,0.2173122476956103,0.24960752510053474,0.09947721941323709
2006-03-20,-0.1386930816378324,0.1345744545814017,-0.035222603664794114,-0.06996113503644341
2006-03-21,-0.5938418822103192,-0.7963878546013003,-0.366063780378629,-0.9966182552899305
2006-03-22,0.46380330031645256,0.13904540728400736,0.6170274732581107,0.6981754100160389
2006-03-23,-0.14399444329146954,-0.18036899702635814,-0.31164710183752625,0.18511849226168436
2006-03-24,-0.03026476321519125,0.2605803741947956,-0.028109148878218297,0.5438275613366346
2006-03-27,-0.18953212742185613,-0.05217369403413396,-0.28719907067793454,0.07537501301069119
2006-03-28,-0.6040842316419023,-0.36884093456288625,-0.8431301544365138,-0.3010160846839559
2006-03-29,0.3796179149972802,1.1792544396483506,0.33922379512042855,1.142708358152283
2006-03-30,-0.23765636063888976,0.15229980731009757,-0.569846670533602,-0.1945885906946007
2006-03-31,-0.1347949176118942,-0.30148738317388524,-0.48626696257992075,0.1923342646032581
2006-04-03,-0.11133017353457772,0.027784002418225127,0.2216388357653829,-0.39444073477904856
2006-04-04,0.5629669113888468,0.38715142205111913,0.5276143437090612,0.2308176584245905
2006-04-05,0.27467895885353905,0.6755602462318498,0.290550920914988,0.10313823913755286
2006-04-06,-0.10328101825980548,0.18712059675653359,-0.1809566936546297,0.07528094329531725
2006-04-07,-0.9280495253485515,-0.7317571799963282,-0.8417461924865981,-1.001298862279016
2006-04-10,0.024955082485085336,-0.1979252324094418,0.06947981732897955,-0.3679385015970754
2006-04-11,-0.6805580888360971,-0.5621988496623926,-0.3773025895781058,-0.9470003310117643
2006-04-12,0.1158918385545048,-0.03291573499184232,0.2949003686014691,0.5281817349799787
2006-04-13,-0.15813099795596505,0.2560160282529532,0.04039859037723314,0.21034549957351412
2006-04-17,-0.12570425721593276,-0.8047890458675535,-0.575585084145972,-0.2637461658323744
2006-04-18,1.2141282621996807,1.2604600276896327,1.4358035063944883,1.8634229154090358
2006-04-19,0.2783547886398907,0.3952886734528866,0.24078188079710122,0.7669084423610806
2006-04-20,-0.001213908100554023,-0.30973526582756006,0.38536373727389756,-0.39568153226592084
2006-04-21,0.07314256607199687,-0.7744513904829309,0.12280709305057294,-0.12384526305149152
2006-04-24,-0.12018558899532514,-0.05653742968883917,-0.055450980021611807,-0.5092260320216272
2006-04-25,-0.3239106016324332,-0.18896572445404794,-0.39564197998243994,-0.234810110262391
2006-04-26,-0.0748644782487114,-0.09810665439327479,0.46090247718546173,0.3371019868753763
2006-04-27,0.3906382121196954,0.6716901944745878,0.2599742178483875,-0.3590544426305689
2006-04-28,0.2189766914863725,-0.7095124793928684,-0.1649476165889367,0.44905549224815033
2006-05-01,-0.6455406567807238,-0.6710810222606961,-0.17923765078766646,-0.5544407426056506
2006-05-02,0.6438601012612831,0.1408768091725091,0.6076100743633399,0.8091284431133878
2006-05-03,-0.32489509019115415,-0.10502457528313335,-0.12514811780905866,-0.026065212983837436
2006-05-04,0.2387179610665633,0.5047420467517968,0.2515690640134322,0.6217430082652906
2006-05-05,0.6264708954696998,0.4939179672226592,0.9882350714457496,0.6143374860015209
2006-05-08,-0.04599989807562091,0.13949818880980497,0.14345645564991635,-0.00519131434779134
2006-05-09,0.0940014930020639,-0.30204170522086304,0.3649991326005491,-0.046773901036900906
2006-05-10,-0.020853583859360023,-0.5864914195256088,0.06949599484937087,-0.39655037247841884
2006-05-11,-0.9568068815851809,-1.5684066119119935,-1.0382462212024763,-1.3900090198006418
2006-05-12,-1.0929401740238887,-1.0330531010311654,-0.9626166571964296,-1.4639881367085599
2006-05-15,0.11771994475641151,-0.16280864864913147,0.31979737975533207,-0.3919286441690348
2006-05-16,-0.08639842670455744,-0.4995002580895161,-0.005435835003005582,-0.033139000916293265
2006-05-17,-1.5745236598424324,-0.96719530483504,-1.6593140028558755,-1.019372291699492
2006-05-18,-0.6433392387348791,-0.7215520424688536,-0.8541043954324445,-0.8908835792920745
2006-05-19,0.4824230915062623,0.43122965937098245,0.035744308523371904,0.6508299427153524
2006-05-22,-0.63813525193031,-0.7064244122585296,-0.1679863827952548,-0.2883225343414883
2006-05-23,-0.6246736559391813,-0.7059253654579442,-0.1946131732250752,-1.0778691261843774
2006-05-24,0.5945394397488883,0.4139455707424878,0.12188007087397892,0.6225819323373173
2006-05-25,0.9411706087716284,0.8650647606328505,0.6722499487093239,1.2349369676474287
2006-05-26,0.4653117382302705,0.26268421096744005,0.5795915736538966,0.18249133524812716
2006-05-30,-1.3925132459939618,-1.4655009329960436,-1.3622672904591338,-1.621807761648856
2006-05-31,0.781715909014512,0.1838600831277106,0.4389626151027007,0.6533823319846837
2006-06-01,0.8268859560275966,1.6488186673689036,0.7764457868830678,1.6515849444574355
2006-06-02,0.1284577876286702,-0.20413752241286415,-0.11856221003507757,0.14059784795978558
2006-06-05,-1.2638691106654316,-1.5583376563592704,-1.6351863085406424,-2.056082779613617
2006-06-06,-0.24253127147537776,-0.175048291769499,-0.4594789039872104,-0.3211810883564164
2006-06-07,-0.6201171733110085,-0.5860786977387685,-0.574294289530037,-0.44974118661385293
2006-06-08,-0.15293820447847303,-0.19642929833086528,-0.01392733241739856,0.14337846278044805
2006-06-09,-0.3082843792842813,-0.5010706975083948,-0.4031082398640319,-0.4797893986241177
2006-06-12,-0.9414411221147391,-1.4459065208525532,-0.8596210200511083,-1.5195761881367411
2006-06-13,-0.943013822180705,-0.3302984920818718,-0.7046208521446898,-1.1577147719986978
2006-06-14,0.5344180045450386,0.5859741323706664,0.8215322794646861,0.4133922364592133
2006-06-15,1.6993611694049124,1.9019168012021228,1.6301305433273292,2.41782201996568
2006-06-16,-0.5979334930228273,-0.4487230020323411,0.02762514627572328,-0.8744449488624546
2006-06-19,-0.6538135874437591,-0.5628276219813216,-0.5658475182058783,-1.2232240771309044
2006-06-20,0.17538848924192413,0.009403356449487699,0.170615760138568,-0.26929461307603697
2006-06-21,0.6253065130105471,1.1029116297683697,0.8696245076086145,1.1062454554101373
2006-06-22,-0.37531342085553865,-0.8758179428863694,-0.45399665142251067,-0.19043915327098893
2006-06-23,-0.09263967043450738,-0.13997771032505918,-0.34424641379375376,0.027475840450768993
2006-06-26,0.3097828679482565,0.10718202831435161,0.40530504736865525,0.8511188242744425
2006-06-27,-0.6990986321377739,-1.324110252717873,-0.9314705557152807,-1.227104092634332
2006-06-28,0.5013490117302154,0.429177052358524,0.3091438425905021,0.29030450255495244
2006-06-29,1.6902917610075217,2.090213253071913,1.7818072147117014,2.411162247777815
2006-06-30,0.008126853309628097,-0.26187027815158176,-0.23530935104933587,0.4880832419113697
2006-07-03,0.24626609220069923,0.3436179054506088,0.4735702756713701,0.656557077479679
2006-07-05,-0.43931372828163573,-1.5301349682210488,-0.5421722160237774,-0.7309887951497321
2006-07-06,0.2195516639112258,-0.11153553904189703,0.5355478046309914,0.1861306262819126
2006-07-07,-0.4229153975691089,-0.7403161109544478,-0.9224875614450964,-0.8044708640975788
2006-07-10,0.0415389627312711,-0.7405856453742352,-0.04866046299347011,0.039485440543869904
2006-07-11,0.4526582182667772,0.5422731432484239,0.3392272254519927,0.5627649826442921
2006-07-12,-0.8748804226945764,-1.3620811481703994,-0.9591832035288704,-1.100024581645613
2006-07-13,-1.3924611844156174,-1.258531364408595,-1.4103311594956456,-1.5397390479354671
2006-07-14,-0.41827963304320953,-0.8715613589748812,-0.9799509220926432,-0.31528787539394754
2006-07-17,-0.21511992452487722,0.051146116633645836,-0.05455732202208724,-0.2914513692110691
2006-07-18,0.4446403034942535,0.20399925020490764,0.46481114199370854,0.7964864384662198
2006-07-19,1.0806506075606135,0.8932307041052738,1.6809318190848448,1.5192861494080971
2006-07-20,-0.45572288367626757,-0.9179134667235527,-0.5027688523728608,-1.4280119513751455
2006-07-21,-0.6218916252514123,-0.7878674452035876,-0.5478025238453152,-1.150143516397322
2006-07-24,1.4910703986599474,1.3363484240429222,1.4801459311568974,1.7182345612285217
2006-07-25,0.3575617178763252,0.4787242630982533,0.5217866656561764,0.5235507764256399
2006-07-26,0.08848096819976836,-0.05428503603078561,-0.01639480587293032,-0.126578435567484
2006-07-27,-0.11093877294119406,-0.4830698316890903,-0.04878157295282298,-0.7718731949382632
2006-07-28,0.8681079018307902,1.456563113955506,0.992625688688962,1.4711203738685033
2006-07-31,-0.10882378119804438,-0.01869951072695377,-0.2506955539833457,-0.0539030340735445
2006-08-01,-0.5219349855158446,-1.2408006904498958,-0.5908892732193939,-0.9384982287724434
2006-08-02,0.5765654761394551,0.7605341531007339,0.5972062219948302,0.6178386774859334
2006-08-03,0.252296549393368,0.431393605896805,0.38767450750799964,0.6916423048024165
2006-08-04,-0.2058531216945293,-0.3441101618674736,-0.05973889754858322,-0.2177324768307511
2006-08-07,-0.2034626914607537,-0.4849761069507291,-0.19544433499576702,-0.4560630714383004
2006-08-08,-0.3547177053765267,-0.46839231311691737,-0.36574999723284524,-0.9166686045909962
2006-08-09,-0.2774691730519417,0.05575196908462231,-0.7684856405425542,-0.4198465626453069
2006-08-10,0.13551564693920753,0.37294736628943426,0.24722149598714316,0.2812283254592051
2006-08-11,-0.2251576616475396,-0.48829804930775134,-0.25289455635973696,-0.5020701220721472
2006-08-14,0.01959268547660118,0.41816044483594234,0.03259246798253419,0.21803069097240946
2006-08-15,0.9181997277992057,1.6848565366837072,1.002989784787285,1.4414807153457132
2006-08-16,0.6621496844335065,1.602622991625566,0.7261619952259816,0.7600403002810486
2006-08-17,0.05418207763324506,0.2654781913962183,-0.0010904793696640755,0.19827663653915664
2006-08-18,0.3230244192693942,0.08749524007722015,0.28338791741673475,-0.07062162517685462
2006-08-21,-0.3077807633396892,-0.6360720313033427,-0.23042063806077684,-0.38840121623579515
2006-08-22,-0.006164462042403986,-0.0076151193796071956,-0.04002569856292465,0.0778896089761269
2006-08-23,-0.26504212600300175,-0.5822658097738914,-0.35570516844349875,-0.684336924526304
2006-08-24,-0.08210616596665371,0.16392964870082466,0.03148490364940275,-0.12219255081586575
2006-08-25,0.08580243423523443,0.09529152976635515,-0.1545140993122177,-0.03420755495828136
2006-08-28,0.3138618378474505,0.4701512190485231,0.4504795683490785,0.6870302207239579
2006-08-29,0.09556986064201031,0.2219511806382479,0.16613152068393022,0.8612728295146284
2006-08-30,-0.05514010901299568,0.2580153973739996,0.01195512377570343,0.39097432383895603
2006-08-31,-0.10613926256099666,-0.14208976442427554,-0.09116033820925468,-0.13850816495902593
2006-09-01,0.43468565679501747,0.3382135535652674,0.594457327841124,0.16222750526661614
2006-09-05,0.20317591810559998,0.7149053766548793,0.11227419022723463,0.5137158921875516
2006-09-06,-0.8192283336513871,-1.4717227823728105,-0.5704196708285784,-1.3223791413235522
2006-09-07,-0.37083738126436755,-0.35517729879680887,-0.5658513750044396,-0.5377271175019068
2006-09-08,0.17168418622279089,0.33482900037416574,0.39743066719881176,0.17240272634537923
2006-09-11,0.09296848558051092,0.4359346181032611,0.07976638888465187,0.12361181403203753
2006-09-12,0.700491773416184,1.2195336317590049,0.6929782942135551,1.3957449828838375
2006-09-13,0.2592074907630234,0.4765469249078759,0.3089805065082633,0.45778272531117087
2006-09-14,-0.05532848566481656,0.0347185289924056,-0.16549906457276042,-0.35766816821611563
2006-09-15,0.150033622379391,0.21423465465069494,0.21206607741001962,0.26223610176725815
2006-09-18,0.10227824585816972,-0.005023187548731305,-0.03292499480650642,-0.10214493175526261
2006-09-19,-0.2362228296871364,-0.4837692778271417,-0.13984414739864853,-0.36314580062663987
2006-09-20,0.44083086565540003,0.9904025221845875,0.5618658565558452,0.8403008222677719
2006-09-21,-0.4487421461351922,-0.46677511022723295,-0.6264552519233402,-0.6470144735359113
2006-09-22,-0.3608246728993561,-0.6210528825403027,-0.31270030135373234,-0.8460148135933906
2006-09-25,0.6556492662151479,1.2023168401217106,0.5502992756401346,0.9092451946122212
2006-09-26,0.6267158005855167,0.3113536873261458,0.6794678440568385,0.1307473850683108
2006-09-27,0.15116610414715947,-0.01066134162501313,0.22052695403295414,0.3255213555953736
2006-09-28,-0.030182825188132638,0.18436677673296803,0.22655379979681795,-0.18306566138596908
2006-09-29,-0.08687872246262476,-0.32987341306437473,-0.2910054839695341,-0.7229288834145146
2006-10-02,-0.342485038727068,-0.9105080898737968,-0.10884778073116219,-0.48355939876331683
2006-10-03,0.2334906234129222,0.31154011562176104,0.4987554665838797,0.011684232494109135
2006-10-04,0.9556013584633584,1.6784142271638882,0.9484425804168426,1.3094384240268846
2006-10-05,0.08213152145824162,0.32663733226137803,0.08073993223790181,0.6992487505950893
2006-10-06,-0.21646318357365266,-0.1942985310405223,-0.21951023765117797,-0.31452850029601453
2006-10-09,0.0027939489838187375,0.18933150404970905,0.014390820564902252,0.39561216715278447
2006-10-10,0.04828196408310849,0.06638549456364601,0.02428191967581435,-0.07321740171106203
2006-10-11,-0.13445756590030905,-0.1651660398340722,-0.14019406782618668,-0.4245915521500856
2006-10-12,0.68542367456876,1.1212945910092478,0.6906343061936032,1.2470771064333217
2006-10-13,0.16542619239770084,0.3155344232527781,0.08131541377171586,0.5219782825775718
2006-10-16,0.03290553620272791,-0.015629582840572923,0.06216513566708283,0.457238777498045
2006-10-17,-0.29497383492443713,-0.7723923478586396,-0.25018186228668193,-0.3065255877965707
2006-10-18,0.09099980734691257,-0.3697263574328178,0.29319976885144855,-0.16285867147719466
2006-10-19,0.19374731455204963,0.18435863355530543,0.21573818311440818,0.35297314166706223
2006-10-20,-0.017803022204812016,0.127370032875247,-0.092924464725698,-0.47228434205022835
2006-10-23,0.34064953615733085,0.6721349840340619,0.7990036392610366,0.13447546548947706
2006-10-24,0.28243755852294566,-0.43509760024883104,0.16840458261265584,-0.05574465967272199
2006-10-25,0.2614572623303369,0.5067897315929891,0.034365725085804134,0.20157929967313193
2006-10-26,0.25126426128527585,0.5952902191174837,0.2013051673415425,0.6893866755085852
2006-10-27,-0.5765771613185168,-1.0380561466736848,-0.5765742877683531,-0.883414183539161
2006-10-30,-0.09614168175975911,0.39866836178012593,-0.07098674769422206,0.40360685134435803
2006-10-31,-0.08562217803743435,0.07971327805711173,-0.0983261026874069,-0.441315538061955
2006-11-01,-0.6124220206331854,-0.9936847567638559,-0.4105225710992994,-1.0933334296310713
2006-11-02,-0.037510874748815835,0.05917798218388192,-0.07220501540873907,-0.38335814267523294
2006-11-03,-0.16601715382098717,-0.22603914088554827,-0.25139439280929615,0.24196282706354502
2006-11-06,0.8358254205972668,0.9397580456557147,0.7957616197110661,0.9261856979519937
2006-11-07,0.3310595089733436,0.49224173110649644,0.4099279708164555,0.03316118298479408
2006-11-08,0.17678653020153384,0.3408169868126047,0.15702223112854247,0.6565995338277458
2006-11-09,-0.5020984281849867,-0.4102913038882905,-0.5835478923756169,-0.75867332990081
2006-11-10,-0.04154283894903454,0.2909951052008164,-0.046136972395314745,0.6233280630186924
2006-11-13,0.11548622786377125,0.6234648344471081,0.10528198763807049,0.2741282357010479
2006-11-14,0.513751972278195,0.6871811438930441,0.5409650461390074,1.1542717111650933
2006-11-15,0.17733620274457726,0.2807909546386684,0.21400301473786587,0.5098898835512145
2006-11-16,0.15223808425411314,0.26613628443732246,0.3398206962819431,-0.14695729364797186
2006-11-17,0.029067247201096255,0.009126956048751633,0.28726169170949867,-0.027686386515213234
2006-11-20,0.029094498711215087,0.14516636900586066,-0.17491589455204237,-0.0022903779684995424
2006-11-21,-0.0029232419589199435,0.02529802560668111,-0.0490016258785366,0.09115085722929678
2006-11-22,0.13992052461355994,0.4091066124909087,0.024495551571276798,0.020618292963685628
2006-11-24,-0.37517338284933827,-0.1667633207795785,-0.3711869608321414,-0.16295969152854714
2006-11-27,-1.2094005855072674,-1.6258821638584604,-1.208505923601156,-1.6911684507868818
2006-11-28,0.28447756123697887,0.07760845974862587,0.02473421586565637,0.28980388673889146
2006-11-29,0.8508873829151795,0.44158849439116626,0.6572783350291672,0.8018398193503798
2006-11-30,0.1017376635470683,-0.004538374416841823,0.03562074016078747,0.10006894448523283
2006-12-01,-0.17889431727634714,-0.6252468078448691,-0.20261873717430057,-0.3663429064780297
2006-12-04,0.6194523736156837,0.9244211137775116,0.6397920526484899,1.1955780311873456
2006-12-05,0.325335530462272,0.2280251242554324,0.3387551579091292,0.12398481788702684
2006-12-06,-0.08547422179519396,-0.24670357054402758,-0.1643877881312701,-0.2855357567542632
2006-12-07,-0.36906270755564224,-0.9091228793129763,-0.23357250681792077,-0.41482100412853584
2006-12-08,0.16437427154391845,0.298365141518926,0.22584357437206506,0.1697793688365804
2006-12-11,0.21360769737587532,0.21129766348220663,0.14161185873575868,0.15224407469344878
2006-12-12,-0.10092472492721712,-0.4334738240371073,-0.11948731462807648,-0.3099223943590403
2006-12-13,0.09157730029893979,0.11635822092748468,0.020001915194835504,0.08609003242330979
2006-12-14,0.6944804665645681,0.7340942675561141,0.6864962879614738,0.3808984927678448
2006-12-15,0.043916499501235585,0.21585434332010006,0.2580192599661397,-0.015254640154441737
2006-12-18,-0.24213346751121717,-0.6914094868144574,-0.027989935176817585,-0.8634964261323362
2006-12-19,0.17140922485351306,-0.20979330486088055,0.24031463566091804,0.006609327652152216
2006-12-20,-0.014174199027371562,-0.2479017293035638,-0.009388015752383683,0.2901226318802856
2006-12-21,-0.3308585944954453,-0.5418955252497019,-0.32811089453415726,-0.2944387539715909
2006-12-22,-0.5423122599706963,-0.7902081568134562,-0.5926920591398879,-0.18998048777193183
2006-12-26,0.40432029043936524,0.19681882828909628,0.377032697407195,0.747167490925132
2006-12-27,0.5327559620465125,0.3357943745218192,0.7359571810122999,0.8435872925559107
2006-12-28,-0.1462798205453546,-0.31217459169255657,-0.014864338432207719,-0.22104316459633366
2006-12-29,-0.372367738254488,0.029567613676070057,-0.29663046935818316,-0.6829615878881373
2007-01-03,-0.20866923481517946,0.059773343330115594,0.02532557587686888,0.1284281797351754
2007-01-04,0.0912485829141301,1.2639478862390792,-0.004752872574884777,-0.10799535828185271
2007-01-05,-0.7960817800783511,-0.42585659214565835,-0.705707441366505,-1.2307792463420215
2007-01-08,0.2741821277716102,-0.0013579494968539874,0.09382038257124187,-0.11922833035929048
2007-01-09,-0.057234182931150304,0.3604053290169134,-0.027532962288203636,0.29112103629038155
2007-01-10,0.21850805713869778,0.7588185377631418,0.13830113484336592,-0.1621532683781032
2007-01-11,0.28737141391476395,0.6752590792270975,0.4575689115061825,0.7822124684997708
2007-01-12,0.5602416222824527,0.3559297333520691,0.2682266779589712,0.49472985523939456
2007-01-16,-0.19735969688499289,-0.057206149965357625,0.1440696860701879,-0.30827763641695805
2007-01-17,0.06885827982749647,-0.5611422099836336,0.017050184359337188,-0.29894059206338186
2007-01-18,-0.2819103206278319,-1.3035743300324605,-0.0698138225278621,-0.7591819646575296
2007-01-19,0.2705822778478878,0.17650012653823022,0.09305611666199512,0.5274337764572374
2007-01-22,-0.28038128916271937,-0.828571746264937,-0.64846703637945,-0.4878857517579499
2007-01-23,0.2066440195166851,-0.24369479025816315,0.3356676678757583,0.46628753191261735
2007-01-24,0.728101251227864,1.1585738712243872,0.7006069386507868,0.7825043994625343
2007-01-25,-0.9931403568584192,-0.9249649620240281,-0.8435119713868736,-0.8193001485960028
2007-01-26,-0.1824259751726394,-0.3503962374346875,-0.23038728742060746,0.18407414383907073
2007-01-29,-0.13072702129426997,-0.006406731637946101,-0.030326765964353495,0.5499656318289463
2007-01-30,0.35020267401830696,-0.04065171751348261,0.16925032014675598,0.7358641564332884
2007-01-31,0.5023054070512201,0.6628702791042559,0.6427114850690652,-0.182381960216635
2007-02-01,0.5685469001039177,-0.03109705794004894,0.45869279553429965,0.7001872033755642
2007-02-02,0.12456044253691059,0.25568203045603866,-0.11833282141771795,-0.008514491907242128
2007-02-05,-0.0009660855966425689,-0.12045321906757264,0.020259888821757145,-0.05815317439245875
2007-02-06,0.023878088122621592,-0.11955932306558452,0.043229146143431534,0.27164237090494664
2007-02-07,0.1430716579389137,0.6074758988144661,-0.022591470669448006,0.7106968328715717
2007-02-08,-0.2161711087656475,-0.10810696968557665,-0.30415427583308197,-0.26618988752658174
2007-02-09,-0.6738545007190921,-1.0147093667353373,-0.4565013270555684,-0.7557065730419406
2007-02-12,-0.29150516433953777,-0.2563893715618233,-0.20176717849625392,-0.1278447083536016
2007-02-13,0.618418429753583,0.17777409896452231,0.6563788624235245,0.4930863720321541
2007-02-14,0.5776297767441807,1.2042655635994788,0.6632019080647644,0.050885530476569366
2007-02-15,0.12098288657986672,0.41849819690645246,0.19276992945928206,-0.11156441257373717
2007-02-16,-0.09477862453315375,-0.2319958459899254,-0.014439607961433759,0.2275456979246644
2007-02-20,0.12054418317330133,0.499614837613529,0.09398825618599824,0.4821249118275177
2007-02-21,-0.11126780784604506,0.14615898515178952,-0.3950293807002797,0.022986767370155304
2007-02-22,-0.1727113964254919,0.26547066242579065,-0.47537048524726716,0.1256946754190521
2007-02-23,-0.4194670392913472,-0.33816648175310043,-0.36987657790777306,-0.37840146280364134
2007-02-26,-0.12312774283657471,-0.38854957592563755,-0.1457230606615167,-0.20171640496413906
2007-02-27,-3.2602889764874803,-2.947492965214487,-2.938382516124379,-2.712461192571363
2007-02-28,0.5459643003002501,-0.08791527383200434,0.06617138865730887,0.21080496573590918
2007-03-01,-0.246461288131646,-0.35759676603144774,-0.23853190211209244,-0.2802062822032487
2007-03-02,-1.0359135983545016,-1.0771819182941358,-0.8353094703868705,-1.1485914761326226
2007-03-05,-0.8593723975370607,-0.6438711555230913,-0.5380585840800867,-1.4086731391586138
2007-03-06,1.3187879952836798,1.0716894985010537,1.0934148509197836,1.4980741993816986
2007-03-07,-0.0641769703142275,-0.22279545287762992,-0.062148863823046074,-0.2689478826052013
2007-03-08,0.6962497393227538,0.4614609224569591,0.4900262739541369,0.6090342361178588
2007-03-09,0.05266465833336188,-0.04890532675896881,0.14710299005640176,0.4823133772892818
2007-03-12,0.1046309147272492,0.42913345427585287,0.2928111418856345,0.18017786548422596
2007-03-13,-1.6426590745429426,-1.4022950331865198,-1.7598296982714763,-1.7234920360182764
2007-03-14,0.3910864453717839,0.8145730123596235,0.18106793187471068,0.43568870393653386
2007-03-15,0.07719081914020633,-0.19706505389323592,0.17934208539593954,0.8083964280831248
2007-03-16,-0.2684951117968301,-0.06514391847834018,-0.37815848039567235,-0.5490207914198092
2007-03-19,0.9066462552395901,0.6242143217319243,0.7552672504257798,0.7980617466275517
2007-03-20,0.5055804294556994,0.5571581720048426,0.5198568772361527,0.5266015758944992
2007-03-21,1.3442933647898012,1.3428162083946513,1.151719550912125,1.206927824147193
2007-03-22,-0.01606447943756198,-0.18518412890392763,0.1600054240698105,-0.08010024035980261
2007-03-23,0.1342983788243651,-0.20387989642978155,0.16191572396897336,0.1334997522017044
2007-03-26,-0.11390526473117735,0.26810024519936115,-0.0805227119404668,-0.15598672275526018
2007-03-27,-0.24886847793125833,-0.5519051595342267,-0.5505732560316449,-0.58513736765799
2007-03-28,-0.6515147148894546,-0.8023598362470084,-0.7543783335283101,-0.5415303480736608
2007-03-29,0.05139962320972535,-0.0008754257821261269,0.2979367187882845,0.21894756853586222
2007-03-30,0.020661424536439245,-0.07847945494264423,0.07060135856406986,0.2820472532091387
2007-04-02,0.023587744312526734,0.046676063966091356,0.141089478848305,-0.0456356037136426
2007-04-03,0.85517766833632,0.8836072085900379,0.897763625228958,0.940926588723325
2007-04-04,0.10692623966595494,0.3201547286284584,0.18204659575568904,-0.20263987742653602
2007-04-05,0.1952208225088499,0.3344336101359268,0.19490033374794033,-0.04120958901948102
2007-04-09,0.09046640204015584,-0.17587132579920634,0.056585665900174484,0.02092490936896816
2007-04-10,0.08796173302787422,0.3537336300944771,0.031493487812128046,0.16310429053814843
2007-04-11,-0.3736842330006451,-0.7846332598695056,-0.6557507100403112,-0.5860737014939352
2007-04-12,0.30617347009021084,0.48422037430962406,0.4048708695628609,0.35388232289085564
2007-04-13,0.40782508745569157,0.14411468525792354,0.46968243278483773,0.44822931036225505
2007-04-16,0.758670083787133,0.6477092159855997,0.753733945888513,0.978443732215088
2007-04-17,0.2366057802717481,0.17883726137667327,0.3977343207843746,-0.17632378877001084
2007-04-18,0.12904399914912712,-0.20869635301806747,0.25236401548091725,-0.4050951062028603
2007-04-19,0.014971233059120195,0.24557135017206294,0.08280724330210529,-0.4280006670136064
2007-04-20,0.7518325349577533,0.3627579173642939,1.0384925783329362,0.718293017180217
2007-04-23,-0.2355588237551018,0.19703939723638061,-0.17556970399040683,0.029934643654010322
2007-04-24,-0.08308260478096609,0.25559886272426335,0.12146780005413486,-0.16906854609801641
2007-04-25,0.6891120133707487,0.89500005693617,0.8874466683384122,0.26275434786528257
2007-04-26,0.11535534105371661,0.4176461320817743,0.1644592586369941,0.16115021588627615
2007-04-27,-0.1319423587245723,0.007361108294064844,0.05219463177764912,-0.37205299463532604
2007-04-30,-0.7047338395927046,-0.9301226024206312,-0.39408016803199913,-1.3959274319063233
2007-05-01,0.1996123418661182,0.20679359379899068,0.492125321293756,0.2424755640900478
2007-05-02,0.4741627654928716,0.4713989533507203,0.5383390455661723,0.746148325454178
2007-05-03,0.394068414816413,0.24158881255955444,0.1710722642782205,0.0733566490542268
2007-05-04,0.30509864816918325,0.053949203298946834,0.14602241827566312,0.33609155662413936
2007-05-07,0.04091481588084067,0.0037045283021244005,0.3410129911496499,0.06430820114317382
2007-05-08,-0.08572293851842636,0.15355656735659526,0.018715154238088894,-0.17683319440834627
2007-05-09,0.14348310460212196,0.09353711916313362,0.29122556037400077,-0.02124410864651345
2007-05-10,-0.8590092531243536,-0.9459294425412004,-0.9509395811874272,-0.9491390781023549
2007-05-11,0.5877266825216774,0.7710554124002634,0.6115146462709046,0.648013185364923
2007-05-14,-0.15703035692202438,-0.4671231090045417,0.18486633407788072,-0.38253562721168355
2007-05-15,0.031037934138233643,-0.522576625423502,0.2702890598287586,-0.6340902945746816
2007-05-16,0.6142480949140076,0.7090281786134272,0.7486871171538492,0.5191700147043674
2007-05-17,-0.1346041105160282,-0.3076572316040984,-0.01798888424540933,-0.5139683796939779
2007-05-18,0.6847783568239404,0.5559588119802282,0.5021439532421237,0.40817520336197266
2007-05-21,-0.014514737907896584,0.4658658774560718,-0.05062416854968527,0.5911334958489174
2007-05-22,-0.15479196606242673,-0.013325291941446209,-0.10092332590804982,0.5342337976707762
2007-05-23,-0.102553159597207,-0.40136206142611724,-0.18724660801260676,-0.2781677660729739
2007-05-24,-0.7639173882427208,-1.038192805671314,-0.5739727826474091,-0.918150296697728
2007-05-25,0.3291153499428113,0.3843375121448247,0.4205647268632802,0.4052392949272675
2007-05-29,0.27707038933871597,0.5159537541146313,0.09939519112393763,0.637369996896059
2007-05-30,0.5682606029144078,0.5026518699846575,0.6332040636612791,0.3917876885355521
2007-05-31,-0.04113410810440388,0.36990443442819604,0.0296371205512522,-0.06911008617065349
2007-06-01,0.3396165975955582,0.0006184970822432218,0.20859218049174683,0.765460392658661
2007-06-04,-0.03185506449446439,0.1910582342194449,0.021901275241375022,0.00839094786351691
2007-06-05,-0.3460959155815731,-0.044833060272077674,-0.5357606599550027,-0.4052400591546268
2007-06-06,-0.9898273468017691,-0.8450252839422848,-0.9506727447337809,-0.7811180808558335
2007-06-07,-1.589065852432969,-1.1977377191246514,-1.4045472983739518,-1.286458701143228
2007-06-08,0.8678108153244973,0.6659796113609815,0.8535198093368406,0.7278938124979986
2007-06-11,0.17131609978817225,-0.09048901862653644,0.07147943294224313,-0.09380628829354946
2007-06-12,-0.8780255609351946,-0.41427599650753916,-0.8431769955315381,-0.9102596763690841
2007-06-13,1.1046947217917786,0.6389060117066259,1.1165683329525018,0.7011685949029826
2007-06-14,0.6090058292514334,0.5564265365321924,0.5875757529907496,0.37487570454340713
2007-06-15,0.5017891793160434,0.6292963244933276,0.5945522927068267,1.216763371755696
2007-06-18,-0.13317620752261747,0.049125543526095244,-0.18182702514063498,-0.4595543162625887
2007-06-19,0.13257326186414575,-0.07424168791587084,0.07407714301480459,0.05860983842607511
2007-06-20,-1.1330960873549267,-0.6556358800907938,-0.9247441766557736,-1.0558105899929116
2007-06-21,0.32745291001092025,0.4971985210795107,0.24478027407201092,0.1511581269101003
2007-06-22,-0.8198924616080161,-0.6829294586664478,-1.2292727998460748,-0.7334198013524098
2007-06-25,-0.5361014376882176,-0.4362139455522438,-0.2289363504140008,-0.3721798414374461
2007-06-26,-0.844851189785935,-0.4343909243282678,-0.07266908583008033,-0.4170866082339736
2007-06-27,1.035500781948377,0.9843024878948294,0.5253226778848353,1.13397521776417
2007-06-28,-0.11556406726978798,-0.06930377232243067,-0.1318838330036139,0.006330837799870228
2007-06-29,0.04091130504818951,0.10754909221980541,-0.07797894042267839,-0.486518368853324
2007-07-02,0.7140774908914946,0.5658585688387096,0.805000177200303,0.7310850236570579
2007-07-03,0.3487177426764295,0.494833169421328,0.35328324300762237,0.22650988916509163
2007-07-05,-0.10946211839297766,0.49027182666233227,-0.08847673480167466,0.03271891955962679
2007-07-06,0.3306242286405691,0.2196794244278623,0.21498153004171178,0.07151523099683138
2007-07-09,-0.007472495754437845,0.04993835656660632,0.23967587362842724,-0.02976631382169853
2007-07-10,-1.0967240130761715,-0.5770251860064862,-0.9167448930734416,-1.2247846289154363
2007-07-11,0.417564292603011,0.33282560655719307,0.3410973686369518,0.11922695211860321
2007-07-12,1.2642961381987217,1.0718161888434699,1.8217925156334105,1.056926786458443
2007-07-13,0.406741379011887,0.645680321978429,0.5079228275002257,0.10852473065673973
2007-07-16,-0.0647779442550138,-0.07901712070104343,0.23267706164381194,-0.6631348557839148
2007-07-17,-0.018197762155961285,0.5607975804665228,0.1782868101703104,0.003783926454467442
2007-07-18,-0.2276369272962747,-0.12840725934194186,-0.38486879412441394,-0.4224561546599037
2007-07-19,0.21366602700467646,0.14295935490320352,0.4153679872366196,0.19713856865722273
2007-07-20,-0.7866569727041681,-0.34229452853783676,-0.8684052806330538,-1.1953447774883168
2007-07-23,0.11735683541005015,-0.0988607870212204,0.43861229560392057,-0.20852513446164994
2007-07-24,-1.3652224708202279,-0.9779374651064027,-1.3317143523537949,-1.8608311152698014
2007-07-25,0.009369165429101933,-0.060863959382071675,0.26098250003487816,-0.2797202980169128
2007-07-26,-1.9238452063132643,-0.5708731389420554,-1.9298469817812403,-1.9700589001142743
2007-07-27,-1.914079502862136,-1.6898196201832343,-1.6707521891996413,-1.798957684898385
2007-07-30,1.0646734397729338,0.6475381728012626,0.436643055545831,0.8635086232711832
2007-07-31,-0.9115138794162919,-1.4745105296666903,-0.9532416714159085,-0.8581778791009405
2007-08-01,0.4134800033893131,0.48553186530061376,0.9760926942894464,0.35521525009865323
2007-08-02,0.7245084677378866,0.6770230110698146,0.7863757119559781,0.5556805862867512
2007-08-03,-2.1575512271694564,-1.320521626227345,-1.8571476631440191,-3.04451098021287
2007-08-06,1.1853099467908912,0.627825233522891,1.7033004289681306,0.7929331872289964
2007-08-07,1.0075474471384773,0.6682069824067263,0.4585160766801998,0.5995604000537924
2007-08-08,1.113953967588845,0.7573694729436623,0.9481707551652391,1.6148341968450448
2007-08-09,-2.335428454834295,-1.5504903447876466,-2.391130273473827,-1.4219717170600978
2007-08-10,-0.7064842019073665,-0.9566585486405035,-0.5683766138686546,1.2900242060168436
2007-08-13,0.10433746262152963,0.3154402905415064,-0.16909485776066596,-0.783904043813862
2007-08-14,-1.2845824479963543,-1.26690608289762,-1.427678339703527,-1.4603516020414309
2007-08-15,-1.216185895974134,-1.4400423306283374,-1.2344187758813108,-0.9389928973350417
2007-08-16,0.5011656607543888,-0.8250164008427734,-0.21691098508607476,1.8861767430489895
2007-08-17,1.4288247989142602,1.218612541859921,1.4926557155188218,1.384766486234665
2007-08-20,0.16567289198775498,0.42386469859415676,0.49619102274848803,0.21987219159872085
2007-08-21,0.12827706035621012,0.7244839713247322,-0.21385959184559966,0.16753548496594917
2007-08-22,0.8020255029551987,0.8400850559112021,0.8094197180153365,0.7713679761944099
2007-08-23,-0.01933689377458457,-0.1177648959363289,0.07986924942462267,-0.894398549674623
2007-08-24,1.0303996715148982,0.9958486208736809,0.9722543968827472,0.7875653943676704
2007-08-27,-0.6982451625808341,-0.39364433409981137,-0.28340710512082556,-0.7790336872834779
2007-08-28,-1.866300658445208,-1.724138120171389,-1.8981872902179655,-1.9336073109745093
2007-08-29,1.3489752027619266,1.7479714416915677,1.3961498015002387,1.5291536613473014
2007-08-30,-0.162581673562065,0.42380561084419655,-0.22167818434757258,-0.31645103277650855
2007-08-31,0.6752662837354592,0.7065195083113105,0.6585967420032902,0.4536209387044094
2007-09-04,0.8460694859957827,1.1996518038103094,0.652291255594237,0.778169449022549
2007-09-05,-0.7184011021373652,-0.6903920264245212,-0.9372569932279726,-1.057563187393653
2007-09-06,0.10279668263829754,-0.14002479038019155,0.27482382366798497,0.030380961841802653
2007-09-07,-1.085883410014512,-1.2749659730935332,-1.5697104453683723,-1.1833484518319375
2007-09-10,-0.320109828635263,-0.22906533079120556,-0.11318703380358888,-0.8190699801575443
2007-09-11,1.0052289988859404,1.0425934172852878,1.2769955911411701,1.1763145542143514
2007-09-12,0.2332595429955541,0.07960654421329626,-0.03672218442450975,-0.6247336834147936
2007-09-13,0.5498161396992324,0.3303237777963149,0.8354434622043507,0.19021835181765204
2007-09-14,0.12651842437917865,0.16082620317612403,0.27873235585367406,0.3279269979872685
2007-09-17,-0.49573978624819204,-0.615548739684257,-0.2958300013578742,-0.6031839657980631
2007-09-18,2.3067322901820013,1.6790954142249437,2.1202256554642203,2.752223044672745
2007-09-19,0.6074604275896202,0.3238978612296259,0.6485729694609245,1.1139481586591617
2007-09-20,-0.5478715756069905,-0.17687223635884883,-0.28846805612207116,-0.7906476971698938
2007-09-21,0.1581154224648175,0.4203211800172273,0.28800609784387743,-0.07696984017633783
2007-09-24,-0.19787633977508937,0.305235105471871,-0.4021696256688694,-0.5630779872775479
2007-09-25,-0.2632324851360763,0.5828967378056431,0.021420768731829964,-0.4665114678338835
2007-09-26,0.37430797824260054,0.3154655338209011,0.6114473479819904,0.5031678197458131
2007-09-27,0.43896386374805324,0.3805489817013128,0.21972812614847925,0.1263762440722819
2007-09-28,-0.28631797849840523,-0.23934506457496482,-0.12670112389566637,-0.7169204750608225
2007-10-01,0.9322165208517528,0.7900761962310714,1.2268467638890304,1.6552047911127397
2007-10-02,-0.09488198766017585,0.06573673099491355,-0.18380517200651267,0.40866473576713036
2007-10-03,-0.29968343219632565,-0.5877252246235771,-0.634502310571247,-0.3097457032745236
2007-10-04,0.07075599778335463,0.08490258899514877,-0.034423946243906815,0.07711253529912622
2007-10-05,0.9708866736809145,1.3641901104551926,0.5840491199404811,1.2144351748421194
2007-10-08,-0.4793771049851339,0.4131653468935331,-0.17573457765343425,-0.4877816973243694
2007-10-09,0.677840250275201,0.2490083066117362,0.6879445022304677,0.4241522393537232
2007-10-10,-0.1262684272355344,0.22923141814068507,-0.49114196129957377,-0.33663662861447735
2007-10-11,-0.4623016710679208,-1.199498980519865,-0.4882284277592989,-0.7196556011834885
2007-10-12,0.4816139509119427,1.1350266559779871,0.5136047934320815,0.4410339174737022
2007-10-15,-0.6998963345393291,-0.5683605676026209,-0.6618648166549337,-1.069565695192262
2007-10-16,-0.7535650635688349,-0.3976935109862744,-0.551794278664867,-0.7121823255270792
2007-10-17,0.16058580514189358,0.8068376393759585,-0.19425580703768772,-0.042687472981488006
2007-10-18,-0.41930977252087787,0.20742046367248335,-0.14092460463668371,-0.3791101691909155
2007-10-19,-2.211553577151494,-1.7797856850185843,-2.3623598300830557,-2.0389388894019516
2007-10-22,0.16633187163055457,0.5615285369970898,-0.039053105336927685,0.4502053317773277
2007-10-23,0.5966874698484367,1.3773957951524258,0.666846612061394,0.6958443920532584
2007-10-24,-0.1928182773086735,-0.527920126897701,-0.017992708897706974,-0.8285203400691019
2007-10-25,0.1945910353373068,-0.9045222155651568,-0.005607895384671789,0.31695548050903405
2007-10-26,0.993461787314565,1.1530288566358757,0.8920913634737201,1.0804152419303386
2007-10-29,0.33723851715987596,0.3051834736113057,0.47630013527284876,-0.12767468801418544
2007-10-30,-0.5438087634909127,0.16267336805247057,-0.4524326747706011,-0.6202903395382239
2007-10-31,0.7168798313049591,0.8856061482022642,0.7560267638082416,0.8906202565411263
2007-11-01,-1.950463542560148,-1.2863217734712167,-2.2839552246165478,-2.6793513996569756
2007-11-02,-0.1372257155255669,0.3062534188260394,-0.10101745829706524,-0.5179215124014396
2007-11-05,-0.6211858760948583,-0.45571343253031465,-0.29564234356873054,-0.5999274651053177
2007-11-06,1.003619657901786,0.7307308944866485,0.6952810275210958,0.8618927487055854
2007-11-07,-2.2453443455557522,-1.687137997741027,-2.315235427846718,-2.076050513173652
2007-11-08,-0.6284888790082821,-2.387729487543326,-0.47613826831365036,0.40524573108340306
2007-11-09,-1.1170080311583785,-2.394907732313568,-1.4589865093114929,-0.35693500690469804
2007-11-12,-0.8804437151475767,-1.9929096673035884,-0.5022285912369162,-0.5345745221742717
2007-11-13,2.521028592456398,2.7509246303826314,2.20144440533273,2.149683065552783
2007-11-14,-0.12317069293153377,-0.8111394358399537,-0.36780645296737835,-0.14564202648238758
2007-11-15,-1.1926512406341603,-0.3720437197607344,-0.8409354387433264,-0.9557011282058157
2007-11-16,0.03648277746248878,0.4950963524410234,0.3536804728734787,-0.7976404597282687
2007-11-19,-1.1892867582185975,-0.808545994161321,-1.459745928602418,-1.5567012200075656
2007-11-20,0.30652526804876834,0.1308569490976948,0.14113887034962494,0.11557904482362799
2007-11-21,-1.64121069312042,-0.8089593320217225,-1.3723358398652854,-1.1194262763410223
2007-11-27,0.7268028314815914,1.1795483034890233,1.2589748722865761,-0.10945146034351155
2007-11-28,2.6027073593145076,2.1713163359316563,2.321241141877794,2.774982749913482
2007-11-29,0.11544107981499635,0.4779906600813759,0.2701446380665314,-0.46573881217550495
2007-11-30,0.8547148831746411,-0.5011095975176416,0.42944345054384836,0.03287404409344037
2007-12-03,-0.4230929424613218,-0.49138326632319185,-0.27210129849915876,-0.7521569444364922
2007-12-04,-0.6562777061818004,-0.3127396695339807,-0.3696150790227465,-1.0921898934397674
2007-12-05,1.2716290363045006,1.1459871876247032,1.22747446631772,1.3114895151578985
2007-12-06,1.1790415537714412,1.075240844889776,1.1925776445904257,1.8547701609245064
2007-12-07,0.01063259883570801,0.07088490004413575,0.08360291170270519,-0.18174111457792771
2007-12-10,0.6025094962441286,0.2520417643468778,0.6228463399508644,0.9707074412522895
2007-12-11,-2.2440503359786574,-1.606863226813131,-1.8537527717816813,-2.42506457317403
2007-12-12,0.6050682496076968,0.4056587646486574,0.06268327337845706,0.20859954554961094
2007-12-13,-0.21887421426736497,-0.4087912321992659,0.2453434441760387,-0.3109436576891613
2007-12-14,-0.9456794488928095,-0.6655011752582428,-1.0430874865011794,-1.4617778221041986
2007-12-17,-1.318843602700237,-1.8626526288277454,-1.2998327233506752,-1.0497252013148155
2007-12-18,0.3650954771748424,0.11321306988200755,0.3412105828913927,1.1251132427080448
2007-12-19,-0.015792920151167712,-0.0635944389244663,-0.16558288093171963,0.3049196588253307
2007-12-20,0.43957219820695215,1.3271282204045733,0.1740127907408895,1.0561863664079045
2007-12-21,1.0480949052669992,1.2703701747630118,1.2370969870719732,1.542756239362061
2007-12-24,0.6066142368897633,0.5934440096667345,0.6950894395131184,0.5676337356074772
2007-12-26,0.16698120475597683,0.37657444242846216,0.020107911463931528,0.17855391625094597
2007-12-27,-1.0802460387495079,-0.7979682843759166,-1.296028038435987,-2.0559437762431507
2007-12-28,-0.29015185884774636,-0.20543504778838917,-0.06883579271039689,-0.4924744523507265
2007-12-31,-0.5941089014945161,-0.8628405091354914,-0.6200541800949675,-0.6400119680419363
2008-01-02,-0.803941233689997,-1.1380587378740712,-1.5567020486802594,-0.8281609758075811
2008-01-03,-0.16344305590156277,0.05959448514343493,-0.09016974670726144,-1.3419013563145714
2008-01-04,-1.8966017642716158,-3.0947967273806603,-1.603002013310061,-1.6633511221712998
2008-01-07,-0.1585371173230912,-0.434782799310159,0.08676598934558108,0.1450110371831474
2008-01-08,-1.3199476948885218,-1.9002751940519722,-1.6117683024229734,-1.8282586140676902
2008-01-09,0.7323977559011223,1.3035321700595783,0.8474034389882348,0.48984643759039925
2008-01-10,0.6085608898973376,0.13668164756374762,0.9222137033974407,1.045563583039878
2008-01-11,-0.6584400772260603,-1.3113862258457734,-1.654483122531339,-1.396456521924339
2008-01-14,0.5395804602161813,1.035429425275668,0.9857487392055808,0.3625834032276762
2008-01-15,-1.6233657790214906,-1.8473744782930357,-1.6769064213960698,-1.412589159863676
2008-01-16,-0.9612611214795407,-0.9538743571710833,-0.5248513017858774,0.5581641258375736
2008-01-17,-2.2462099589812348,-1.1006655683058344,-2.2494246014154986,-1.686269482880489
2008-01-18,-1.2205675809734324,-0.45099541257469966,-0.8295704604912735,-1.1896242920689464
2008-01-22,-0.9807152544242681,-1.9281806056853454,-1.0316682645898823,0.22221346262437502
2008-01-23,1.7586812247624841,-0.3779080434391474,1.9818015861968892,2.6193321404577703
2008-01-24,0.9621765473868658,1.5685155097009034,1.0720695705077763,-0.043957030159172295
2008-01-25,-1.092560693023446,-1.4329839744869561,-1.1345632554603806,-0.29185077884371124
2008-01-28,1.147684372177846,0.41307374828665416,1.066801701727356,1.5356942377922103
2008-01-29,0.4926984624856362,0.176561004376322,0.7884647751250321,0.3945420250878908
2008-01-30,-0.5120517881237454,-0.0136307951670991,-0.1633728151807602,-1.0253968156941697
2008-01-31,1.4016162610758407,1.1223640981654444,1.3964715706892599,1.9274969399367852
2008-02-01,1.3082250282448509,0.7817135667986425,0.6965270256064929,1.5425973344666764
2008-02-04,-1.0074554062473688,-0.9602807399464446,-0.7454321477033375,-0.5976612443420762
2008-02-05,-2.2304005417423185,-2.0922355695043575,-2.6257274599117197,-1.9493483816788109
2008-02-06,-0.9657481725368444,-1.7022073807301492,-0.8151941120676858,-0.8150293161440434
2008-02-07,0.549746493037426,0.42772015055243817,0.36146864839895176,1.1369009716285488
2008-02-08,-0.5575790525979145,0.726128158205254,-0.4921390690599823,-0.48873825158466366
2008-02-11,0.2572910844218492,0.6083229806096838,0.2673885218252391,-0.3040344592614659
2008-02-12,0.6981662604935224,-0.3766627451334784,0.9290253874403072,0.6030951892608527
2008-02-13,0.9593575532950083,1.6436342925182919,1.410711019425615,1.5387646015840761
2008-02-14,-0.7046468448709731,-1.2525139811867034,-1.168145191011653,-1.5532683750710552
2008-02-15,-0.15226888969337554,-0.34351840732023986,-0.37738757934850065,-0.34363094004037253
2008-02-19,0.2898018947153565,-0.1452878400555873,-0.022465859488922102,-0.041246776816404776
2008-02-20,0.26375241466323723,0.30152527357200326,0.6457847854661105,0.9404676359698768
2008-02-21,-0.6515120222696443,-0.65265305035483,-0.946794445773513,-1.32478430435236
2008-02-22,0.36442933945290024,0.12392067273987752,0.523510273881725,-0.07531753920404781
2008-02-25,1.132008145268062,0.4276867156767783,1.4664956313817723,1.6609975420786054
2008-02-26,0.695224853095396,0.3716681094318029,0.9194907733635009,0.41219300804314357
2008-02-27,-0.02397720585791467,0.38903179804509924,0.13561206947251891,0.06297304978980564
2008-02-28,-0.8621712564455817,-0.3147389532642747,-0.8209425459690386,-1.2445116331683812
2008-02-29,-1.9739101931778806,-1.9823581466137936,-2.353637101538044,-1.6045828677438165
2008-03-03,-0.44295797103827916,-0.6966488262989349,-0.3338691040590917,-0.8522929954462165
2008-03-04,-0.26094117386940086,0.36510123132493794,-0.2564569857315192,-0.23907626936056361
2008-03-05,0.407018081231503,0.24236199533368558,0.20120579965905108,0.05171123312733504
2008-03-06,-1.7126004870037606,-1.5344886435788274,-1.5429210453334221,-2.047778962264402
2008-03-07,-0.9398671703247695,-0.2991434799726068,-1.1831750639935852,-0.01223412170618976
2008-03-10,-1.3232142318350333,-1.5715652169201202,-1.371804183679718,-1.259986535171768
2008-03-11,2.7464203617780796,2.458649874510324,2.910269632401122,3.142796944574123
2008-03-12,-0.5448483554415922,0.02040169995827079,-0.04471390069107545,-0.6185282669864768
2008-03-13,0.10609325931750628,0.48009349129936,0.16598916521602736,1.0531721580297855
2008-03-14,-1.4565794735174384,-1.368119674928643,-1.5338140698509402,-1.5487658856692728
2008-03-17,-0.9964080232430229,-1.4502855461702626,-0.03929265599083889,-1.16155206909546
2008-03-18,3.3810216038152245,3.0627420060560024,3.1396728521422714,3.254997458375933
2008-03-19,-1.9330267225230466,-1.553796330518685,-1.897840083715737,-1.7707795687981907
2008-03-20,1.3316248077023838,1.220922941381855,1.6295636488387513,1.6539445377129045
2008-03-24,1.7334686291163373,2.461128901535723,1.4728396449852,1.9261375037490067
2008-03-25,-0.03562962019677253,0.4149811287539512,-0.14160572528748946,0.12232209157668363
2008-03-26,-1.0759277753915484,-0.23300535513189233,-0.8510872375641959,-0.3039503897699265
2008-03-27,-0.45250042183107286,-1.7108331251015225,-1.0251008262627677,-1.1803653444513613
2008-03-28,-0.7693932669211369,-0.4099140631605303,-0.6858445918939036,-1.1539107494245178
2008-03-31,0.2530761692753685,0.3000313446252382,0.3736543628264929,0.30577834689758066
2008-04-01,2.811468209366456,2.89704835359808,2.729561672075171,2.5625259158822464
2008-04-02,0.20977962555278498,0.048628159529924025,-0.10444880161365122,0.34175561514651803
2008-04-03,0.12968658019976076,0.13332191078501512,0.03666586316746407,-0.031577048644336664
2008-04-04,-0.059547888624934216,0.3971710865649501,-0.08870310777057662,0.16872027511217244
2008-04-07,-0.05601398058160065,-0.22298499667027763,-0.05361708200974639,-0.33405433808376334
2008-04-08,-0.0764809532490757,-0.5450776270518713,-0.2613331093491282,-0.13906185287941153
2008-04-09,-0.6366235654471352,-0.8154943692874509,-0.35581624856990585,-1.4252626411399765
2008-04-10,0.19927139683495496,0.9669108858834425,0.4346134659601656,0.7609818762984535
2008-04-11,-1.6979974108718678,-2.011588044129514,-1.857740458969867,-1.5543277168600327
2008-04-14,-0.5191880157026607,-0.5071139880572403,-0.41846906765396064,-0.5903184655131887
2008-04-15,0.2898469175386926,0.03413731442174621,0.44450956329090996,0.9185742883396805
2008-04-16,2.062139897139286,1.895030577284658,1.789318569352823,1.86777457658991
2008-04-17,0.16995263334017074,-0.04604999839878843,0.1270940705402513,-0.12923751856179744
2008-04-18,0.9279324951447279,2.204102803937335,1.5937444651258086,0.8755872560626162
2008-04-21,0.09421011204964036,0.5548871055935779,-0.05807244935217226,-0.1377687785065304
2008-04-22,-0.5882409789061805,-1.1023865558999835,-0.8958664997737948,-1.5905729577994216
2008-04-23,-0.09538728938225868,0.7486984945249248,0.29265022332871027,-0.07981668845999895
2008-04-24,0.36360563242048705,0.60104911369337,0.6336416359789808,0.9145924871434025
2008-04-25,0.5831958401808545,-0.1962437112805013,0.22011383836746945,0.3917934216862524
2008-04-28,0.07355669065169682,0.14829415861633552,-0.1397206878093621,0.41799275828461635
2008-04-29,-0.3176059693707626,0.47541342544954673,-0.28102668348214455,-0.4206093065541069
2008-04-30,-0.5816185464933371,-0.6655079945075502,-0.16851532944147868,-0.561186107846156
2008-05-01,1.6000124238127578,2.1440686377165816,1.2606744890176387,1.1577033442356528
2008-05-02,0.25315234094047656,0.13753127101851875,0.35232138525127654,-0.19021261018235341
2008-05-05,-0.38029426448460624,-0.12702020527074545,-0.5319076869145044,-0.24354013842824784
2008-05-06,0.6175226687098979,0.32873498586121286,0.23335624585198722,0.11303424116885286
2008-05-07,-1.396611486443976,-1.2605978996913074,-1.3628795566881289,-0.8189792004519566
2008-05-08,-0.3654630647276354,0.36671520378904976,0.21325309487705574,-0.15839919212185036
2008-05-09,-0.22767588669293573,-0.3365516368430928,-0.8420265049929339,0.20368862266731458
2008-05-12,0.6819609746329797,1.105989447941206,0.6425685642390201,0.736230507366701
2008-05-13,0.08692005891477388,0.21864299200366916,-0.20833793374779191,0.5168428298080536
2008-05-14,0.0717062146983855,-0.23127920461893386,0.32336155529181315,-0.21011890422056836
2008-05-15,1.0614767403900873,1.2506782731346715,0.7259604316161082,0.6895107627404558
2008-05-16,0.08855377859343895,0.06436318682067045,-0.031696373740796244,-0.4182721501760975
2008-05-19,0.23670375514157577,-0.4849106505983239,0.29539050494569263,-0.23850067094020927
2008-05-20,-0.5929737889773835,-0.4750060684983149,-1.2465543225856515,-0.0362873763830026
2008-05-21,-1.5546791233120478,-1.7551648714117003,-1.7791824789629689,-0.8254627213722714
2008-05-22,-0.129860744906048,0.05061115905459143,0.0016893336258851088,0.6007479834827468
2008-05-23,-1.1733053906309958,-0.3006086106608362,-1.047977007115849,-0.8351654517541782
2008-05-27,0.4326073905433011,1.0264171611313448,0.2603946580789639,0.6476242400783152
2008-05-28,0.22711990283355768,0.240815391317771,0.2436277186203543,0.3254106393055919
2008-05-29,0.388803768935858,0.6311773448739305,0.3570908128908962,0.6089156643535756
2008-05-30,0.11642316312405133,0.42703841746315013,-0.07405798377691694,-0.09640558709222556
2008-06-02,-0.8774890753687076,-0.8988266846250617,-0.9947610691907265,-0.3879660282582044
2008-06-03,-0.5457632815767882,-0.49706436779841245,-0.8382740406292246,-0.41302447286140803
2008-06-04,-0.13594099686654887,0.7568430625290117,-0.20047151157290016,0.46655327134191166
2008-06-05,1.4522375189911052,0.9877308289611975,1.3909908683961565,1.5233256078652935
2008-06-06,-2.567720790962218,-2.0084861935568252,-2.6741088172393814,-1.7879247368899296
2008-06-09,-0.053642704846990935,-0.6819560243891458,0.1483229536205305,-0.7406960215792049
2008-06-10,-0.33287121599697667,-0.2962179754646139,0.18613797978045654,-0.02646679304752142
2008-06-11,-1.2548350048374,-1.707578356125273,-1.465424570880149,-1.498731968184561
2008-06-12,0.14057928980200493,-0.10794867995810338,0.2274045983591684,0.047183623354228404
2008-06-13,1.0874844125146175,1.3888387894716223,1.2752596084948644,0.9947136839110157
2008-06-16,0.08562736767080087,0.670877609264284,-0.19611458880152055,0.6612995619960155
2008-06-17,-0.5712716200641432,-0.4743795992127039,-0.9532365103490835,-0.7320447766635502
2008-06-18,-0.8934945047635627,-0.8489695838274199,-1.0645922119574573,-0.43588390458882115
2008-06-19,0.01082260195738978,0.9524374550993085,0.13830530269129326,0.4315858584085172
2008-06-20,-1.4377976440455107,-1.9887720095549835,-1.6758484987189506,-0.9820958214877801
2008-06-23,-0.286757916193949,-0.7119007863182573,-0.23387109107832493,-1.0315834698260948
2008-06-24,-0.06167098464174958,-0.359169470864417,-0.15672483239984777,-0.7765458226484994
2008-06-25,0.41099925651508706,1.1060499319453938,0.05548798005855269,0.5702474535916412
2008-06-26,-2.3203466326060536,-2.9352710898311907,-2.7653641372435014,-1.6661246162740404
2008-06-27,-0.5950780574851322,-0.2525463774651389,-1.1213712806618588,-0.3856771780055486
2008-06-30,0.14520249619741832,-0.9141368086415312,-0.07738046945750587,-0.9465114713008407
2008-07-01,0.3753809282791203,1.044576679376087,0.3696317553656261,-0.008405558275694142
2008-07-02,-1.4219824567416846,-1.6980208917411805,-1.2413003898742243,-1.8768636636198959
2008-07-03,-0.02007616695925222,-0.21658435486538408,0.45412438810064776,-0.7984318893337718
2008-07-07,-0.7368022547118022,0.4693249266670671,-0.3054149380095621,-0.7410453364723953
2008-07-08,1.24418229640192,1.515944456391731,1.036594667643539,2.7073972665611024
2008-07-09,-1.709051934405729,-1.8888419709750144,-1.9382114264998263,-2.3159518020011722
2008-07-10,0.23790002733674825,0.6564712102457918,0.45531909239959667,0.48912206628841753
2008-07-11,-0.9533776678779863,-1.1130726410804375,-0.9275795227258292,0.4726873323150967
2008-07-14,-0.9581146915136588,-0.6934366178678353,-0.5968499066472746,-1.464930051742034
2008-07-15,-1.2168605720968555,-0.07391786694977234,-0.7623330323896936,-0.5594803826777479
2008-07-16,1.737830216898358,1.5385063986950447,1.9842768892746836,2.8765360571485044
2008-07-17,0.7910812247618989,0.5548375221409059,1.655563442650445,1.6449037898966392
2008-07-18,0.6092214390093829,-1.5184112391860316,0.4923237501243989,-0.12801529976331594
2008-07-21,0.12021910157843382,0.3810924406364822,-0.12535476224608474,0.462201587098531
2008-07-22,0.892080300382186,-0.09157097301045683,1.012833183751153,2.078201784205303
2008-07-23,0.510102396409192,0.956902934220426,0.2874522151801002,0.7874565815571294
2008-07-24,-1.7762470768896017,-1.1392601085241694,-2.2322458239521277,-1.9348365224041224
2008-07-25,-0.26409729058296355,0.6579802762704231,-0.121467803713105,0.5525169571600018
2008-07-28,-1.3107911141979343,-1.3995012202094692,-1.920147043801068,-1.5975549315387418
2008-07-29,1.4836634944926645,1.2205747489427912,1.7847650442244436,1.9403917780830602
2008-07-30,1.6414609414229704,0.5173068832186027,1.6817249431184305,0.366563961264325
2008-07-31,-0.8819757641366467,0.015542970167187975,-1.3592383448222303,-0.5968470500121432
2008-08-01,-0.6205716893773002,-1.0973837186599327,-0.6277722946312747,0.3181301385320364
2008-08-04,-0.82684901633326,-0.781939008354727,-0.4000273766871469,-0.9723973855092997
2008-08-05,2.109959621256038,2.2281481774424376,2.5076969537169562,1.796051266547139
2008-08-06,0.4995747274647315,1.232651771558412,0.5204356395737475,0.3996281061339617
2008-08-07,-1.3409238228142424,-0.553940611882059,-1.7865340597676884,-1.4163181279082024
2008-08-08,1.2969393432926852,1.3541099487492156,2.0052452495262414,1.990796636317269
2008-08-11,0.9358756926168789,0.7946238927669946,0.5881115720743415,2.012469220281162
2008-08-12,-1.0095236584893443,0.0014353656791574188,-1.2076739098522298,-0.5333359132447214
2008-08-13,-0.6688997349753979,-0.3375790863642617,-1.026605040022651,-0.1854792893894589
2008-08-14,0.45075092658729543,0.6478198860604877,0.43834491837930684,0.5443550992639896
2008-08-15,0.40672860135355654,-0.11818651342328759,0.36637910324980316,0.31621859686342774
2008-08-18,-1.114252101018676,-0.7797308284270278,-1.3267276553395646,-1.1481092747872483
2008-08-19,-1.0015053255529198,-1.0361263423937324,-1.1638517016943621,-1.2663357594745381
2008-08-20,0.2623698354351997,0.001599707360239594,0.4328230877279373,0.1560425921046822
2008-08-21,0.20886855355129913,-0.2939896837575532,0.18189237659739546,-0.7963367787681885
2008-08-22,1.1308589113198075,0.9463735274493467,1.556989941151404,1.3062991965729822
2008-08-25,-1.477918535201279,-1.354421770793728,-1.649970101635844,-1.3780767721117724
2008-08-26,0.07900371486106292,-0.3104557627319081,-0.07234889378547019,-0.1421561747775474
2008-08-27,0.7036274347569933,0.43994889220705785,0.7305733014893471,0.8518421774415409
2008-08-28,1.075503228831173,0.5997262869265249,1.6701474988555416,1.6391987337143739
2008-08-29,-0.8042552257892349,-1.3577621815434362,-1.124597149351847,-0.5368470625023893
2008-09-02,-0.6104700260470353,-1.0324272181309848,-0.41458869484418326,0.18917157043334876
2008-09-03,-0.0734798294216911,-0.7310723965014589,0.12766092156087924,0.7159219237563806
2008-09-04,-2.5245020278659265,-2.3485168265421783,-2.674832433006987,-1.9587256657853256
2008-09-05,-0.03598160208549103,-0.6655250585387773,-0.08361043836734391,-0.26857966356798924
2008-09-08,1.7091862077077538,-0.23524646230110585,2.2907475020466976,2.074512786650281
2008-09-09,-2.146772631730018,-1.1444622224501049,-1.7993031596555333,-1.8841138516986404
2008-09-10,0.062000369148704826,0.2648977527847553,-0.0011215365126704402,0.368625635417697
2008-09-11,1.0364166450580425,1.2152436035268823,1.17881052493213,0.5550733731887119
2008-09-12,0.4519653682357361,-0.17722867032158224,0.021373477757594017,-0.019755630401530694
2008-09-15,-3.945824948529973,-2.1730716284633336,-3.9470561209658377,-2.837742893615761
2008-09-16,0.8966355758446065,0.06490102605909326,0.6270435453549423,1.4031392262738267
2008-09-17,-3.7559438605293707,-3.684876234018774,-3.5874910923952203,-3.029853634787498
2008-09-18,2.086284356949413,1.9519153226766819,2.952477051551385,4.404731480572307
2008-09-19,3.2464604981790837,2.355588851448437,3.094231339841657,3.9677227739740504
2008-09-22,-1.7908081941307499,-3.190484378004694,-2.810813507678501,-3.397224009044073
2008-09-23,-1.887985973689269,-0.6801267550840115,-1.4469383303554353,-1.4115355924185486
2008-09-24,0.2087759811759901,0.2937634799759191,-0.26140103009304716,-0.8463701725950862
2008-09-25,1.1178472020848047,1.0168176687499033,1.436751963065849,0.07521452885810848
2008-09-26,0.27328295833564664,-0.4955046505068528,1.231809992102455,0.5160050316423269
2008-09-29,-6.531963654840396,-5.621116683016615,-6.155671712975196,-5.237751463332746
2008-09-30,2.5851703236087666,1.263132997850059,3.2050446863624598,3.1983846340408135
2008-10-01,0.3158011294893186,-0.4897330839653374,0.24826529645173093,-1.0320663929081357
2008-10-02,-2.9273282782810752,-3.20434047857469,-2.824178840876118,-3.308494620624415
2008-10-03,-1.233416275472611,-1.3051830790350887,-1.4896268721160313,-1.8281684314280704
2008-10-06,-4.354228063947709,-2.7624010556440965,-3.2985431818744244,-1.7692303923116308
2008-10-07,-4.210140134395345,-5.00395576924764,-5.024267489359608,-5.36985409441487
2008-10-08,-2.546997056141258,-1.0465017734935702,-2.321568175951783,-1.919676657885601
2008-10-09,-6.028847784949818,-2.1561461274342886,-6.76836952293363,-6.360800186797485
2008-10-10,-2.9231919931068595,-1.2684886371880744,-2.3106454202235946,3.0304924647122515
2008-10-13,10.352666490708257,7.568487692663684,8.636340107227857,4.780096025329696
2008-10-14,-0.2534067410177182,-2.1651825823653965,0.280271556544484,-0.2808555775777478
2008-10-15,-7.944078937576245,-6.1942734252717475,-6.756077818126848,-6.826241760338575
2008-10-16,2.5754202706747025,2.8452501770593233,3.203322747533052,3.2539320294712994
2008-10-17,-0.4887098639532853,0.19986769927061457,-1.0632720297806066,-1.1899332540233043
2008-10-20,4.509399461349564,1.7695049791659705,3.693371619300677,2.2489715681989555
2008-10-21,-1.808147202275233,-3.138519113159389,-1.539426127035261,-1.4373622036653388
2008-10-22,-4.453038706513034,-2.025451165538513,-5.099423784396322,-3.3718855372280934
2008-10-23,0.2446599816805083,-1.0113224879479605,0.9815720509024588,-2.5296600434197396
2008-10-24,-3.904497943759704,-1.9946842675554644,-2.777383698549796,-2.3632909889251406
2008-10-27,-3.3846992466312686,-2.3450896692848584,-2.563583985180479,-3.3489688472770083
2008-10-28,8.524611839261278,6.938704298021253,8.613870766087086,4.9101199546431324
2008-10-29,0.2947050840412708,0.7392362920780833,0.33367367398714076,1.3771655360365465
2008-10-30,2.6875901430858455,2.2993914124120653,1.6984455667351652,3.2935565958157156
2008-10-31,0.4650982098631208,0.15561518235812452,1.3822685399158192,2.59640816762025
2008-11-03,0.3234669298961588,-0.06581367789404136,0.08753050880966672,0.735389380791482
2008-11-04,2.5618141322026755,1.8187614231561442,2.64517738919874,0.7002779081080408
2008-11-05,-3.094793485054643,-3.4021997939331285,-4.0889064119907275,-4.0330713915272405
2008-11-06,-4.913153852658097,-3.5165118702393308,-4.753967134799565,-2.66023349970485
2008-11-07,2.1624689725132535,0.8628923586718549,1.9624841846363383,1.1297274317878077
2008-11-10,-0.8900634072476403,-0.7784935976635894,-0.47832185987954884,-1.5789181693871766
2008-11-11,-2.491126508704472,-1.5332501927038535,-1.7110691698928382,-1.3863865371537727
2008-11-12,-3.9725169515215413,-3.550327847787505,-4.5011824165473815,-4.224406021152468
2008-11-13,4.395505203343778,3.6166205898693944,5.054054041580698,5.540660755278678
2008-11-14,-3.7007487889884993,-3.0119537600458557,-2.7865712755211733,-5.039809861160199
2008-11-17,-1.3734289536824766,-1.7558504875361496,-2.6680153041748835,-0.9036412807522728
2008-11-18,1.1876434658146526,-0.38237470823234454,1.208548074745618,-0.4434845541481285
2008-11-19,-4.942605940254906,-3.4777859001020164,-4.099462349460152,-5.319727405430249
2008-11-20,-6.622210927462863,-3.8736917817649474,-5.385789582104981,-5.214111165414842
2008-11-21,3.460950530507886,2.269008054870396,4.7879507900303215,3.253105921172242
2008-11-24,5.727135046938556,4.5546302805049,4.694784359710675,5.0514578541240125
2008-11-25,0.9224518930871145,0.06845164496622097,0.6803334726352905,1.3698092943246107
2008-11-26,3.2759082562720265,2.9754887604016176,2.6532646949282017,3.205583243696214
2008-11-28,1.2088020398765305,-0.391699841105974,1.2196547954653485,1.682566359507854
2008-12-01,-7.347522382389878,-5.273598269309131,-6.812748233487087,-8.802536586757148
2008-12-02,2.5182469356481056,1.6057006946291086,2.194296606422061,2.920327448122526
2008-12-03,2.024057660668446,2.1134280546242286,1.982309337591998,2.8352354116473197
2008-12-04,-1.8111134238363902,-1.8887148460790921,-2.117110650569494,-1.7357240674294305
2008-12-05,2.2580510973205463,2.551390954528185,2.3918260211619264,2.6538101831817653
2008-12-08,2.947148666146606,2.836373373789333,3.202007019382359,2.7670880656360097
2008-12-09,-1.1779705830248548,0.09571854907935418,-2.1752534520013698,-2.468644423160522
2008-12-10,0.27929790490824913,-0.473251462192806,0.3440669898912285,1.3866832931498119
2008-12-11,-1.8957874554888305,-1.8456238962697817,-1.8472157454450941,-3.532034278182562
2008-12-12,0.8816269204076352,1.2185203683481052,0.5238376219173059,2.1530249156673342
2008-12-15,-1.2188926077760565,-1.2723554827584658,-0.701601758645536,-1.965490915615925
2008-12-16,3.7098622331126494,3.213318440815349,3.565526905461374,4.369377963817805
2008-12-17,-0.03280539143836125,-0.5945155633630579,-0.7068365824479709,0.7283028255949386
2008-12-18,-2.2115366806068963,-1.3439096171004672,-2.386188942262918,-0.9546797490682475
2008-12-19,-0.6075724806855207,0.2466084478962065,-0.5535616898343052,0.5291616441485719
2008-12-22,-1.2774850213682654,-1.7123921666641386,-0.7986092803223832,-1.0355058409617386
2008-12-23,-0.9406379857051079,-0.42953408080861727,-1.1075367415383752,-1.1852856316422873
2008-12-24,0.3145703335162167,0.015905748634031075,0.34112545891515145,0.3185954254843478
2008-12-26,0.4968435321993944,0.00831770424870569,0.5399493166093342,0.9476519767809063
2008-12-29,-0.21403565464219199,-0.561530490564179,-0.2948961637196623,-1.4656349408602534
2008-12-30,1.9552454287799077,1.41716929209192,1.9088388786169288,2.359420619229178
2008-12-31,1.3083019691407585,0.7411982482221144,1.2781053792970944,2.2033081074146064
2009-01-02,2.44969591823315,3.0017826516362938,2.5730465479709337,0.23959890727744637
2009-01-05,0.17165345070705235,0.21147951443603424,-0.4885489208300175,0.34463236018088733
2009-01-06,0.403833350111327,0.6452012162552001,0.4394586248381339,0.9227077679857376
2009-01-07,-2.44810201766404,-1.9995380961944735,-2.3614819423283278,-1.9019026024850911
2009-01-08,0.029633817204222257,0.438696082350302,-0.5988709471062312,0.2678892242056517
2009-01-09,-1.905391731188373,-1.7180837224581642,-1.5863362697302703,-3.0163572047426923
2009-01-12,-2.0052834853547155,-1.3650062949637958,-1.3178769043223764,-1.7738543304904517
2009-01-13,-0.03697829155060055,-0.1426625081249896,-0.40369496626392953,0.605896048346898
2009-01-14,-2.794243229912491,-2.28779525702502,-2.789892303320422,-3.1621295100248927
2009-01-15,-0.17014363711504593,0.8680715849500825,-0.10948508215533957,0.6066701762937474
2009-01-16,0.47744373317838196,0.6448210037216723,0.6242181495941543,0.8125045246071374
2009-01-20,-4.4777495923153365,-3.5302696582805266,-3.604433630738765,-5.18480100600715
2009-01-21,3.1288649292885147,2.5755790946963186,2.6880733569059467,2.96689758187424
2009-01-22,-1.139014075238288,-0.7495719312538495,-0.9151234610291151,-2.1549001166198165
2009-01-23,0.34211334251674935,0.2920000660707998,-0.5305334672695405,0.5444581011134052
2009-01-26,0.4312528090531469,0.40099527591433437,0.27411339134266,0.5433307390145113
2009-01-27,0.8860046535606376,0.5190071767715326,0.6950077005066787,0.7193511084407372
2009-01-28,2.7589621711645167,2.4456835486439736,2.1747763774989055,2.6999673332575433
2009-01-29,-2.520925749190573,-1.6243861757979823,-2.2173598952501066,-2.874047837180677
2009-01-30,-1.8524308116779578,-1.4403571416657879,-1.8167991743086567,-1.941196953024247
2009-02-02,-0.4827278667720485,0.6206798212437149,-0.9216719593370635,0.865612649475161
2009-02-03,0.8489193748504738,0.8512091515260091,1.2681373642369385,-0.2065337347358695
2009-02-04,-0.2500924958715175,0.24861682254961004,-1.1234001689302395,-0.5685892138629198
2009-02-05,1.0046715399809587,1.3643374868492275,0.916043422658532,0.5083513572567423
2009-02-06,2.412143488565324,1.903232525863242,2.483863888350465,2.6984674320955846
2009-02-09,0.26764111330846474,0.49653126122649316,0.09997035042944288,-0.06270418969214955
2009-02-10,-3.8447652488935504,-2.6394734379841513,-4.179089952753786,-3.4870336813137937
2009-02-11,0.029106811950083633,-0.7715008448049425,0.04986980960433407,-0.22144848989727944
2009-02-12,0.1251052734889765,0.8799601344455503,0.03537194365473863,0.3571274318015616
2009-02-13,-0.9587140678894911,-0.40727105616582027,-0.9882048579952147,-1.3046441698621445
2009-02-17,-3.699190429670397,-2.933912241686113,-3.5172930625113805,-2.573097920911667
2009-02-18,-0.6100041192042003,-0.34158915158126657,-0.3965863338110827,-1.3680324571771778
2009-02-19,-0.9300018506435718,-1.149761826469188,-1.0509825696410724,-1.1588846086489673
2009-02-20,-0.892063137698705,0.101467546356272,-1.2879481870425982,-1.1307136688459969
2009-02-23,-3.1246643666033136,-2.661604875609287,-3.202314990392,-2.842784844330143
2009-02-24,2.709410319556843,1.9523015535181734,2.508495096267428,2.56967290148544
2009-02-25,-0.41375392471475847,-0.24790750709414083,-0.6637327947473712,-1.1136829770298413
2009-02-26,-1.3657553506973308,-2.037300749114809,-1.152976339486526,-1.405344527701597
2009-02-27,-1.8599646088625201,-0.7198045854033979,-1.4804720045961697,-0.6252411559405981
2009-03-02,-4.038417181497646,-2.576852086274159,-4.055404827257457,-3.5553471351952455
2009-03-03,-1.1701855566388688,-0.5474560855485997,-1.0612606910832239,-1.7648179752625592
2009-03-04,1.784128596024508,1.7270463797873044,1.846988001626323,0.8867087330193458
2009-03-05,-3.231074447976625,-1.9285210110727133,-3.4352545931534744,-4.027218827788604
2009-03-06,-0.20465645855329084,-0.8881269833593282,0.02110471523684959,-0.19195501546302815
2009-03-09,-0.9165362916872669,-1.454434258747138,-0.9573970168654872,-1.4262277337900038
2009-03-10,4.662600140348198,4.065685966791772,4.844117458228792,4.519965455971256
2009-03-11,0.9555038775025924,1.4770246459903527,0.5772272711909422,0.1249099032045759
2009-03-12,3.094895162803579,2.276162928758675,2.8852233485626435,4.230654130198527
2009-03-13,0.8366023148422049,0.42512123165434423,0.9126713406756404,1.3336340993760967
2009-03-16,-0.20117745138635135,-1.1444752702036827,-0.054337006908295404,-1.2878386337741663
2009-03-17,2.5560480621409747,2.622304608487736,2.2322405873062743,3.353173276567707
2009-03-18,1.890690176916112,0.9722838915554646,1.194122242028967,2.5424494936437854
2009-03-19,-0.9619733186955831,0.025577386841381222,-0.9820220090525066,-0.5945497491705408
2009-03-20,-1.8545127705719382,-1.2264940361021592,-1.5846247836559544,-2.4810222525915484
2009-03-23,5.4454269409138005,3.816826216984455,5.59232465407432,5.444290293534956
2009-03-24,-1.1332728027679244,-0.7567565535664844,-0.7057691326575876,-2.312821911949669
2009-03-25,0.8275267622102482,0.25678433438640436,0.9418811736919692,1.3507959106222573
2009-03-26,1.6601708563215594,2.167563989581609,2.018310717325866,3.1655980532134143
2009-03-27,-1.4969678755347116,-1.2827009341619893,-1.610287237928374,-2.7035036507249997
2009-03-30,-3.0319111658212523,-1.892148293903995,-3.1126934565875293,-2.53617994191504
2009-03-31,0.4190237341477156,0.2646120296876951,0.657952686588378,1.0112447323792428
2009-04-01,1.5347814947125293,1.0340024984676703,1.7733376409776496,1.0400122820962254
2009-04-02,2.4914553626279474,2.355027469302278,2.5817704795449967,3.83594697368581
2009-04-03,0.8889762444995329,1.4249562825547089,0.56473180070881,1.0583985253973474
2009-04-06,-0.7307660210272228,-0.22014515017358144,-0.5601270258297577,-1.0642076327061583
2009-04-07,-1.9791198593488784,-1.904242913194796,-2.1127168910020835,-2.500487237229875
2009-04-08,0.6769279515084176,0.9678849494401303,0.31409184112508903,1.001369194296151
2009-04-09,3.141369836035947,2.0885126107926943,2.695593699520891,4.248188519842364
2009-04-13,0.19410863877966344,0.10119451845911795,-0.07544613044800794,0.21273566656997023
2009-04-14,-1.401307867733723,-0.8945245357950797,-1.536664423574918,-2.6922951515691773
2009-04-15,0.7840550971131619,-0.32480016043949567,1.0952192862297163,1.5874212513755697
2009-04-16,1.284774587352959,1.8967304992933434,1.1934382713667853,1.8114672894891533
2009-04-17,0.4982418689970611,0.10849712168169932,0.03073517508115258,0.641673262581487
2009-04-20,-3.5251476186198785,-2.283181308811742,-3.2258733759389737,-4.281219324057538
2009-04-21,1.3326123396972438,0.6580356166505142,1.136688944262007,2.858064725205475
2009-04-22,-0.5459887385488947,0.24112352984341445,-0.8943811694754413,-0.2637839485689525
2009-04-23,0.6247942261716599,0.4878463593834744,0.5678981020408693,-0.24905207311055078
2009-04-24,1.3168331688884662,1.2962586040192774,1.419826248042072,1.2865791930278694
2009-04-27,-0.6820046173267376,0.19535767577233495,-0.4312788267065084,-0.998402435758501
2009-04-28,-0.3809841720549235,-0.6094811375188899,-0.20186729370275147,0.16136671889280046
2009-04-29,1.6075780722475959,0.9027719239444932,1.7465398873515223,2.4072707956561374
2009-04-30,0.1269881619344155,0.795045975902271,-0.05017370874627097,-0.4411301284902895
2009-05-01,0.37297063425706634,0.10619311072942159,0.38996086156271054,-0.017296007254518492
2009-05-04,2.764714269852871,1.4277104470625177,2.3178218145734677,2.881810908780043
2009-05-05,-0.05522268437677924,0.15158445619354138,0.06783150440759406,-0.44709426085155435
2009-05-06,1.4544713389430695,0.005576000473597813,1.0843620666612002,0.5757815033844459
2009-05-07,-0.9662190300775864,-1.5012002436330336,-0.8843807719525896,-1.271094894620788
2009-05-08,1.9210007905819324,-0.018586993860882424,1.7063388005097107,2.478965931337342
2009-05-11,-1.335026398029338,0.38728822366075843,-1.3830223637259325,-0.5670970067123928
2009-05-12,-0.49830127734848595,-1.1578311667141088,0.22877824161590715,-1.9093663111123216
2009-05-13,-1.9867881814380761,-1.7825406666409278,-1.7721803216085616,-3.1637907014107722
2009-05-14,0.5627144091862204,0.6191110104118108,0.34188982790973954,0.7577880299580024
2009-05-15,-0.6956866717674759,-0.058669713061371795,-0.6570062888679115,-0.2561908942659439
2009-05-18,2.1280767934070757,1.65959140497557,2.3022150984140404,2.262338635859581
2009-05-19,0.05298008361746104,0.5129432346864309,-0.08537439139806088,0.09663909046889566
2009-05-20,-0.642498958969698,-0.31476681547180424,-0.658632299579896,-1.028593116134773
2009-05-21,-1.2494372170024395,-1.3592087064796703,-1.4244069887522954,-1.0735759146608037
2009-05-22,-0.32196107295025633,-0.3786431553836707,-0.3189027715441289,-0.5045074329444106
2009-05-26,2.0470318520294453,2.491608733906021,2.0447453593101717,3.1098658800842247
2009-05-27,-1.4432216580898636,-0.405758601687093,-1.7274609251736497,-2.0279184070356133
2009-05-28,0.8685475081361236,0.5884688255997496,0.7880150494088245,-0.04255908858305382
2009-05-29,1.5598268857366495,0.9837945540771773,1.1689092019378804,1.4232197664112214
2009-06-01,2.0521281991034215,2.0607816379207344,2.3450995290248464,2.656762513331915
2009-06-02,0.2331780493934038,0.26034260079082805,0.4070772503680159,0.7798644122196928
2009-06-03,-1.132646840999827,-0.25052407343236066,-0.7458969404450931,-0.49041249849890917
2009-06-04,0.5650297032591682,0.6198059237649743,0.5801464757462085,0.8479341872805441
2009-06-05,-0.05845215070766268,0.06476537224507405,0.0908624462985784,-0.14637660244303252
2009-06-08,-0.3557660461467189,-0.21945889438035554,0.005036470898650601,-0.6733362669110664
2009-06-09,0.3911400389521462,0.513540362250203,-0.009550862055193829,0.08924083442357905
2009-06-10,-0.28087005219775046,-0.2949637811140215,-0.3159577095168532,-0.45092001995454084
2009-06-11,0.36123163404355,-0.019359350465075857,0.31867228720568436,-0.25623601447880695
2009-06-12,0.2832177436107227,-0.2873272874194302,0.35007461339216894,0.1937709744905728
2009-06-15,-1.8218962959735079,-1.4025083131933231,-1.8048770378576608,-1.5916032508553892
2009-06-16,-1.3165088731635586,-0.9144063399957307,-1.325702598171935,-1.3870596448049548
2009-06-17,-0.2447789167709412,0.4887775393732019,-0.23271353575316545,0.3222167186073004
2009-06-18,0.45004054800857174,-0.23667704675340986,0.4849922377191556,0.292661710346
2009-06-19,0.336746668675704,0.7994267058634501,-0.10571379956468815,0.19169210471001183
2009-06-22,-2.524085622003467,-2.1809904802801436,-2.1440226880422153,-2.1801602269312568
2009-06-23,-0.1340983689422804,-0.3610750242240416,-0.3696205696199066,-0.9172853559876193
2009-06-24,0.6529618670612756,1.0994260000801215,-0.27687334199606745,0.401488280630783
2009-06-25,1.6934105315838728,1.2858129200217185,1.708721541205267,1.8652888601264448
2009-06-26,-0.018370093596803222,0.33869292420988406,-0.12109568200818793,0.45523385160705887
2009-06-29,0.6415984660354487,0.058876635593021746,0.8092183002318616,-0.18673168684010738
2009-06-30,-0.532187853687557,-0.025772761323485882,-0.6932906142538535,-0.337621333596702
2009-07-01,0.20130453696014372,-0.09187939962329206,0.44117769781610683,1.1388373611409561
2009-07-02,-2.276791184720469,-1.547656948266524,-2.3104858081067956,-1.9175971462059345
2009-07-06,-0.31900149621527335,-0.6846688330015622,0.12032055015411536,-1.0268262470230602
2009-07-07,-1.5224086760928435,-1.7059338879876629,-1.5905237922833315,-1.4605707096392766
2009-07-08,-0.22721568315114127,0.18121270527779337,-0.03790104219407153,-0.5236154787252886
2009-07-09,0.14570693479388985,0.07495912355505562,0.07018039047383154,-0.17631056474764537
2009-07-10,-0.23747720341798687,0.2851573613483402,-0.42390677935666193,0.035534097205758015
2009-07-13,1.8460940438419908,1.2264128745407792,1.8542090564367402,1.762263181086014
2009-07-14,0.6167518878808078,0.42404983774564764,0.48986591663953283,0.5880566133599595
2009-07-15,2.3663892059636855,2.3121728524107925,2.6509957893168155,2.618656454022727
2009-07-16,0.9264090715558979,1.0221458041323408,1.2069909488261077,1.2037401297074561
2009-07-17,-0.007170501982422431,0.4212657642358873,0.3302768856505248,-0.4498622250655171
2009-07-20,0.8269519427980419,0.6615101543977518,1.0292625174902617,0.8174217186195843
2009-07-21,0.3990677851911564,0.5476626261855468,0.7310752391085392,-0.21030005424042547
2009-07-22,0.027017855127074566,0.6317510571108423,-0.2697783345476506,0.3454422077670012
2009-07-23,1.6135526576448362,1.4127803777143948,1.668337508067833,2.1300460880490064
2009-07-24,0.42159033187966793,-0.4077433748171274,0.3659906333023818,0.6980604991237945
2009-07-27,0.26374272865742227,0.5510787455445539,0.15703773277424393,0.42750756967629217
2009-07-28,-0.39893988171167183,-0.534995998496382,-0.13173357179708867,-0.01233585716540542
2009-07-29,-0.2578031930115016,0.41870634155342085,-0.28787488866597194,-0.24320896558388028
2009-07-30,0.7128683557452449,0.29190851083753105,0.681292663148251,1.017928614138522
2009-07-31,0.13211124976662603,-0.15983293996628106,0.20688379916919133,0.024366516742699157
2009-08-03,1.3582134586404215,1.0328936753826783,1.1148155378593592,1.4738432847578646
2009-08-04,0.27275225649318424,0.057492494011975884,0.3907872025944424,0.818775591213918
2009-08-05,-0.22978777840651365,-0.5402329351618503,-0.3561369620416173,-0.268688592172989
2009-08-06,-0.47483372680744207,-0.6871851322555748,-0.296731322415642,-0.7752227800453005
2009-08-07,1.0739488077011612,0.8475654082929815,1.0886368792140897,1.8767619394023354
2009-08-10,-0.1655794298603558,-0.46529710579305517,-0.2629662935591065,0.33013451150044304
2009-08-11,-1.0970657219896134,-0.6779337578156707,-0.9969993815219413,-1.3824154024639466
2009-08-12,0.775561253079527,0.9420370967143037,1.0313199071662513,1.0229270900256362
2009-08-13,0.6250306268033516,0.42919545833465067,0.40295506491401245,0.47166145118547853
2009-08-14,-0.6556610048291055,-0.7985607257097855,-0.7463408736698328,-1.44559232103925
2009-08-17,-2.0131155786989305,-2.0866411410110937,-1.766867934137522,-2.0805860731813723
2009-08-18,0.5195922290353157,0.8227868731995374,0.656833017058178,0.7938314806017226
2009-08-19,0.6729360626672634,0.45105333315558,0.5870693869764505,0.7190629388254641
2009-08-20,0.8192370859765322,0.8310824825524251,0.661616444623338,0.7836403684280082
2009-08-21,1.6131740589401093,0.9515016044943752,1.4847845191086082,1.8198015334898276
2009-08-24,0.11225150195204964,0.05464049378541923,0.1682458199282549,0.07397990022628445
2009-08-25,0.16708015584057823,0.18968474334955837,0.2775361430664992,0.3057402678401168
2009-08-26,-0.017671962272300726,-0.13970785535719094,0.03366679193200518,0.1027843995734138
2009-08-27,0.13564596482392968,0.13727523201673644,0.3037016311097155,-0.1259852217743753
2009-08-28,-0.0016231041063676302,0.07320501734022461,-0.29907845514466397,-0.25730953135253964
2009-08-31,-0.7975811054014509,-0.7716679225143032,-0.5190543924548099,-1.2090192031283076
2009-09-01,-1.8144357797540305,-1.345650830206389,-1.7123366737808443,-1.8723865546585763
2009-09-02,-0.5232024074818304,-0.26352764979064086,-0.4992003837831724,-0.8198434778647293
2009-09-03,0.5918039463873623,0.38216334659449497,0.541133264400562,0.7731430898587083
2009-09-04,1.1376231262068683,1.5044659917343324,0.926419810238794,0.7991887043833261
2009-09-08,0.7299825990406974,0.6882799475891549,0.5594240772381353,1.009874635652134
2009-09-09,0.6162424437803763,0.6255139947650888,0.4618324618907082,0.9054902116524435
2009-09-10,0.8167393593260962,0.6530436697046968,0.7260250606016059,0.9468490558158368
2009-09-11,0.017602207190231756,0.10138818843001426,-0.15597111653330104,0.281347957571135
2009-09-14,0.32993306856868887,0.20479995042670102,0.12240968945265446,0.6559072433349928
2009-09-15,0.31127439968676224,0.18640001354346752,0.4872119194173062,0.755405008514053
2009-09-16,1.2318426087218084,1.0124070453527065,1.0017954405390186,1.4983020241094307
2009-09-17,-0.11099743718348909,0.01088053943243586,-0.04806715009702194,-0.13025691634816378
2009-09-18,0.035765744511650946,0.08910954490158951,0.30611878447896124,0.17842419026243175
2009-09-21,-0.22994291715947898,0.20340033038335556,-0.3615669223599941,-0.4317141026679478
2009-09-22,0.3542782631790519,0.03649264955672477,0.33758152358477894,0.5866815989212237
2009-09-23,-0.6655859647138795,-0.30180167369631494,-0.6920746144429661,-0.8556544912228301
2009-09-24,-0.9919351475511966,-0.735264476422539,-0.4701840194066157,-1.4027865708936593
2009-09-25,-0.47887558679005626,-0.658149763938045,-0.3900673600921721,-0.5202369287527977
2009-09-28,1.342038098276279,1.1019926327443543,1.0302975516781587,1.5961438433848825
2009-09-29,-0.20012552324970354,-0.2688265294062852,-0.36188768945542815,-0.12918463951097978
2009-09-30,-0.3491005128001503,-0.006375921879978878,-0.32242804360885574,-1.1451835472288585
2009-10-01,-2.0287966009393616,-2.12881025208614,-1.8473722203545806,-2.2031966206859646
2009-10-02,-0.55888784171184,-0.3617381997785909,-0.36116041408051736,-0.6417495860486555
2009-10-05,1.142531001603181,0.47650582697850075,0.9916924176147905,1.3004654391846355
2009-10-06,1.2041273851645626,1.2846426445546502,1.2550899589254978,1.1527780333900233
2009-10-07,0.3172123039155099,0.27437766608947534,0.06005875763020768,0.23416322130851724
2009-10-08,0.5700440745004615,0.2690057406999331,0.49006132656504775,0.6691847008478782
2009-10-09,0.5427540470429351,0.4275652577805662,0.7523009898103633,0.8519630458965952
2009-10-12,0.3470271003690994,0.17243042421876983,0.23636439803654608,0.030587975926092803
2009-10-13,-0.18099810296605703,0.00417062180120769,-0.14485680529517236,-0.39823736520056163
2009-10-14,1.368218363249104,0.9092204447547874,1.258502636823785,1.2005848136728559
2009-10-15,0.3875623723591705,-0.06021193516142831,0.5255211117956082,0.08194291422319416
2009-10-16,-0.5265908840454442,-0.3976970547123178,-0.4973414413784075,-0.8668649099702522
2009-10-19,0.6105593433035704,0.6156938291740752,0.7742695027229545,0.46514617075925013
2009-10-20,-0.3957668940949211,0.06041888897247932,-0.3672589315209893,-0.7438245292138342
2009-10-21,-0.827984758697358,-0.20281041491744678,-0.896743447870166,-1.0148328606294992
2009-10-22,0.6792163295216715,0.15618526806774935,1.0138301876260978,0.8648543540442244
2009-10-23,-0.8558815808491561,-0.19149977992563205,-0.8214616024368335,-1.3479911811012342
2009-10-26,-1.0188981873369234,-0.36497901653382947,-1.0633962167509123,-0.8821345245865575
2009-10-27,-0.5519426301744665,-1.2004691115957091,-0.03869260322575423,-0.7831258276577869
2009-10-28,-1.5152905723623475,-1.548661066466976,-0.9919029191760904,-2.158473627692339
2009-10-29,1.6573257188976063,1.0577162194738217,1.7079675560517131,1.236271354928285
2009-10-30,-2.25848828544742,-1.7555775856985247,-2.036061666439781,-1.875372062784445
2009-11-02,0.3600185321950905,0.04971775921072938,0.4236646135109209,-0.6290950117663665
2009-11-03,0.31724961701258086,0.2584234202321482,-0.06015562141955223,0.865892300850213
2009-11-04,0.13991824049461737,0.06204006056528295,0.18987144405318682,-1.0002402247066913
2009-11-05,1.5761279909082133,1.737039278068797,1.8939386097706454,1.9943203833482759
2009-11-06,0.29706937191373006,0.5364831432044216,0.29871262751267436,0.11919065059779915
2009-11-09,1.7477921129063214,1.4418506056059708,1.6768600087323082,1.303875935103673
2009-11-10,0.16264589636581667,0.3346042821039981,0.35119979447870675,-0.3797958465342198
2009-11-11,0.44527922015372956,0.47428619699101154,0.41347081092232174,0.5300498452831538
2009-11-12,-0.8634488260969858,-0.3989198419506838,-0.8108280758626896,-1.4078360690298466
2009-11-13,0.3451455943716483,0.4725542231458817,0.5248979385161362,0.5789548409576861
2009-11-16,1.152726563209703,0.7229311816328499,1.177285862624371,1.75010779426088
2009-11-17,0.11506501646747197,0.27505735674352716,0.3010753085985399,0.15879649343581148
2009-11-18,-0.06267509329902429,-0.4062938283439168,-0.09641335318056911,0.08144760086399387
2009-11-19,-1.1142725760761873,-1.131791330734056,-0.8321321538711125,-1.7869629769493436
2009-11-20,-0.3127663271710274,-0.4245750941838849,-0.1448337654740066,-0.10603102109405607
2009-11-23,0.9656834751377292,1.0572814784698548,1.0811394384693043,1.171778025371348
2009-11-24,0.13852096380316647,-0.20327932735328402,-0.09438424157164747,-0.2633967235694632
2009-11-25,0.26623447312276594,0.28486308215444883,0.22240319811942383,-0.09656514475531322
2009-11-27,-1.2782628492753794,-1.046666638339949,-1.237366640775772,-1.770576021909014
2009-11-30,0.1598355166474703,-0.04640975274439761,0.16976036833393238,0.09610775088433018
2009-12-01,0.9995270172147682,0.7127807812581517,1.0888249318896668,1.2601638689786485
2009-12-02,0.022011619925333806,0.15616881186738782,-0.07336835082979083,0.6648336143542429
2009-12-03,-0.7387767129143601,-0.3682469226284025,-0.8290700701305918,-1.0245222935923974
2009-12-04,0.35804161634863574,0.248997774062057,0.08034332465064783,1.6546249575353587
2009-12-07,-0.22504019565246175,-0.3963184198798188,-0.07559519236511976,0.1665764406817672
2009-12-08,-0.9333082326038782,-0.47649277246945204,-0.901930118541512,-0.5137684816689507
2009-12-09,0.13648937425901236,0.5314878462302821,0.2654947446662204,-0.22323074805409227
2009-12-10,0.4258807192321703,0.33439996259111254,0.5814116834792262,-0.259483902480928
2009-12-11,0.3884530803148333,-0.1993932108258715,0.6184668363823739,0.6718936047284307
2009-12-14,0.5974968363938213,0.7105491553639421,0.31298977783288856,0.9417701010132734
2009-12-15,-0.4381661780481493,-0.4550256528411027,-0.472992869739572,-0.28663591685165984
2009-12-16,0.06771409493464124,0.027971379970085815,-0.1510488440373366,0.38680969166964957
2009-12-17,-1.0448745089702054,-0.9179213350341464,-1.178556673861275,-0.6381711351058634
2009-12-18,0.3198929324793604,0.96959205424314,0.019361869860361702,0.42466901492900894
2009-12-21,0.7390942467818998,0.699508390612157,0.6468458660220104,0.8890030698290846
2009-12-22,0.30236249473947135,0.4620783206402372,0.45571249785443996,0.6904505307697977
2009-12-23,0.1391972486064871,0.502504026212553,0.01181821611140862,0.768538810849443
2009-12-24,0.25517157790416795,0.5506004057793425,0.3267724921817802,0.28875712395269837
2009-12-28,0.1443452854223284,0.3525201104595584,0.21648096159985838,-0.06824470388922664
2009-12-29,-0.14643249915315473,-0.29170838945828087,-0.027025501314392214,-0.10929110150672544
2009-12-30,-0.059298712007244576,0.194304085354654,0.00999583212406168,-0.027643489754694973
2009-12-31,-0.8379885909936483,-0.6879617482171635,-1.0418789669089599,-1.080942824029099
2010-01-04,1.2379975897437732,0.8869057624452878,1.1523407261831755,1.5873061894356033
2010-01-05,0.30045877997560044,0.08255431021919246,0.020021661120831438,-0.10430813180275342
2010-01-06,0.061005057672412294,-0.4395614300996031,-0.005612043981847574,-0.17453497315635744
2010-01-07,0.4026644803230476,0.06235768271354847,0.33227754258772413,0.7874163200519886
2010-01-08,0.27696834051019353,0.5530927391317947,0.1055204492467072,0.3770739411848877
2010-01-11,0.06154426049419332,-0.3434792779917685,0.32338262394131506,-0.3826650580211801
2010-01-12,-0.697857508223221,-0.8211929007702692,-0.21650117880696437,-0.7643202252890627
2010-01-13,0.6535165021708408,0.819127889521046,0.42958411403122587,0.8951720729728729
2010-01-14,0.1396109584105203,0.008405113195024148,0.1793487350670374,0.24863800345447187
2010-01-15,-0.9162343110663248,-0.8108798491949613,-0.8160160457941419,-0.8368361136763282
2010-01-19,0.9071075268483209,1.0009237053616238,0.8422799479818343,1.1439595453247273
2010-01-20,-0.831970710081072,-0.9925541931674782,-0.9694745065532964,-0.8808451903557145
2010-01-21,-1.6777642138949862,-0.7566700500699635,-1.895921934005751,-1.1862561200364987
2010-01-22,-2.0769679195540625,-2.3229297647140617,-2.1011715561461224,-1.4407325030596028
2010-01-25,0.19819747790929904,0.018138962720965185,-0.020373832137348724,0.043190786853710236
2010-01-26,-0.33375000050715464,0.017376516292938782,-0.008770682446256048,-0.5699226376218294
2010-01-27,0.3799863361264194,0.5277474848386475,0.37307898113997984,0.6024414438621771
2010-01-28,-1.0162867172943264,-1.8370030727740523,-1.0429811082922094,-1.1149049743670756
2010-01-29,-0.9344967478007437,-1.2968198086763212,-0.5273597566832954,-0.6833050061180438
2010-02-01,1.2546786730626296,0.6835790406415554,1.0322397053683712,0.7139346047972991
2010-02-02,1.0491371651952353,0.6747030378795165,1.0322166283460803,0.7587933008453228
2010-02-03,-0.27587796072612103,0.48418877043952446,-0.08467292609703828,-0.501429164723953
2010-02-04,-2.620073520206042,-2.1054993192731506,-2.3695538600732236,-2.3247730055008864
2010-02-05,-0.13647724401056677,0.32648045992586283,-0.21767107412493075,0.019379168071064573
2010-02-08,-0.7030373881074784,-0.5987446946309289,-0.9915164549972922,-0.7323084333067049
2010-02-09,0.8900922595037382,0.6002056742261952,1.1718053936549182,0.7888928452077174
2010-02-10,-0.02442708151081252,-0.03188493156396924,0.0031334457819646444,0.2551669361423284
2010-02-11,0.7633421386549756,0.9815897986326805,0.8330432645551054,0.8404983802817501
2010-02-12,-0.056559356007874186,0.16673117865378811,-0.3463289303640993,0.5631960086295897
2010-02-16,1.1229120596958042,0.7816493810853501,1.2996765780224895,1.1345775054682061
2010-02-17,0.5057410605153447,0.5034360069091571,0.5011057736020901,0.6183860310738922
2010-02-18,0.4582065005502884,0.4301674348282155,0.6902273166149322,0.6302464896969746
2010-02-19,0.1857564465202614,-0.0007868472333339427,0.1262541841521985,0.29422228591147304
2010-02-22,-0.03358693832219729,-0.1725844546267073,-0.20420658805337885,0.25455637283741256
2010-02-23,-1.0364029340557206,-0.9650884636136362,-0.9009708093041564,-0.8789559853712869
2010-02-24,0.6533554970024006,0.5880246220993035,0.6822899444072895,0.5412547126099072
2010-02-25,-0.09280281955855135,0.003685595647493628,-0.40046217858374494,0.09921567518054521
2010-02-26,-0.0458922715843382,0.16572240428960086,-0.07591013915785795,-0.4906997057416628
2010-03-01,0.8458278459543233,0.9858018457185879,0.6756578628032721,1.4526606628445797
2010-03-02,0.18507948721646625,0.21377692225533648,0.0007530066567523414,0.6076988997289509
2010-03-03,0.006063943500805559,0.02553699113233299,-0.14733911402863192,0.20830400494248485
2010-03-04,0.20326192948448263,0.17629926055644424,0.35261012392021085,0.29875188219570353
2010-03-05,1.1617464328650173,1.0445016303012573,1.0432827829153897,1.3711068662877937
2010-03-08,0.030854851692406187,0.17556432974624303,-0.07589335651449665,0.18402120972017355
2010-03-09,0.08236213218131398,0.34074096265642156,0.04028744342170886,0.2510408760638688
2010-03-10,0.30806638100599404,0.5188733311103241,-0.015658473124823085,0.546629121447283
2010-03-11,0.25585975468985717,0.2066141481995476,0.28400354260121846,0.0786100578498316
2010-03-12,0.039650915860641414,0.03825856325931293,0.15072767995509181,-0.008598632760746072
2010-03-15,0.00461173070140739,-0.18939739467282865,0.14079286697608148,-0.29034422141976685
2010-03-16,0.6478218020815841,0.43943992137395826,0.3765825171208307,0.6627130721221208
2010-03-17,0.47714668525622633,0.18535300328251123,0.3870407315648207,0.5170948326583212
2010-03-18,0.0025550852104090777,0.2540960018766808,0.41496420694192665,-0.16400462724062187
2010-03-19,-0.39659865030979685,-0.41582894458876274,-0.2567916060405729,-0.8610707771405776
2010-03-22,0.3597761555322492,0.5807846817067565,0.29594431067202936,0.7487396988351948
2010-03-23,0.5169632841785415,0.4493041803081821,0.7976629156779981,0.7748087072731692
2010-03-24,-0.3771358038625866,-0.29665717560737587,-0.3721623125186533,-0.5553496108093308
2010-03-25,-0.21749606804516494,-0.17639021761022683,-0.04722627197515758,-0.6168893997187576
2010-03-26,-0.04788162868323144,0.06218341014672915,0.09422079985628645,0.0671697842306734
2010-03-29,0.4610987660003395,0.29863601488340624,0.3339656013570197,0.28270198689724574
2010-03-30,0.04777333655404069,0.23102582257435708,0.09370523426898023,0.154415566324471
2010-03-31,-0.2984911714915921,-0.3558940143736598,-0.418157929711539,-0.5098255187215543
2010-04-01,0.4879250297878406,-0.06348690066955494,0.49531416924986643,0.5814403325354147
2010-04-05,0.7222023335842965,0.6879533948550854,0.44858390510848845,1.4141835631680608
2010-04-06,0.1515386582505528,0.15680951018288275,-0.07046597324545233,0.5045875309974052
2010-04-07,-0.5165462053449501,-0.2284492451730825,-0.6366054096312928,-0.040452065011743754
2010-04-08,0.16556003786229923,0.04052968638155936,0.1168856915492032,-0.0728075934903413
2010-04-09,0.5318858619334723,0.40509369672667694,0.5715912753690366,0.3868006399415145
2010-04-12,0.17139619843049286,0.09370006403479741,0.12734971198199305,0.24843074418246336
2010-04-13,0.03291359090419878,0.33006674172569367,0.08317406846662578,0.21173354459344332
2010-04-14,0.864709706331337,0.7806551948727565,0.7798385086617198,1.3362104844511036
2010-04-15,0.04787802561775726,0.32238032512758724,0.17224348543083062,0.2675401628907312
2010-04-16,-1.3468505178155519,-0.870143885326919,-1.0232274305371452,-1.0376657648594105
2010-04-19,0.13179199685428694,-0.18936311231657332,0.41905290526708683,-0.30155321870695634
2010-04-20,0.742078946330377,0.37992598741441486,0.2546628666748001,0.9029675768076809
2010-04-21,-0.17076092087861308,0.369366467849074,0.02496005739998438,0.4751266307164969
2010-04-22,0.19970332324712767,0.330045410605924,0.04731192540371897,0.8966081894122236
2010-04-23,0.3860900065822176,0.20421763821648614,0.4176003722727898,0.8584089263931488
2010-04-26,-0.30897494577175283,-0.1484934820785136,0.01979301252539014,-0.23853234238522747
2010-04-27,-1.9802318972089485,-1.5313345058085062,-1.6924832497481856,-1.7635589411125316
2010-04-28,0.3805792516863483,-0.1705452541295262,0.19049414864544933,-0.02344515467916264
2010-04-29,1.0146215369866112,1.206652210100925,0.9893016945627829,1.5357359024562445
2010-04-30,-1.3498702833041283,-1.3545248384975128,-1.1885541016940588,-2.0462671081456074
2010-05-03,0.9508488160218507,0.8664253058467893,1.0167159719430523,1.3982151438725265
2010-05-04,-1.9030207317139893,-2.0769452563099207,-1.7021039666919284,-2.1154425691422727
2010-05-05,-0.6342852932869498,-0.5267027226947734,-0.6550766405647914,-1.2022699643464305
2010-05-06,-2.7881269345631967,-2.4488704180184313,-2.8597489690462345,-2.6839147293652754
2010-05-07,-1.4954315275220649,-2.0457743669157074,-1.4779508916787174,-2.14745767130962
2010-05-10,3.4575844213010067,3.4107203869056337,3.2927235524171983,3.7186312568463573
2010-05-11,-0.006578548959978503,0.15288006381210717,-0.007891116095575856,0.716802304473962
2010-05-12,1.0164418572431297,1.2446390404902437,1.0716853479669184,1.8876153006079983
2010-05-13,-1.0395600907485818,-1.09923077104438,-0.9012329899419632,-0.6484098322333338
2010-05-14,-1.6278379133456073,-1.474862229207833,-1.4799547479590898,-1.4501811357633925
2010-05-17,-0.11314024042410015,0.04138799783620048,-0.11033074259007819,-0.12450389786138369
2010-05-18,-1.1751215364441547,-1.0303550654038356,-0.9884373108490438,-1.3238002751109088
2010-05-19,-0.569407433002755,-0.6622245210508451,-0.6572792188302236,-0.9764645962689237
2010-05-20,-3.190124444334653,-2.7070918572819918,-3.2612885408497867,-3.734004613627359
2010-05-21,0.9274011289660361,0.4574748975714361,0.7777366832718415,0.7912447000037495
2010-05-24,-0.973988122582321,-0.21817107048296974,-0.9658470818657727,-1.1153838734541346
2010-05-25,-0.05225873879701824,-0.08096213577822477,-0.34826740159640246,-0.06856674405038442
2010-05-26,-0.5731443460744812,-0.8375387004166289,-0.676627036557076,0.08336849064174472
2010-05-27,2.6051060294528248,2.487791783781177,2.3731362083564633,2.942849288798552
2010-05-28,-0.8842426299543071,-0.27220285872643657,-0.8653081412006232,-0.5443271544801835
2010-06-01,-1.5399216264796651,-0.7755395982673399,-1.1561611053891945,-2.5301449165497125
2010-06-02,1.9743071385378186,1.515664417474024,1.850382672393024,1.815549057683776
2010-06-03,0.379754373402723,0.8172200762656875,0.20380536884574793,0.735691000362572
2010-06-04,-2.9623479648295623,-2.4615089534696186,-2.860720546916718,-3.6617419939630067
2010-06-07,-1.251345447384614,-1.5366948254573918,-1.2867484985201545,-1.8342251384350794
2010-06-08,0.7977320349746106,-0.22880692981978634,1.0337408487541377,-0.06317273578914055
2010-06-09,-0.22899209061988746,-0.4407031628590863,-0.12298272488673728,0.07783784871303191
2010-06-10,2.3039750815394946,1.8942076702480906,2.3350458129915306,2.270412687601148
2010-06-11,0.5552369475279845,0.8247056063692816,0.5397475824044972,1.0697074034305862
2010-06-14,-0.18097891246785097,-0.03400367216013193,-0.22654595248079415,0.34368550194209646
2010-06-15,1.7201806919872158,1.7605458833355871,1.7119261913685664,1.6840110059558764
2010-06-16,0.06560950803516981,0.39261059049847313,0.17359758573906217,-0.11736676384208539
2010-06-17,0.09089007568169617,0.21324328275267954,0.17324423512074633,-0.0643086208145231
2010-06-18,0.05616589021685176,0.05066549201285653,0.1277779074419082,0.048318537280185606
2010-06-21,-0.2623734711590527,-0.6108985262959598,-0.0829589415560444,-0.6811166018358555
2010-06-22,-1.3375824493762367,-0.5420954073672459,-1.228130553008201,-1.4662374396738873
2010-06-23,-0.4239272444733927,-0.4631215913585177,-0.1294641479726523,-0.4482462400971759
2010-06-24,-1.4160071954547215,-1.0923327786505495,-1.2610671259961854,-1.12943689848896
2010-06-25,0.15323565863778216,-0.29725598660559316,-0.26364919471521253,1.1236293288342591
2010-06-28,-0.3617063006802824,-0.33990071711465075,-0.15017795046625348,-0.6588667134858877
2010-06-29,-2.512916861462201,-2.7639360887131206,-2.3018555806954124,-2.486489813459742
2010-06-30,-0.9770611215972986,-1.2863946727154734,-1.076199507313646,-1.1144590940006442
2010-07-01,-0.44302688519468814,-0.3310666150652545,-0.45053199409552336,-0.5277742919080793
2010-07-02,-0.48803353477722256,-0.2753656443244843,-0.4529909472344055,-0.8008642363989142
2010-07-06,0.46448947177720656,0.14502060394746738,0.45562493457109465,-0.9684445081952762
2010-07-07,2.628854362538277,2.270325566992513,2.548782039606827,2.2254358892287383
2010-07-08,1.029391794631628,0.6159327604802614,1.3171409077149574,1.2400028883777607
2010-07-09,0.6925767986492682,0.7651990070537883,0.6134949347967911,1.0701114096783728
2010-07-12,0.007832595628061288,0.17557126088536423,0.11935501387809996,-0.6926270388815079
2010-07-13,1.2280028703112678,0.8986375020561952,1.2649590152839332,2.0769949225549698
2010-07-14,0.018245217798336114,0.42182289094252556,0.09551263936215248,-0.26347463537303295
2010-07-15,-0.024692054632089133,0.01256219653202013,-0.10912763917752281,-0.7069945962175055
2010-07-16,-2.2838644856780372,-1.9533237341014345,-2.2369120180740456,-2.4583618131022993
2010-07-19,0.28377381851741473,0.38092011644442425,0.2700375228228621,-0.041211160149023596
2010-07-20,0.8975040851440106,0.8252638122924191,0.6828227943466899,1.2812450927639023
2010-07-21,-1.0757303723615264,-0.942037745565612,-0.9394896548092303,-1.2880305921824673
2010-07-22,1.7183706885531438,1.641130390829516,1.6364607260279984,2.3212883697993734
2010-07-23,0.7487693703651573,0.5164535917489279,0.9550267148422071,1.645285915868769
2010-07-26,0.8378576539703046,0.601762728167317,0.8543477336504568,1.3794669762028722
2010-07-27,-0.012191129136600698,-0.022092086084153598,0.1110588706244078,0.046065243632243486
2010-07-28,-0.5484222192015794,-0.5850179670603229,-0.34646871738445234,-0.9971704790393043
2010-07-29,-0.42897808871536197,-0.5575926223208647,-0.27764174493997335,-0.1421631052105906
2010-07-30,-0.08262334255866793,0.08973832691564312,-0.06084585165793835,-0.06235628967498255
2010-08-02,1.7512329260896935,1.2286096443295689,1.6689559873058553,1.068552323414417
2010-08-03,-0.22455942303686344,-0.13491191682143408,-0.11680579894153398,-0.407880959471631
2010-08-04,0.5300139292539459,0.6762342952529881,0.34413757843191517,0.608126228166027
2010-08-05,-0.13019025387116073,-0.18625279911121215,-0.07325156552732437,-0.7164979998579517
2010-08-06,-0.3177865378052164,-0.10235718739921246,-0.15745202039868003,-0.3953127253209568
2010-08-09,0.3874438312280704,0.43242090740672967,0.34225751275133043,0.6582227724043436
2010-08-10,-0.494041590235952,-0.6294782388172261,-0.47892108602987543,-1.1922603920935197
2010-08-11,-2.2694084301182027,-1.955911628310299,-2.221578417175106,-2.724995849465175
2010-08-12,-0.6724274100036042,-0.7626421726014797,-0.6902881846485366,-0.6662111917190254
2010-08-13,-0.31782501353346304,-0.5880623177995377,-0.201342293485968,-0.731305147917097
2010-08-16,-0.029898347227939256,0.10142374557034939,0.006127145026592909,0.46520550716494524
2010-08-17,0.9240592298093465,0.8202417990084205,0.8228376152424705,1.1287274314323883
2010-08-18,0.15139211980330272,0.29337084999094065,0.10395423027091316,0.19985122715943554
2010-08-19,-1.4553051659759855,-1.0865385425697884,-1.2452739810012068,-1.9149317954404756
2010-08-20,-0.37970331431766985,-0.032527918587295174,-0.6071932265442516,-0.19866391677288414
2010-08-23,-0.4525752861401472,-0.8010701961192467,-0.4662133621204513,-1.0721113259993398
2010-08-24,-1.2023469625393992,-1.3251392295353508,-1.145019404656633,-0.6019893859803446
2010-08-25,0.1970842823190401,0.5223554118922862,0.04649850425510105,0.7840075430737923
2010-08-26,-0.6472897185097483,-0.9410252065478234,-0.7311055139792803,-0.4822145044376161
2010-08-27,1.1677467096245526,0.7580997204027348,1.3368206792078385,1.5965672814461727
2010-08-30,-1.080985298071507,-0.6428310498565828,-1.0747135349948584,-1.2933553594663039
2010-08-31,-0.15601927939688182,-0.39803905877436396,-0.13390631520488297,-0.08927631191203687
2010-09-01,2.367119991002805,2.0252438630475886,2.1862659992861495,2.378655765590982
2010-09-02,0.9057975157567408,0.9278214457184204,0.6146232690670997,0.7757742146816298
2010-09-03,1.0703729964562088,1.1721119068892432,1.0820184747820907,1.1702357043511933
2010-09-07,-0.8592678083904446,-0.39821725009814857,-0.8121933898852856,-1.3034246724914786
2010-09-08,0.4505038737005628,0.7273195268308111,0.264081557179499,0.22530702376148826
2010-09-09,0.344806463441105,0.26439015357361206,0.23017411551968464,0.18451739196668446
2010-09-10,0.4152598385075553,0.2696204895840752,0.40879999714489734,0.17687321439267398
2010-09-13,0.9396317337258577,0.9907132792338399,0.7267407860094459,1.4910495088450826
2010-09-14,-0.07197676362797595,0.29265274563462185,-0.1550439697752338,-0.33483522883928063
2010-09-15,0.2591854389444963,0.3884020701012605,0.32898701036997796,0.2530918597388916
2010-09-16,-0.033277429860341295,0.28585598409332047,0.19595882637430023,-0.5930729101036332
2010-09-17,0.016818191641750864,0.24151744986881274,0.11570036652421417,0.18283350094934964
2010-09-20,1.1592103006049832,1.167941953486971,1.1421798491912127,1.7424196393127716
2010-09-21,-0.16519900677206886,0.026728845204652747,0.0915446160438429,-0.2965507500141384
2010-09-22,-0.43003144868766946,-0.20621934620718535,-0.19527158543935552,-0.9400008103100145
2010-09-23,-0.710496561591783,-0.0643838444307326,-0.6546712633288008,-1.0013923536538665
2010-09-24,1.5267189643345043,1.2960775241862628,1.48588612601406,1.9158253275833492
2010-09-27,-0.33686117231811347,-0.2763110355591689,-0.2883040704104135,-0.046286472710968335
2010-09-28,0.21023819245628297,-0.09694337035038164,0.28762363546500874,0.5513449771590848
2010-09-29,-0.14856968256608433,-0.12340956240353188,-0.1711593501947186,0.2245080718930302
2010-09-30,-0.317081555526976,-0.39078306204812785,-0.45593237620780386,-0.1511847757242391
2010-10-01,0.2661213186711412,-0.1677630467644835,0.2574098849602362,0.24662694464425494
2010-10-04,-0.5722663205649875,-0.7429509430591433,-0.5846550866148823,-0.7541610138850063
2010-10-05,1.5780881886448102,1.5958389547943788,1.5030647325283992,1.630989914590294
2010-10-06,0.07560281249936827,-0.5191808960423268,0.30272874463539456,0.2217423542717245
2010-10-07,-0.07697588255815485,0.28436057399192427,-0.12464222607195252,-0.31291885298867816
2010-10-08,0.39797522289133114,0.40057835871141856,0.4053065613423155,0.7605908559380182
2010-10-11,0.0452805085450896,0.026773769890232887,0.024115517914990878,0.038735685722771154
2010-10-12,0.21315647442337765,0.43991600661888647,0.046121177649271254,0.13117098033769484
2010-10-13,0.5912961248317332,0.5294021257573542,0.5635754309898228,1.0323637042785696
2010-10-14,-0.3229797240911071,-0.12253160818291525,0.0032065306676265365,0.03197510427953974
2010-10-15,0.10360057793534011,1.4086464750260923,-0.2929967533387149,-0.4154262060756041
2010-10-18,0.4049260940409351,-0.38498187689304353,0.46586724162530224,0.8639940543087321
2010-10-19,-1.2041712323530873,-0.5607713716398326,-1.2261752423454815,-1.2762361069612944
2010-10-20,0.6395199006592216,0.3156272784838252,0.8481874692124083,0.5565575281002896
2010-10-21,0.23794457353303955,0.20797852320063942,0.4089677277148849,-0.24453898374327915
2010-10-22,0.16818445201654605,0.489875702312353,-0.08097008887290172,0.08954528496558194
2010-10-25,0.1647048691904372,0.2797903126992599,0.17295727668061767,0.20098241294573685
2010-10-26,-0.0008634767279496885,0.1830611467772343,0.04422224592235302,-0.05226580494265674
2010-10-27,-0.2777179414209294,0.18091166608771114,-0.3698882158326243,-0.3577110594925543
2010-10-28,-0.08637702481599893,0.06542587109405223,-0.19076146116668696,-0.4220854453396541
2010-10-29,0.02145816098013782,-0.18903846281789738,0.004239988065554985,0.15725055519039727
2010-11-01,0.015009699979856654,0.04090113395428256,0.04538240287644181,-0.4421213674356059
2010-11-02,0.65417772775783,0.7234716812462961,0.5126915033083367,1.3601985833831718
2010-11-03,0.2696613549960009,0.29678258700833693,0.17533649433451903,0.2084432278447821
2010-11-04,1.5278072428269123,0.8262261085463546,1.6715214646433172,1.7863854846737595
2010-11-05,0.45184672318657915,0.14833406036300176,0.25419758897631234,0.578918672703638
2010-11-08,-0.16663697388922416,0.05868579943929634,-0.3164670625435422,-0.1763132805947131
2010-11-09,-0.6328467387603478,-0.44361314561731013,-0.5132124961600826,-0.9898643973398118
2010-11-10,0.27135207455327104,0.2830733771033235,0.03356650110914027,0.7114729401725639
2010-11-11,-0.3855982794102203,-0.4816477908958683,-0.6377444018807511,-0.21348235239923308
2010-11-12,-1.0384278610351698,-1.2382369587836914,-0.790932571233685,-1.2153681526107525
2010-11-15,-0.1372692153845561,-0.3286458523892878,0.05442677442063543,-0.02871924545271573
2010-11-16,-1.3069812613045324,-1.1988840741184896,-1.4083426293031207,-1.3935591055443552
2010-11-17,-0.11923162769021974,0.028913492241195965,-0.3038783961026157,0.046529899357909216
2010-11-18,1.1266697150320957,1.036499729005039,1.3132631935757495,1.110394303282713
2010-11-19,0.3117883159842204,0.1499808820477135,0.30201929245952863,0.3091148013071333
2010-11-22,-0.09179998607451585,0.5776382456441488,-0.215894046483833,-0.014755066690506118
2010-11-23,-1.2812401463666312,-1.2000969103388675,-1.208284275632923,-0.7162627173412087
2010-11-24,1.01935612912964,1.2443108022919576,1.014914752969153,1.3097421513874188
2010-11-26,-0.944893512841816,-0.18179512144113538,-0.7016240155910518,-0.28565963520328974
2010-11-29,0.05551781252903998,-0.45226309006420184,-0.4899775410854169,-0.07374207027360333
2010-11-30,-0.5433041433697693,-0.9230243493291397,-0.46645736712271313,-0.6206878650908805
2010-12-01,1.7697655447063365,1.4385666186930384,2.0090608405324626,1.3976872171369248
2010-12-02,1.2046136761557258,0.8553475184603431,1.0424190234304358,0.866398014372031
2010-12-03,0.2713327541669272,0.2559479694252177,0.20503077474569492,0.37578530790058506
2010-12-06,-0.08142251304717196,-0.0379722750054079,-0.14736265985615393,0.41857779339542495
2010-12-07,-0.03442088271154015,-0.02850001945639087,-0.09968182922150295,0.24657000437652735
2010-12-08,0.23784870756133702,0.19749366263353332,0.048646516946363856,0.06280456839422678
2010-12-09,0.3011336915963097,0.04636771833328609,-0.03317510151891941,0.2059198855317721
2010-12-10,0.4729246558026395,0.4456472276330663,0.299762078208999,0.8278659087764191
2010-12-13,0.05719957732774054,-0.26232097052328573,0.1478818738366093,-0.20526709188924588
2010-12-14,0.09880888602134852,0.12853562567152843,0.39832071025699417,-0.015941112649249266
2010-12-15,-0.3570608504303119,-0.2935487149418294,-0.10312279673220931,-0.38371443372909
2010-12-16,0.3977783456203371,0.486862208565903,0.2652866610134552,0.4478955197210358
2010-12-17,0.03770490805456604,0.03173520336131927,-0.09092808872306607,-0.03517745447845125
2010-12-20,0.16986222988696517,0.02264177004736459,-0.13179400033604322,0.379745360141021
2010-12-21,0.47528221353392386,0.37295522826665,0.3723102366084944,0.779164240669069
2010-12-22,0.2655501187468006,-0.010267901271430423,0.2197798892316972,0.2641069945263005
2010-12-23,-0.10981280567209445,-0.18629127378670807,0.11430529751735305,-0.06644539300550967
2010-12-27,0.03167342910769126,0.019694309118402677,-0.1239232064296037,0.20215873053798677
2010-12-28,0.034314178447042515,-0.19780235297795384,0.0747186540667425,-0.08519281360465855
2010-12-29,0.07597285567087078,0.1504026142005867,0.10060547643108111,0.13014186558870752
2010-12-30,-0.15890896734890003,-0.1996994411455533,-0.1373967079093876,-0.09169195634163713
2010-12-31,-0.03233276298033678,-0.30071142808024626,0.015659284252891304,-0.48852197865409036
2011-01-03,0.8557067283216633,1.0751672873919502,0.7270501101364096,1.1838262887875917
2011-01-04,-0.0552168360697398,-0.054590132852246,0.16173201989206912,-1.0155912700590934
2011-01-05,0.4603439750924395,0.6277965896487361,0.2869192239934869,0.6218087571992581
2011-01-06,-0.20836275358759407,0.20495034211122026,-0.22487641434336736,-0.3455326421126439
2011-01-07,-0.22504878065211373,-0.11899034767404051,-0.22788579978388396,-0.41506462046371356
2011-01-10,-0.15455639339054894,0.22282645495791517,-0.31957775592525767,0.14213731026380302
2011-01-11,0.18183551627777747,0.011330302741891736,0.15745212523320545,0.2998171358835164
2011-01-12,0.7184120375615172,0.4813538759208507,0.6241550007954815,0.6054136402866366
2011-01-13,-0.08838320339231484,0.05693554935711646,-0.12190995533451236,-0.14430475326642947
2011-01-14,0.5505831502323592,0.4767630098921426,0.3752048766001107,0.585619511159079
2011-01-18,0.12809355720024146,0.19381443617652772,0.37466990992833893,0.11892490101489439
2011-01-19,-0.7840685215452484,-0.7814503810124115,-0.055533913506469995,-1.6540028027349165
2011-01-20,-0.09671070754820604,-0.48605561175178086,0.028122539622792382,-0.513365863140944
2011-01-21,0.15041477429992503,-0.5487973921872242,0.34812111359165615,-0.4653872463173335
2011-01-24,0.5616214274310616,1.0104560194636358,0.9073822564102404,0.5180151107980924
2011-01-25,0.06469168769951442,0.11888335171728015,0.034149035753968146,0.36554194349721436
2011-01-26,0.19423603620314076,0.3104481472547838,-0.04601598322203747,0.8260229486463301
2011-01-27,0.11781376801286383,0.35818395775326184,-0.04861843858004899,0.19619033652752738
2011-01-28,-1.476540428596808,-1.835887289933997,-1.2623428214748493,-1.6379335719776433
2011-01-31,0.535818379967071,0.2398429235314386,0.4222552369700286,0.16855869570210041
2011-02-01,1.3325838481810295,1.2973428665718587,1.1384393583528392,1.493228941587135
2011-02-02,-0.10680528656412262,-0.055929433194007463,0.08299674531786078,-0.2064919607233643
2011-02-03,0.1756173469260468,0.11648750512846738,0.14402268735134305,0.11907276202054784
2011-02-04,0.19481105635056045,0.36244832391894954,0.19390799841511622,-0.17491113745049414
2011-02-07,0.5055638233465732,0.32663201202112274,0.5098657548123968,0.6419945674518152
2011-02-08,0.37546999210771664,0.4753757034005333,0.5374993101149199,0.3802012862361016
2011-02-09,-0.17820753628547964,-0.10490145427855803,0.07399983257710335,-0.2290805855975495
2011-02-10,-0.012959779415636984,0.0845479059534647,-0.09857984007569545,0.09550039206287042
2011-02-11,0.4023416562171891,0.4391858939940247,0.24056011900843743,0.6213603281841676
2011-02-14,0.16864742976298625,0.1461809139383329,-0.05392650376322882,0.2838971435172377
2011-02-15,-0.2932836389058656,-0.13473968361493469,-0.33818793519183155,-0.2882925232376274
2011-02-16,0.46405204327298366,0.3907354264317512,0.3915901794896937,0.46623832850010055
2011-02-17,0.24075727043017003,-0.02058309489099855,0.22727727065362047,0.5086368327203835
2011-02-18,0.1626522565603516,-0.16040101933845138,0.516115059029635,0.1401447562820999
2011-02-22,-1.5965677929610014,-2.0122208015007255,-1.1906576545419534,-1.5817277328307244
2011-02-23,-0.6085798618088635,-0.7032254289735375,-0.8780084489033925,-1.1143502866310109
2011-02-24,-0.1395604064448116,0.23459221017903256,-0.36390566358336457,0.1615130205894415
2011-02-25,0.7906863113330557,0.8821224340218219,0.37707672450762386,1.4713868872557394
2011-02-28,0.4352267889082448,0.1066627605287304,0.6262359496320652,0.23854549356257668
2011-03-01,-1.2759650235913216,-1.0575670002150388,-1.1041139123903407,-1.1770036329104385
2011-03-02,0.032220399882948725,0.21962321487103292,-0.0838412146422327,0.014691514800602323
2011-03-03,1.3137738971090434,1.2907612454931974,1.317837367591923,1.3045076901748944
2011-03-04,-0.5358694109789668,-0.26249779273699664,-0.5228382450043695,-0.3444483348093712
2011-03-07,-0.7513979402072561,-1.0271098442002518,-0.6915941980629912,-1.1001668144937744
2011-03-08,0.6648856211045634,0.21678383320193031,0.852527469975063,1.0104332534024356
2011-03-09,-0.0537674233702138,-0.42674269890119165,0.08581780657605591,-0.06056252870323926
2011-03-10,-1.5297799777677028,-1.1214378274152466,-1.6582767161966467,-1.7549992618404464
2011-03-11,0.38527454643499903,0.23052598755598955,0.23485450161318788,-0.06141424450688976
2011-03-14,-0.4604576927766955,-0.22850971392195019,-0.3189548077773995,-0.3966409195406466
2011-03-15,-0.9902977056527785,-1.050744938077439,-1.0540155975531718,-0.6299128250578325
2011-03-16,-1.6714864597022137,-1.8428621535529093,-1.9570079196746426,-0.9026992500884683
2011-03-17,0.8621299917059301,0.4011913478070096,0.966938221182704,0.19049116642887332
2011-03-18,0.4575614707894746,-0.06608866759605005,0.8113353600749071,1.12088634352336
2011-03-21,1.2824690299767436,1.3723654445841225,1.3588736481409636,1.4766535668832634
2011-03-22,-0.26455588615629366,-0.09813642350410964,-0.08303700622350813,-0.20404484478246684
2011-03-23,0.16426039052228555,0.35331192811210843,0.42872843534344535,-0.11586821613979453
2011-03-24,0.7674202879866555,1.2347821681935205,0.6356762038698963,0.3036455903741454
2011-03-25,0.22099735197181503,0.18412354900185088,0.3502993946865828,0.48978025722431734
2011-03-28,-0.21065643142507118,-0.35523312224045517,-0.15169076679474836,-0.23592356329813757
2011-03-29,0.5004511755118426,0.626087397198545,0.5382111577555637,0.4356731354309707
2011-03-30,0.5678870180686815,0.33414590137528394,0.5379740467857906,0.8282607042901161
2011-03-31,-0.11653999571071615,0.113416536683767,-0.21053143596698004,0.24449441638779934
2011-04-01,0.2592199483506163,-0.04534865413998917,0.3174217375933611,0.2586056597607427
2011-04-04,0.08411853888954489,-0.21729988318001275,0.19756826337708863,0.2322166623175405
2011-04-05,-0.009802269043705278,-0.19273442891564782,-0.03137475902135753,0.13413858627414135
2011-04-06,0.22017169443569906,0.12206512582238767,0.19827053672397277,0.29879269745973724
2011-04-07,-0.2163436780021225,-0.06934536119967218,-0.12134287595679122,-0.4314382146921254
2011-04-08,-0.3150847810806492,-0.3690764010477401,-0.2325702767575828,-0.7897504485017516
2011-04-11,-0.2701712069316418,-0.2593389872476263,-0.0068920133028206355,-0.7336339037284177
2011-04-12,-0.6042770279937061,-0.48412913449830225,-0.8046390506767541,-0.8390513088102157
2011-04-13,-0.12435058223468029,0.4777001636294913,-0.07425446198116337,-0.37005614503740986
2011-04-14,0.023790376219955084,-0.16354924673532567,0.08495970320599976,0.3488458510619688
2011-04-15,0.23788223065736516,-0.1391124090419393,0.36410718095268246,0.6221143756641758
2011-04-18,-0.9096701707443957,-0.4955123571175946,-0.9757456596520067,-0.9362151244282816
2011-04-19,0.32521006937421804,0.2753895086450239,0.3102019648190615,-0.2206399909118386
2011-04-20,1.1292783970553242,1.5751468661025918,1.3715556980225174,1.1396397571842207
2011-04-21,0.46241892679201535,0.6386103911914136,0.461305260091978,0.4460371953722819
2011-04-25,-0.1473487617324924,0.17959848284957414,-0.22856350779586282,-0.06222208006923464
2011-04-26,0.6174911170196683,0.33117374470266,0.729499136732036,0.6816919896567275
2011-04-27,0.5739610607605002,0.5243368321325438,0.7323679973666706,0.39831824884013123
2011-04-28,0.2985683126995054,-0.07051534270815436,0.5499178663338569,0.31295386700240285
2011-04-29,0.21793398875863634,-0.022640843249500664,0.372053543966246,0.18787361466012
2011-05-02,-0.12090436131499534,-0.1324483027847435,-0.0034081394969149303,-0.673665395522564
2011-05-03,-0.29464906178020633,-0.3489548713098994,0.007263058711833515,-0.6119498919263369
2011-05-04,-0.5445215794574683,-0.11173723911832875,-0.5534273361879446,-0.8468515956970935
2011-05-05,-0.8540138166531765,-0.4830676537195624,-1.0706697770112212,-0.4503849319973505
2011-05-06,0.1822384518897978,0.076138515814841,0.19954740643205446,-0.004722639448475854
2011-05-09,0.3332017208336143,0.2675678489451851,0.35460295649028734,0.6726677180604561
2011-05-10,0.6724417614793565,0.5805437095199233,0.5147570261280754,1.0410616451033432
2011-05-11,-0.8812635508563148,-0.5231908105128458,-0.9086191930822684,-1.1026646522557795
2011-05-12,0.2861343054146642,0.3040890944347994,0.3413480787789595,0.3565728874989189
2011-05-13,-0.6379595472049229,-0.824759731761517,-0.6703094473073218,-0.895933627225317
2011-05-16,-0.5822951885724518,-1.287459272899968,-0.404440910947782,-0.8479764510093923
2011-05-17,0.02386955395304166,0.1786407381827723,-0.4379943856583519,-0.22354552649298182
2011-05-18,0.6511851479739135,0.4688577583017601,0.47001361013020293,0.7707483760897818
2011-05-19,0.23762711924298693,0.2366807765310589,0.36915695194958664,0.20390847835012643
2011-05-20,-0.6344345876284759,-0.5270441435524675,-0.6215034320396211,-0.5073365545466876
2011-05-23,-1.0591517030763953,-1.1254696751496605,-1.0273313210271653,-1.0878723572183657
2011-05-24,-0.1678547347834075,-0.5461904258182686,-0.2786895242324006,-0.38649782674272326
2011-05-25,0.2635951424501888,0.22961558981919866,0.26572676567206244,0.6426809245931683
2011-05-26,0.36598419986493086,0.4047975800312782,0.06237599456851137,0.7527512250122235
2011-05-27,0.2342014710433506,0.2869639819041786,0.1922619497165387,0.4641665247920017
2011-05-31,0.832002816092435,1.1015643270030053,0.8936690433684117,1.0055382281770673
2011-06-01,-1.8428702290005803,-1.503726803241987,-1.9309454707603617,-1.975654704952536
2011-06-02,-0.30575986593134263,-0.0590037289593833,-0.5439567209094677,-0.3157158612352524
2011-06-03,-0.8877984841538095,-1.1407209619282306,-0.7598859832314707,-0.8968981856269868
2011-06-06,-0.9137602816932285,-0.6372397390093933,-0.48964344002891574,-0.9485842378612394
2011-06-07,-0.1209350833982088,-0.2129410623925534,-0.18328390639072542,0.05675145018106444
2011-06-08,-0.44564275251011676,-0.5737722340539043,-0.248496172098431,-0.6719243820192246
2011-06-09,0.6139479489158897,0.09076827649286309,0.5503504535266991,0.11284687890243819
2011-06-10,-1.0720330926148849,-1.0205823860037544,-1.1726081904622856,-0.9685934116749871
2011-06-13,-0.04588562458453195,-0.13867261481573281,-0.12445061381182311,-0.23275185410871457
2011-06-14,1.0095920164596435,0.8442671321679313,0.890911628149092,1.326166860267518
2011-06-15,-1.4269104834864692,-1.293474638970817,-1.2514833985079468,-1.0242777962955818
2011-06-16,0.030341841433169522,-0.4240017080105708,0.3085458651869395,0.16910783648786346
2011-06-17,0.25284556901123983,-0.22017843842150714,0.3572572887254188,0.19558474664789638
2011-06-20,0.4340911762821391,0.3626570952343366,0.5781877049031071,0.6205832822403053
2011-06-21,1.1213632617816691,1.481911012315257,0.8235623599698614,1.195799328576672
2011-06-22,-0.5267656011938404,-0.5079841204986355,-0.6011085815471277,-0.47028770230729927
2011-06-23,-0.30388790775303093,0.5833951176366388,-0.5092325010286994,-0.17677295836153223
2011-06-24,-1.0857408939395377,-1.344185097731844,-0.9707045988108933,-0.38652890722956806
2011-06-27,0.5866062726290364,0.9934906552878252,0.6675860904128615,0.3578423036903272
2011-06-28,1.0616639724281713,1.023446581602631,1.0820366566617992,0.8671056356792839
2011-06-29,0.7327588956561831,0.3685131834963521,0.5872184466722609,0.28498904729119856
2011-06-30,0.8326274245593733,0.9801377569962062,1.1406880517559996,0.6050699155959216
2011-07-01,1.2889011532011967,1.1263597222102182,1.307509904187562,1.0193724096985806
2011-07-05,16.27880268891006,0.4339028690487608,-0.01940127322000043,-0.005106676280171002
2011-07-06,1.7101782667638756,1.1208755267896469,1.0682864416728872,0.5195030857504244
2011-07-07,3.3922399191151724,1.9105444733442178,2.9269714175363566,2.3736122917975973
2011-07-08,-0.6269026625063631,-0.1964759835845896,-0.4600829924084958,-0.415953362779917
2011-07-11,-1.5745598431457053,-1.3495099398832384,-1.1340625101425539,-1.3873536198171907
2011-07-12,-0.5093680561183204,-0.669573165814742,-0.5491730142301505,-0.33254723203134945
2011-07-13,0.15743000181923306,0.18517945742613742,0.2099101299005695,0.4049702427942685
2011-07-14,-0.5752534552225885,-0.8359440061019512,-0.37702319878901225,-1.0082679869550721
2011-07-15,0.4513872737717454,0.8843072600815168,0.2833620739988428,0.28370625036522074
2011-07-18,-0.709181834590966,-0.4089566363032367,-0.6883473349111492,-1.0527573307072249
2011-07-19,1.2223060201995914,1.4945770033276617,1.3287262319908315,1.115030139033558
2011-07-20,0.007125301583379526,-0.2107597899889891,-0.001792783089152289,0.12491921313015378
2011-07-21,1.0647590675602547,0.44223589718834616,0.9973208615442857,0.8165431382154646
2011-07-22,0.17373893228361625,0.8037822844813169,-0.16361499891162615,-0.08711661323025521
2011-07-25,-0.5203218347763416,-0.21970639025816682,-0.693529746663742,-0.8010459066828762
2011-07-26,-0.3871799184716361,0.1009828153186354,-0.7188836950900681,-0.439225655161264
2011-07-27,-1.7972999670053025,-1.921042228506681,-1.5192051202658834,-1.8235007279283804
2011-07-28,-0.33813455247267993,-0.0015350470071844313,-0.5448493630833314,-0.25325640591949855
2011-07-29,-0.12310162554298429,-0.35768787880121294,-0.8090776178106166,-0.11240930922725943
2011-08-01,-0.9903139755931207,-0.4200228799684159,-0.19513412834787092,-0.3786425796361867
2011-08-02,-0.013378357920393227,-1.826518737889729,-1.9008981476123512,-1.8952972797570347
2011-08-03,-0.10583405072540836,0.5212379373945001,-0.006542269809348661,0.012491736009650783
2011-08-04,-5.331540691945608,-3.2662462029282775,-3.6068623512107743,-3.566567502561616
2011-08-05,-0.7204379282636033,-0.9336176034666317,-0.07815014566910272,-1.5309477862884762
2011-08-08,-5.654632174695134,-4.384056637206065,-5.06783309977726,-6.066639842633068
2011-08-09,3.2287018106798935,2.7959658275170742,2.896227677210335,3.7006185953177413
2011-08-10,-3.5416155038504837,-2.716447269697739,-3.897554953675112,-3.3044461016238253
2011-08-11,3.175107486242334,2.591898916524538,2.883565081684867,2.566044888519342
2011-08-12,0.8524425137107783,0.8891739143173292,1.3630282839482084,0.5095121743423368
2011-08-15,1.8225654407556737,1.1512599183935692,1.7803378200867117,1.950399960721961
2011-08-16,-0.6144756437344625,-0.4613156590807018,-0.4718388008886576,-1.0026292605113445
2011-08-17,0.021142922440639384,-0.4790777555781657,-0.015447623148300891,0.11089494500183719
2011-08-18,-3.594965357902196,-3.5172854674332417,-3.2700420547022935,-3.524504419937628
2011-08-19,-1.5961239718928484,-1.5873395840927305,-1.6814133480398432,-1.559431412782125
2011-08-22,-0.11095788471187862,0.03231729159229765,0.12842079130989495,-0.16611996750890798
2011-08-23,2.6233101852859626,2.785762444297789,2.5766725001372186,2.742171456687092
2011-08-24,1.2418846121960536,0.7102570763878545,1.2789068715508856,1.1980958821124887
2011-08-25,-1.1585294459336188,-1.0166416100941547,-1.228626971306626,-1.5658501926695638
2011-08-26,1.077198751022214,1.5896812562015947,0.9225974935901541,1.1144104296257518
2011-08-29,2.30582659067409,1.9278357498570544,1.9890401585534827,3.160854156041767
2011-08-30,0.2751383472246605,0.5879190480356027,0.24443425544750907,0.25769305616005445
2011-08-31,0.35300290561297093,0.09787844086403086,0.38601203509247917,-0.01811126840114822
2011-09-01,-0.8210072964097037,-0.5966864517532756,-0.8554969633970265,-1.5723581539017446
2011-09-02,-2.164689108483228,-1.7362923464487487,-2.0180336025617747,-2.645751612837457
2011-09-06,-0.7655312566249076,-0.17520093754592814,-0.9623453275429587,-0.4650859988650765
2011-09-07,2.071800915299359,1.5740838322517858,1.9583319913495794,2.451701287886092
2011-09-08,-0.7213994257100955,-0.16392800928759255,-0.7425484544698905,-1.0252641686894295
2011-09-09,-2.2539477239715695,-1.6705290546422604,-2.4987989892957576,-2.0084476210721762
2011-09-12,0.2348102874392881,0.6078156913553245,0.23482640114189046,0.33442968280098995
2011-09-13,0.6925629754866912,0.8973459986321208,0.36318630169203014,1.1243703638177167
2011-09-14,1.0614817649323185,0.9575058602540818,1.0282555747270958,1.0420869013013445
2011-09-15,1.470706930084217,1.1061569409368568,1.534667939747865,0.9617657970364711
2011-09-16,0.6225042575800526,0.7769565441877303,0.7427875023655653,0.2136548878464258
2011-09-19,-0.7723636950740713,0.07287985144361701,-0.7673434925102938,-1.3329053147217154
2011-09-20,-0.23343270604489685,-0.4192910412967379,-0.07761966205520464,-1.0993229071520618
2011-09-21,-2.409555361886084,-1.186382345192316,-2.151005742799534,-2.674203135782486
2011-09-22,-2.924502723413252,-2.548145087495056,-3.380269288321061,-1.9490412501513623
2011-09-23,0.04983588369719405,0.346985462570599,-0.15900447864250872,0.3585510330304289
2011-09-26,1.8766638775794238,0.7323711671052412,2.1671513926694512,1.5091132972943515
2011-09-27,1.157820411981669,0.9631140023720508,1.4494273442723378,1.4450826352841952
2011-09-28,-1.5958919016167188,-0.958631014452738,-1.3110619830423094,-2.4431085290207726
2011-09-29,0.4840839570723771,-0.9892651126004232,0.9628846586244684,1.3285458857133143
2011-09-30,-1.9708321496815708,-1.7090928760586777,-1.7569371751185745,-1.9528144475185172
2011-10-03,-2.536374028540528,-2.0679366745210506,-2.3137770031085663,-3.6459381849644195
2011-10-04,1.5869080423853554,1.1970261271960627,1.0712251650445683,3.9245244570820854
2011-10-05,1.3876635704819393,1.7368574696146408,0.9923312218700592,0.7148288301832898
2011-10-06,1.5336515593084525,1.1961649148167373,1.5078243625109993,1.534630255987767
2011-10-07,-0.4034005832676968,-0.296674115866843,0.01121828794863669,-1.79378455733218
2011-10-10,2.7282057613941633,2.3921308628988713,2.617280699402839,2.7345198147356244
2011-10-11,0.2335590789981234,0.6750697908681869,0.08268276740050659,0.6797914191910275
2011-10-12,0.6157042666693147,0.2849705246500348,0.6716891566450423,0.9550391528466863
2011-10-13,-0.13559762210308995,0.6747064542870238,-0.2583523191942396,-0.18148071676370764
2011-10-14,1.2617462969779578,1.1713834280268285,1.1368692972774688,1.1331150984632645
2011-10-17,-1.5128405534489828,-0.9879103831203513,-1.7866442037415042,-2.0163908180251853
2011-10-18,1.4015740715879457,0.6752238263729166,1.1538345306924636,1.7723227505996118
2011-10-19,-0.8564423329971753,-1.2516524394073096,-0.4035553602314599,-0.8975877835157426
2011-10-20,0.3677775083488467,-0.38439246173177355,0.2877641300025103,0.13565016614673164
2011-10-21,1.5546157382639143,0.8636368922631091,2.0287337982714058,1.4725973552626341
2011-10-24,1.211968068350693,1.6124922749000175,1.0404166877652585,2.0693297079572277
2011-10-25,-1.688820246432038,-1.418198857359919,-1.611864569472747,-1.8902947238743062
2011-10-26,0.6554247763070515,-0.24671234332447184,1.0169408207605921,0.8449906087718205
2011-10-27,2.8991298436337622,1.9934805524583814,2.6277481470678716,3.5050093296782774
2011-10-28,0.14473694602863887,0.2697382268449014,0.3445209229581695,-0.19153672318061352
2011-10-31,-1.9355758170660136,-1.1679265923373574,-1.9547045084611028,-1.8293629250004093
2011-11-01,-2.5683404309270075,-2.0815787323099615,-2.47714492788207,-2.687127564072537
2011-11-02,1.061005815335102,0.33507646617901254,1.067379820643896,1.4959955988580278
2011-11-03,1.540451083695441,1.5013794254948545,1.6416426674444669,1.692210282999671
2011-11-04,-0.398071198426023,-0.268232360170616,-0.32381517951160166,-0.4028797498660162
2011-11-07,0.4181191872249781,0.4270162827588489,0.529448891357232,-0.09673306120008086
2011-11-08,1.072462479435023,0.830652238180586,0.7966971080874593,1.0100289853252014
2011-11-09,-3.0266036861532437,-2.440938229226946,-2.7995370580969254,-3.223745430609972
2011-11-10,0.5304494413293063,-0.30555080446250577,0.5652415659068957,0.331521374791318
2011-11-11,1.5783526799561678,1.3462557033615838,1.991352297955727,1.7046917254241676
2011-11-14,-0.6151169289816023,-0.29044301024834146,-0.3350251215300309,-0.9443216190943662
2011-11-15,0.2947994333567774,0.6923252717863658,0.022131570909932036,0.6136064791048803
2011-11-16,-1.4148934898021204,-1.2281028141266448,-1.484238546707469,-0.9363699087948597
2011-11-17,-1.4746900417502256,-1.8178566135957732,-1.1845588829461713,-0.9348384781467008
2011-11-18,-0.19182304188478122,-0.6733086817988504,0.09288440568750198,0.1768842830537464
2011-11-21,-1.578220503766697,-1.3894067419643363,-1.8537378995177043,-1.5392803865116416
2011-11-22,-0.5326356552341274,-0.008332897308571063,-0.6560926309623948,-0.9465794502714262
2011-11-23,-1.8722464516769537,-1.6742392227664018,-1.8589110515727043,-1.8704279250993965
2011-11-25,-0.34363766407309315,-0.7180576848895941,-0.4017947997236383,-1.152694492653069
2011-11-28,2.3430887963252474,2.35626210480234,2.2657283044298957,2.7477089046453242
2011-11-29,0.3658134426839542,-0.28461448531277356,0.42962512779690043,0.019859191599799125
2011-11-30,3.3243622440553025,2.577283776644214,3.6625013470663075,3.9026448004315735
2011-12-01,0.2835625075654745,0.7759001515469264,0.18667818601928357,-0.2858393749606714
2011-12-02,-0.14851318634791616,-0.2507642345714293,-0.10654850624756038,0.07089785339008228
2011-12-05,0.8445559950034305,0.7451582209556553,0.5512199831492125,1.020802732254062
2011-12-06,0.014837171884097153,-0.20396913736953973,0.3692537425401692,0.2020676991101233
2011-12-07,0.344658337720768,0.0277004443680677,0.39456841052158775,0.06776756497337377
2011-12-08,-1.7991162970674648,-1.1786308565591237,-1.418357880724282,-2.235023900982743
2011-12-09,1.2298928652592613,0.952028173684133,1.2120350176261137,1.708634651914319
2011-12-12,-1.1943031334783585,-0.7304439008976101,-1.1202676022987281,-0.780222542964284
2011-12-13,-0.935626156123136,-0.9357094748782927,-0.6737658802502073,-1.373022889214127
2011-12-14,-0.9253063492997206,-1.1611868828274368,-0.9998514051848154,-0.6211500201972293
2011-12-15,0.17260028197249544,-0.31892022913237256,0.20229960776982775,0.5786028840918988
2011-12-16,0.13173268501515087,0.3398557284624142,0.014007277378860171,0.6179820453438029
2011-12-19,-0.9503735439879469,-0.7722876506050359,-0.8164416414105609,-1.2772063288531332
2011-12-20,2.339199228310829,1.9400860614188726,2.384395531885489,2.4930823397368953
2011-12-21,0.31561832647538757,-0.8156316658598268,0.24902201002335228,0.7104087017968053
2011-12-22,0.7474495306588548,0.6134832378736499,0.45227822049446015,0.49435303757598825
2011-12-23,0.7885854354073853,0.5865150472564634,0.9396547358407995,0.1905110121570217
2011-12-27,0.18028403194908538,0.29377679076305463,0.11892791569971398,0.2764848517560845
2011-12-28,-1.1322386085428433,-0.8427751777789944,-1.0513882771233656,-0.9838142335302361
2011-12-29,0.6973747434929336,0.3625773978827582,0.8291137460776863,0.3309751909027121
2011-12-30,-0.32834075868045587,-0.13252791358773408,-0.38736161157686466,-0.3723727273407361
2012-01-03,1.2055097286059133,1.2436311739885761,1.1887135445033536,1.1175817085428654
2012-01-04,0.18997318835903496,0.3687165574698522,0.24624308141710008,-0.20071848090703123
2012-01-05,0.20442471516691185,0.5750089930973924,-0.0242020124670252,0.23768020149221444
2012-01-06,-0.285929192978765,0.1918484262499,-0.4623277222242562,-0.20053368433054583
2012-01-09,0.09432415846008643,-0.31312001431331604,0.12933227897712293,0.06759572788365042
2012-01-10,0.7186934733565277,0.5217776780802275,0.521965940756465,0.9214679681635121
2012-01-11,0.05754802097604881,0.14295503249190572,-0.074782061083454,0.311004793670887
2012-01-12,0.1490673736626448,0.2209886413201787,0.10171358888089761,0.2035019881774378
2012-01-13,-0.45050938913755234,-0.2789368242164552,-0.3619672819053539,-0.39927857717150717
2012-01-17,0.24274016953719177,0.5636760573407034,0.35667501279670216,-0.22376663376014785
2012-01-18,0.8851750738633961,0.9195078862303459,0.6934218078103744,1.207066939575115
2012-01-19,0.39832931296429464,0.45008495307282215,0.30117022003352695,0.2207111307662345
2012-01-20,0.05812411999798081,-0.09772618122414778,0.6747403263316815,0.2896011791723827
2012-01-23,0.09005142124566279,0.07583301435994298,0.011428061104528889,-0.007662530267198105
2012-01-24,-0.188386332919047,-0.1978421370538157,-0.3194960160034099,0.26115749138023325
2012-01-25,0.6093838098650138,0.7998335219362069,0.5032266882181795,0.4688313698708001
2012-01-26,-0.41116950118619744,-0.242493356314886,-0.14565838073464293,-0.07211682721459672
2012-01-27,-0.10361653878364623,0.16466197373039024,-0.5568739500278502,0.2571807600574244
2012-01-30,-0.44370888958401944,-0.07993832733492787,-0.22282393666874367,-0.5210306889503681
2012-01-31,-0.04843184165171603,0.05995960889299759,-0.1414427309592412,0.024829256380695285
2012-02-01,0.614093541315142,0.4996207573635021,0.49203207675211047,1.2161876181632918
2012-02-02,0.11197316646521221,0.21412722149958738,-0.07662949791083616,0.4055231362848563
2012-02-03,1.0686561075396748,0.8825954812908302,1.0004145503348452,1.3606224061383105
2012-02-06,-0.002466710298016858,0.0007123955024977979,-0.041194887802795,-0.16721146966486133
2012-02-07,0.17914319897105735,0.11437858954029667,0.19250837481303099,-0.1555191794191834
2012-02-08,0.25751643536976965,0.3750647603281468,0.06883428893395362,0.1804786932016297
2012-02-09,0.063745779234619,0.46663302764078785,0.008341883896228279,-0.38117467626265505
2012-02-10,-0.6233614779000877,-0.5032988995363847,-0.6176973808887667,-0.9381055793729681
2012-02-13,0.5297738002550434,0.577080326453745,0.42618783871905064,0.6647359873788663
2012-02-14,-0.11333404920849842,0.17459638592193982,0.038347415854516294,-0.3015965604734144
2012-02-15,-0.4102580207203774,-0.5110571793508315,-0.679217200881218,-0.6237025985250864
2012-02-16,0.8018448229762588,0.8633108365022102,0.7330001112560577,1.1913769861904986
2012-02-17,0.24852807989090775,-0.193796972340815,0.3670318730084134,0.20699995633221296
2012-02-21,0.05851406883902659,0.2186267937372157,0.13683525199719226,-0.42472713748277624
2012-02-22,-0.25846201337642205,-0.3345317081528606,-0.16906603183608815,-0.7544079602403623
2012-02-23,0.3395891001261445,0.4444960105842533,0.30302224870415284,0.8117921312745274
2012-02-24,0.1290258047591511,0.20872526289446683,-0.04088307557786142,-0.25473526278663977
2012-02-27,0.10480548604119026,0.06389917588697173,-0.04455914347780353,-0.10263505438872929
2012-02-28,0.2360328714298317,0.6925549451267877,0.16015674892758944,-0.21718032683960373
2012-02-29,-0.3330395472454105,-0.3289766466659261,-0.35917392467875586,-1.0626980321743917
2012-03-01,0.42067574963689097,0.5335913627243641,0.17094713036854017,0.18800320073101656
2012-03-02,-0.2731138202570275,-0.06139523095545685,-0.01835666485830424,-0.9544038276436144
2012-03-05,-0.31710888486791455,-0.7137946282764374,-0.061735420006877297,0.19512438476131178
2012-03-06,-1.3047855894157143,-0.7176805087775278,-1.4157889834226842,-1.275291739008484
2012-03-07,0.4105109229612258,0.31678307827545715,0.3126985128267529,0.44082694432228026
2012-03-08,0.7919593903344719,0.7526349914143263,0.5046167596699315,0.7590230415345213
2012-03-09,0.33490668204521507,0.30111501580948274,0.10363244779251493,0.9399470047897578
2012-03-12,-0.03212986981258207,-0.0017872980963521419,0.2136052046135062,-0.06902100288789156
2012-03-13,1.4580082034199409,1.2727053944350446,1.4794893363906112,1.4334269533509156
2012-03-14,-0.0217012785236919,0.3337712298133908,0.20949799155796367,-0.44656261939500513
2012-03-15,0.455819024556044,0.19700369661892747,0.38550389621443165,0.5369807885504042
2012-03-16,0.09085902436964478,-0.038125487924898345,-0.13597766154655083,-0.04388683358514089
2012-03-19,0.3015420484028865,0.4503348809642041,0.014482324980626952,0.5727232602820176
2012-03-20,-0.29242454605688467,0.07634658983456755,-0.49505671930104234,-0.5267766787749688
2012-03-21,-0.21884474263022857,-0.06826541685724291,-0.38343130465967745,-0.20845558051209045
2012-03-22,-0.6460865990918877,-0.2015301164150899,-0.582759194080273,-0.6332938513432802
2012-03-23,0.21450078399900824,-0.13456122384152178,0.14565946580051223,0.555902515468743
2012-03-26,1.0723233152047336,1.1888853917581244,1.0462429643505433,1.2367447350085494
2012-03-27,-0.23146798146028574,0.14071855594743943,-0.22464593237269076,-0.42623691632791433
2012-03-28,-0.4800642457870756,-0.33326847404781373,-0.5488884378150596,-0.19741982492405488
2012-03-29,-0.23162495798459515,-0.3516040083304789,0.027898017239203154,-0.24922986897421948
2012-03-30,0.28338470735901716,-0.14965679465666054,0.4550127574414814,-0.2462195861698953
2012-04-02,0.6671717513941766,0.7545539608369002,0.4149071311641862,0.8672164086651971
2012-04-03,-0.3319856148762295,-0.04223616447003266,-0.4520295386966921,-0.5191196299759966
2012-04-04,-0.8861613727307995,-1.0237408729141313,-0.9000765788785752,-1.0338490202668866
2012-04-05,-0.10752017612294174,0.3483415245275948,-0.17276258579573428,-0.44530252031260026
2012-04-09,-0.9641435356005812,-0.5873060219920577,-0.9105759202979151,-1.0246846896961612
2012-04-10,-1.5061167134851488,-1.2335941921456692,-1.5780597952916953,-1.6411405483551706
2012-04-11,0.4824541901732241,0.1626903596657109,0.431749936970229,0.7294351120440976
2012-04-12,1.0766219198691283,0.7999379451404367,1.2740449213651666,1.0363121541575238
2012-04-13,-0.8714902858241891,-0.9676110022342538,-0.7981672610686739,-0.9353625123245506
2012-04-16,-0.15146468840538388,-0.8822224793094302,0.37508696747219916,0.20764954411146413
2012-04-17,1.2456702771574806,1.4251360467933232,1.3918138781943303,1.04289550703964
2012-04-18,-0.24007543194420566,-0.13941409272444005,-0.4854237267280082,-0.6912047119125486
2012-04-19,-0.6060066077959606,-0.844716800683766,-0.5587000185225712,-0.41600267754244463
2012-04-20,0.10590025506715538,-0.24057551075980682,0.4129414996266621,0.42838883822160406
2012-04-23,-0.6716336644506277,-0.6428216946964539,-0.6444094220494084,-0.8677539586707752
2012-04-24,0.21062037608614315,-0.48367170458529457,0.396122993626374,0.5316818373640876
2012-04-25,1.1474385581768831,1.852691735133121,0.6648882648350516,0.9042727638375533
2012-04-26,0.5221763969338152,0.3624623155903967,0.709075623547056,0.5068233995562741
2012-04-27,0.19577183555972744,0.5066805620754057,0.2478321472906364,0.6218609622024396
2012-04-30,-0.38361321939773235,-0.5500035203146437,-0.16396064932567697,-0.8167373112905693
2012-05-01,0.4887893687295431,0.09857562497607322,0.4305567567169815,-0.010122496242912152
2012-05-02,-0.1900567227474533,0.23311679125043216,-0.007195232413391234,0.034198647399188584
2012-05-03,-0.674201201418246,-0.7921131447220319,-0.44445475309883864,-0.8243921491015921
2012-05-04,-1.4042338862729813,-1.8129000845631429,-1.1840116798473026,-1.3144510334632729
2012-05-07,-0.036080292821236974,-0.056065709025930284,-0.29586289945445093,0.11229975236838806
2012-05-08,-0.3957650259800898,-0.3567654575649347,-0.5837939015766898,0.1143435980230476
2012-05-09,-0.5759951331064327,-0.3163714701955551,-0.7566649913289843,-0.3937276040818288
2012-05-10,0.05659195547520468,-0.2648157344586761,0.0182334293829505,0.2993529224486138
2012-05-11,-0.25561685512840804,-0.02782223173359615,-0.23220842073085213,-0.21503596577680562
2012-05-14,-0.9604571286979536,-0.7247533560622811,-0.9100603715077084,-0.8300981429892773
2012-05-15,-0.6017064877463698,-0.35373302640227405,-0.5663895525703995,-0.2187856379033994
2012-05-16,-0.43310297202033354,-0.5827704867146818,-0.3381004925489147,-0.56941164557059
2012-05-17,-1.2576311066110184,-1.5342138577028124,-1.120875005710712,-1.3799299376073269
2012-05-18,-0.776792061479511,-1.0180040145286433,-0.5987901073482698,-0.7203331880787717
2012-05-21,1.3327065979237578,1.82946939157873,0.9072848499637726,1.150301045510655
2012-05-22,0.12516530722040609,-0.0834463423410037,-0.013207232053803537,-0.2781921950969383
2012-05-23,0.06633511815070639,0.16588645308643607,-0.02825419937567991,0.2896099131239733
2012-05-24,0.12833425860586964,-0.49765434701442307,0.208134130990071,0.2496345445172403
2012-05-25,-0.24055156807821026,-0.07994881417005789,-0.4897413889599087,-0.04872147453552222
2012-05-29,0.8878120601894475,0.7638156774012927,0.7712441667008251,0.7624000508727706
2012-05-30,-1.1299815735693661,-0.5387078533798686,-1.0449653514343153,-1.1143195474169023
2012-05-31,-0.3242936457866773,-0.4404275465807057,-0.33839055569760057,-0.07524183546373983
2012-06-01,-2.1565934729460112,-1.9384176328977212,-2.021711407737177,-1.8025477809507373
2012-06-04,-0.24615689512808164,0.29821084673288895,-0.3493018106824106,-0.4700666609760644
2012-06-05,0.5184755976373616,0.18497679615267096,0.11786086678837955,0.7101189649841689
2012-06-06,1.7758332116807152,1.570386185745456,2.0088348572239934,1.5358872274239248
2012-06-07,0.2597662869822436,-0.09633319763679798,0.5755510246135759,-0.12707516708270658
2012-06-08,0.6780117948910858,0.7159907182706521,0.6969151983120967,0.7344122249199007
2012-06-11,-1.040782751579646,-1.1779311279636353,-0.9797076674557439,-1.4500978696023188
2012-06-12,0.8503092347220905,0.7520688764006724,1.0435898690998706,0.6522103605785888
2012-06-13,-0.43530512868342214,-0.4073718285221615,-0.41017971369195977,-0.5752188749799236
2012-06-14,0.7709912009959192,0.1861489304930811,0.9885598006195983,0.7387198090666818
2012-06-15,0.9279748887448847,0.9480973740653119,0.9277757102257058,0.8347203959858923
2012-06-18,0.18563853311429837,0.67598097657783,-0.1329446429868405,-0.07184957755272052
2012-06-19,0.702509177911454,0.6573722003245887,0.5646374068779559,1.1114136024168166
2012-06-20,-0.12827259627662618,0.0846343383341677,-0.06415347145423973,-0.06140576695869274
2012-06-21,-1.892601533798708,-1.7997539579692636,-1.7673551848212976,-1.4962780655183536
2012-06-22,0.4214349145219735,0.5289515141518933,0.25349524375812826,0.5222555588517728
2012-06-25,-1.3502389240551849,-1.3958462908642142,-0.972656619784405,-1.0400398659133738
2012-06-26,0.30971871618762503,0.33388415921322,0.13031122046476473,0.09111596842345598
2012-06-27,0.6820610218227655,0.37197493161351036,0.6060472759113578,1.0181462966104933
2012-06-28,-0.1984674641682605,-0.7414279854851855,-0.12429884647464225,0.21302020329826146
2012-06-29,1.9848876382832017,2.1184875454560443,1.8826798561282372,1.7542248808400662
2012-07-02,0.3609356545195057,0.30860511795923085,0.0908024228310383,0.7031704470599732
2012-07-03,0.4697080261840858,0.5573618982489857,0.4124964560798251,0.8320674239675989
2012-07-05,-0.3695566540820931,0.035775862826733396,-0.3060544388347771,-0.03401941863804836
2012-07-06,-0.8868608749172596,-0.9647458449872609,-0.947596187632876,-0.6412349905030014
2012-07-09,-0.23458506509714633,-0.2507697025459026,-0.38247987424979524,-0.43388575152406683
2012-07-10,-0.7435945723936405,-0.7510991161730762,-0.6040926179054241,-0.5829053026434697
2012-07-11,-0.05090327387917415,-0.4621430328667189,-0.39177040462438856,-0.2098974893721401
2012-07-12,-0.4422242850589252,-0.7199189879400417,-0.27579081059587673,-0.3416906286996366
2012-07-13,1.3746701182354921,1.0207380885530004,1.4304747385840486,0.8229052750700492
2012-07-16,-0.07139139937629532,-0.09308268811484358,-0.19019435731191653,-0.11454492816633235
2012-07-17,0.5076260640149692,0.3191489836415934,0.47613893121292494,0.10376255387970168
2012-07-18,0.6557509560890012,0.9709224913253894,0.7705337367254524,0.34705649760467805
2012-07-19,0.24291459797281145,0.7999922633032349,0.28871948478691445,-0.295727858428606
2012-07-20,-0.7922642108595405,-0.9332480273152202,-0.8428697437208231,-0.7230988360892642
2012-07-23,-0.9319874354232612,-0.9226987197804676,-0.7985447310111089,-1.1903282829456863
2012-07-24,-0.750181521763078,-0.640752987620838,-0.7635545912326382,-0.9221233392661506
2012-07-25,-0.0768961972166354,-0.5714163899799964,0.31339492450390816,-0.06480940124367161
2012-07-26,1.3730994672546228,0.9478766642307199,1.5237083287338589,0.6279218003355628
2012-07-27,1.6207485039866971,1.7469557183474484,1.4272686032543436,1.620174053444055
2012-07-30,0.05449849806053642,0.028904263123119417,0.053359865873013376,-0.09606526485907466
2012-07-31,-0.5853465531181087,-0.025061367206788417,-0.44608821672804577,-0.5153686294111756
2012-08-01,-0.17309976134246458,-0.29846290689585475,-0.3067311366463875,-1.1749332905847711
2012-08-02,-0.5831148893467698,-0.2654369059300129,-0.6733530304935172,-0.4187233762979842
2012-08-03,1.5133621627110057,1.217218924019153,1.3782219977986716,1.552645155078122
2012-08-06,0.23758363659861687,0.6201414787003047,0.25400024539365096,0.6097416957304373
2012-08-07,0.3548935412227857,0.5414899382084268,0.29160965536790645,0.33644638223127676
2012-08-08,0.054167079444160715,-0.047057432414678475,0.018593408488352017,0.17913919419287802
2012-08-09,0.03942057744142811,0.1889816766388822,-0.09244248539008476,0.22095421382651134
2012-08-10,0.0756949552538194,-0.01807155434580801,0.22792589742733899,-0.20231743294076812
2012-08-13,-0.01933451951387554,0.179171980382734,-0.21572858342121143,-0.03602365958690013
2012-08-14,-0.06907851989833949,-0.038186989516567627,-0.063756832793305,-0.32176657223329613
2012-08-15,0.08539203484372099,0.16177573713529642,-0.04524332994910077,0.5205263088382445
2012-08-16,0.5242165882413612,0.7643516185308535,0.4976171136859691,0.6734088267253376
2012-08-17,0.09192483217777718,0.29855933981928706,0.1668724073204517,0.54588181654786
2012-08-20,-0.0648112353701448,0.06568204413565197,-0.07650396096062999,0.003948272822504276
2012-08-21,-0.3145645928247258,-0.32654604010926336,-0.5075853515417313,-0.003857605019157815
2012-08-22,-0.057673103247193214,0.19758403254299567,-0.3008944250345096,-0.478405930479057
2012-08-23,-0.6996311370978046,-0.6282280778104302,-0.8043092530229118,-0.5743703826445297
2012-08-24,0.4011294274835122,0.34014375744341707,0.5770791392048435,0.012163122665254558
2012-08-27,0.07252324344715441,0.15145164682210654,-0.13578227851032626,0.23972685227328944
2012-08-28,-0.16515006515082326,-0.06267087492669754,-0.23181494979544456,0.1876557432876628
2012-08-29,0.0029381160540124483,-0.06197005412344482,-0.024736905698856386,0.2031610048768779
2012-08-30,-0.6301999762564372,-0.7484264096149078,-0.7478048491939235,-0.661699740334379
2012-08-31,0.31032153081858727,0.3661843588359879,0.5146891968213041,0.28950371488668847
2012-09-04,-0.041635771135311264,-0.054362985701976535,-0.30196098163143137,0.6129795569045001
2012-09-05,-0.2060313655703777,-0.17339557486015375,-0.06547789459258213,-0.05419636845987598
2012-09-06,1.6233046225041163,1.4904928183846644,1.6180130069386003,1.2040937800619191
2012-09-07,0.4503488902470578,0.017665859773681653,0.2370893878105535,0.7021275364548856
2012-09-10,-0.5038555767490446,-0.8887771591587582,-0.36173940708502783,-0.34142198283750713
2012-09-11,0.21436104009220966,-0.16088272917750215,0.45008270842867415,0.2734338648930994
2012-09-12,0.30876978473049793,0.2058139586323503,0.11512532464421209,0.39052007178111864
2012-09-13,1.2418175969725065,0.8860690869992254,1.2906566829510056,0.9329351754054157
2012-09-14,0.4332002601799279,0.7345706930965825,0.504565908329809,0.831477181017286
2012-09-17,-0.3200258128122189,0.011200565297660498,-0.2886989816783636,-0.49588853790615556
2012-09-18,-0.1590818735795882,-0.008927955747128312,-0.00974073424087444,-0.27030425963999233
2012-09-19,0.03022577161772492,0.10821106634222041,0.07275176441207737,-0.19760455558947757
2012-09-20,-0.02843192947010505,-0.09020570660122143,0.10261357042718126,-0.2909052397043294
2012-09-21,-0.045293298130977246,0.01939906417689331,-0.09625102494976924,0.2559774210804373
2012-09-24,-0.24084242501862424,-0.47362185302740084,-0.19758507937270858,-0.10726100325278756
2012-09-25,-0.8199453975760331,-1.0230517453262777,-0.683700300259433,-0.9966271893743662
2012-09-26,-0.5554443791837291,-0.648169065170643,-0.33413482861046173,-0.43581148285830357
2012-09-27,0.755294219557477,0.8837615158902952,0.4363444981652216,0.5394327337323731
2012-09-28,-0.4737679078354729,-0.5972391259089398,-0.3384861042839475,-0.609303336429937
2012-10-01,0.16943084322757432,-0.11770191511303085,0.502723129944201,0.24931368114324665
2012-10-02,0.17158946429613992,0.22153902818326043,-0.1537819378861691,0.1554657598543113
2012-10-03,0.23087047459435464,0.36198748236726214,-0.02070789756864786,-0.26844978455740426
2012-10-04,0.6864778371912319,0.2349766298316467,0.5349000962752546,0.5193562887263324
2012-10-05,-0.00980430949713687,-0.313242780631673,0.29874384588127784,0.04978583236368906
2012-10-08,-0.21844221488127946,-0.6228211949156728,-0.11182869810015719,-0.3719710834783619
2012-10-09,-0.8172104122917431,-1.1607336962685828,-0.7322044485134515,-0.7250982080920435
2012-10-10,-0.6057498362637648,-0.44271057550701587,-0.8978056397230746,-0.2322358985289948
2012-10-11,-0.09480376775822133,-0.3791654579589099,-0.2743563499845433,0.2184719124085683
2012-10-12,-0.3283997850191683,-0.08430944051953884,-0.016759745941213766,-0.6629940929253791
2012-10-15,0.6671874406300331,0.48358857542172606,0.6448573696279337,0.3389181484027006
2012-10-16,0.8888423169694813,1.0124582030407094,0.8568691097333594,0.4033098431763886
2012-10-17,0.3849632379102354,0.022744783620891065,0.11193830715670715,0.7815841307421764
2012-10-18,-0.20087800903097233,-0.8261349051114896,-0.09153893758160334,-0.3629373793275515
2012-10-19,-1.3804646476823241,-1.6850840972112624,-1.2782294140763015,-1.1142488177548706
2012-10-22,-0.0475766871850611,0.20206209788277968,-0.10962190404594122,-0.05846481619926779
2012-10-23,-1.2356421161210402,-0.7491724400611233,-1.6498694193035248,-0.41408055701183605
2012-10-24,-0.4362371902707509,-0.47433700613615004,-0.45650093516657386,-0.258023101977655
2012-10-25,0.17819694292453372,-0.06679465060622809,0.1474294240603774,0.2991071864164593
2012-10-26,-0.053163416758849544,0.18463662507309284,0.024707516002612454,-0.2672685512093959
2012-10-31,-0.12021286649811483,-0.46025193947575826,-0.08352750895857657,0.21831794531717302
2012-11-01,0.9400061132952756,0.9472831789866435,0.8648356262838699,0.8362856529304473
2012-11-02,-0.7284030159641014,-0.7160230243482795,-0.8648563369093736,-0.849580793393251
2012-11-05,0.10164286332426672,0.36118291382409423,0.016181798967568772,0.17446864875030693
2012-11-06,0.5524706985531999,0.08403140268716693,0.8631073997848667,0.6147824544492027
2012-11-07,-1.7438870832132984,-1.5835863625381459,-1.9851903682935002,-1.8133370726725677
2012-11-08,-1.2871011545709843,-1.3380412503068286,-1.082868584351478,-1.1726981459540822
2012-11-09,0.05490602702114951,0.18465376383570192,-0.02501378136996349,0.08054814334341033
2012-11-12,-0.023721015063291245,-0.08036750017050116,-0.058725098205551926,-0.22158649511108702
2012-11-13,-0.2745459221721759,-0.5007011990699742,-0.4108806485250266,-0.46684297353430654
2012-11-14,-1.1092497687739435,-0.8694417832869641,-1.3117492078298636,-1.3058028263497137
2012-11-15,-0.2843771254827707,-0.38783979298602944,-0.33570106717806786,-0.4977147924608938
2012-11-16,0.36927444068408377,0.26272478778058295,0.31121498075846155,0.5864528552396058
2012-11-19,1.642338067006946,1.6214454523604356,1.431161688070843,1.4083584304207424
2012-11-20,0.1622970211743663,0.11361944726313482,0.055017729743589094,0.15305781247620703
2012-11-21,0.08518921825760514,0.13633688892200593,0.3086610915958671,0.2892169558447743
2012-11-23,1.0939003002316496,1.0402857236242256,1.1846621470215768,0.748330047550855
2012-11-26,-0.12090884256749174,0.3714121304745165,-0.20044658224136386,0.23795548838597602
2012-11-27,-0.5328379492783573,-0.315245342791152,-0.7170972065142555,-0.19439713039518652
2012-11-28,0.5150403164431288,0.48179004083245197,0.5835757609493426,0.4413443194797141
2012-11-29,0.4175958044694339,0.4447500988934474,0.31114103054370207,0.8388258454865348
2012-11-30,-0.027984399708544716,-0.14249016061680309,-0.01805029063552734,-0.019292269145291075
2012-12-03,-0.42579309525905096,-0.16374275371205232,-0.41720712219890854,0.042111582663714196
2012-12-04,-0.22199336532345898,-0.14405192977546272,-0.19390085627103626,0.07928125730352434
2012-12-05,0.060778190419025595,-0.8440098255138074,0.4864473023446386,-0.04330418127461597
2012-12-06,0.36447943551019674,0.5117617980672752,0.3802148260869665,0.1989583705476701
2012-12-07,0.2287839763258979,-0.45267051057979796,0.5298724640787396,0.0026482181531119545
2012-12-10,0.10615189811458867,0.271038458751226,0.19419611528601544,0.35253207892545124
2012-12-11,0.4988018359218953,0.845753405756831,0.4775739089200695,0.52030162095043
2012-12-12,-0.004977120644514693,-0.16419555583956214,-0.04228854411105608,-0.3007249209002622
2012-12-13,-0.5166644624397514,-0.554039196694766,-0.5066453085444107,-0.4353538360405651
2012-12-14,-0.3498442528324027,-0.7338867721374982,-0.289905144596377,-0.011912550850710218
2012-12-17,0.8993719281145287,0.8578731276397495,0.6274292240171196,0.8928033967892512
2012-12-18,0.9120229775556067,1.0449001233642148,0.7766064858751441,0.9037678445919385
2012-12-19,-0.5712531774169862,-0.2587716374275221,-0.6032530964013454,0.20234882700976892
2012-12-20,0.31651381576319537,-0.11772011518122012,0.2422989064409028,0.28949479986499266
2012-12-21,-0.7317092804555567,-0.735395773984653,-0.7756174251926921,-0.195777513870767
2012-12-24,-0.3496183888997797,-0.2593448327236913,-0.45492111809707303,-0.4501296784359974
2012-12-26,-0.41107308344951765,-0.6999712407099444,-0.22786334226228197,-0.3743674274857637
2012-12-27,-0.12229805946942936,-0.1340830679792522,-0.12095144616746237,-0.07905874087974873
2012-12-28,-0.9351290174768083,-0.7344378473991059,-1.1050041222947133,-0.5501415342044086
2012-12-31,1.2104681803508506,1.297679165003995,0.9413472183286808,1.2308981379618562
2013-01-02,2.0925942595898506,2.2118403408152827,2.0889556210604283,2.147135767348342
2013-01-03,-0.05776721441369287,-0.20074111313956933,0.02526682861639501,-0.01204480845400513
2013-01-04,0.31653754661127304,-0.24071681835932907,0.24333081485974906,0.3175273840376506
2013-01-07,-0.19389292732294594,0.026952757842808622,-0.29796019416591774,-0.3101718749257876
2013-01-08,-0.2779029961368374,-0.21196801350543695,-0.41370073719494804,-0.10337921852553353
2013-01-09,0.1237220537609257,0.18582048621229516,0.323506289085601,0.1411658397300197
2013-01-10,0.6471809645861141,0.41635427555302357,0.5542024264813353,0.220188666971148
2013-01-11,0.018336289949807544,0.125127701360427,0.14529897033563366,-0.11239753854027884
2013-01-14,-0.04992741635154904,-0.312734420817672,0.13975649273543472,-0.017611220404402158
2013-01-15,0.03680974714041602,-0.3535762302809931,0.17861366124845623,0.15410472281060514
2013-01-16,-0.013669006137681884,0.2666216249728333,-0.14256975791355742,-0.13809259296563167
2013-01-17,0.4604120401543455,0.25776306178541464,0.4819299446960455,0.5500310071637186
2013-01-18,0.19969223972063865,-0.1258317816806951,0.3838738740899992,0.23310373729323813
2013-01-22,0.46072444157334197,0.129157442390278,0.436122398777088,0.544304355027592
2013-01-23,0.1399344663121862,0.42335487581298265,0.44354542883831444,-0.16419654963810587
2013-01-24,0.039971047267717906,-0.9555588966127393,0.3334588787153101,0.11295294901939527
2013-01-25,0.4831618704517133,0.3973407662064462,0.4942859769975383,0.2285517697384001
2013-01-28,-0.06367335145078762,0.14618785612340643,-0.04937236126627658,0.2372340308864866
2013-01-29,0.24603656310492633,-0.04760977451471193,0.39159025245171064,0.08909824231419673
2013-01-30,-0.299531608615088,-0.12268500575919136,-0.235133440013598,-0.7195234029291953
2013-01-31,-0.23754169692264873,-0.20445529848413538,-0.34709760669497935,0.3750764323329327
2013-02-01,0.7225077630397019,0.730762864933024,0.8338600295987494,0.5629372030383565
2013-02-04,-0.8695717180784901,-1.181556228466358,-0.7354956015187811,-0.7618279405196096
2013-02-05,0.7357111815603548,0.9396473690074789,0.5347949411676112,0.41881090532287996
2013-02-06,0.06991951952105718,-0.23462494798521993,0.07087497555613893,0.3413387866442909
2013-02-07,-0.12016725203875281,0.06055937968374743,-0.2721129645830729,-0.22847219697493662
2013-02-08,0.39353656849762536,0.6335752803268843,0.24314391050551662,0.3725121576439922
2013-02-11,-0.040149498664504187,0.005189482847856537,-0.14632925576752714,0.0047357106208317165
2013-02-12,0.08354790291742382,-0.32422749600650896,0.24793840997952296,0.37885567662869357
2013-02-13,0.08580248949462636,0.25343686226870404,-0.1884076154897139,0.28771810372364387
2013-02-14,-0.014958888998349809,-0.11634778142566671,-0.15852933051458767,0.093672791815677
2013-02-15,-0.12104124376540755,-0.23948264005126513,0.028347298756245167,0.04924662372330617
2013-02-19,0.5956307484458799,0.47637052668816443,0.33829078192331624,0.5768603561847263
2013-02-20,-1.0404016017678208,-1.0977606816471301,-0.693569967082326,-1.311857128379137
2013-02-21,-0.516194075073847,-0.8008683519568317,-0.3109640183353922,-0.6923229896093153
2013-02-22,0.7446482718083784,0.6411664532826395,0.7231413912573171,0.6511330729080054
2013-02-25,-1.5340556408525172,-0.8418460151912492,-1.3105317655357982,-1.383804284484073
2013-02-26,0.37133253460275073,0.08936995434723805,0.5449446490222327,0.16935032108331222
2013-02-27,1.0281409644594988,0.7394669012541599,1.1464723430299704,0.6960798971809458
2013-02-28,-0.06656207240192824,-0.05162383281148476,-0.012694167561547426,0.1014644239349224
2013-03-01,0.22013826696844846,0.2500496986096772,0.1737998500238192,0.2112273213801449
2013-03-04,0.40063289838109345,0.28035896469757954,0.21702114792531726,0.06480529894434667
2013-03-05,0.7352475841436485,1.0239306585509917,0.7857056338453564,0.6594595258823471
2013-03-06,0.14725620223072627,-0.13151836785129298,0.3210100623869357,0.2028242968730311
2013-03-07,0.13591017221165208,0.197966026074908,0.2092161240621619,0.2903309852229015
2013-03-08,0.31139758308595356,0.04731919942295433,0.3897784221413233,0.47020428127759967
2013-03-11,0.30547648066873956,0.20622604159729338,0.31812366053426483,-0.03373643374083874
2013-03-12,-0.16336311842615195,-0.24807372935524785,0.04272789494065768,-0.1476236193745066
2013-03-13,0.10173725452781424,-0.10563671533494,0.03501691126520708,0.2510205086219759
2013-03-14,0.3839451709944979,0.189231881300575,0.46376591231145164,0.7057322327482604
2013-03-15,-0.09322287959105938,-0.1894999595494498,-0.11939372586037368,0.14278608809821527
2013-03-18,-0.5094471129763729,-0.21397706938905117,-0.4336981397734169,-0.41891492777407047
2013-03-19,-0.2718783670873822,-0.22078963261582854,-0.05207267410310488,-0.3024653973277853
2013-03-20,0.5182716921908231,0.45293632006674056,0.31465082446106,0.4862102835682832
2013-03-21,-0.7266917844207151,-0.8072376735077623,-0.5656955088246031,-0.5089681371868986
2013-03-22,0.5995223903019572,0.6065229676834022,0.4967045365173026,0.03139651275051389
2013-03-25,-0.31733909842658947,-0.24463898750685814,-0.3493021880514173,0.1417117103494578
2013-03-26,0.5657120663856807,0.30984608869140834,0.5936725351490897,0.12928852118783285
2013-03-27,0.05660116757744795,0.13217970407719568,-0.12632114248678217,0.15099761062209818
2013-03-28,0.1967578603118836,0.1192424680474893,0.25606582566084607,-0.21872019691215258
2013-04-01,-0.2870281930038068,-0.45627888410749745,0.015499523529060533,-0.6735689992182956
2013-04-02,0.4117076792974506,0.5487951480814698,0.5616251772281727,-0.4361414020175886
2013-04-03,-0.7932843094941909,-0.6045477459297073,-0.6062159862026644,-0.9991859538488103
2013-04-04,0.24045159732543062,-0.046964324072385495,0.255037197537065,0.4069829194886356
2013-04-05,-0.38475234219853,-0.5902832654163028,-0.24167512649846568,-0.030086405448479278
2013-04-08,0.5026095001773918,0.3054691476022615,0.24665790975336865,0.5946612459129752
2013-04-09,0.25834056684958306,0.4337171685575075,0.3363670428652169,-0.19632520605234294
2013-04-10,1.0298568697114778,1.3574790912318493,0.8146939900470731,1.1403206112315802
2013-04-11,0.23880843107186173,-0.007429748428773239,0.3638649974028253,0.09937881370614883
2013-04-12,-0.16929442313495857,-0.008254469581230328,0.042646956740083716,-0.2964720944594914
2013-04-15,-1.9316329063903066,-1.4170195700514752,-1.5850677390558392,-2.637206364760151
2013-04-16,1.030541556660262,0.7554174866158795,0.7792017719763367,0.8542818933437365
2013-04-17,-1.1775992875193975,-1.3240267814577138,-0.7692976657665712,-1.229248025491144
2013-04-18,-0.5384488076343378,-1.0315908909003337,-0.5178453502789645,-0.23829128546052736
2013-04-19,0.6205229929814313,0.8498112752568047,-0.014235463445196793,0.6779238548380043
2013-04-22,0.29905431163751706,0.6258576980944602,0.03962320867905131,0.12022644343553548
2013-04-23,0.836320436325397,0.6572159455315583,0.9087410577333273,1.1232011355423326
2013-04-24,0.09488766683690518,0.03574839669346183,-0.18315444038659798,0.5437202662021585
2013-04-25,0.23695069673450225,0.288982956214515,0.04004775732311475,0.19796394394840922
2013-04-26,-0.1478126095350923,-0.24787158029438008,0.06494176215043591,-0.4034287177903095
2013-04-29,0.5602841232820908,0.6415362220919688,0.6606515411376896,0.5272477162739353
2013-04-30,0.19043261418545232,0.5172643643917911,0.14853588995308348,0.45071211666978406
2013-05-01,-0.7962884677680149,-0.37150876603761457,-0.8887251710321857,-1.6909735974312354
2013-05-02,0.6680136722861811,0.7862901588560137,0.6799552943309857,0.917106807710792
2013-05-03,0.8298770406939435,0.8530876928181351,0.8818556025334122,1.1234925613599087
2013-05-06,0.2031155970853979,0.29866225276896774,-0.010312286545399937,0.4786563134005072
2013-05-07,0.33760186610924003,-0.0928298654736775,0.42955171763682404,0.5586511573429629
2013-05-08,0.41143587479379984,0.36518533880516674,0.34120570393734106,0.2309296209821257
2013-05-09,-0.22548758858954493,-0.11300657044940093,-0.12417925168155493,-0.2866671260400858
2013-05-10,0.22868208519389485,0.38835965279188667,0.18260808754866145,0.34917165559444774
2013-05-13,0.009363116981973951,0.05037401643010226,-0.19332541407999337,-0.2556294644113706
2013-05-14,0.7937123048510878,0.32036480899180503,0.6656486732513822,0.7016402990014218
2013-05-15,0.5177188767076399,0.20612363073846657,0.4382601438370699,0.2887299697231567
2013-05-16,-0.3265585890119583,-0.05081160406107584,-0.18949965572359906,-0.20005832900923723
2013-05-17,0.725422154267769,0.6043557578030853,0.6441955086159781,0.6026246159432952
2013-05-20,-0.0046019961976525095,-0.08139187058737579,-0.08668700777324707,0.3623977545967565
2013-05-21,0.07084189750553878,0.03302690609936806,0.24945889005106237,-0.061401962437850635
2013-05-22,-0.5919524079241503,-0.6156313040803755,-0.4260289495572491,-1.0985646133117675
2013-05-23,-0.2796908373689956,-0.21027018688384413,-0.11051849627684356,-0.09324748638438829
2013-05-24,-0.12624221454401385,-0.08670421585324187,0.015258332930709974,-0.00029814015978248815
2013-05-28,0.42501887370995317,0.4056741207227823,0.56211806399153,0.7490690938459093
2013-05-29,-0.5461751100309601,-0.3280450405833054,-0.595024639008536,-0.6573481811773478
2013-05-30,0.19398849568970716,0.26889531780636494,0.01209356883526011,0.31347647655487443
2013-05-31,-1.2205111180027226,-0.6775587366130775,-1.2277441676682546,-0.7718744898162095
2013-06-03,0.2718844183298431,-0.048789247534505004,0.6090748810387844,0.5178130362218908
2013-06-04,-0.3699892303111665,-0.3276453666411408,-0.3710419868770025,-0.5241386051676493
2013-06-05,-1.2271449739200155,-0.9930364174571532,-1.342879254518349,-0.9908338417399205
2013-06-06,0.5746367095893795,0.1724424915737898,0.29767986696216503,0.5683873263068111
2013-06-07,1.047171701074978,0.9464922829834815,1.2243960968419143,0.46825045153806216
2013-06-10,0.14729837500639614,0.14300501781560082,0.11658321835805963,0.5167687086642354
2013-06-11,-0.9144662702989039,-0.7321016228258874,-0.735693720376361,-0.9909573264124377
2013-06-12,-0.7654890834625222,-0.9083405059371408,-0.8201023193695126,-0.7487939375390154
2013-06-13,1.1247241358772324,0.768676917564105,0.9445661052743699,1.2283876056833805
2013-06-14,-0.44057311864264315,-0.4066801634880439,-0.5213511663169013,-0.42923580691626073
2013-06-17,0.5665833078352702,0.5922176227464342,0.5571467740299197,0.27688827894493384
2013-06-18,0.6744928367511421,0.5949711449767686,0.849306852483822,0.8465126120453772
2013-06-19,-1.1046845514073058,-0.7301185713046885,-1.1272274149859756,-0.8886836902086382
2013-06-20,-2.2189918222652296,-1.842773935949347,-2.259722622089754,-1.8716439049006781
2013-06-21,0.011126285093745358,-0.6210627299684905,-0.020515159829106122,0.052590873202661204
2013-06-24,-1.0166322353120998,-0.7069582235023257,-0.7919493001892558,-0.8469738681362311
2013-06-25,0.6894233594780842,0.3819753840957847,0.5038654065379955,0.6821024853523038
2013-06-26,0.7843694679041464,0.6255197304495642,0.8895684509700634,0.3004223289478175
2013-06-27,0.5830962508494391,0.3778120379635536,0.7897946676132208,1.112190189114815
2013-06-28,-0.32702308725542706,0.12872308174627822,-0.6360721700727477,-0.12671364233598387
2013-07-01,0.3102753922608953,0.27876883758185156,0.20051460051292108,0.6183518209700652
2013-07-02,-0.08730094608962771,0.023452225093138816,-0.24337184342487062,0.15826643071656898
2013-07-03,-0.03797110409877173,0.20960304365609012,0.24807593680445936,0.06446907590665231
2013-07-05,0.8570828277067111,0.516370592991445,0.8695008421709517,0.787566856545566
2013-07-08,0.47680727784357324,0.1165594673448504,0.5540446804484976,0.316375652349601
2013-07-09,0.6484550611993014,0.4641395800665308,0.5009651982657406,0.6691891066955465
2013-07-10,0.043701136260248116,0.4032465718129357,-0.03182325964570757,0.15068533026527495
2013-07-11,1.0423175196020489,1.3115616117462352,0.9069287292533693,0.6756789464181338
2013-07-12,0.05923788927978415,0.35595585640304117,0.06881721395098941,0.13954317612172645
2013-07-15,0.26389935258019265,0.14024959356951594,0.07217985631326967,0.4357994472989579
2013-07-16,-0.34898863565082094,-0.11994202903948434,-0.22204645778960824,-0.13359930785269253
2013-07-17,0.15413924200548898,0.11456860920471505,0.06515601931961215,0.22394578787439307
2013-07-18,0.38862185059722637,-0.21444941418424307,0.3948656534417245,0.6072477884960786
2013-07-19,0.18585769522676626,-0.6948613571545306,0.023886957762375344,0.11253916850109894
2013-07-22,0.20768232419843147,0.19831293949363019,0.041769897956458524,0.3198455498451107
2013-07-23,-0.16974622569491532,-0.5628045063701345,0.12090477699709032,-0.012185817925711457
2013-07-24,-0.28975282896360516,0.2215606331823705,-0.11492043364010768,-0.5291209501565793
2013-07-25,0.11674075357279726,0.3582271830160887,0.010759565182643614,0.4329576281833224
2013-07-26,-0.016926822289159864,0.3180376015574005,-0.06600438122476686,-0.4175355178353259
2013-07-29,-0.28403101423941346,-0.15824494638649522,-0.2334256934293337,-0.5578479305354248
2013-07-30,-0.03688214452676174,0.34208662498797465,-0.03257144439307729,-0.06178929865362065
2013-07-31,-0.008286230584792317,0.07978655462117634,-0.16713814289820855,-0.11418100039351219
2013-08-01,0.8712202576410866,0.6595713418383168,0.6620254878908944,0.6647460429343166
2013-08-02,0.19714952734850202,0.4403889527332727,0.2379688403543101,-0.017914241482812066
2013-08-05,-0.11253231232973734,0.04369784518759026,-0.2439498109791709,0.09845146256897896
2013-08-06,-0.5589372043830975,-0.48531433927618683,-0.6139379499414117,-0.6909524205375183
2013-08-07,-0.3309675529797114,-0.205196943662281,-0.3397771465322539,-0.404391768417412
2013-08-08,0.24555251313875465,0.2845949778554927,0.1130826481260152,0.22311771039127956
2013-08-09,-0.2671749506961466,-0.30698062886844046,-0.4330700475039811,-0.1385315532184547
2013-08-12,-0.15905105268422454,0.09589929261814902,-0.102845116241252,0.260521800115744
2013-08-13,0.17745483578057442,0.32371884611394053,0.13016311364662936,-0.2046699662531253
2013-08-14,-0.4505862965764413,-0.2837347489294345,-0.6634755315522523,-0.26690949932394925
2013-08-15,-1.2489343719458323,-1.2786589788412188,-1.4030822316157623,-1.1790282064930175
2013-08-16,-0.392848806471917,-0.17296063423471958,-0.3190109633375526,-0.4612970084117527
2013-08-19,-0.5604503910001162,-0.19129687607024554,-0.43256990396570355,-0.8063873817396975
2013-08-20,0.3077272143506262,0.22881269573070068,-0.12050640040600206,0.9181562093079917
2013-08-21,-0.6072783987347444,-0.3086483083926303,-0.7191331150449408,-0.5704935546929567
2013-08-22,0.6694200220608774,0.5797137959099545,0.30674269523911746,0.8843057811033967
2013-08-23,0.2501867871847128,0.44905174338395726,0.2557175956824423,0.1738534364074975
2013-08-26,-0.29223497808459603,0.03638319794030105,-0.3543318053476845,-0.07231489572998642
2013-08-27,-1.42703066606611,-1.5215481656797267,-1.1034604289043308,-1.482671093936513
2013-08-28,0.19245936386187915,0.16369793748088873,0.1974517751859351,-0.0552442220784678
2013-08-29,0.1116192448546686,0.45999865011862506,0.10085490376923528,0.49572342805178093
2013-08-30,-0.331320382273967,-0.49986102665156373,-0.23896056103075083,-1.0800814046537452
2013-09-03,0.36386809590483676,0.38505977608713743,0.14190807193691898,0.20148625961418312
2013-09-04,0.6601282805937393,0.7236431145139238,0.5642300370180984,0.47935298327055165
2013-09-05,0.13394016204384562,0.14710719356376153,0.0823810225660069,0.21826035844158126
2013-09-06,0.0070711282657036,0.060519113763088966,-0.1142270375584785,0.12011832072925518
2013-09-09,0.7221817298780907,0.7572222630030997,0.7685497467465232,0.950727746797325
2013-09-10,0.6190542492940903,0.3671468944390464,0.7840941329428147,0.6060387840200353
2013-09-11,0.2615879892589115,-0.08379082613156218,0.8315561187617059,0.04352232716919478
2013-09-12,-0.10850674889083285,0.028581012496653943,-0.03240113465956687,-0.3763637591468221
2013-09-13,0.10646750025058932,-0.015926260908827934,0.3614090011956446,0.14268552771456763
2013-09-16,0.47438144158306905,-0.17124666231332641,0.7067085438723228,0.2594357318106009
2013-09-17,0.42641223890138796,0.5205233976212309,0.28193213489791236,0.6014525877713719
2013-09-18,0.9000632670716907,0.7875027933604993,0.7887579035423015,0.6969973331774916
2013-09-19,-0.08725634162183664,0.21668652743741246,-0.16163461820804254,-0.13397532052632732
2013-09-20,-0.6264977114142821,-0.29312711432663,-1.0983049985558464,-0.18653294078493113
2013-09-23,-0.5607658899539674,-0.3009660570807196,-0.48409611219431803,-0.09344954139871645
2013-09-24,-0.2628095654109018,-0.0818567067547076,-0.4356855803830865,0.15058838122585474
2013-09-25,-0.36575669398113875,-0.34865101924155645,-0.47798021532315893,-0.12927483035157045
2013-09-26,0.24095411037832357,0.46108671985069827,0.2428052311824418,0.17136164453612282
2013-09-27,-0.3866437264852925,-0.10553480967775881,-0.3951780209957585,-0.28070272208230895
2013-09-30,-0.5342289737885748,-0.24393776794421723,-0.8319005939862275,-0.0584447890668081
2013-10-01,0.48126987724373044,0.5614549708496992,0.19115087852272433,0.5730488491834709
2013-10-02,-0.09049872337549171,-0.04615340407554656,-0.3447200760115965,-0.29668769928964245
2013-10-03,-0.7849043281739035,-0.8612920286421784,-0.8363203221226458,-0.7216267509761478
2013-10-04,0.5472012647718301,0.5101087767538346,0.36980577737022857,0.2941962686420848
2013-10-07,-0.6892172655140213,-0.5828223339881928,-0.7649157315959922,-0.5523886492397013
2013-10-08,-1.04432078753781,-1.4511084996124792,-1.0398081929582776,-0.8263858632833061
2013-10-09,-0.026602488733962433,-0.3281770316582419,0.06517080483506375,-0.10311197669846733
2013-10-10,1.7536660200951166,1.4306148671199765,1.9168918867055653,1.4512081558531813
2013-10-11,0.676357449899973,0.6975471544053083,0.8348225887238251,1.2131754162632287
2013-10-14,0.30280190629460063,0.5093723808436986,0.36407926972696225,0.1685285749823553
2013-10-15,-0.6269051893079874,-0.2877743411017939,-0.7836018866298512,-0.5762100502493088
2013-10-16,0.9936806951313629,0.6691113761541363,1.0360580512863216,0.5250920844210609
2013-10-17,0.6547235553834219,0.5010672334084322,0.13311824355754537,0.8121085309285604
2013-10-18,0.5102903301085259,1.0854763039435678,0.10001035220604637,0.6244996066464437
2013-10-21,-0.02715601185700656,0.10615721561637552,-0.08021630482796524,-0.056630580838377804
2013-10-22,0.43271085807167103,0.08206203776987471,0.3984143322501151,0.23146677005135596
2013-10-23,-0.35265343422346995,-0.3900558310968208,-0.25754000091861023,-0.1888877998673079
2013-10-24,0.22957577639004315,0.24846660837855042,0.5034030355202871,0.24623731636287502
2013-10-25,0.3708921152871814,0.4996567269267442,0.376024670483879,0.1853841856797885
2013-10-28,0.09320155611423467,0.00603339624652224,-0.02812475165010824,-0.022666084896139263
2013-10-29,0.40782718907974624,0.09994483894660554,0.5998287443001025,-0.0068026527120960065
2013-10-30,-0.3178094787866083,-0.004716502825688917,-0.23558719655249286,-0.6514439673472223
2013-10-31,-0.2936308658590153,-0.2211102450315436,-0.46593397812174947,-0.5266314881403553
2013-11-01,0.11515059265222166,-0.0491293846973273,0.3145307821867144,-0.24579018928818755
2013-11-04,0.3409044029305629,0.13689532868616175,0.21000706355688376,0.7302195436245013
2013-11-05,-0.3045515782385616,0.041813305723124215,-0.15812261769446753,-0.344640687969559
2013-11-06,0.367218478125033,-0.0760363758407541,0.679392840755174,-0.11740274903546893
2013-11-07,-0.967929098403286,-1.2456716610283576,-0.7510734644360801,-0.9956432775050618
2013-11-08,1.0161128010199358,0.8455096001424848,0.8576713103441113,0.9551627975788582
2013-11-11,0.05133962202990203,-0.08597337488877091,0.17688074956058336,-0.06216887758284652
2013-11-12,-0.1506211817934826,0.11546858886737678,-0.1594703422916986,-0.06488617510403852
2013-11-13,0.5707862738616477,0.7671219841493687,0.32279685744672837,0.4517533383519905
2013-11-14,0.37160478912560074,0.20221693632577717,0.278039554126283,0.15487285939572262
2013-11-15,0.3844653736388227,0.16213421690912275,0.5049383169695373,0.19526868021556185
2013-11-18,-0.231228346165345,-0.6440321846292413,0.14748599218454617,-0.32940488453359135
2013-11-19,-0.15888705733913883,-0.19544083884706642,-0.012167345465955798,-0.33424034923962936
2013-11-20,-0.2948031939472783,-0.21710107814022384,-0.38962514068487875,-0.10966828985378635
2013-11-21,0.5594611134774179,0.6170826317389323,0.506118829684837,0.9627149218695432
2013-11-22,0.38863078853545907,0.3661113393684989,0.30194324918857113,0.41357688145407834
2013-11-25,-0.09826394111445019,0.15628221094186553,0.029535115316504875,0.09059467772919995
2013-11-26,-0.02249333287051515,0.3252871469499245,-0.027641586608510665,0.3490131540710852
2013-11-27,0.08875068334213163,0.41068486593923914,0.04146040326668367,0.4345271946544032
2013-11-29,-0.13985031334296366,0.36068074393931676,-0.12964410675438667,-0.04625498786665596
2013-12-02,-0.2994087752018184,-0.26520984158777994,-0.49630362421302954,-0.6559428680701175
2013-12-03,-0.42084703737319895,-0.11314467233324871,-0.5866364752718164,-0.3994088621296977
2013-12-04,-0.0822874939110147,-0.018317391897979783,-0.2109296397197671,-0.19998084220271006
2013-12-05,-0.40110785867429577,-0.13355668410994564,-0.4126950771354291,0.020228882803030878
2013-12-06,0.8066640488742564,0.41538727451599455,0.9998659974644284,0.4985844523223123
2013-12-09,0.2935958304033696,0.36810894695708696,0.14999845742335347,0.05159988695473487
2013-12-10,-0.31626753481077174,-0.07132055753251416,-0.3145259498676385,-0.6631888542029994
2013-12-11,-0.9546888709322957,-0.9427297065488978,-0.7419618402369792,-0.948129269063629
2013-12-12,-0.3564604806411501,-0.2637657582777455,-0.6509353675107504,0.08232443586417244
2013-12-13,-0.15041381457123765,-0.22419133137840253,-0.05697276926171585,0.08741893703912657
2013-12-16,0.492641005387149,0.3528377104208722,0.7139600632954479,0.751463814688743
2013-12-17,-0.24701469991636327,-0.11876296742398913,-0.009763590559947133,-0.071606352268215
2013-12-18,1.3048082447618101,0.7503856531867714,1.5389672598223458,0.8935706018953331
2013-12-19,0.03814340899049026,-0.05555974572407604,0.2342056656037144,-0.47250410625536915
2013-12-20,0.4925658212067564,0.715795003529037,0.2513190484009071,0.9367800482259356
2013-12-23,0.35424050286311365,0.6763133660153001,0.3265375440797313,0.6260808254492047
2013-12-24,0.13616620281259392,0.009187654243341288,0.30966306456865605,0.36361282989957666
2013-12-26,0.38934468686557805,0.23369810284885797,0.652751565225574,0.00672485711352748
2013-12-27,0.043362690431967554,-0.1317308017887678,0.0651996707652635,0.012704344183930086
2013-12-30,-0.04058191399254619,-0.12639652324279138,0.11197687097245708,-0.17194462392146198
2013-12-31,0.38472258535074494,0.43874273917910955,0.3975739603434185,0.16547540863337318
2014-01-02,-0.788999574583671,-0.5489171593967633,-0.7051982967592945,-0.7429898811187057
2014-01-03,-0.1240587561604087,-0.5998248449989967,0.04786258166698365,0.06568842795903217
2014-01-06,-0.24079905408514446,-0.26940607095848396,-0.2252581083311794,-0.4422151166030572
2014-01-07,0.46152762934884284,0.5779225718717328,0.5230896048389359,0.3939751175750984
2014-01-08,0.02563928796880935,0.16379751492340225,-0.3273177736484002,-0.13029300852953887
2014-01-09,-0.03373632863596718,-0.30083844581067615,-0.19463411950432846,-0.22370375062429643
2014-01-10,0.2413058044231185,0.21619663820172214,-0.0230353999172618,0.2545346700857639
2014-01-13,-1.1058851711600248,-1.0754444406363644,-0.9789743751949057,-0.8121036019961302
2014-01-14,0.7813472339172042,1.1971906788244349,0.5178899874716303,0.6037985332710334
2014-01-15,0.4007100030777419,0.5410027219638771,0.5569781625680349,0.4615550592547036
2014-01-16,-0.09468824543338969,0.05064868155170048,-0.30722217843719624,-0.016121007598734832
2014-01-17,-0.45027899869115884,-0.47146050344702817,0.11410215659927944,-0.2860940111390937
2014-01-21,0.2551064291526924,0.5313073115165415,-0.18430405449055057,0.5678332289126256
2014-01-22,-0.11100058403341313,0.05707403353783788,-0.3882456933852967,0.24922178579738435
2014-01-23,-0.7298855299313062,-0.29989294066968525,-1.0096262473087818,-0.5200169125440707
2014-01-24,-1.892880699907119,-1.526773137581952,-1.8867989662389677,-1.5993984625084734
2014-01-27,-0.5994321374552792,-0.8823497203041403,-0.4343640385602229,-0.883896550767912
2014-01-28,0.46000186414354693,-0.08668835594092426,0.4966917796758052,0.4206890082563323
2014-01-29,-0.735413882795335,-0.7198145237469161,-0.9817119081992577,-0.8605651131602607
2014-01-30,0.7597367621294527,1.1430859347728815,0.4817452832675787,0.7318656478347061
2014-01-31,-0.47911569071025095,-0.19362330430554256,-0.8124730468668312,-0.4963076771039854
2014-02-03,-1.9705613931327421,-1.7159352806865344,-1.9705667800450386,-2.044213304422073
2014-02-04,0.40431671739186575,0.32343120981105045,0.23618896666374664,0.32124499230436954
2014-02-05,-0.10250318408306738,-0.19678839178927027,-0.010997676732610706,-0.40830287049839425
2014-02-06,1.0758967196220255,0.8775952814098433,1.0740961551282227,0.5211322270306452
2014-02-07,1.0947233746692462,1.318011975365596,1.0381157016064615,0.48706194197305996
2014-02-10,0.2146162791238168,0.47433208359677,0.12463534331875999,0.1119528020231465
2014-02-11,0.839982499587428,0.7759949701698683,1.0219716121492035,0.6846574332296395
2014-02-12,0.10605395773113829,0.21366890638725822,-0.06703994368511726,0.30455438697089676
2014-02-13,0.33276998323956547,0.45331908255932923,0.25725095272168796,0.6463815700447255
2014-02-14,0.42122682266258415,0.11862590701743198,0.6752126154949718,0.3040962463967013
2014-02-18,0.15073858086703062,0.39258357679225037,-0.05125935157396004,0.6292154653991817
2014-02-19,-0.647927782565055,-0.5655150990046581,-0.5961508645137901,-0.8426285065323551
2014-02-20,0.41949509731075907,0.255468746073104,0.445378308784739,0.5041769898076064
2014-02-21,-0.0839892753968218,-0.08157097473029445,-0.13014407583070153,0.1808687564157277
2014-02-24,0.38630825388014906,0.3102399715580642,0.49821155724608657,0.5534255561093419
2014-02-25,-0.02176547322556456,-0.06870850574026122,-0.11605351149367174,-0.061482538839928796
2014-02-26,-0.049016104641875155,-0.11114599717380166,0.04561391078810003,0.29658380795207806
2014-02-27,0.3992011754927471,0.4199877462807695,0.38848206717843187,0.37905685106135595
2014-02-28,0.18677912295295435,-0.09147127578431184,0.257965538599518,0.10009653471758012
2014-03-03,-0.557414230804244,-0.5030431611992134,-0.7980561672028902,-0.31858121809041223
2014-03-04,1.0172051962294162,0.7516506652520654,1.086882995572249,1.4409079940732323
2014-03-05,0.14399499686818493,0.25359367681998285,-0.08489573183140095,-0.019216082612063062
2014-03-06,0.12522319184771252,-0.11985085981815546,0.252787340421246,0.08492949607217734
2014-03-07,0.07408096202313065,-0.3171313266965126,0.2220266019843636,-0.04263313191380923
2014-03-10,-0.029214280917195835,0.06107988829069638,-0.15595840370296077,-0.1480140176715586
2014-03-11,-0.45182268216160043,-0.36245294114811766,-0.40995257494525966,-0.6435932897786341
2014-03-12,-0.02412816331139919,0.20720695809824022,-0.09917103392662037,0.17052212064957922
2014-03-13,-0.9923984722165476,-1.0517651197848306,-1.3061129603767418,-0.5660822838507279
2014-03-14,-0.39222391256091044,-0.6384230233858064,-0.421847678846414,0.13578686724667227
2014-03-17,0.6968913074049107,0.534476470103363,0.9507197836446227,0.36174723258438934
2014-03-18,0.6611810601451777,0.8933607356693728,0.590000565731384,0.8046025294713883
2014-03-19,-0.4778921281802724,-0.3834026805531384,-0.6394193515827495,-0.45050473943383046
2014-03-20,0.37483818320244355,0.10672420902189159,0.47592166706298433,0.15165201188358296
2014-03-21,-0.25221494937969335,-0.8000955050376177,-0.06567923063591041,0.10499086503816876
2014-03-24,-0.35511848018607084,-0.6401580614906586,-0.15193141698398338,-0.43643233534081877
2014-03-25,0.3707052707427076,0.17583400337624755,0.4810072951516121,0.03510460512936954
2014-03-26,-0.5549387826474621,-0.8848783685428381,-0.47749479624040697,-1.2333933210690518
2014-03-27,-0.1771375376159433,-0.4217549397134112,-0.03648936151710089,-0.2381691355361965
2014-03-28,0.40517534114662124,0.11640026670655534,0.33666149409888907,0.17546346402760785
2014-03-31,0.6760619297116575,0.49200536062128625,0.7365149033942705,1.020255596465068
2014-04-01,0.5700663566819073,1.2409940246871611,0.4490572254519,0.7658170147498501
2014-04-02,0.19279225322083757,0.1288781199843771,0.1461475515670424,0.3228488156322651
2014-04-03,-0.14731173740703757,-0.5554385084434746,-0.02892090718290239,-0.41475530945597217
2014-04-04,-0.9376718493423403,-1.8706871313117626,-0.8122140552805605,-1.2630888389783852
2014-04-07,-0.895199184425727,-0.7157299800092777,-0.8969515340383557,-0.8555577131299984
2014-04-08,0.24349022460479208,0.49013121452962893,-0.04081611637514047,0.2966515826961887
2014-04-09,0.7899755440865298,1.1139933058821714,0.8965448113473653,0.5279502038414473
2014-04-10,-1.6751949231110446,-2.121968754255962,-1.346863430013381,-1.414382043365477
2014-04-11,-0.8655212626511127,-0.9290465808522791,-0.913317159260328,-0.924405087452741
2014-04-14,0.5410444705024019,0.400417661198108,0.6954619334827133,0.17098666499926513
2014-04-15,0.6281858736333129,0.27795951070026415,0.581060561719928,0.4428167719433703
2014-04-16,0.8715921915141113,0.9553102524652124,0.9040649031632512,0.46153897712592734
2014-04-17,0.18942724999796423,0.07645864442483184,0.0035133265030019845,0.4715200131112619
2014-04-21,0.22199639157355724,0.47795435699543903,0.15334484665956047,0.09252300688812007
2014-04-22,0.3559666219034322,0.5246652802841258,0.3401388225155498,0.5333985423233064
2014-04-23,-0.22528667590336113,-0.622994431701868,-0.08350579756498348,-0.2395011085987983
2014-04-24,0.1536692345047862,0.6504088802704849,-0.002658645590754523,-0.161918468941486
2014-04-25,-0.7064185024821076,-1.1828050129627403,-0.7910357738953289,-0.8973626531221639
2014-04-28,0.19479171116107416,0.17624456791294135,0.4091880289081792,-0.39120196534352036
2014-04-29,0.457289642983693,0.5801636753915463,0.5588949350175495,-0.01750092086433669
2014-04-30,0.2821814925856715,0.2084004394639573,0.26848042039937026,0.3752022131784636
2014-05-01,-0.05549200287097654,0.20537118725832518,-0.12876471436353568,-0.21137691939971898
2014-05-02,-0.16462871592714573,-0.17979757293686266,-0.2904484320024875,0.10828772417536577
2014-05-05,0.08378459223684662,0.30461447113340795,0.025631111811690296,-0.19355936140430044
2014-05-06,-0.7284878592154115,-0.937586383008076,-0.6966115871452169,-0.9048727569286287
2014-05-07,0.42126390137047204,-0.26150910447191394,0.5650408049394355,0.29419362411463457
2014-05-08,-0.003748788727515967,-0.01345971819092466,0.2777672511287835,-0.4343301104575827
2014-05-09,0.1497568467617459,0.2530533318864688,0.21007933356268282,0.47603870052735703
2014-05-12,0.7098890969557841,1.09556107992145,0.5369931600334087,1.2116244760359542
2014-05-13,0.00443001045201364,0.012102527553518575,0.048805897483255076,-0.5344224223571179
2014-05-14,-0.3785613880757851,-0.35320668333744665,-0.5182601820942353,-1.133582544795299
2014-05-15,-0.7403844185419106,-0.5924916045428269,-0.9127340181946137,-0.5866983895336714
2014-05-16,0.17755661570020648,0.34479985293512494,0.12664527497710373,0.239075934238431
2014-05-19,0.2683623888036831,0.4479377865277798,0.09695069978832667,0.5836785998180433
2014-05-20,-0.5819182033046675,-0.2968018055279568,-0.7910707336063094,-0.8933280715660727
2014-05-21,0.5922566545131224,0.5645071749815734,0.7391104536551332,0.1680798727043057
2014-05-22,0.2770536301561084,0.3781588736599804,0.16729057360676566,0.6077217092683183
2014-05-23,0.2522366859547637,0.46491752927447483,0.2660729895441995,0.5953176906656272
2014-05-27,0.4556033366411438,0.8331189493906308,0.3376065060728328,0.9149040263461092
2014-05-28,-0.1400596283722511,-0.2589678665049742,-0.28745863675957567,-0.3752179645018552
2014-05-29,0.3812392443491975,0.40932902925553055,0.29965633707854783,0.18749126936235105
2014-05-30,0.15836792767423297,0.017026783642301598,0.13443981201148736,-0.17235640142098227
2014-06-02,0.10227651033267551,-0.06453855845266909,0.15292191877789296,-0.21271537807955632
2014-06-03,-0.020619695882696673,-0.024058036530121715,-0.07941528453245111,-0.15376490916373844
2014-06-04,0.13190423063217457,0.2200846319027232,0.05065315035813008,0.12703901748002502
2014-06-05,0.49663983794289474,0.5509999110229855,0.48956942016692295,1.328846809409247
2014-06-06,0.3387993783563119,0.37677170400739596,0.4286967277934444,0.67983669643254
2014-06-09,0.04878200583909268,-0.07124536074113125,0.07845521164628508,0.47657381677475635
2014-06-10,-0.04524827602682559,0.0805205421783503,-0.02950498348907355,-0.2082338229840724
2014-06-11,-0.3156547841537021,-0.05721347849101835,-0.5526456450000339,-0.40165141668990245
2014-06-12,-0.6752408278555939,-0.7212116958929009,-0.6733057091506146,-0.4627958904293362
2014-06-13,0.1763194834091557,0.12553641470831312,0.14900883916791816,-0.0741863411174406
2014-06-16,0.06695957646618013,0.04235053235571478,0.03937839466874789,0.10498549310383289
2014-06-17,0.19989498585829718,0.013572415544446525,0.12489066508855191,0.45138438698726874
2014-06-18,0.5642859317604513,0.3643941502872023,0.48910737286298617,0.4438323202933073
2014-06-19,0.12978611051090186,-0.027629672839898173,0.11840028819599685,0.057804181474770164
2014-06-20,0.16799502145389208,0.07315906419459522,0.13833498957313026,0.19923144908037843
2014-06-23,-0.039128569292725075,-0.006412929175184634,-0.05671683767903195,-0.21507347153067963
2014-06-24,-0.5169006541423483,-0.10184611125781327,-0.6366914799735707,-0.6413432777748036
2014-06-25,0.26167703174778606,0.3401522406660215,0.1497266080258131,0.4444771786345464
2014-06-26,-0.09691467138983363,0.017281523779673687,-0.13121027684547276,-0.05451879997322663
2014-06-27,0.10960479169827178,0.2593038577139189,-0.014862789444711595,0.38188927749280654
2014-06-30,-0.10416315134408825,0.0675227541217804,-0.18480938749548334,0.22472278378152266
2014-07-01,0.4650569918542583,0.6919500106007427,0.5970684949627632,0.6177903578914692
2014-07-02,0.07528390917174499,0.1257110140989035,0.12613467955903565,-0.3388176324016409
2014-07-03,0.37332855127854647,0.43118753405034577,0.4566814278552685,0.33599689739584027
2014-07-07,-0.2772306200675403,-0.19210473488413446,-0.195775645470398,-0.9002278141943899
2014-07-08,-0.5502104877677959,-0.8710601231784557,-0.6258856992733027,-0.5651510065995342
2014-07-09,0.30698296699206273,0.4505938831354537,0.34795864881150423,-0.025527143243385453
2014-07-10,-0.2948319995464808,-0.22298710605996502,-0.3183996750532937,-0.6307712009721392
2014-07-11,0.05616708442300372,0.4009034535540446,0.09500911859581311,-0.30606551047251557
2014-07-14,0.38828676071661883,0.3983591728794515,0.5727245918612209,0.2576331263303886
2014-07-15,-0.14327234687670018,-0.20287671184802075,0.06684898501592165,-0.40572981575286976
2014-07-16,0.28123529444098966,0.26583020740810304,0.3916184357158514,-0.15137598338325003
2014-07-17,-0.9123001187052628,-0.9116228576453667,-0.7882605151849692,-0.9484910850099131
2014-07-18,0.7318768018234365,1.0021255155225863,0.5379211960720648,0.7457220183169041
2014-07-21,-0.1767452652578572,-0.10338304994638593,-0.25115861614780377,-0.2959909220749574
2014-07-22,0.30689068249974655,0.4045313281319771,0.26737705288884195,0.34268033942391624
2014-07-23,0.1689003138441797,0.43439272439256427,-0.13209342106988045,-0.06704759927847721
2014-07-24,-0.05717306789071567,-0.12910546668822306,-0.08168966321602475,-0.2075470429580756
2014-07-25,-0.3777966201808116,-0.2758117286445404,-0.61997997463507,-0.5974721517090962
2014-07-28,-0.04367339533520478,-0.06768870159094827,0.02443103504224782,-0.31213609817179655
2014-07-29,-0.33172904186678,-0.12352872560843334,-0.3283941419922589,-0.0890200055731317
2014-07-30,-0.08451628456196318,0.19003390693907818,-0.25306335368661254,0.03660792467886857
2014-07-31,-1.7119896953270495,-1.4973345942996343,-1.7396364488417009,-1.3246466069222085
2014-08-01,-0.43968421015315795,-0.4494991199780869,-0.5759610878176593,-0.3874181052181229
2014-08-04,0.5097485731524137,0.3802500002834827,0.33306008400821063,0.4428801241484216
2014-08-05,-0.7741329184791572,-0.5300062080908939,-0.714198962374248,-0.21088748327641985
2014-08-06,-0.09233196161090099,-0.16676129997329242,-0.04489141789154994,0.24618546878281003
2014-08-07,-0.5076404247392535,-0.2796817469066445,-0.4470326325373284,-0.359676865191879
2014-08-08,0.8426781032430829,0.40798257219370276,0.8970101285895161,0.5494398641007795
2014-08-11,0.3092242082036383,0.48670744928716725,0.19047399190467734,0.5916317332439838
2014-08-12,-0.15548239315974308,-0.06900363919258905,-0.09607753566447327,-0.4351078694806763
2014-08-13,0.5227820523385195,0.7043669253785223,0.46339682842636853,0.35557694032117326
2014-08-14,0.37474406231525487,0.366294762919676,0.3344050469288148,0.1824098649517546
2014-08-15,-0.014699446175302819,0.3521544744257147,-0.25187894793814697,-0.10748834479348134
2014-08-18,0.6033988876729741,0.46634047093941133,0.8370907297623419,0.7899813037177544
2014-08-19,0.4741881551029389,0.45343176854627876,0.5068847667861419,0.31129479540134464
2014-08-20,0.20549363556689043,0.0033792844170683345,0.30611665731815496,-0.18437681385744178
2014-08-21,0.2636154441591367,0.16959756484424843,0.3576700828924345,0.29798343047231607
2014-08-22,-0.12611178016841224,0.10634305024342655,-0.17925146951032594,-0.048463645958375066
2014-08-25,0.32964988178846233,0.17322492861248187,0.31010645329027237,0.07873612514694805
2014-08-26,0.07829400187358218,0.08724686185909139,0.18443471882328757,0.4706590429103793
2014-08-27,-0.06388487769467951,-0.010806490514404866,0.06169736053268614,-0.16413420408357082
2014-08-28,-0.08363950551662126,-0.11228562765269752,-0.2411966070365967,-0.2912718794322657
2014-08-29,0.1799579688731466,0.2091781409345765,0.04438544708727396,0.24306799154998004
2014-09-02,-0.05668675587853307,0.1772804659942486,-0.1678943030021362,0.3405865388746978
2014-09-03,-0.127215241361705,-0.483983210652286,-0.023772775518481642,-0.38387047736858293
2014-09-04,-0.10518846764783643,-0.06400075406298834,-0.022172889637197282,-0.23872003796765476
2014-09-05,0.3453233673589476,0.31359119349451087,0.3367077343907416,0.19309161318885426
2014-09-08,-0.21772656767889997,0.1317811863060298,-0.12306818951876228,-0.04218062668397206
2014-09-09,-0.5903479096384785,-0.6379297073000587,-0.5596358089636997,-0.7254091126830773
2014-09-10,0.22250115299409923,0.49872890941017106,0.2029979520172882,0.12035409476138428
2014-09-11,0.07105582241869969,-0.07956286736492706,-0.10436134989650935,0.4286520784787715
2014-09-12,-0.542797761822926,-0.400303569910104,-0.3806209197669999,-0.7434637737822296
2014-09-15,-0.08980011909996763,-0.7309077969985408,0.20082370712256398,-0.6115635696993055
2014-09-16,0.6644233238148625,0.6426165419008606,0.5921658898246224,0.14347799465805805
2014-09-17,0.1485106581452816,0.12416023342826937,0.17587909872208063,0.08943102519038604
2014-09-18,0.4243064956492096,0.5209459975347909,0.556183801296027,0.272762021488877
2014-09-19,-0.0548565078587483,-0.02582424295435712,0.10379455386956576,-0.7295859359765123
2014-09-22,-0.6365216557955974,-0.6428432879059881,-0.5270566030601697,-0.921404996928183
2014-09-23,-0.5234375288204727,-0.24594854114205325,-0.6448509156449705,-0.786356696593666
2014-09-24,0.5401126571548027,0.6423359625965352,0.692258918405613,0.16664157057487985
2014-09-25,-1.2714288591037368,-1.4233426156445874,-1.2646893025759642,-0.88080660639092
2014-09-26,0.4806250702797831,0.5905110034262262,0.6803317719311268,0.2700949438803737
2014-09-29,-0.10117307080464322,-0.07153380058900621,-0.13003819022667734,-0.12663906501363897
2014-09-30,-0.2898173365542123,0.050186906082044916,-0.21726675407505358,-0.9999742486266514
2014-10-01,-1.1260508403415812,-1.1501834979131242,-1.2338142782921662,-0.7608211966970702
2014-10-02,-0.14740810878279986,-0.14126146405776174,-0.1858791819175017,0.27891610708697334
2014-10-03,0.8341461300771846,0.6090896706341555,1.0341843883185478,0.42136985807066274
2014-10-06,-0.002065725727387252,-0.06701333439005332,0.03138758424693777,-0.22826003191738103
2014-10-07,-1.2893260605864334,-1.0103491848349544,-1.432739150603526,-1.0442224710324455
2014-10-08,1.2310078828658488,1.1589811647333648,1.2285306708442938,1.0841359566430766
2014-10-09,-1.5408965913114554,-1.0503239917362914,-1.6087857374518617,-1.4674317967773929
2014-10-10,-1.136617286932987,-1.9487740526310329,-0.8365652987078745,-0.8237364450489277
2014-10-13,-1.3813630103318322,-1.159542317732552,-1.1998952967999834,-0.01377993475089839
2014-10-14,-0.09338902965690984,-0.2324502921369318,-0.24973821317700023,0.6667196255526404
2014-10-15,-0.6767459217256181,-0.5677263942424847,-1.048038937528474,0.40718921943361286
2014-10-16,-0.2462791551918182,-0.6185401882814958,-0.33231752363916994,0.6584561311855569
2014-10-17,0.8998285270325421,0.8303390049898995,1.3605212402114948,-0.18354705173305802
2014-10-20,0.9553015486170767,1.1554761409921976,0.31261649756041254,0.772116123101318
2014-10-21,1.5117366406969148,1.7765556846357438,1.0422781298735984,0.854814383381822
2014-10-22,-0.4667965119650155,-0.2566451371955317,-0.6923533616078033,-0.6409708630791651
2014-10-23,0.8741216913027021,0.9781694759009081,1.05592705231673,0.8345715160525837
2014-10-24,0.6899339844097903,0.6380376034025964,0.7755381259398285,0.21967575818930674
2014-10-27,-0.08611995281082668,0.10126013037998541,0.1080289513676262,-0.040980654810692685
2014-10-28,0.8919267036861673,1.0249509432584012,0.9530057100650166,1.7077031780260938
2014-10-29,-0.17079818118505166,-0.2549885057892447,-0.17250866393552305,-0.05640387154308388
2014-10-30,0.45130077023817317,0.0912107950808714,1.0576787756002823,0.457912273719445
2014-10-31,1.0319303650717213,1.0473407540683013,1.1421630480341516,0.9711600731041423
2014-11-03,0.04147214398740463,0.2371829990364166,-0.09798466726494647,-0.09103158910966802
2014-11-04,-0.34545250527692783,-0.2753116010388877,0.022858224090598074,-0.3876811763654887
2014-11-05,0.5054108838510168,0.0006193425701149953,0.5258213098581415,0.30745259318208773
2014-11-06,0.3401073211722409,0.24374895769615226,0.38029312860680764,0.13318673692619598
2014-11-07,0.11274561944292472,-0.04908353452839428,0.1406204904607143,0.19608803798542224
2014-11-10,0.2360111057162239,0.2276678365351625,0.1874870383967155,0.21743053908147533
2014-11-11,0.058310476003777555,0.19377569399651579,-0.005456149902326991,0.0004915932679068064
2014-11-12,-0.1230330326553429,0.08685661607899277,-0.0447630112263034,0.2726713726266484
2014-11-13,0.02043884356018842,0.2454622728961221,0.14714249172248645,-0.5868425164690059
2014-11-14,0.005360655436853479,0.20661152873706276,-0.08539758523551816,-0.14574094896030917
2014-11-17,-0.00599345267173558,-0.24129630489069523,0.016968351593624812,-0.551855820031995
2014-11-18,0.49555263367459074,0.533012112411354,0.23371936982641722,0.2575286601859715
2014-11-19,-0.13045295191130554,-0.3260048295169843,-0.009663371936875137,-0.7163212297890295
2014-11-20,0.1866682063974655,0.32900044465911044,0.21524005891011577,0.6694428091880351
2014-11-21,0.3735799524894745,0.09040260129189921,0.40686786489612414,-0.007059487110055064
2014-11-24,0.25381107492634203,0.5631057697309951,0.0763067087191459,0.6821677591396467
2014-11-25,-0.12871757166289302,0.04794678871496584,-0.08050017347583957,-0.0060493802103148975
2014-11-26,0.15023241468996726,0.40491158667013427,0.01784713930477883,0.14383972293602504
2014-11-28,-0.23544875245179508,0.2761173340844841,-0.05178215945129884,-1.025146328135294
2014-12-01,-0.576797285498765,-0.7992072455041556,-0.24303564447839587,-0.9702832678049393
2014-12-02,0.4962479979007404,0.2760546943308061,0.5031887779183872,0.5571381541549025
2014-12-03,0.315762163809302,0.1278631858262681,0.18170184095947556,0.6058167104572296
2014-12-04,-0.11347471065903343,-0.061200157468358315,-0.08537672642294038,-0.2912126446845185
2014-12-05,0.11890628225598393,-0.028995973707339265,0.27481350983609565,0.39622062368059496
2014-12-08,-0.5623144490054746,-0.5043009146513683,-0.5122114104920643,-0.7589028431976141
2014-12-09,-0.1330321524273806,0.13398296787498176,-0.3300143949097129,0.9352290133474503
2014-12-10,-1.4599902573921788,-1.2215736558647639,-1.4608154921665972,-1.4181052951153323
2014-12-11,0.25091818306451175,0.1546040732845361,0.13899686397439198,0.03220062798225565
2014-12-12,-1.3187961109432615,-0.7687777930853779,-1.5547535547814053,-0.844167974258406
2014-12-15,-0.773473284801063,-0.9288982521136527,-0.7428478923401207,-0.7846939275738315
2014-12-16,-0.715469452478994,-1.203276829797712,-0.6208376491936863,0.035466894817817035
2014-12-17,1.4989263855136723,1.1572310511938941,1.384290374867438,1.8086645955949079
2014-12-18,2.061223474909502,1.7074831529042556,2.192306245710738,0.9976085397457337
2014-12-19,0.6198263306921135,0.5242072485065252,0.3939840795092985,0.4066074795710866
2014-12-22,0.3347168039285617,0.1960319892543672,0.7467097564407238,0.2566968137291195
2014-12-23,0.1856718785411052,-0.1821204233192576,0.4248446439086415,0.37698498144478665
2014-12-24,-0.017988012792391272,0.053307686710070606,0.02350744362045068,0.09303387301625148
2014-12-26,0.20918427699553183,0.43593999575426695,0.06932947514010349,0.3276083154254523
2014-12-29,0.046747582519221724,-0.061614955875037514,-0.12869160432830973,0.39033525468971497
2014-12-30,-0.4921763816651715,-0.509644233039161,-0.3217897394031096,-0.3290946159849822
2014-12-31,-0.8477893557077325,-0.7752105750076751,-0.8092641233751239,-0.5343113453919603
2015-01-02,-0.17741847970019847,-0.3410515395575107,-0.08313389989900577,-0.42531455369500826
2015-01-05,-1.489635965374545,-1.0540666013381377,-1.629355282395384,-0.8987450131130137
2015-01-06,-0.996681965190256,-1.1610757453545049,-0.8959887668495425,-1.3045296503759252
2015-01-07,0.9484407549688408,0.8029905063912326,1.0138962341302924,0.5384934265909809
2015-01-08,1.5164260880524851,1.3914217878856912,1.7085624057866375,1.0674545026131488
2015-01-09,-0.5238546147697084,-0.31077515784117415,-0.6678351183895483,-0.6795119285758231
2015-01-12,-0.7561642957706542,-0.8236194051064075,-0.610186875332698,-0.42518086119468756
2015-01-13,-0.2979081594771701,-0.09913988923824693,-0.18949205974202232,0.07066768936230339
2015-01-14,-0.5875176997829109,-0.4761761976806508,-1.0076415556492015,-0.30037725502164686
2015-01-15,-0.9130174674638819,-1.061358356914972,-0.7196134319244893,-0.9893702163237175
2015-01-16,1.0458850562112754,0.7542780881794641,0.950129274370861,1.0473720639925255
2015-01-20,0.2136938493230891,0.5893383677893312,0.08448330393851108,-0.4755616681827392
2015-01-21,0.40631336883332203,0.3405228748728728,0.18456593203107394,-0.10686796279613055
2015-01-22,1.216551019699496,1.3017954696300393,1.3047837114634369,1.4077065977292702
2015-01-23,-0.37129275518184324,0.24149352944296487,-0.5843862648768477,-0.20181725474610213
2015-01-26,0.023780106065269063,-0.2091730976743826,-0.1501555120757506,0.37035957213705306
2015-01-27,-1.122362887284306,-1.8560152154973453,-1.4830035721840633,-0.28453159409964673
2015-01-28,-1.175608936669865,-0.5270115594351297,-1.1572068354257292,-1.3264708565096233
2015-01-29,0.6567631258288623,0.49042496679539443,1.0386398565894805,0.8650592856475019
2015-01-30,-0.9986705429309136,-0.4711259139553408,-1.1809247061277388,-1.378600282280223
2015-02-02,0.8136957685653621,0.4367513872505502,0.7817477042254778,0.5946235376520805
2015-02-03,1.2600242301777835,0.7539211104620497,1.6472066452664658,1.4414324726985752
2015-02-04,-0.17292396226606857,0.07364011838977,0.20740038554258902,-0.22498642656410703
2015-02-05,0.7588740891684993,0.5565796607766459,0.9992142370375511,0.7813920260024277
2015-02-06,-0.2053569948337191,-0.36700377595798145,-0.23430330281984402,-0.1570524939802017
2015-02-09,-0.42635960780657084,-0.2792461344442309,-0.5345077521599793,-0.6103027543435454
2015-02-10,0.8026485880856903,0.991228620292515,0.6218879397175701,0.13068608434440696
2015-02-11,0.09118243456985015,0.29252063561390335,0.02849436412393535,-0.14662013937204976
2015-02-12,0.7557864799475145,0.8013627160898303,0.5213288569830088,0.6735493928676846
2015-02-13,0.3349237763206224,0.6106468370837916,0.2403355968275656,0.3533024282746686
2015-02-17,0.10799420253883148,0.05343770733794235,0.1234898885514692,0.06857236684899247
2015-02-18,-0.01057005319004058,0.09062357751784728,-0.09213735061298368,-0.04759041465313627
2015-02-19,-0.10373289265646998,0.2970593107075793,-0.25535653857318324,-0.16169682150530162
2015-02-20,0.4096137969190313,0.39442350424789097,0.674611992969759,0.04515228728794203
2015-02-23,0.04316168822165996,0.1353948842504376,-0.02313282860435774,0.17798503882836908
2015-02-24,0.1514267079683176,0.0008959782015175513,0.36956713261225776,-0.03583696617334361
2015-02-25,-0.03554438984571344,-0.14752778374188985,0.13049215083645208,-0.029983286324694942
2015-02-26,-0.12312978746989475,0.32967632469266933,-0.06082788610182972,0.0559935296819474
2015-02-27,-0.36931675100149686,-0.3816543473473477,-0.4677205741209424,-0.2857069679966424
2015-03-02,0.41453253956479025,0.5511159842252527,0.652843241956869,0.3761818884699971
2015-03-03,-0.2970784411142706,-0.29299022970079297,-0.3368645707520975,-0.23487755286744888
2015-03-04,-0.4420216840829909,-0.3412552347155783,-0.6103474251187461,-0.49180285731438944
2015-03-05,0.014132718481368253,0.0334867327015953,0.1075584076502189,-0.0734920900498684
2015-03-06,-1.1492097351907562,-0.8014609675226041,-1.3318213996226855,-0.8837291397489874
2015-03-09,0.1420407036787902,0.017686082220613353,0.4655342970140943,0.2044720809402205
2015-03-10,-1.2920697001493395,-1.2743096164909558,-1.5491121608607876,-0.6960188645365347
2015-03-11,-0.4212041523899126,-0.6186524935915165,-0.39682062423856723,0.23552047582916033
2015-03-12,0.9798439254047782,0.37402188418491455,1.2424959696923714,1.2452186150958509
2015-03-13,-0.40828866186731877,-0.2253518136957487,-0.5880637178899721,-0.10499585884550278
2015-03-16,0.946925593989197,0.7607010333597448,0.9618305297724123,0.13609267050749643
2015-03-17,-0.12039064913783043,0.20937538009966145,-0.47641560628005436,0.2599597814211391
2015-03-18,0.8438918839082499,0.5781959010955638,0.9599421243361116,0.4555657989078362
2015-03-19,-0.259494139566242,0.19976955108047456,-0.42463193629484963,0.015261179825841936
2015-03-20,0.5839657036186469,0.33995970535802933,0.6768447304131195,0.6700144130964035
2015-03-23,-0.12074433623210276,-0.08621828929784922,0.012465994186286536,0.1644041763631382
2015-03-24,-0.5116447440861306,-0.2988116450854011,-0.5525262886240331,-0.09659150578979067
2015-03-25,-1.3301401439134326,-1.726965783123761,-1.5558598560331447,-1.2328191184055493
2015-03-26,-0.3261927022919812,-0.39602946807940903,-0.35779184205911363,-0.2511667567992574
2015-03-27,0.17823951509614394,0.21089523904269522,0.16801732621287946,0.24174779191246556
2015-03-30,0.9550131380320892,0.7612222867494882,1.2718985303819708,0.8092778998301964
2015-03-31,-0.6203908304028233,-0.6370093483722133,-0.842108354628707,-0.06677988656964277
2015-04-01,-0.4574114822144394,-0.506879757763002,-0.5737669605645276,-0.054590657938538775
2015-04-02,0.22127566679548716,-0.0517163935378841,0.25082127035213064,0.28092239439335337
2015-04-06,0.5615806446410835,0.5596308226197351,0.6021418392140134,0.3245197192154548
2015-04-07,-0.18423663560042447,-0.09426043422328961,0.020437574950668863,-0.5023015189596292
2015-04-08,0.2532559189236597,0.5382440614975174,0.12876503180792392,0.271014473263569
2015-04-09,0.29048291603177867,0.39202950574689566,0.2175523216180096,-0.4198732951942461
2015-04-10,0.4644373310848305,0.30645327391440125,0.5099673118482859,0.2700405574101803
2015-04-13,-0.32496258315283794,-0.12563334195582704,-0.32817398173869133,0.056872694860853584
2015-04-14,0.0554451690812397,-0.28942888263018457,0.1919512308963146,-0.09184775145301259
2015-04-15,0.3781007461748895,0.43802158542495967,0.39859885639010817,0.46587864566696
2015-04-16,-0.03498325743924756,-0.11013115703038255,-0.030693512467156753,-0.13826320041344797
2015-04-17,-0.971538830170457,-1.1203237520488953,-1.382461640727766,-1.070207849104404
2015-04-20,0.6124528938620889,0.8841899834668047,0.8542761772335806,0.4972629958925436
2015-04-21,-0.010982765908347875,0.34922251968499424,-0.28511687480389536,-0.06059685457427494
2015-04-22,0.2582120446362727,0.2899314000961407,0.2842081720698916,0.0048228553108167205
2015-04-23,0.23584996000079597,0.293218143454789,0.1506321309021923,0.2563784712154147
2015-04-24,0.15432889184571694,0.9144481216923904,0.07617786880713313,-0.14376795472574694
2015-04-27,-0.3989754066032807,-0.22197959933149064,-0.2509630057973403,-0.519748525702177
2015-04-28,0.19024585162252713,-0.16591812891531785,0.30156628386774076,0.5537146802704506
2015-04-29,-0.3498256997024328,-0.4382718772299558,-0.3526694443966039,-0.6685078401101815
2015-04-30,-0.8509242556183796,-1.1649772580594557,-0.9882438370485127,-1.311701970595746
2015-05-01,0.8288667463536186,0.8260344391102723,0.8300745364813347,0.1236303118813286
2015-05-04,0.337173900062814,0.18235710773609998,0.3556799744407093,0.24909111939363734
2015-05-05,-0.9343237301329546,-1.1227468017742965,-0.677197497116733,-0.6912046804256589
2015-05-06,-0.44604379468372196,-0.5657040980279018,-0.48944397812377666,-0.06288531657401379
2015-05-07,0.25812943060429205,0.30207464249431004,0.301928799479357,0.14832066581193762
2015-05-08,1.0672110644179535,0.851442288339499,1.3113327340123708,0.46390906609865057
2015-05-11,-0.27153655126001686,-0.14479375146914109,-0.2575909503599701,0.07587314124810228
2015-05-12,-0.3450734927312572,-0.3888937691226697,-0.2807448726489816,-0.2114123008143144
2015-05-13,-0.044796422352087514,0.07770246399193415,-0.08693437012224704,-0.11461038639855006
2015-05-14,0.7953865620681098,0.9577835380743216,0.8815113460973342,0.6635710085384589
2015-05-15,0.12290873090795729,0.05045074988168609,0.16359752302434305,-0.067711438875928
2015-05-18,0.2299379323690009,0.30357084016096825,0.1118318955829236,0.5668845699065385
2015-05-19,-0.07634753938260609,-0.11617806480862482,0.023018629195187306,-0.0707490764804951
2015-05-20,-0.07699371916609726,0.019121502228330003,-0.13768468315947174,-0.03834803103901249
2015-05-21,0.1743325084701998,0.30175217094480006,-0.0544780617438212,-0.1121437236914479
2015-05-22,-0.2253603692900239,-0.10247353500321335,-0.28716827137141926,-0.37887878220853405
2015-05-26,-0.9107146912352433,-0.8416531430252906,-0.9456147808172095,-0.7030095324751576
2015-05-27,0.6485430146003166,0.9905088024269952,0.4627733480877306,0.6053043546909709
2015-05-28,-0.11260515897037143,-0.1754030297176552,-0.17825097420222202,0.0608152887542765
2015-05-29,-0.5573040330761876,-0.4476316926006669,-0.6067217131261501,-0.4655162260422218
2015-06-01,0.08846929756489304,0.13957456306076405,0.06078486934291548,0.15337732441746565
2015-06-02,-0.11653712625588823,-0.2547034770804371,-0.1545846600924671,0.20608053189983425
2015-06-03,0.15863086941419652,0.1571813968552092,0.25896320153852526,0.5124284163589183
2015-06-04,-0.7123569394349035,-0.558227137773575,-0.8324693000166248,-0.6316773063759106
2015-06-05,-0.27041476528792474,-0.29346226451290214,-0.4162059645442453,0.15300919594984402
2015-06-08,-0.6000846449196577,-0.7897201776702147,-0.4764904531414104,-0.2902021797447476
2015-06-09,-0.04447184309789007,-0.19132539952932914,-0.06402295493426921,-0.15349747437215316
2015-06-10,0.9470204731368134,0.901031665826229,1.1343000178851,0.8884014421838049
2015-06-11,0.33911017437684016,0.176784382411952,0.29830202792714655,0.2326465724003506
2015-06-12,-0.684888373592131,-0.5749221942903623,-0.7006784009949011,-0.23396322549718437
2015-06-15,-0.4286606151539821,-0.4569637391321591,-0.6362494906785808,-0.363505509592509
2015-06-16,0.35389632803556975,0.27239199577409656,0.4560557250426946,0.4300655824560856
2015-06-17,0.1655722438028597,0.21033635174712723,0.2096693645605215,-0.20650666062668369
2015-06-18,0.8018545560612167,0.9973758544099716,0.86896423943373,0.6745562172479389
2015-06-19,-0.4274491761406143,-0.29654114795961695,-0.4247316235261874,0.019698862297048092
2015-06-22,0.41280491941623304,0.4236822536048521,0.3812624345975649,0.25348780768499074
2015-06-23,0.07752861470004584,0.05674253185023902,0.13893038862406448,0.2880039267219832
2015-06-24,-0.6314533986859091,-0.3765182660067371,-0.8760632589068524,-0.4390636392944731
2015-06-25,-0.4078803683095378,-0.2797073934580333,-0.5271695028888381,-0.22884719845336665
2015-06-26,-0.04507211519997557,-0.5445906801661075,0.20608448627398082,-0.019094942943699237
2015-06-29,-1.6977676321867763,-1.642738701241074,-1.663296837349163,-1.508975630641533
2015-06-30,-0.015668884242090675,0.04046119626103781,-0.08896610639087972,-0.23475862409556705
2015-07-01,0.6346353370934944,0.50082617866797,0.6756414468376075,0.23977590714153857
2015-07-02,-0.04031736433766349,0.07613650010791273,-0.059260783084813196,-0.4117833581796248
2015-07-06,-0.27883287848378036,-0.18332882337509082,-0.2503565582446863,-0.12043707460689013
2015-07-07,0.4598750911028767,0.1181309583899895,0.4057921828393519,-0.05475238439582274
2015-07-08,-1.3243143698305508,-1.1892920054097131,-1.2358484175356559,-0.730248648708372
2015-07-09,-0.039619024723705557,-0.1963651349992909,0.00832715570837142,-0.1064852268380751
2015-07-10,1.0275727074902514,1.010394326721772,1.0376672397761806,0.7455397755898014
2015-07-13,0.9535432640823486,1.276228498834963,1.1505700420799883,0.6040680101880314
2015-07-14,0.4230299523987918,0.5364982212038581,0.45262515209733617,0.35707976395442076
2015-07-15,-0.07281250693573221,0.08759256477210875,-0.03642331660320904,-0.42837134866331017
2015-07-16,0.604271012302411,0.9549834647354748,0.320945402276245,0.19234155913770257
2015-07-17,0.05598693574136712,1.0110581394839875,-0.17525833762288656,-0.4885910545032963
2015-07-20,-0.014474047276206017,0.19244187241752936,-0.0001636673549535797,-0.5363772694870801
2015-07-21,-0.34661020838659107,-0.022803503642550273,-0.8728987491951828,-0.2517982243232756
2015-07-22,-0.3256941368304598,-0.9190009393365507,-0.49916564031574184,-0.028312772541585304
2015-07-23,-0.44048887848225887,-0.2941768350747563,-0.5879943047980685,-0.8547230205340665
2015-07-24,-0.8872286099612282,-0.7775237276161737,-0.8545376626799602,-1.010621891214135
2015-07-27,-0.553899457009919,-0.6709946517055568,-0.7169298932153866,-0.48468131932476943
2015-07-28,0.9113957305703341,0.49725145574897045,0.8490946670060976,0.365998736699413
2015-07-29,0.6847107228153486,0.3443353380869084,0.7336831217701273,0.4858666594006338
2015-07-30,0.09609097963189325,0.3914683959148184,0.05986478164620389,0.10512181549547557
2015-07-31,-0.1968357367154667,-0.13080569211161286,-0.324908806503402,0.13469882445174433
2015-08-03,-0.37450571033440255,-0.2926036836024998,-0.5450828078860619,-0.4406976075489507
2015-08-04,-0.22675695454844583,-0.21320347041025833,-0.3100977875679026,-0.2823130807368165
2015-08-05,0.2674469138545111,0.4853140586200613,-0.08181067167056537,-0.028534873373217418
2015-08-06,-0.720064016367424,-1.1692458793979716,-0.6470698214195194,-0.3974174251773088
2015-08-07,-0.2017109764334134,-0.13685405952425073,-0.26721374301400014,-0.48079616631858063
2015-08-10,1.0126083223444535,0.7144767047259546,1.1700872628824017,0.8192120688236422
2015-08-11,-0.659028702821976,-0.7958571520845493,-0.9208790394266012,-0.26393970184310545
2015-08-12,-0.07145611537174204,0.10459662358569105,-0.17075126935978763,-0.3956383337241616
2015-08-13,-0.05630908371516406,-0.15803672717607103,0.032572056361909636,-0.16257828101714125
2015-08-14,0.2684526357663111,0.0987804254901881,0.3492242738461054,0.5883314859623627
2015-08-17,0.42363601159649733,0.5666705713473942,0.3392711042621512,0.4059485945600545
2015-08-18,-0.2707234741684835,-0.3807681626309574,-0.1877390992982694,-0.3730550441825099
2015-08-19,-0.6737981977133644,-0.4844498532796308,-0.8319820301630722,-0.735982899775439
2015-08-20,-1.786344631168078,-2.072749234344333,-1.9389429866538304,-1.3668811396711125
2015-08-21,-2.7511395479127243,-3.3033399865374644,-2.963572995331848,-0.7800352125625688
2015-08-24,-2.83298600682345,-3.0882588864722207,-3.5223142999696955,-2.7324039697408047
2015-08-25,-2.1323495727191846,-0.6598925994466815,-1.4776813153565165,-1.0765584655717848
2015-08-26,2.9756030018343536,3.1802329362083728,3.2351878881980576,1.5136380712313202
2015-08-27,1.999700943624373,2.0010175423410095,2.2081282523729024,1.412537539172249
2015-08-28,0.1884945178552978,0.2311126126340044,0.1329821567815011,0.5663341223687887
2015-08-31,-0.7659668595592045,-0.8950320260023288,-0.6753380443185569,0.043509028430013974
2015-09-01,-2.4603588873434923,-2.327518685944494,-2.6286900708903493,-1.891555907143257
2015-09-02,1.157885512030741,1.6159997505749397,1.252721939492805,0.6258546606780168
2015-09-03,0.21490302008127843,-0.27238182361499186,0.2750495979085063,0.28691815245578545
2015-09-04,-1.3098015228203543,-0.7983545155617062,-1.4712159761297294,-0.750978409512693
2015-09-08,1.8390254134107873,1.716492889963135,1.8654401805346503,1.0856436058385754
2015-09-09,-0.9512146092888996,-0.6238384093396908,-1.0549381491959045,-0.39614824167242724
2015-09-10,0.2725072522230836,0.6105762990114392,0.20882529961748594,-0.009511369192446245
2015-09-11,0.3780345072713188,0.36026112706226404,0.5510260369245938,0.23393549031072491
2015-09-14,-0.3231730225205957,-0.16820679013193132,-0.284154475208675,-0.2750369448711581
2015-09-15,0.9340581884042833,0.7477075244141188,1.1333754101677724,0.6473877877428837
2015-09-16,0.7759672010126243,0.4807899093421819,0.8587902312262972,0.822777204342383
2015-09-17,-0.145009310483737,0.07751304291053847,-0.29042960542111146,-0.10662990213730421
2015-09-18,-1.4432514765229372,-1.0756291634611523,-1.618178135334157,-1.0958090327313719
2015-09-21,0.24992730756415601,0.019426859070747066,0.45127429988809775,0.20756592704520577
2015-09-22,-1.0152417435276426,-1.019521015904101,-0.8762091738864018,-0.8099188199543116
2015-09-23,-0.248861642132995,-0.06950035880451493,-0.3986913574264676,-0.33019725855565296
2015-09-24,-0.36192242183627243,-0.343196695075564,-0.4960572828834032,0.05652975596077403
2015-09-25,-0.11419366856986923,-0.6762392967709686,0.5195237990875421,-0.3682979341470196
2015-09-28,-2.0179079756375584,-1.941530856513661,-1.5509704255266927,-1.2050013111991797
2015-09-29,-0.16361730147280867,-0.589868306765795,0.022626198201481373,-0.5348907809525915
2015-09-30,1.4901918796193065,1.5481003525070276,1.2862349814770055,0.7402974225070136
2015-10-01,0.3445698394132294,0.40566201461665385,0.05205875982318703,-0.09003646033994711
2015-10-02,1.1864161109646625,1.216773086930513,1.0553095297067583,0.608632221607147
2015-10-05,1.5463003310881407,1.0855233948381942,1.7206345349510992,1.8560692887264827
2015-10-06,-0.1544006771324939,-0.18393190205342724,0.22802439213088405,0.12636760009353762
2015-10-07,0.6250011634927237,0.3855257079848798,0.6074722835046795,1.0093319845511182
2015-10-08,0.685746720338447,0.2652828229793093,0.699623911560054,0.9715683636241946
2015-10-09,0.12053829046421977,0.3457953954657321,0.22219166405499569,-0.06418797939325507
2015-10-12,0.06591643238302941,0.14526059748872946,0.2389377559885246,-0.07619157224627206
2015-10-13,-0.5958965251785622,-0.45337632312573656,-0.2555935153729073,-0.6874178275288196
2015-10-14,-0.4221233111542172,-0.16118565628084008,-0.8486196941484203,-0.7159694820139334
2015-10-15,1.066020869422662,0.9912004081581892,0.9522418427564122,1.1163713246583398
2015-10-16,0.48034473374088205,0.38049218382820993,0.4917411965983118,-0.04891686401432482
2015-10-19,0.06455391115346842,0.4373496882547833,0.12192906556109356,0.028491452416069152
2015-10-20,-0.13286436004824376,-0.38575811774042484,-0.09233404359176844,0.32345237968568763
2015-10-21,-0.5679992580357112,-0.46857492769857106,-0.3032418114516805,-1.0104844316281716
2015-10-22,1.3414169183595184,1.3510094490055706,1.6038827471575414,0.5859433562052615
2015-10-23,1.0055420151716001,2.054727747690127,0.9548450575936662,0.43534215295505385
2015-10-26,-0.2393269866810513,0.07210739288504146,-0.1308505295313323,-0.49816374111380435
2015-10-27,-0.2288675285913221,0.13915246468051548,-0.2568521246667643,-1.0820190281197977
2015-10-28,0.88387126520209,0.5450682043729308,0.9507133392147713,1.6584083683371842
2015-10-29,0.0003618657623633559,-0.05024486099646994,-0.055615309900462456,-0.48496461214511544
2015-10-30,-0.3908110909851195,-0.3513645689335694,-0.4827486799307262,-0.5718032038012331
2015-11-02,0.9123699782023018,0.7229328356522642,0.7680087629185767,1.11466873699541
2015-11-03,0.2638332711629422,0.27417860665257326,0.4847715397305451,0.42085172657674763
2015-11-04,-0.23567698894284184,0.01740300925720935,-0.21805063724976734,-0.08479058409887799
2015-11-05,-0.18526306588043473,-0.268709684555128,-0.11608077551142662,0.13073481122884995
2015-11-06,-0.10061640462071031,0.003161814602181307,0.18624138998227438,0.32851011015628917
2015-11-09,-0.8080651632980971,-0.7824232386161774,-0.9004607398153294,-0.8535177115918314
2015-11-10,0.04892606970961241,-0.30764369826957183,-0.011680488722225213,0.14524252552883765
2015-11-11,-0.3101611750354054,-0.10006430994034242,-0.255226266383564,-0.4543080643752973
2015-11-12,-1.1844524842813389,-0.7443024403573498,-1.301111846959398,-1.3231711619166675
2015-11-13,-1.0870342414656298,-1.5395986396368735,-1.197443304817174,-0.6424849198727951
2015-11-16,1.1162224427748144,0.8717506993767167,1.0801993946664799,0.6588105303484426
2015-11-17,0.06646522257256463,0.11509803035457004,0.17962930015484146,-0.2675220595812116
2015-11-18,1.2831159557960812,1.3268675462621677,1.237097390896313,0.9310884827089178
2015-11-19,-0.007387971777085514,0.1326858357344976,0.0726765578237136,-0.0738340687429637
2015-11-20,0.2617381063988756,0.4562228059484584,0.41938685399554043,0.30318707839209025
2015-11-23,-0.1158677141804688,-0.2034690369017796,-0.14641827421249493,0.30536811842618106
2015-11-24,0.0192351935290122,-0.12273880278734335,0.012367641289660204,0.44444567407536106
2015-11-25,-0.04902959045711808,0.014713245456901123,-0.023557120949434192,0.32135262318005564
2015-11-27,0.03424748029057566,0.03591328244876537,-0.12340818104209886,0.18804834039290103
2015-11-30,-0.40243088032879876,-0.23577494471351812,-0.44889176671366776,-0.11278497551046204
2015-12-01,0.6915075186492734,0.6082812749970973,0.7473371558297147,0.34089001527109586
2015-12-02,-0.7817321329715639,-0.3807190055400474,-0.6992899896918117,-0.8820744951584824
2015-12-03,-1.255191108920568,-1.2860638896662209,-1.3593801172809394,-1.0459025905268977
2015-12-04,1.40730477073808,1.4500501020184882,1.6590780384745265,0.38727743364359724
2015-12-07,-0.310454920744504,-0.16321249903149854,-0.33921592588593047,-0.8944620917952854
2015-12-08,-0.6158900571477544,-0.02733041192135615,-0.8770691854726013,-0.81008512195575
2015-12-09,-0.7608319854281579,-1.1832262552212724,-0.5063947919412153,-0.6605601142580678
2015-12-10,0.18586567532868906,0.28244559080729204,0.404148802952078,0.09606950161307456
2015-12-11,-1.594911325237285,-1.6383672720203957,-1.5289790729297852,-1.3454931504828755
2015-12-14,0.2251149358858929,0.3500242595099328,0.32240777739311993,-0.6036630630953383
2015-12-15,0.8953222991773094,0.43418749320589856,0.8569745083375441,1.0474978696149808
2015-12-16,1.22263784695382,1.0940554226084602,1.1718848399400257,0.9284388811222526
2015-12-17,-1.1541744119795632,-0.9415262828108131,-1.1474096906960238,-0.612775054300555
2015-12-18,-1.624768957082059,-1.5002326540336302,-2.030074489406047,-1.1517690253584991
2015-12-21,0.42584436977331763,0.5120117554729944,0.3541058549323153,0.21863558171306027
2015-12-22,0.7826600634340916,0.4640322550676265,0.905082668938747,0.925011787027628
2015-12-23,1.0502852102465505,0.5821858767230567,0.9981714585881288,0.9684100913903353
2015-12-24,-0.06329889154166794,0.05457504975474143,-0.1690132148811758,0.1392160073018593
2015-12-28,-0.23916267435675753,-0.10184530327996297,-0.18042180623299273,-0.3623136572070375
2015-12-29,0.818840606931966,1.0371414667197378,0.9218040283213841,0.6215994312050348
2015-12-30,-0.5517800626624622,-0.5815853721015501,-0.5170852866019269,-0.6219488559387342
2015-12-31,-0.9019506841558685,-0.9330112502311181,-0.9778272194322192,-1.0028307460470591
2016-01-04,-1.2337277565157918,-1.5958464511703025,-1.489726372787046,-1.3983696867353943
2016-01-05,0.03925917498849578,-0.2661828780295834,-0.07506018405310269,0.18720383666968987
2016-01-06,-1.010938248950216,-0.7048749980189424,-1.2646586394335573,-0.7295588415274138
2016-01-07,-2.139166631184178,-2.3950185480988373,-2.2385604274825575,-1.9084622795129815
2016-01-08,-1.0727648656053834,-0.7870094559917613,-1.0917305670717024,-1.2153531267376092
2016-01-11,-0.01562411981637709,0.06408729814589936,0.18623972947956202,-0.07128077152830899
2016-01-12,0.6331377751235175,0.7913626290218588,0.636507178770697,-0.16707291294658067
2016-01-13,-2.0245262663931647,-2.3978609899565195,-1.9006054207209584,-1.889941643190884
2016-01-14,1.1758037301726683,1.3106090087649258,1.0519764852444435,0.5073023140395109
2016-01-15,-1.6747085994808515,-2.1473186671080073,-1.9870848644123518,-0.9997614122474276
2016-01-19,-0.09150031490853819,-0.04188194380221412,-0.09408075000602714,-0.9137265819937136
2016-01-20,-0.9793395040184978,-0.23744980039321703,-1.289424020677978,0.008084274327665952
2016-01-21,0.1924442343464272,-0.14990711161455547,0.3669780453278867,-0.20692497238175192
2016-01-22,1.704830133831783,2.0301264200574143,1.2360329406056445,1.5786097810455817
2016-01-25,-1.2101013001540397,-0.993415293369151,-1.100918130219067,-1.6026160593524044
2016-01-26,1.0278170318095632,0.5470819256177062,1.4483900782326118,1.5580924815605015
2016-01-27,-0.8029386016087412,-1.651777284457611,-1.0602521371967275,-0.38797792795098696
2016-01-28,0.2921986259002864,0.8296449363116735,0.5086897294318309,0.2782059755279505
2016-01-29,2.00358366102013,1.4189889354212197,2.20309664719894,2.1082005295169366
2016-02-01,0.08365217312011708,0.36369264184576716,0.07711619112624789,-0.28299693540550785
2016-02-02,-1.5131609048477823,-1.5508309659320392,-1.627083011350624,-1.4239263047502446
2016-02-03,0.32702132736401973,-0.4970443870335637,0.8063369310521213,0.12459445904816926
2016-02-04,0.268796433824822,0.08376021137283762,0.6114337220840951,0.3646333254848324
2016-02-05,-1.561727200935627,-2.4619569942049355,-1.1095933940846578,-1.2765807257602637
2016-02-08,-1.185030284521171,-1.174196725293905,-1.0474862709342596,-0.6515981600745726
2016-02-09,-0.14116107756005178,-0.4094959319443587,-0.2131299711415504,-0.6176367007688732
2016-02-10,-0.0872122151125164,0.22124125672279515,-0.5563805646767677,-0.05155578471581817
2016-02-11,-1.1547411402925902,-0.2003108151133037,-1.5143416944965573,-1.0435942199314696
2016-02-12,1.4593416170560514,0.8547472886534639,1.5132306872613488,1.1716728128906186
2016-02-16,1.5157824836125335,1.7167747742761095,1.4115171361111223,1.5164125439366611
2016-02-17,1.3770601180151494,1.6320237323527698,1.4486846444776937,0.7417013416362708
2016-02-18,-0.2406305179078386,-0.6755368011247931,-0.09168567684651568,-0.014770575090821858
2016-02-19,-0.07376518056197677,0.20069454683899246,-0.14377306399575093,0.10266962400766727
2016-02-22,1.0943387961062547,1.030609778624706,1.1391781268978685,0.6628152602315305
2016-02-23,-0.9509578934961859,-1.06396126611493,-0.8840873961507156,-0.48564993254560657
2016-02-24,0.24806225776561866,0.5535436571669015,0.1492886435636763,0.3069306317920414
2016-02-25,0.9296437886923871,0.6227675016335092,1.084353279187859,0.8014694657106362
2016-02-26,-0.10685551305931705,0.00822747034393953,-0.18799523782078542,0.318896413481076
2016-02-29,-0.7333319805274182,-0.7052842268672783,-0.7477096934128465,-0.20683365492212197
2016-03-01,1.7688517847898804,2.0753422245826423,1.7027989731650273,1.2368595929622586
2016-03-02,0.4685918088030978,0.1327483547462262,0.3216395659555692,0.9350123784682962
2016-03-03,0.28633321937385914,-0.11254292635299502,0.19921154708204392,0.754455121840807
2016-03-04,0.27173565342898054,0.005008379668031707,0.32759843902424923,0.38706758730988094
2016-03-07,0.08603322135553507,-0.43903116717954327,0.37111832210680273,0.838548806130668
2016-03-08,-0.8986445472723543,-0.5865179604999792,-0.548130018845558,-1.536065795920695
2016-03-09,0.3321365967357176,0.3488938436574996,0.12452992855221974,0.26917323310139996
2016-03-10,0.00498477255229034,-0.13369737918912464,-0.06936338932543505,-0.36735111466010384
2016-03-11,1.3157358730359017,1.2020655560022881,1.1265545944499538,1.2977026004859489
2016-03-14,-0.03216048700243733,0.18740635514112147,0.1712911860040463,-0.24433650714460026
2016-03-15,-0.13914324681610715,-0.02961876747925079,0.11746740670016617,-0.8085721046773043
2016-03-16,0.45978229210148536,0.6201594742930586,0.39081554116090134,0.4632271184587414
2016-03-17,0.47422106153985905,-0.04543450324045576,0.7613643683761196,1.1489531850780281
2016-03-18,0.3506329425836558,0.15731882978909875,0.6629474426540825,0.5383506797437194
2016-03-21,0.1240397465607307,0.2714375613909367,0.13608680602287515,-0.24801289888383454
2016-03-22,-0.08129673584108478,0.18106553895197092,-0.2341389598985301,-0.24742900991275765
2016-03-23,-0.6028333681724648,-0.6246525012329515,-0.4581413493519764,-1.2476092824873242
2016-03-24,-0.044851995501727436,-0.005598328284935305,0.06403834532493764,0.1638292799033184
2016-03-28,0.0038598534670610616,-0.13168752516468232,0.0768694245042845,0.08672757543082098
2016-03-29,0.711436350738209,1.0761381719928464,0.460400752176095,1.5576731058675082
2016-03-30,0.26885552456792494,0.2807270386491145,0.3387058339515897,0.058505050384870014
2016-03-31,-0.18781097722941437,-0.08535788791595161,-0.1338267664565915,0.04712125047215187
2016-04-01,0.48673327957907364,0.6846056682856272,0.47488555157254964,0.030309920542224957
2016-04-04,-0.2566174028288413,-0.2539791871360126,-0.24763748673408612,-0.6828709117951915
2016-04-05,-0.8423639690519893,-0.6927247877787958,-0.683038850328763,-0.8554900756401761
2016-04-06,0.801650991253401,1.0468986467488868,0.48527087919597295,0.3289148458956397
2016-04-07,-0.9922647232454819,-1.0110505741833913,-0.8627002589535315,-0.8716183781462461
2016-04-08,0.14728502900750723,-0.12093122918851412,0.10031995093013941,0.37570394944387236
2016-04-11,-0.21908650482920172,-0.2936632432375293,-0.11614356705419253,0.11312728791992432
2016-04-12,0.7107602024681929,0.5240074539917131,0.7794438646487944,0.7958458160640192
2016-04-13,0.8425372853407079,0.9108550114306058,0.965960503709119,1.2471398293072546
2016-04-14,0.009950434192112428,0.037014762729859055,0.12127575012176398,0.028335718308592755
2016-04-15,-0.13712260866755643,-0.20280660024984584,-0.17822498940846432,0.07903031405444147
2016-04-18,0.5063646677300115,0.31393461220693014,0.462062305917739,0.3321307774443406
2016-04-19,0.28983286391428204,-0.4076847189229468,0.2846099979256113,0.4282402446140211
2016-04-20,0.11822287820407666,0.07917803438131141,0.24852211153655954,0.006787203348643581
2016-04-21,-0.41858889789523207,-0.012565105266070001,-0.5220918156910077,-0.6078660359402478
2016-04-22,-0.1124915456501902,-1.1585792836078428,-0.009864437388854966,0.5743757190789842
2016-04-25,-0.1315587288185349,0.008189100655916819,-0.10483108483133038,-0.3550727047663982
2016-04-26,0.10419934055080762,-0.417228836484868,0.041332615487377974,0.8093399785956132
2016-04-27,0.12282378828386081,-0.5921816686625508,0.21383998636586726,0.31971818464428087
2016-04-28,-0.6995920326076492,-0.850371702552952,-0.9821440302911,-0.577941036360737
2016-04-29,-0.5386728605790306,-0.5131466467966108,-0.40998193905974745,-0.5336619522142335
2016-05-02,0.6177156553438864,0.5918985016542997,0.5623978006224444,0.5840670342030533
2016-05-03,-0.7197536198053714,-0.6445313157393313,-0.674855165114712,-0.9982240646454782
2016-05-04,-0.5192636675359258,-0.5202858737020041,-0.561877572953017,-0.3479705084743661
2016-05-05,-0.09895734396953978,-0.10743099210249973,-0.029873708944020024,-0.3123211554984114
2016-05-06,0.2829266981280147,0.3403041580101935,0.39326449412336656,0.5446468609097587
2016-05-09,0.04210065139673001,0.18872882560241797,-0.17133899338480618,-0.10661371265307365
2016-05-10,0.9310157043925885,0.8840858527385412,1.0115873294672548,0.6497626238949552
2016-05-11,-0.671128311459935,-0.5410123076463266,-0.9402843147854145,-0.5152963361792817
2016-05-12,-0.12271194041462896,-0.43882582182854574,-0.12380568168288038,-0.364169353089526
2016-05-13,-0.6806560308614327,-0.26382090792363216,-0.8761577128849638,-0.5164168548625818
2016-05-16,0.6608163614273513,0.7180834598920408,0.7191063707134256,0.6137268878630994
2016-05-17,-0.7316480226344299,-0.8367962163608651,-0.8297480533785211,-1.0045868223185965
2016-05-18,-0.06391975584819325,0.16320972473093043,-0.12129874664076709,0.1299025841031582
2016-05-19,-0.32469243526981795,-0.41803890295405477,-0.4832608045817856,-0.5691253271831966
2016-05-20,0.44974085374110867,0.6959451343531766,0.25858759521593344,0.9389797441651888
2016-05-23,-0.14985363468567364,-0.12676162987160802,-0.06571991692271725,-0.13917723970172868
2016-05-24,1.0084304396505985,1.3467152915371698,1.0268930903894717,1.2076302564649193
2016-05-25,0.5510795192771896,0.5283752689990217,0.7499213360034818,0.45314041398403027
2016-05-26,0.03839978727118518,0.25495327183516786,-0.073192124064238,-0.08898145214088507
2016-05-27,0.2825455014086896,0.3125380871177829,0.15500566991974474,0.5056555874364851
2016-05-31,-0.18539303220926193,0.11282582574361699,-0.44065197391467453,0.07487965377604669
2016-06-01,0.062068866803845865,-0.09247620470589862,-0.10064007475908761,0.36388281120389054
2016-06-02,0.2128869398667383,0.10863712100219826,0.20948338249970366,0.2960370592108113
2016-06-03,-0.2380930545944635,-0.3405685520475988,-0.14150395621391246,-0.26059519825669014
2016-06-06,0.3816663270515757,0.2130752683625897,0.5293315043674007,0.613557890473759
2016-06-07,0.13116143657245818,-0.16861203333942584,0.11757775008303452,0.24657337712806954
2016-06-08,0.23879558090837993,0.09311677930584426,0.3010645581934694,0.5572540676969087
2016-06-09,-0.11405060064554376,-0.12901628926210137,-0.08623126853662968,-0.3332897175831322
2016-06-10,-0.8065557781820577,-0.8355095043919369,-0.6127957826441996,-0.8060466987102813
2016-06-13,-0.6964148279808838,-0.6575044412205657,-0.7091308374137429,-0.7412088230909761
2016-06-14,-0.26092122194609757,-0.10897895386793931,-0.3826196264007168,-0.39964062801909706
2016-06-15,-0.17363255054824656,-0.26999090859443947,-0.22723611803624189,-0.04451511312585123
2016-06-16,0.20068178267318132,0.16285043358092272,0.4231791530899359,-0.016146748854710683
2016-06-17,-0.27166580213522146,-0.8016168885112028,-0.22991207972413413,0.11201257831056236
2016-06-20,0.4648438652438129,0.3869544989962643,0.5836237036689242,0.5200271389096575
2016-06-21,0.26300670671724113,0.22259417897970524,0.17379570221073232,0.07611846850638289
2016-06-22,-0.1587243707196847,-0.18809426375692392,-0.26284410370865036,-0.3692002104798242
2016-06-23,1.0242294151936941,0.9473719404139428,1.09374791837394,1.2272958449497535
2016-06-24,-2.956349214086364,-2.8600953259839286,-2.919593596317138,-2.363368834378849
2016-06-27,-1.736063672851461,-1.708641167806669,-1.669356198962758,-2.6170556873059567
2016-06-28,1.3682899530646895,1.34568523072119,1.2790142189178837,0.8628790565092371
2016-06-29,1.4723582809526587,1.3186380728302316,1.5571223753328858,1.5234844435770762
2016-06-30,1.1916535954313323,0.9269395469230517,1.2744104525706974,1.347156407301247
2016-07-01,0.2340230742947101,0.4316208120481872,0.17620207943866367,0.2885960858204351
2016-07-05,-0.633047013443637,-0.4632102613525214,-0.5758122830530111,-1.1743237332835117
2016-07-06,0.43331169737154107,0.5079959823104846,0.33011236316600545,0.3453728653269761
2016-07-07,-0.06446825931182179,0.20503489831336869,-0.10311641103723325,-0.02028085765973136
2016-07-08,1.1425931947995531,1.019500967513512,1.1604067535573979,1.5103989544977436
2016-07-11,0.3238623199941214,0.46094675595646994,0.45670675861097676,0.9075354296505962
2016-07-12,0.5384779125130865,0.327676531767711,0.5392067123122687,1.0851168961770172
2016-07-13,-0.04370441996980944,-0.17652301032805298,0.10269557183383063,-0.1480715823767443
2016-07-14,0.4527627107762247,0.45728468643698944,0.6421665686720414,0.10329743499538192
2016-07-15,-0.0732521268979382,-0.07727214229508965,0.11059852640372066,0.2218440361523723
2016-07-18,0.15868730208914916,0.427876328356191,0.03788038601422876,0.07100052287363001
2016-07-19,-0.14989182321009437,-0.30948985587033684,0.061833532729570845,-0.3707636228664433
2016-07-20,0.34957132888087133,0.8200403110036172,0.20144271068162198,0.21854262989645043
2016-07-21,-0.3707221391353677,-0.20683156073292278,-0.4178983054598362,-0.3088930223142305
2016-07-22,0.28401134940304085,0.23024302672205724,0.1762257690790673,0.34627134193472153
2016-07-25,-0.23857597175854106,-0.009920033793041197,-0.37242381301116556,-0.10884754846113515
2016-07-26,-0.04005964632551713,0.0003156437237236201,-0.1724563657250524,0.3196987573069464
2016-07-27,-0.15386885240793446,0.4212813615694861,-0.06811653835124556,0.01626798689341166
2016-07-28,0.015425444427615606,0.17400034623578334,-0.13579432869666933,-0.28923869230036925
2016-07-29,0.061819208503595784,0.11297156684905289,-0.17537168116876012,0.12038617906606239
2016-08-01,-0.1062346526501584,0.3307153131008723,-0.1708009329930938,-0.2211552993828415
2016-08-02,-0.572120948862421,-0.5845651990820685,-0.4742986397253725,-0.8628081703951804
2016-08-03,0.1837425657649793,0.18373879895346698,0.15212002849339448,0.5912798727669335
2016-08-04,0.038251546088375526,0.16104279098060123,-0.04413953502301017,-0.003450212537430674
2016-08-05,0.6144043966876148,0.6156977178576716,0.8604137399459534,1.114435552968216
2016-08-08,-0.031264567058823585,-0.03916886009763672,-0.01131156667149208,0.10384811373735875
2016-08-09,-0.030392275230694116,0.10453938581149243,-0.05735865668703502,-0.030903273227317694
2016-08-10,-0.24189673582197696,-0.22057248522623188,-0.20756460699654783,-0.45510180813192086
2016-08-11,0.3399983600578119,0.259703153620086,0.5255191783325192,0.2417939506096632
2016-08-12,-0.044890921357349886,0.07523696660920344,-0.11993162620875875,-0.027673131360343516
2016-08-15,0.15941953978571333,0.23625219119016858,0.20706539673140678,0.6264460194674467
2016-08-16,-0.46189733507112385,-0.412978138122884,-0.4157287013390377,-0.4304844520899893
2016-08-17,0.07114079730286454,0.04578072094248092,0.023181010883835243,-0.15661575070247347
2016-08-18,0.1681697958212865,-0.003914974318277392,0.10838314502732266,0.4999738583865373
2016-08-19,-0.14559382605421362,-0.041376905348711246,-0.23054741834811204,-0.03658971697695648
2016-08-22,-0.06388320419930789,-0.01743396719121229,-0.17032571510294603,0.06346916789768331
2016-08-23,0.109336131934344,0.07055601669791794,0.035146676375615485,0.4155505256889917
2016-08-24,-0.4563278514959804,-0.48864274978970507,-0.34166133161295,-0.4416654233922325
2016-08-25,-0.10264468135319002,-0.17202761453234905,-0.1977595035359832,0.1957251712883615
2016-08-26,-0.22429434562087192,0.03203470358038302,-0.31602699938226303,-0.2652727618064532
2016-08-29,0.33477591907968113,0.020924185037182692,0.4451021997789612,0.3459487122735956
2016-08-30,-0.10369511325122376,-0.19283502994768265,-0.17587935900183882,0.16605097031449134
2016-08-31,-0.2940388715859391,-0.13794088739947247,-0.3183912878952633,-0.349797684420616
2016-09-01,-0.050550479782961746,0.1097091612584768,0.0365623672208606,-0.19974602014559237
2016-09-02,0.33434870264245214,0.20078088732786703,0.33119625301088046,0.7006770705395762
2016-09-06,0.21131822015998514,0.42181373202796624,0.20143514963227244,-0.06054619558679664
2016-09-07,-0.022280036816055837,0.02119225816535042,-0.06332486260908848,0.479337004673079
2016-09-08,-0.26128978545217185,-0.457256933430325,-0.2821083647123801,-0.13938266381623582
2016-09-09,-2.0163335971700875,-1.8301026005493022,-1.929629889638035,-2.0624553884302905
2016-09-12,0.9868655631744877,1.0297489477523452,0.9575153758900435,0.570191015233968
2016-09-13,-1.1172321470156668,-0.5721392245725838,-1.1372012850431394,-1.2008463119082589
2016-09-14,-0.19039037768730416,0.19341623761575227,-0.32747838421643194,-0.433107609936354
2016-09-15,0.7309696135114667,1.0097580591859965,0.7956065133065077,0.7082423035398183
2016-09-16,-0.298803882224427,0.010960107986759268,-0.37645693247373646,-0.052157621846623134
2016-09-19,-0.10639994930959551,-0.38568760256434426,-0.13832185347865764,0.35698714297261197
2016-09-20,-0.042311276415522,0.08866557870649226,0.010803798199622815,-0.31298061934779203
2016-09-21,0.8976417167748216,0.6424117136296696,0.7796245678924097,0.9310133040326646
2016-09-22,0.5411783443064936,0.5970989791588786,0.5194769548609681,1.1247441130620555
2016-09-23,-0.4676900006940516,-0.4549120814006511,-0.6339102857738138,-0.42217761286146793
2016-09-26,-0.7595240919406283,-0.6849694169002893,-0.9119793792312285,-0.7682198600625132
2016-09-27,0.4180869626382486,0.5742096612072016,0.5479145604933731,0.05571137836471916
2016-09-28,0.4424956209565895,0.14596489379946248,0.5999104834699954,0.7585086746697619
2016-09-29,-0.7423070514871978,-0.47650491639781717,-0.9154596485794858,-0.7845094338276963
2016-09-30,0.47756832963864737,0.37557847675107703,0.636318181155005,0.6113679743500484
2016-10-03,-0.1551762578341637,-0.061300293263317734,-0.1827313907741535,-0.21519426686887383
2016-10-04,-0.48948641541755294,-0.16837183284837104,-0.48409797434121254,-0.4236945230835675
2016-10-05,0.27037607790731266,0.1624193791634644,0.4589724095115487,0.45893280481869997
2016-10-06,0.05151644559923427,-0.02323892111990597,-0.033109281626149005,-0.06558608154083778
2016-10-07,-0.3225417786566222,-0.19308875000934464,-0.17804273520522676,-0.6163366392607678
2016-10-10,0.4086274910967709,0.40921720341524337,0.4210093663654248,0.791679572256987
2016-10-11,-1.075725332097462,-1.0137854104102144,-0.9776360138615046,-1.0358697038208067
2016-10-12,-0.009684548545148525,-0.1807311355645056,-0.04905059034993493,0.010194582978327357
2016-10-13,-0.2915892119740932,-0.28663708147235867,-0.22855606535651146,-0.6305591511932591
2016-10-14,0.023827503102032795,0.04433187849958204,0.17534056280388075,-0.15747998715511627
2016-10-17,-0.2891985141348773,-0.19569708878488937,-0.23444186508488046,-0.04881927447688067
2016-10-18,0.4188350387841973,0.546055359749268,0.2859255698614987,0.3410839373601917
2016-10-19,0.18995011718200958,-0.025636706392044233,0.18099721716400913,0.4657883822548904
2016-10-20,-0.16150012202578398,-0.08573056489315939,-0.19396937383192195,-0.19558748296167128
2016-10-21,-0.008506435636555126,0.19908669198105255,-0.12629500376664166,-0.15901499938985533
2016-10-24,0.29545129452569996,0.7824137060457707,0.32793999342042957,0.4403404466863966
2016-10-25,-0.31857613477362456,-0.24048849537780156,-0.2784251500993704,-0.423445386291816
2016-10-26,-0.2385179148010998,-0.5204363282428929,0.07766304655712364,-0.479711354733681
2016-10-27,-0.19170362585067074,-0.3060549565871238,-0.09348936460608118,-0.6421970504062039
2016-10-28,-0.2603967722932992,-0.4717078701551109,-0.05291141171085546,-0.356507521785037
2016-10-31,-0.003774035421124214,-0.0826744854557322,-0.08028040693819812,0.2910633309071488
2016-11-01,-0.6598043378454576,-0.5916917482296244,-0.5713638569641605,-0.8548471595962401
2016-11-02,-0.5457862492067884,-0.6355705560348303,-0.4297324581700617,-0.8252050952791792
2016-11-03,-0.4140459387487254,-0.738313669033713,-0.1708712727092789,-0.19080773926616112
2016-11-04,-0.12007572959564018,-0.2831526455908279,-0.21828310052319308,0.3048169704271096
2016-11-07,1.6902409776456713,1.5426976039575488,1.7102473984251503,1.4933156894209296
2016-11-08,0.4990898767945765,0.5764163230741253,0.5179986867022349,0.2822595003893459
2016-11-09,0.8598862662382524,0.3450289647701773,1.22239181292263,2.0030172135363014
2016-11-10,0.23760680729051362,-1.0625889038486538,1.098547138132842,1.3252702665909173
2016-11-11,-0.12080965194580828,0.08735447478945031,0.28999551139751434,1.6580873231206392
2016-11-14,-0.11289407789313809,-0.8662762280337205,-0.05542328436917701,0.992104770316805
2016-11-15,0.5198488362758704,0.8698035669608442,0.14669791692674086,0.2501219124224097
2016-11-16,-0.17121515901481088,0.34967730809294567,-0.28564989037783073,0.0845814580242446
2016-11-17,0.3318655175369836,0.44352623472827135,0.08755007850757653,0.2554266311876555
2016-11-18,-0.23151060972703225,-0.2848943252669373,-0.2075820721850516,0.3634153461751918
2016-11-21,0.5581324485487519,0.6700978301083017,0.3630774319532082,0.34200738508704387
2016-11-22,0.14634967320504055,0.19134807991044037,0.302359344611467,0.8236482587254702
2016-11-23,0.011511337808738012,-0.29135952106899976,0.26153790975391966,0.3779093594040429
2016-11-25,0.26810218539997305,0.20039080246736826,0.30138739769837253,0.20761377722393282
2016-11-28,-0.3959082587864877,-0.17888763915506725,-0.25038839821181746,-0.7460935995694685
2016-11-29,0.11804091550000201,0.19590000198020144,0.07764139194702732,-0.08633638265169438
2016-11-30,-0.23365370620168058,-0.8680523208065166,-0.013008365392368151,-0.040697756141426546
2016-12-01,-0.2852868116193639,-1.2072354241147552,0.3379823035320052,0.04445593527895115
2016-12-02,0.10141065249555627,0.15341093696392674,-0.009964851770528554,-0.039445639975038735
2016-12-05,0.41344616286983743,0.4440286686404909,0.13149316564004407,1.1336079634441283
2016-12-06,0.1895858461133156,0.11850914870165814,0.09980425821461006,0.7135840413619897
2016-12-07,1.0028425145530357,0.8338649506293097,1.3029978895106786,0.7855453028276274
2016-12-08,0.31491615488956565,0.22403078372577162,0.43680351312479637,1.1912042173047965
2016-12-09,0.42613453609759455,0.5119148288406794,0.5692415598448745,0.1699121578922305
2016-12-12,-0.10311013305730714,-0.3076304066566934,0.20235714103847846,-0.6751529478952587
2016-12-13,0.556672390226145,0.9024233090244824,0.5543077707138185,-0.039020859917382356
2016-12-14,-0.6462481208973121,-0.13095589345753228,-0.49766703881893243,-1.0066136313482055
2016-12-15,0.22853214311727593,0.048609572083140276,0.1847290087232088,0.4125879392568294
2016-12-16,-0.18202809614715076,-0.26816980885287023,-0.05775143083585955,-0.15547260090197162
2016-12-19,0.14695705018443023,0.25216540441367374,0.16539310747904246,0.47607864062880545
2016-12-20,0.26066195210400867,0.21987904378570172,0.36118053150628904,0.6673243059349183
2016-12-21,-0.23630853882569258,-0.06828522665659517,-0.15729012461014588,-0.3477407935645083
2016-12-22,-0.19557007761293255,-0.2520781401286588,-0.15272124768748005,-0.49155287688734994
2016-12-23,0.06726292793582439,0.020180247608158394,0.05015221306091784,0.15796678131661088
2016-12-27,0.1439957821833673,0.3292833039403135,0.031790970535117,0.26689896737884666
2016-12-28,-0.6852081496024784,-0.5924656230321358,-0.5364493645666337,-0.6298616702582678
2016-12-29,-0.11313521613920641,-0.1705698038538347,-0.12653227327154226,0.00245788759613641
2016-12-30,-0.3489394330443333,-0.7724548682153524,-0.2979523756453966,-0.2892157742584063
2017-01-03,0.6030629736111714,0.5792621236535198,0.5060530858038919,0.3806289818556261
2017-01-04,0.49350138486746,0.3806258622806966,0.30463886112095073,1.0617589059537331
2017-01-05,-0.0925957714846003,0.37147266104429905,-0.22192254687437105,-1.0026410666979868
2017-01-06,0.3017559699561845,0.5651066580624663,0.2588475081077805,-0.2505833135671807
2017-01-09,-0.2594573776797894,0.2580067700647395,-0.3032488169331964,-0.8517119149922934
2017-01-10,-0.07767172730879053,0.10977119931678356,-0.19584871492287662,0.6612088393426617
2017-01-11,0.09778867815926164,0.11770101840390076,0.33555847496270297,0.18390583111950315
2017-01-12,-0.18724248478030814,-0.11224227534999748,-0.257575354436141,-0.7065370416153098
2017-01-13,0.12175600333620894,0.18926565451214464,-0.0744127065350042,0.33793530551564677
2017-01-17,-0.32226317192710424,-0.24850934698071656,-0.29861557667405086,-0.8940403630083513
2017-01-18,0.16119588910473362,0.10833596131650075,-0.10691804883802336,0.20237681048008935
2017-01-19,-0.3104237605001097,-0.07405162597083456,-0.36242375617605066,-0.568761826133931
2017-01-20,0.2264248045122602,0.09735641713014004,0.38236372041549554,0.3070474817566404
2017-01-23,-0.19868524336997717,0.07205898730667845,-0.08722439535479651,-0.20931709598521112
2017-01-24,0.43327929969376006,0.40615875935857876,0.43592511822566915,0.9740795303648739
2017-01-25,0.6527373894490924,0.6821832602221322,0.6570642622701195,0.7139725633041276
2017-01-26,-0.07195159416300476,0.08648924583854695,0.16168694664115202,-0.1812472429729127
2017-01-27,-0.1396458844322146,0.12387737262042976,-0.03176513331435747,-0.3607357434085948
2017-01-30,-0.5596023383854957,-0.5852677491689939,-0.5802225234205121,-1.0763678787307471
2017-01-31,-0.07335081814775116,-0.19400907922090155,-0.5235728277685548,0.20315968313825056
2017-02-01,-0.04228286375358224,0.3909091414228758,0.02660125226642311,-0.055977544064192475
2017-02-02,0.031794559400431854,-0.09767260593395467,-0.023459656877293726,-0.16400217678581697
2017-02-03,0.5183248648758806,0.1790355272942106,0.7806379990538158,0.9867357100840046
2017-02-06,-0.08659406005832383,0.13085435971067266,-0.002445041921471422,-0.42898871681294987
2017-02-07,-0.05623599601120764,0.1980134271426446,0.11537493716607472,-0.4349034506111244
2017-02-08,0.07854722281169473,0.11050156719489035,-0.15121732429635626,-0.2720429615843704
2017-02-09,0.4141117754005625,0.21606410639723297,0.4564254910643987,0.780919474674771
2017-02-10,0.35096712080800885,0.25324896989878387,0.46511993957958914,0.611456008933472
2017-02-13,0.4291128853755036,0.38129727829928534,0.6151143470394497,0.2749478087216964
2017-02-14,0.3514115242786329,0.2576602484394633,0.4367874464458392,0.30240058874178444
2017-02-15,0.4070489268226595,0.41997102597290675,0.46724369891356504,0.23430878353857976
2017-02-16,-0.043191338683544224,-0.008387540354304918,0.05859079572345454,-0.16209199958183965
2017-02-17,0.07670545393574214,0.28130036057911867,0.0034242439384641332,-0.1876731146009327
2017-02-21,0.4326104782280292,0.30599929559973393,0.4675525773291458,0.5072065046097058
2017-02-22,-0.031705497320698474,0.05177210402514046,0.17062135821959037,-0.20298563252368015
2017-02-23,0.03966969146197895,-0.2745075914410486,0.149128254024725,-0.33517688380926003
2017-02-24,0.12111739472395529,0.14161255658846242,0.06996158286869789,-0.22577960090254642
2017-02-27,0.10548278720327416,0.06612850471237909,0.06634940568437306,0.4403659328652525
2017-02-28,-0.24403276027310072,-0.24622448575907113,-0.13613993475642022,-1.0234350831752337
2017-03-01,1.1111973403413815,0.7392641843950698,1.2762357552162351,1.2996575474627439
2017-03-02,-0.4022905654125817,-0.2504540346549857,-0.3413875314067736,-0.9102268489042443
2017-03-03,-0.011422346867349343,0.06408585996594973,-0.05270495718371636,-0.24454161883820494
2017-03-06,-0.26584387876591675,-0.1779205193705422,-0.22557055552021352,-0.44809419093974706
2017-03-07,-0.29199594444531124,-0.15914233327386965,-0.157077634947844,-0.5137849662294184
2017-03-08,-0.17899857075925438,0.08468767579338461,-0.3101274474370242,-0.6731841755150834
2017-03-09,0.018648143619450663,-0.003920071734806508,-0.0499954670485457,-0.46886585394405944
2017-03-10,0.2922691520639255,0.2952086414952629,0.20429846586475173,0.14029591814733874
2017-03-13,0.0482447500537523,0.11425979391550498,-0.08015210122822163,0.21300732977170045
2017-03-14,-0.3460394095927317,-0.21640018703127642,-0.23384667726447622,-0.3579580061817903
2017-03-15,0.6169018448531507,0.37678683925803824,0.4360256018732569,0.8943593474653472
2017-03-16,-0.1526211195279969,-0.0523595729536379,-0.07225088623610262,0.2559409314576941
2017-03-17,-0.15693410520224801,-0.07717059459954048,-0.12256284835710246,0.2787894062400625
2017-03-20,-0.2265999685769219,-0.011134763979446176,-0.11329061987799145,-0.4891075609327496
2017-03-21,-1.0691387843096827,-1.0905069887346033,-1.027723263275383,-1.950486574117551
2017-03-22,0.10757832197770753,0.37691491990222625,-0.09694498475481056,-0.3061927102703662
2017-03-23,-0.13258184781451754,-0.20963206098128426,-0.033279733002180345,0.5027438376991793
2017-03-24,-0.07642365969814977,0.10846715661538565,-0.2908864694798383,-0.05996425508215758
2017-03-27,-0.19117593866719193,0.019033451230283757,-0.28979396310953354,-0.0090574143420339
2017-03-28,0.5177389811944606,0.36432502979618614,0.5812348321538408,0.6163931809876245
2017-03-29,0.12306282514606057,0.348379299221716,-0.134802261842226,0.24916583053689445
2017-03-30,0.15955183732803227,0.04414235295523938,0.20270559553066642,0.6609291863389961
2017-03-31,-0.21642073948540846,-0.05814788532591786,-0.2743785851605356,0.1386826306711415
2017-04-03,-0.21499859202020677,-0.13534769028432514,-0.15254847570748786,-0.7790041369244523
2017-04-04,0.05292270772850441,0.08744661959300015,0.16562400992424045,0.019382779283899823
2017-04-05,-0.28069112136880386,-0.2898873211298961,-0.16963546763989193,-0.8120574991085346
2017-04-06,0.1882381841496066,0.009856767407864734,0.04859454718341984,0.613491721966236
2017-04-07,-0.11696848988495534,-0.0745522073631135,-0.06788818585221676,-0.10107730063281296
2017-04-10,0.016008721098041034,-0.01822529584616645,-0.012321879360201227,0.11654581050551593
2017-04-11,-0.13411158040694562,-0.34045976243681403,-0.06308994386270873,0.5913718056282801
2017-04-12,-0.40411074917708545,-0.3357344924217391,-0.3006908095809282,-0.9690358030800496
2017-04-13,-0.5426591258534159,-0.33355607838101864,-0.6142347727320729,-0.9153927004064856
2017-04-17,0.6239645868994288,0.49825870981959236,0.7075117328240943,0.6748284561176693
2017-04-18,-0.22814743987791103,-0.060501030777544304,-0.41378950214631355,0.11034399669739994
2017-04-19,-0.2475735733874122,0.010264645346441836,-0.6315425559692267,0.014709268828382527
2017-04-20,0.5383825763585743,0.46653380038552317,0.6207129916551168,0.7901712824741574
2017-04-21,-0.2068346159447036,0.019429068765877508,-0.06606697061004398,0.011263252104786889
2017-04-24,0.8057127562905542,0.7727292886230375,0.8440851461814374,0.7884528283909804
2017-04-25,0.4804740876497381,0.539875968146064,1.0160527143700973,0.6569565420083613
2017-04-26,0.013540025611033284,-0.03247958608558062,-0.0025659218980079723,0.5233334279356152
2017-04-27,-0.060507099763821355,0.33935960496410417,-0.09136218207215513,-0.4232357673158123
2017-04-28,-0.21105795653481793,0.07506388430847015,-0.20015313311937125,-1.0643220413949854
2017-05-01,0.15485396051616324,0.6044109487280664,-0.12081949632680224,0.254718080634073
2017-05-02,-0.04647827211850094,0.06098627250099567,0.07025415807633414,-0.4702659313646284
2017-05-03,-0.07393964877049031,-0.21310110163976817,0.05803524733565894,-0.26475136268374133
2017-05-04,0.06418201060664444,0.02035787859742673,-0.0215177283758551,-0.26090465098234983
2017-05-05,0.29984015109812007,0.2248296089568737,0.2147085438095258,0.33341729542854937
2017-05-08,-0.005117763741343474,0.14547125929883714,0.029629716105746332,-0.14220017381261418
2017-05-09,-0.10359245258628128,0.21200051855426635,-0.16847603450080492,-0.21180396563345724
2017-05-10,0.07017993584766107,-0.016002132453765493,-0.1988591017026146,0.27479498894331
2017-05-11,-0.22591010653294324,-0.10430491342669145,-0.16257095917138198,-0.5428223224826807
2017-05-12,-0.11075515721263851,0.1279127717126866,-0.0883866643523313,-0.4692596983736992
2017-05-15,0.3706277863058628,0.18539025867616735,0.3264391979147906,0.4302728277710069
2017-05-16,-0.06758197530105929,0.2998603617623013,0.0012158091855030348,0.0025262155548285287
2017-05-17,-1.4790262520298458,-1.841218474475581,-1.6055014284037197,-1.8019701298135093
2017-05-18,0.16308781485524654,0.4639790469350769,0.08328263736722202,0.022417312451007948
2017-05-19,0.5307383475750603,0.25687401427243217,0.6190789362285637,0.3623918862513596
2017-05-22,0.4494121584687443,0.6318552574386019,0.4327098010127115,0.4840379791828343
2017-05-23,0.15538867475325774,0.062173683751041875,0.1747601769727412,0.3731261238569905
2017-05-24,0.14624851735235478,0.30301647368952295,0.2891206137135682,-0.1406474953314672
2017-05-25,0.39796896891741645,0.570095326118096,0.31029908162932546,-0.0396869018059246
2017-05-26,-0.019403111426249068,0.14128299220329593,-0.014101240853198173,-0.07311070968852831
2017-05-30,-0.10160313102450201,0.039684516829167155,-0.23328962021820296,-0.5899209460657987
2017-05-31,-0.07650423087498107,-0.0655860985959617,-0.1252308992336737,-0.2099320619619868
2017-06-01,0.6119146041888831,0.2486759992277802,0.5512014916914657,1.1992131465588292
2017-06-02,0.28082037726197717,0.7976639976142226,0.272771405271127,0.26096911819719043
2017-06-05,-0.09841228502462794,-0.06060472199532122,-0.1257480339056702,-0.3581726165829857
2017-06-06,-0.2873346254477292,-0.2981941147080436,-0.2343924858606253,-0.1981127476308261
2017-06-07,0.08673540436110314,0.22812444401603238,0.1209503823956066,0.07680114698465278
2017-06-08,-0.006210243296307219,0.03773358719351198,0.01575505726664721,1.0402548207705613
2017-06-09,-0.22120465415558815,-1.832272401379588,0.27665577982660267,0.8781194222335297
2017-06-12,0.0320378167695637,-0.35195338757368166,-0.08403902647981651,0.042028852495061324
2017-06-13,0.37662391538964324,0.4608700578511187,0.3421240889220033,0.21247975304225247
2017-06-14,-0.0710665522466379,-0.30808840953746125,0.21908549612643635,-0.434734441124278
2017-06-15,-0.13012892823607947,-0.2838739999054258,-0.015842511891526842,-0.3130520970868766
2017-06-16,-0.018083735006599225,-0.3305233862644174,0.08547942876321189,-0.28887544427693457
2017-06-19,0.6844801952674017,1.1491285772136888,0.6137325298357549,0.18270245507849256
2017-06-20,-0.5343754698083202,-0.5391975584653015,-0.22473794673015207,-0.7769480346326292
2017-06-21,-0.061381514343380024,0.6764340230519265,-0.24715469714250188,-0.6361569138440745
2017-06-22,-0.1377528933053121,-0.10375104658748535,-0.14516151395689858,0.06960133864079676
2017-06-23,0.05653706730100487,0.24777289400903116,-0.04569461881926097,0.3012353744434965
2017-06-26,-0.0313571444548625,-0.38629179131339997,-0.0013918676988201525,0.2522839528359928
2017-06-27,-0.654102284897484,-1.2922768724790912,-0.4125675545631769,-0.22698076473591194
2017-06-28,0.6611161808175828,0.934552211577451,0.5636498131489166,0.8649337845363126
2017-06-29,-0.7122418270355003,-1.2633237609128876,-0.6998503976348277,-0.0575461284474072
2017-06-30,0.04133748888481901,-0.05651073207345369,0.15574714054260286,-0.31403048523853877
2017-09-06,0.31081440472915073,0.1903249704177838,1.8964747762471095,0.21977908312794975
2017-09-07,0.15741107895696776,0.34482168438180233,0.18378193731571374,-0.17200943812846597
2017-09-08,-0.28484037718761757,-0.6964340968546484,-0.1214861131692832,-0.10832931786901208
2017-09-11,0.866095824252919,0.7968610184730647,1.050024239283185,0.7909395991288962
2017-09-12,0.33373449324719623,0.2110307305971198,0.3317976516395401,0.6315907075693247
2017-09-13,-0.0038161233883536178,0.07853392766028328,0.1210448473886085,0.2777435460044098
2017-09-14,-0.06595440377084752,-0.4466360074057669,0.1531346575209734,-0.06634289901413647
2017-09-15,0.1060316435305387,0.23382708448076903,0.2662562157895287,0.2378862599200876
2017-09-18,0.1409462563389458,-0.12366759721123605,0.23616382994876575,0.39034723841870256
2017-09-19,0.04930335437833842,0.10481812182402686,0.13870824905368803,0.07098060415717251
2017-09-20,0.004248515492513586,-0.2471170756112025,0.1491144741542712,0.3082233250948808
2017-09-21,-0.24549206637159332,-0.4457190106883005,-0.21802150716104113,-0.08351363749483616
2017-09-22,-0.03557519235545476,-0.1314432771514225,-0.08790195581796703,0.2633694217521962
2017-09-25,-0.21187952865740028,-0.7935410391184958,-0.25054707080366717,0.3616195690239808
2017-09-26,0.008625068832554547,0.12382203843211119,-0.08709931898877757,0.31485691437129476
2017-09-27,0.2662896716402772,0.5418849243861057,0.17034545112397742,1.1253934300060218
2017-09-28,-0.00034168265368006434,-0.09208473604980591,0.07609491356812262,0.19151898089318362
2017-09-29,0.24625415269397816,0.47123856373814527,0.05668748209151023,0.028599220078226295
2017-10-02,0.31438101436189436,0.023805044279063613,0.5651811243680989,0.7560262812007592
2017-10-03,0.20106781585293654,0.18786772618115066,0.38227022332526145,0.16317800104553065
2017-10-04,0.0751390831145419,0.047580088234042354,0.07116201259205947,-0.3759238687878035
2017-10-05,0.4675869344581393,0.6657154835141643,0.43235390044164146,0.23160039373889513
2017-10-06,-0.08646847188903023,0.10714183655191206,0.017180633687053998,-0.21134983284453934
2017-10-09,-0.16874636785375163,-0.10203235374691268,-0.07432629179543386,-0.23301257540352033
2017-10-10,0.14201697044153022,0.01645317204153164,0.23271947922756428,0.2992171260257373
2017-10-11,0.11083054998867677,0.1950412996741539,0.15992417981256418,-0.09845589396245738
2017-10-12,-0.1361632671166123,-0.1481680566318103,-0.1291522204097961,-0.14184275926015985
2017-10-13,0.05006907076155723,0.22982901480654083,0.08361662069009769,-0.089354712594337
2017-10-16,0.09590145907307115,0.2102857966692737,0.30745924250637585,-0.06243519943451015
2017-10-17,0.031589115102891516,0.09436477633087641,0.1690895792054984,-0.2628252116292952
2017-10-18,0.0564620128887708,-0.09263474727345744,0.5987040686599208,0.2878156289747407
2017-10-19,0.058814073876827716,-0.22251779794511045,0.08217557378549359,-0.04853749364669696
2017-10-20,0.3417586735041903,0.14551496093922184,0.5726192175658523,0.14984489507048654
2017-10-23,-0.22553485158736375,-0.4137521598077359,-0.11676041456537689,-0.4984162682954188
2017-10-24,0.09402434762881347,0.08411870990722034,0.5999888060976883,0.055959730388919764
2017-10-25,-0.35717917160362433,-0.23296982467283892,-0.3424842499604816,-0.24965543717698319
2017-10-26,-0.08200608109178886,-0.32055487977138675,0.13918095205561037,0.016549129612848587
2017-10-27,0.7087068563032847,1.9934277884121472,0.15061218537607576,0.3808337454598969
2017-10-30,-0.4184794430970417,0.05413441790575445,-0.45280447835257176,-0.892798887680684
2017-10-31,0.055923917318431965,0.25337705404672844,0.06488885419083705,0.3024958874071147
2017-11-01,0.0493152802279708,-0.048068172242014345,0.17996988038167377,-0.31669230882942906
2017-11-02,0.03986454175189655,-0.12664395685160978,0.324897083831391,0.32793798646251576
2017-11-03,0.2638734610535271,0.665836795026921,0.10463111584619703,-0.36468502339984876
2017-11-06,0.07491668390077863,0.18920109497351786,-0.013579774616772086,0.09482916527038002
2017-11-07,-0.08952116385394818,0.030726165631329357,0.011799889884780292,-0.9209707376071932
2017-11-08,0.15682650094753892,0.28422437916248283,0.052306091352529026,-0.11706489571725619
2017-11-09,-0.3247120438626487,-0.3801319722168773,-0.3943490737827828,-0.2294443515336803
2017-11-10,-0.08408850795925041,-0.06223253411727452,-0.20613375431274905,-0.07858398713885137
2017-11-13,0.033220815386504066,0.02838391107112287,0.024604010333991712,-0.006358187545079048
2017-11-14,-0.20502410260078055,-0.2772003593856415,-0.11899349914700301,-0.1445143369524117
2017-11-15,-0.4449829029392111,-0.3656518540749042,-0.5433834206513789,-0.2294499545050135
2017-11-16,0.5862371697794471,0.780650261655665,0.5953460096899501,0.6942178135114188
2017-11-17,-0.2373992010086095,-0.2594635208299032,-0.34518101129171064,0.39778828301724756
2017-11-20,0.024060391199791767,-0.13851129473945056,0.15243939800442297,0.4339500594535966
2017-11-21,0.5141127785066536,0.7226783405406393,0.5967752704549272,0.5974199009416578
2017-11-22,-0.09025586760660065,0.07590049235532667,-0.23610061171416705,-0.016514129410088688
2017-11-24,0.09662194186072715,0.1909361653075453,0.02723251258113618,-0.20914304474273737
2017-11-27,-0.04510217151296338,-0.04264315854026082,0.08856936430187154,-0.10153504569299529
2017-11-28,0.8086037088519358,0.1695962032278317,0.9470447282679939,1.1729630820439891
2017-11-29,0.003074126872583627,-1.1616100231053608,0.4598448546127383,0.6731429931915954
2017-11-30,0.7692446075544265,0.6066502380950086,1.2738054577162796,-0.10648456368485484
2017-12-01,-0.038580450496332463,-0.2234343667431975,0.016683689333488072,-0.13367882315798674
2017-12-04,-0.15988614735963655,-0.8336423883676607,0.15702395682268064,0.022635401166287233
2017-12-05,-0.2598412992257064,0.05686216868823665,-0.34109637809324467,-0.7809656503319339
2017-12-06,-0.049483560976395474,0.21757016547681973,-0.2151594254879448,-0.4988951845523137
2017-12-07,0.21457200958000452,0.20337785128389818,0.22195290697826503,0.21354020590009418
2017-12-08,0.4378128856616671,0.31428467424743567,0.4368692800041976,0.004590277761367341
2017-12-11,0.2782290724295787,0.5643506681345121,0.24856549320331633,-0.08453457903393241
2017-12-12,0.1366299380367238,-0.09734107135339405,0.4281049287816952,-0.03746941091628915
2017-12-13,0.02099110501433841,0.17737443864207586,0.3455571929126435,0.1332335750526852
2017-12-14,-0.36968532434355966,-0.07056458986949035,-0.2814188684222511,-0.7856267408397056
2017-12-15,0.587564346230419,0.7193919553253079,0.4328103850263428,0.8332234752770287
2017-12-18,0.47738844130023517,0.5767554164304861,0.4805438258983276,0.9340331052437819
2017-12-19,-0.3132774581483575,-0.4173689569405955,-0.14125132517036623,-0.6282915529943641
2017-12-20,-0.08483434598973133,-0.09910103363697853,-0.11011840049221237,0.06873544566244509
2017-12-21,0.111890215096207,-0.043482747933073274,0.15089842223889044,0.2956771611012369
2017-12-22,-0.039773882244290466,-0.10116977329754231,-0.10517312958968372,-0.18937750796513836
2017-12-26,-0.1267708264257634,-0.41853814610055884,-0.05735101196205843,0.029095608276296994
2017-12-27,0.029371009208638575,-0.013741574732140988,0.09844068372681664,-0.15720595284730593
2017-12-28,0.1578408301062379,0.056487499577386545,0.2229201304810493,0.2255965054813045
2017-12-29,-0.3227317979361228,-0.4424298964427627,-0.4162161039397151,-0.5297375139119873
2018-01-02,0.528389153832138,1.145119051532281,0.3116067975534487,0.4967248103553793
2018-01-03,0.47268878493742167,0.6367570960789513,0.32072430181564116,-0.06413459588331785
2018-01-04,0.3429283748760978,0.1501221331227922,0.5433149481703912,0.14827652203491068
2018-01-05,0.5986240386029409,0.7581273541597381,0.8477919444807842,0.12446981326339954
2018-01-08,0.18772993226732748,0.3164605754895456,0.024878222756484478,0.24825425046040267
2018-01-09,0.1022003519133646,-0.03770289633928063,0.27722659369467106,-0.27899393316034143
2018-01-10,-0.07896189793217734,-0.13134849128235626,0.006282651029292971,0.05704303996888819
2018-01-11,0.545343574608424,0.43553593880873787,0.6704291182805462,1.1865063476833948
2018-01-12,0.5094090757878657,0.5080543790455342,0.785884395316338,0.2413910117299117
2018-01-16,-0.24537711250531613,-0.16175292397955793,0.023099493245296608,-0.7354632872309416
2018-01-17,0.7478386741650331,0.737304589823146,1.0798235618842735,0.5460793201834369
2018-01-18,-0.0746036638503833,0.08809697190592974,-0.22974450837751448,-0.5371556870308898
2018-01-19,0.2799820116649357,0.16208236917216617,0.09639432070550703,0.6651204169906877
2018-01-22,0.6369124688244696,0.7232432754516611,0.4645257293560299,0.23987247032793452
2018-01-23,0.2012931584344488,0.5832572944123166,0.019019065717584153,0.11356920341203666
2018-01-24,-0.07685434818730283,-0.48275257313113407,0.09555977725679518,-0.38980943228835835
2018-01-25,0.06838378584707754,0.005709901664845515,0.5160540828513548,-0.1372936189937545
2018-01-26,0.9736946448346314,1.0808393761195407,0.8079440000054139,0.03280003454864839
2018-01-29,-0.516249748886054,-0.2969270637055298,-0.544491521603937,-0.5661327334148256
2018-01-30,-0.9030121045997195,-0.6266901140497709,-1.271010053062564,-0.6511753641996638
2018-01-31,-0.13773096693732353,0.11243650391942364,0.0461666992354513,-0.3899042363260908
2018-02-01,-0.08088329521980701,-0.6030612853946997,0.16299536928166297,0.196849424066175
2018-02-02,-1.8081360946067488,-1.3994021707713027,-2.24404503005722,-1.2730613626316636
2018-02-05,-3.7549037447658016,-3.09856486485194,-4.443105788131161,-2.8185816674128708
2018-02-06,1.1373397963357728,1.3295737553430134,1.4906925075865063,0.4091410429060025
2018-02-07,-0.2513414570559011,-0.76747571876152,0.20135964570530898,0.3392835999751734
2018-02-08,-3.1658549970389855,-2.9923749484269946,-3.7338487885296523,-1.9029316407643548
2018-02-09,0.7658951085413759,0.7266389657430165,0.6792439135350483,0.37866297437125407
2018-02-12,1.303502650224263,1.257777048260581,1.6220582860439519,0.7323256484262652
2018-02-13,0.3349689887369523,0.5099718339238348,0.3115712864854705,0.17323642909396123
2018-02-14,1.0379013559698358,1.2843824782555167,0.8497514644750548,0.9098923430644418
2018-02-15,1.045418881657905,1.3165523919702293,1.1032862844351898,0.6192036711093012
2018-02-16,0.08889147322675472,-0.2222177545204786,0.15678276520486728,0.389352852544806
2018-02-20,-0.5417409749920064,0.14059973046765295,-0.9065080086437589,-0.7792856596072275
2018-02-21,-0.5490810803638455,-0.3556661551892538,-0.7501582285774676,-0.01969555417077143
2018-02-22,-0.01268189731804828,-0.10781316551226587,0.4642956860658526,-0.2224431483418567
2018-02-23,1.3350639244540485,1.4431757240122758,1.294343544137532,0.8741316504818639
2018-02-26,0.975286556681831,0.9855186251974761,1.4316764700723628,0.3985606623147039
2018-02-27,-0.8951001648754602,-0.7161916540972163,-0.8506121745552597,-1.0308860990114388
2018-02-28,-0.9774719815481279,-0.5634623447984624,-1.4743076285523111,-1.3706678488955568
2018-03-01,-1.3494846929464743,-1.3196051791739827,-1.6605318921312295,-0.14824536274645148
2018-03-02,0.22618329549797397,0.4367596143621548,-0.4585877309794464,0.6943206915436982
2018-03-05,0.8241009703754392,0.63001145982674,1.0598434961049688,0.7287000494887852
2018-03-06,0.3428416981250463,0.40659464403849643,0.20237608044842995,0.8338513272309678
2018-03-07,-0.11917112853252493,0.10691983846950916,-0.3779614346782969,0.3161115254854473
2018-03-08,0.28913666103172353,0.28530120357005984,0.2205779534389325,-0.39048541604099474
2018-03-09,1.4455828776013164,1.3593938355965385,1.5815770901367703,1.0818754291800066
2018-03-12,0.028935291931854012,0.5114358706627071,-0.37141496710305966,0.2742959176520004
2018-03-13,-0.676241207926259,-1.0597243988514424,-0.7637903238137389,-0.3999835716985648
2018-03-14,-0.4677395985305739,-0.07806899807422335,-0.9277018629301632,-0.4927819622852875
2018-03-15,-0.20844396250720174,-0.21748047766925185,0.26171216075049797,-0.3113806453044937
2018-03-16,0.13562529706275483,-0.17081016484915446,0.3440586886242699,0.5557636216811718
2018-03-19,-1.1662865315250504,-1.5241874412287306,-1.2162421796822924,-0.5485127226472334
2018-03-20,-0.007580472458777507,0.06506550194584038,0.24583403070353466,-0.35606588785366644
2018-03-21,-0.11932883226374359,-0.317274701592857,-0.09613027788164938,0.42592167028587075
2018-03-22,-2.1485517400087453,-1.7969509270963102,-2.678784662204827,-1.493339303319211
2018-03-23,-2.0639482121875137,-2.18761293725153,-1.9291922226886362,-1.7480013612111842
2018-03-26,2.072249283730083,2.3493780185944537,2.3242933161895794,1.337701788462967
2018-03-27,-1.226555137078159,-2.1250014154091406,-1.0131865979695007,-0.8344063856113639
2018-03-28,-0.3485697722057415,-0.869655489094454,-0.15872348713568635,0.1012719038108614
2018-03-29,1.030488900915931,1.1902571472664545,0.9368357787526775,0.5040380413967754
2018-04-02,-1.7305106625998836,-2.0153741463725514,-1.6193927457670365,-1.325325584479885
2018-04-03,0.8811450623769228,0.6327552346613567,1.2526881341642717,0.7396853044209339
2018-04-04,0.9734571000484402,1.162478476706136,0.9962419301689741,0.9318881609592135
2018-04-05,0.6259899363074877,0.4213268081122749,0.8686810200567021,0.5615492992169026
2018-04-06,-1.7803913328161032,-1.6861607069311257,-1.9817449609719733,-1.1396863906826173
2018-04-09,0.14535641472340147,0.23702577007866782,-0.12215597924053623,-0.46363875153585415
2018-04-10,1.2946322928485288,1.479001841336232,1.5662770517148485,1.2795294671568065
2018-04-11,-0.3211614113852373,-0.2757092872902963,-0.6285168512668953,0.2056849109414874
2018-04-12,0.48738396625831026,0.7088963146436782,0.85542813153387,0.19706137204936514
2018-04-13,-0.15072776633403884,-0.2966692866125815,-0.30855491877259245,-0.08369112066357223
2018-04-16,0.557487138699925,0.4590687277920438,0.6458461526585353,0.48895098223401945
2018-04-17,0.9272334193091679,1.5225272291284067,0.8412707388943043,0.499448107070465
2018-04-18,0.055334026128139806,0.16099625072890775,-0.1222153638982412,0.17028315065108035
2018-04-19,-0.5269038216236664,-0.6686106124228686,-0.3646824883691969,-0.2674419308969836
2018-04-20,-0.7314530369961317,-1.1599265109548365,-0.7476353542900801,-0.26670016033129695
2018-04-23,-0.10883520242512071,-0.29136804863819293,-0.15352476029010154,-0.03200370463298656
2018-04-24,-1.1188756794824049,-1.5488711002170619,-1.5427862258523346,0.016618929341343618
2018-04-25,0.007004487176795471,-0.12367192110326812,-0.013336461556192142,-0.2047719613724498
2018-04-26,0.8685456934652745,1.4151178364975443,0.9116894567922068,0.26281673581442627
2018-04-27,0.1095502402639808,0.08639794921259537,0.022024445555804475,-0.036824049315795734
2018-04-30,-0.6786826594939134,-0.4954545681812553,-0.5753260344839446,-0.6868516551570576
2018-05-01,0.0772144921967482,0.7133703746759438,-0.2938869318561501,0.14668732230674764
2018-05-02,-0.678722484315303,-0.5202895585982783,-0.7611756080249377,0.15687622162032716
2018-05-03,-0.31562674687647063,-0.11568117768052334,-0.11387761433594305,-0.3993183770903467
2018-05-04,1.0049327398299281,1.2558102802284352,1.1827231494449322,0.8491157099281489
2018-05-07,0.30482911095825366,0.6410807588310277,0.4147672536593195,0.5292524373981491
2018-05-08,-0.06835466408363332,-0.08140850912990312,-0.03614750335875049,0.2786180436514052
2018-05-09,0.707702704418941,0.7093345981578905,0.5891219487267628,0.3124447486089309
2018-05-10,0.7899036543300832,0.7419005558709891,0.7419855116492741,0.2810112700720948
2018-05-11,0.3179669028963058,0.00451174396720902,0.40605101961045253,0.10063148928240305
2018-05-14,0.07984128214346184,0.1591773834749387,0.2922914771873557,-0.2354115086624795
2018-05-15,-0.5520596235578392,-0.7756508421117555,-0.651013383092984,0.07158577678354282
2018-05-16,0.20841629860937633,0.3467544097371057,0.0848424280677143,0.4896136179585797
2018-05-17,-0.10673285716033265,-0.32666619367022826,-0.22402785888874324,0.46401135403972604
2018-05-18,-0.27241932329671986,-0.4228802748959496,-0.06643769999795293,-0.03304461977288299
2018-05-21,0.5918695622862536,0.34780010315373017,1.042194687648162,0.6652685977435102
2018-05-22,-0.17138856167520627,-0.03219374671566812,-0.5270328595546012,-0.20817788408535443
2018-05-23,0.08516619970379205,0.467502711828924,0.02581534855013856,-0.0617335600827726
2018-05-24,-0.173173224882749,-0.03886480304929136,-0.2553675776715617,-0.017633999242460327
2018-05-25,-0.2798614300813159,0.010054818231043969,-0.28630774499701295,-0.23480208596910174
2018-05-29,-1.010186051222877,-0.37413818298817336,-1.4517630419580534,-0.22415415683606493
2018-05-30,0.8188938989750669,0.26985165741725603,0.8121309075518723,0.8825331408489109
2018-05-31,-0.4032049279922782,0.03507158321506709,-0.7706977712186523,-0.44875176412985623
2018-06-01,0.6745531606085339,0.9487364362441891,0.6304223654066353,0.2516590864926774
2018-06-04,0.4336736341621861,0.6752496988958993,0.7077476612985122,0.5237544854244413
2018-06-05,0.05251642311243364,0.2520463944456758,-0.020264199416904626,0.22790760013384156
2018-06-06,0.5751879741654643,0.34567046935170387,1.1174479446207326,0.3411016441553548
2018-06-07,0.1011587638170196,-0.45829669782696936,0.4880595874383277,0.07946063437588126
2018-06-08,0.24686438769845243,0.02691466996445538,0.287983911736485,-0.012770779441342885
2018-06-11,0.11444878094680508,0.1742151640353672,0.0341056349663195,-0.05338654430601997
2018-06-12,0.08237727842809901,0.334039825266116,-0.02445022035270724,-0.10811005063975497
2018-06-13,-0.29964533033671004,-0.039235714352400725,-0.44561981477821405,-0.40732613710192156
2018-06-14,0.12424835473733792,0.6311036616648362,-0.16919504808373853,0.08316121568343521
2018-06-15,-0.1822667823915992,-0.3073313270841988,-0.3684969191647599,-0.07154404042367592
2018-06-18,-0.21665488939073324,-0.08102896516209246,-0.41022088564270126,0.3207772269686068
2018-06-19,-0.39783162878551614,-0.29353559953890096,-1.0978739755831253,0.14739128335121118
2018-06-20,-0.031000909593628764,0.3177916027959915,-0.3545168175830101,0.3847396332270671
2018-06-21,-0.5594985051195913,-0.6839817850169767,-0.748838592451099,-0.44222510377891183
2018-06-22,0.06684293046399407,-0.24272968963292008,0.3312729772210474,0.05862240815974079
2018-06-25,-1.0590583658322292,-1.5607224376972237,-1.0918871052016867,-0.6734291868553721
2018-06-26,0.053553020259853895,0.14242797762145917,-0.03587559417920072,0.15338401558676254
2018-06-27,-0.698555331593717,-1.0178536553299904,-0.6104791630959814,-0.8290282219989226
2018-06-28,0.4180674289039572,0.5349076335490577,0.30815300677276236,-0.054307679582883746
2018-06-29,0.1329255500701862,0.18017422493893503,0.22768101460657061,-0.15157911615038785
2018-07-02,0.18054367947158867,0.479133608285826,0.1518379437802891,0.37364290067888495
2018-07-03,-0.3557396290547697,-0.8507309713611951,-0.5285412845209825,0.21101412756789095
2018-07-05,0.5752882682100176,0.7809440598043556,0.560513742791052,0.6937998858095367
2018-07-06,0.7094280281740556,1.062569659701535,0.3969392337893329,0.5373128244021028
2018-07-09,0.682077986396187,0.6075968973059384,1.0914165715655773,0.4804413745067387
2018-07-10,0.39453763911375367,0.16956576214560853,0.6488768941061126,-0.1699120966237941
2018-07-11,-0.5666713972862236,-0.30682318847388923,-0.7201177650947412,-0.6109068422519223
2018-07-12,0.6151158071476407,1.0761245049856283,0.6620043549328297,-0.1654017481622429
2018-07-13,0.11020244472947159,0.1017953595718567,0.40802519053568365,-0.09845793772278134
2018-07-16,-0.07197403519594717,-0.12342983720902136,0.18773135005531746,-0.2786353216266956
2018-07-17,0.30823392081868384,0.4148455696425107,0.19597488290462356,-0.07086579502492787
2018-07-18,0.1457018366308869,-0.15019785537747932,0.25849563388240615,0.18741715518215102
2018-07-19,-0.2837958732846808,-0.32612442272503095,-0.4286934780961077,0.48343070139244726
2018-07-20,-0.2123986194443277,-0.1320397719338261,-0.14763825821567908,-0.30740612807229667
2018-07-23,0.12261197245334655,0.16873201049023592,-0.06749695194117386,0.10973131560831725
2018-07-24,0.3535117581957658,0.2406873253078051,0.6346999589628335,-0.4137708234574508
2018-07-25,0.7897594231013706,1.0445480848000994,0.7205012303127679,-0.05803223886981705
2018-07-26,-0.16389803918562013,-1.0155853885603427,0.43170889550478064,0.4540768206209024
2018-07-27,-0.5056850229459536,-0.879656456212888,-0.17612788430532914,-0.9101334768450468
2018-07-30,-0.4486875714162414,-1.0569584327537773,-0.5153536946339135,-0.060630649857450224
2018-07-31,0.33727820349080273,0.3794838152177682,0.30678695016562396,0.3739726352036584
2018-08-01,-0.12778663697946716,0.2990657752690459,-0.26219359737912146,-0.04542433443708381
2018-08-02,0.3406172260726327,0.8575032204594637,-0.12512345878754574,0.20824092078082562
2018-08-03,0.2604936823460167,0.15268183056745704,0.3803758185003763,-0.1431496291902161
2018-08-06,0.36617594367608214,0.4739681754084907,0.22450492292790913,0.2612300993829638
2018-08-07,0.23717386401314863,0.23306092344475698,0.4071627284676703,0.0065891477275720305
2018-08-08,-0.00500178164968626,0.11296467166694055,-0.10273495742000872,0.15514048101395114
2018-08-09,-0.19270729673856607,-0.10330127500081267,-0.3316610419137361,-0.012292746301189247
2018-08-10,-0.6174636519143285,-0.6035749093451009,-0.7437653920850719,-0.3289874400345785
2018-08-13,-0.4026529518017382,-0.1840561942520334,-0.5378327333625164,-0.3602446766951429
2018-08-14,0.4361561467155679,0.3385289181572841,0.3073240811857142,0.5837734624749135
2018-08-15,-0.6164583867774687,-0.8583424574187349,-0.46899775616704825,-0.7037628562683064
2018-08-16,0.6280711574132185,0.18039451706355908,1.3351298292198825,0.5270409221318073
2018-08-17,0.41447502011636317,0.12840997647176794,0.5661150590389444,0.44522031487505365
2018-08-20,0.13616381257202562,-0.07184472679049288,0.27990380153143607,0.11014513459485975
2018-08-21,0.20007157948379006,0.255063328342757,0.23866280317738092,0.7259635917724336
2018-08-22,-0.10793986766601074,0.22239707014518717,-0.3448518429580866,0.008286349003605711
2018-08-23,-0.21879094798327933,-0.1980583711545007,-0.37602649965880375,-0.3824158913713158
2018-08-24,0.4501363547867266,0.5997090312912594,0.41438132017751317,0.18332330456273208
2018-08-27,0.6615865427165004,0.7209862471043531,0.9122114672489746,0.002337017121686359
2018-08-28,0.1144769355415962,0.18808206282138573,0.1558927320473681,-0.010145638957617144
2018-08-29,0.3909958557973706,0.7848540925469782,0.170431024703792,0.010478388737163023
2018-08-30,-0.3650345340535464,-0.14801941827448542,-0.4898271205274487,-0.1425387616369473
2018-08-31,-0.08700021158883857,0.02008713579973049,-0.16310932025668828,0.04619383704225261
2018-09-04,-0.19598880883677788,-0.35313948612078044,-0.08863732171335079,-0.38758007180742277
2018-09-05,-0.22524778480938915,-0.9212395585512663,0.07950588653037788,0.015507847135115382
2018-09-06,-0.2261570805325257,-0.622983696883043,0.10689119619397072,-0.3678360887189351
2018-09-07,-0.14450406882842237,-0.2943381962167279,-0.23909707561877802,-0.23264766040770027
2018-09-10,0.08290482517384323,0.16358376214071702,-0.25992274777188057,-0.0745218374518279
2018-09-11,0.22462338822336025,0.47380425265506954,0.33198023913552044,-0.01848817865075541
2018-09-12,0.04499121465510989,-0.18820283308571584,0.14032277484830724,-0.07243605402041678
2018-09-13,0.45954833754619195,0.7386861051806876,0.48737953635009557,-0.0881705343585802
2018-09-14,0.03476494803182571,-0.1898291429099991,0.0672397868937565,0.3131525505128221
2018-09-17,-0.46953320418086963,-1.019779002886859,-0.3347754736562566,-0.3936803928441313
2018-09-18,0.4260363753314551,0.5275157123036432,0.6027056993035866,0.011523116419727178
2018-09-19,0.13160928247489695,-0.0404695713114292,0.5948787626881324,-0.03320760635331793
2018-09-20,0.6782252508748169,0.8111933555752149,0.885766363279486,0.6366139433141149
2018-09-21,-0.08390864280913463,-0.3580128585213551,0.30701813289602975,-0.22802641102848042
2018-09-24,-0.26329316156088994,0.21647315438865336,-0.5621873090189993,-0.5160534921080039
2018-09-25,-0.2048323093523683,-0.028010752964340857,-0.36962317338541906,-0.15540230480688708
2018-09-26,-0.3005753826673409,-0.000715926669948904,-0.4032655114988881,-0.6915142721357092
2018-09-27,0.1736922029633249,0.526266781515053,0.12838079066790997,-0.07559645823623526
2018-09-28,-0.018621558402935556,-0.026913924602928452,0.05284430062546831,0.2545264945749915
2018-10-01,0.23165263137000297,0.12009642172289184,0.6010541897494279,-0.8437611275542632
2018-10-02,0.04661341665747731,-0.08588628660063972,0.5224510446494779,-0.27979758283680567
2018-10-03,0.0721035908034558,0.12080227072982827,0.24213687702558218,0.5333782196520985
2018-10-04,-0.7246663570104721,-1.3978289567267563,-0.7183766045045396,-0.6802380481979005
2018-10-05,-0.513843289413378,-0.9321412963162843,-0.6624260998369786,-0.5069641225544095
2018-10-08,-0.020687338543663482,-0.5150714420941154,0.09479378507546389,0.2393616356674719
2018-10-09,-0.09322194600041683,0.20667226363586425,-0.14862667766555324,-0.03230184138600471
2018-10-10,-2.6933469818625184,-3.2154569743011177,-2.866311518814757,-1.567300221872596
2018-10-11,-2.097760883876404,-1.1619261185565104,-2.2115362154644354,-1.7676623199454482
2018-10-12,0.8799031505001469,1.5922496285309906,0.7405846236493162,-0.5138068196841361
2018-10-15,-0.4213334596199493,-0.7910126780978837,-0.23088839578254639,0.5189006741235851
2018-10-16,1.682442588313785,1.9877360501899923,1.8170083034052196,1.289333089836153
2018-10-17,0.11466769083115393,0.11979305654704688,-0.16744976978480455,-0.03918023322320996
2018-10-18,-1.2579307598627754,-1.663484789710982,-1.2082744941196595,-1.3112991258610378
2018-10-19,-0.09088419265055327,-0.15453684600701398,0.16273155024466354,-0.48589279269120195
2018-10-22,-0.3337251664050947,0.34105018314335783,-0.37980249563685076,-0.3310580531776712
2018-10-23,-0.5570006568024153,-0.36610776572625325,-0.5673405275495016,-0.6803760581245667
2018-10-24,-2.5945520329340055,-3.3238005918197153,-2.214353905482079,-2.265799567219765
2018-10-25,1.3007378315029485,2.183471725946579,1.2536103472980447,1.0832482916099238
2018-10-26,-1.4317466671325134,-1.8251976887633523,-0.982661988381097,-0.5527790672255148
2018-10-29,-0.6089082639693555,-1.5353597033500588,-1.0175617585346437,-0.015625223824338105
2018-10-30,1.0841774776496087,0.9805175976052708,1.387888556557467,1.1032067916335015
2018-10-31,1.0336278406571586,1.7039161402506438,1.0474175613665726,0.07512450809832799
2018-11-01,0.860007440166295,0.9541685269779926,0.9374402843533135,0.9285884558690064
2018-11-02,-0.4722071802436834,-1.0062455342748624,-0.3309185681425202,0.2790491822115815
2018-11-05,0.3734290580161608,-0.23211026737271545,0.5831462864922563,0.27233730442410553
2018-11-06,0.5896923271557839,0.5477400045689457,0.6848390180229074,0.38212431401544916
2018-11-07,1.752375501440839,2.1648898320858643,1.8824126576869475,0.7841650992056763
2018-11-08,-0.021155313931205316,-0.29364954399577203,0.20837896343757964,-0.044262459480399544
2018-11-09,-0.817881649242115,-1.1468982617838497,-0.6799839600171647,-0.9468906760907856
2018-11-12,-1.585833979081628,-2.2172155498524586,-2.100691179986841,-0.9840804990679068
2018-11-13,-0.3432383257274916,-0.18146923806086585,-0.5878574207072423,-0.32372384843183344
2018-11-14,-0.5728758549107753,-0.6394316204642809,-0.7362237808277329,-0.44293208561776787
2018-11-15,0.7546830271274073,1.1088034906140116,0.6271272112681022,0.6595636903391395
2018-11-16,0.2206730567551054,-0.2365038107368803,0.45859141773408607,0.20751948111710938
2018-11-19,-1.347760305530085,-2.2407488713484884,-1.3105789543011284,-0.6808619054026767
2018-11-20,-1.6293245149330542,-1.4009639335372455,-2.0816146674711877,-1.4279113303846644
2018-11-21,0.07628651387203861,0.24244861530338868,-0.2478599172777159,0.5248282641836505
2018-11-23,-0.6028641377531566,-0.582741238227378,-0.6886102886367903,-0.08720448922049259
2018-11-26,1.195183703345051,1.4841574991562974,1.1517008752624869,0.5465138451023184
2018-11-27,0.3544122962487732,0.30719407001264143,0.49551833695240644,-0.2866328163238617
2018-11-28,1.892779002509817,2.271021480968425,2.210244309145898,1.1941699566570902
2018-11-29,-0.026836555696055336,-0.04532645824729392,0.11865378391745733,-0.09423074420781552
2018-11-30,0.42276470141326594,0.49880446314102905,0.6231276532964211,0.13806346532012714
2018-12-03,1.099776936581756,1.2369522441632406,1.0389365523948675,0.4514557258047836
2018-12-04,-2.6267621742279195,-2.648238509695109,-2.6720294827205318,-2.6416862221864448
2018-12-06,-0.34982919003598517,0.25410029698619585,-0.5471171813967365,-0.5359529913853647
2018-12-07,-1.9941768663327124,-2.4535883185300222,-2.042258373870108,-0.9378993628658034
2018-12-10,-0.06829428686145621,0.5147687967435939,-0.12029835042484817,-0.7381033903900682
2018-12-11,0.005036547398430402,0.15364081664782503,-0.18919790114036322,-0.024291828165618895
2018-12-12,0.33351791757970717,0.5746936396956678,0.49362267972209256,0.4114772655431304
2018-12-13,-0.022597521241432786,0.038261845335998815,0.28355012922212425,-0.7836965422314963
2018-12-14,-1.5012245293955746,-1.689070353106324,-1.7438968892268623,-0.9508211244782291
2018-12-17,-1.8218859746411586,-1.7914287819569776,-2.094560340568642,-1.51778971273586
2018-12-18,-0.2647874763519473,0.19327599764361017,0.09913648117181803,-0.30590537888435704
2018-12-19,-1.2354114145691273,-1.7655142035105362,-1.2736576301644589,-1.31005340618853
2018-12-20,-1.4805280577398354,-1.1390837326413823,-1.9133011453157576,-1.014262489112251
2018-12-21,-1.8804731295923505,-2.4364507496795325,-1.8254691201038187,-1.5663082682169367
2018-12-24,-2.2840178448820616,-1.911868546904865,-2.697521199255035,-1.597302018952662
2018-12-26,3.705106193503407,3.8597011599980204,3.901456310795768,2.461271195929204
2018-12-27,0.9906669831518756,0.6217697080459326,1.4572373490265655,0.5504736875418546
2018-12-28,-0.011917380703333369,0.13972589758039272,-0.1710007022517171,0.24040601483896434
2018-12-31,0.602160995174364,0.5016362654428951,0.887540001038482,0.23386141688732548
2019-01-02,0.17177790971948392,0.35210740020984127,0.1918898020286356,0.624866094145475
2019-01-03,-2.0517608047776323,-2.359062866370252,-2.5782106135820446,-0.824512207307634
2019-01-04,2.3708059845088747,2.6077158209468383,2.464472557007446,1.9689080011561513
2019-01-07,0.8799658011317508,0.999010859321646,0.6698156046010952,1.0775904515769645
2019-01-08,0.7013945476516491,0.6456703355743825,0.8840979661231062,0.9219296932691718
2019-01-09,0.4296071923001766,0.6288280800329058,0.4165351602218063,0.5833309003090177
2019-01-10,0.23387012589833542,0.17146131592076413,0.4059365578006165,0.20357195540037254
2019-01-11,0.03747681387092538,-0.23540650340921498,0.00671826736481957,0.06635436647017794
2019-01-14,-0.5271218413988518,-0.644956088821736,-0.34064553937005354,-0.5205990579270745
2019-01-15,0.898600858009019,1.2902382427523593,0.5460582055950198,0.3176579209210156
2019-01-16,0.18384560406140954,-0.022109288608890103,0.5076482948800699,0.5916280579963863
2019-01-17,0.6443117188034096,0.602183127844669,0.6468733945003786,0.5239552546218355
2019-01-18,1.0646187301730747,0.6851940255372505,1.1999873022696994,0.6156606989734817
2019-01-22,-0.9828066524913265,-1.288645549917328,-0.9243086071303251,-0.8558501294771426
2019-01-23,0.0794050961262022,-0.012715814302886388,0.5017094504975688,-0.24116805958316728
2019-01-24,0.099981227501237,0.46899025774713143,0.016183115080224825,0.43551822268410784
2019-01-25,0.5537258856457827,0.7400036680599378,0.5314911968127016,0.6212915977835097
2019-01-28,-0.6330236934769466,-0.8512858901730692,-0.729882791051732,-0.13219433881684384
2019-01-29,-0.21691722871493074,-0.7570757714978108,0.06334371108363834,-0.1223472243673917
2019-01-30,1.3161686051387067,1.7396390507598918,1.5873865810466399,0.5911690660144524
2019-01-31,0.8032429591290489,1.1218409725703795,0.08454464114456764,0.4101167592163266
2019-02-01,-0.06099897445175026,-0.3242895551555724,0.10522483000071148,-0.04640268972795764
2019-02-04,0.6455746250731467,0.9108326404805438,0.6989410936677513,0.7144628251043493
2019-02-05,0.3208295770063038,0.6019065401987655,0.5963760167259234,0.09191206261156915
2019-02-06,-0.11358793484808977,-0.17992438231608257,-0.04680298718268026,-0.1305312223857921
2019-02-07,-0.8410256675281542,-0.9688877180776951,-0.8118820845621101,-0.326919849222987
2019-02-08,-0.010938628480132051,0.01963062863095362,-0.3318353495323135,-0.2227541341651488
2019-02-11,-0.007928463649185579,-0.14790698903700944,-0.24635633483229288,0.46711371708377425
2019-02-12,0.9961414817914869,0.9689110447755761,1.2423301254428099,0.5483120055707753
2019-02-13,0.3827878445964418,0.14663516079923125,0.5568689178236718,0.4076435212473843
2019-02-14,-0.18264363002312686,0.1144803670181036,-0.3392008541306042,-0.04783833486796393
2019-02-15,0.7768191576899907,0.1961257650086049,1.4017138080296827,0.8966006705831303
2019-02-19,0.2791948886926585,0.27601802516746643,0.224709314369003,0.46598171047935777
2019-02-20,0.07665831742235588,-0.07657551243617877,0.12401225407870659,0.3451598068118791
2019-02-21,-0.3045001186394301,-0.2726351645279874,-0.352040213527571,-0.23178176640985249
2019-02-22,0.43063833465466456,0.43261582757225037,0.5353981385104176,0.3475959173077482
2019-02-25,0.13406891300908602,0.2739756393709235,0.25064317223382326,-0.12854561635059025
2019-02-26,-0.07831208989411091,0.06647035688362143,-0.1180640017888675,-0.5704202083764801
2019-02-27,-0.07020768923317872,-0.07027362680128817,-0.2720654457759205,-0.06661260220198353
2019-02-28,-0.20377093671321753,-0.20819271439078052,-0.2846489873932634,-0.3308163232640956
2019-03-01,0.4796175788372558,0.4338987167905534,0.3444360369151131,0.3367797720622814
2019-03-04,-0.2855391171140148,0.01564238053791824,-0.6746633352823581,-0.27722029094533995
2019-03-05,-0.21797075011690348,-0.05479995137508839,-0.17077764724236097,-0.450344364631326
2019-03-06,-0.5001850652531588,-0.41596316977162684,-0.4432913226762072,-1.2104030671989316
2019-03-07,-0.7195337026551807,-0.9011659731277166,-0.7149577207417686,-0.809825705511462
2019-03-08,-0.2252074156466927,-0.17613128252344834,-0.13840102785851474,-0.14049053890980825
2019-03-11,1.1307271247717114,1.374414687724588,0.6608700280343989,1.006936306954766
2019-03-12,0.28246601848423647,0.3761336617616051,-0.34628482372541664,0.02439574576322291
2019-03-13,0.5039546260044877,0.48552457373141894,0.4430263303314484,0.20384245554073172
2019-03-14,0.03285701061236701,-0.06382452148266061,0.12068546917784906,-0.17392442066813785
2019-03-15,0.3955087497732467,0.6376174556164473,0.4748267473805129,0.09340456639963421
2019-03-18,0.2948329013906692,0.17287889106014181,0.24367563554811256,0.4566733273660423
2019-03-19,-0.014907792821078292,0.22694480686211577,-0.11297942766331882,-0.6370451285024675
2019-03-20,-0.25804902473750313,0.2441726314240035,-0.49351329368489466,-0.6256590273292775
2019-03-21,0.8303764597839945,1.0077986148530522,0.6490923925754828,0.5148095412089015
2019-03-22,-1.5511144432739175,-1.4962795185447266,-1.5099372707803536,-2.1484064882907736
2019-03-25,-0.1611567810481554,-0.24908701342850958,-0.07278708178931803,0.09974540636579995
2019-03-26,0.5731788362709541,0.28154546370738215,0.4779994747713614,0.8407557013361976
2019-03-27,-0.43708055416665875,-0.4562916136837479,-0.1107521554198966,0.07398600821128773
2019-03-28,0.2650501035738009,0.10856560024982864,0.2847066599909576,0.44678107879568085
2019-03-29,0.46181256689052175,0.48737274622335897,0.6811049501847461,-0.013122673638284673
2019-04-01,1.0159624109206702,0.9638799465086205,1.1848010820529749,0.9020296353565519
2019-04-02,0.0889825072573653,0.34462237368054105,-0.17927573568695757,-0.2506268699020662
2019-04-03,0.05291364692461949,0.3422506668550743,0.04381976725650506,0.06061018736609981
2019-04-04,0.1938029693973588,-0.0424109995297194,0.5473577864263433,0.6218111433638583
2019-04-05,0.38973686923419004,0.3801164768205971,0.16591622351545612,0.68104370360093
2019-04-08,-0.016437315622302034,0.11349901559692747,-0.3574442675891097,-0.12344635654483255
2019-04-09,-0.4638343023214661,-0.30680025594818283,-0.6937169469453968,-0.8565579741693187
2019-04-10,0.2307865581717583,0.3024663113287706,-0.03526100201115399,0.8006820225051146
2019-04-11,-0.08509552226266306,-0.2183694657245766,-0.10198045958831362,-0.0034194512806041757
2019-04-12,0.5264914930830481,0.2643718795972149,0.8740126362110494,0.36268132621074506
2019-04-15,0.02924755470406619,0.08020785010659524,0.02611970543881134,-0.2728358735469758
2019-04-16,0.002886262878868083,0.19981327398644316,0.1770680675944233,0.22804908975505273
2019-04-17,-0.23537926621744995,0.22027253684162207,-0.02057482360439583,-0.25367135261300644
2019-04-18,0.0701858139484487,0.02986049295209476,0.2959387632225294,-0.32661216811538113
2019-04-22,0.06466556066065303,0.21680828157982385,-0.13553091568214926,-0.5414675744502534
2019-04-23,0.6917926358554637,0.8459704666372335,0.43877099435490685,0.8922354448449086
2019-04-24,-0.18692068306442766,-0.21259934711516787,-0.18838784561435434,0.19525102866742372
2019-04-25,-0.10805099313776914,0.23033011244652737,-0.4998263689547775,-0.7305549554044535
2019-04-26,0.30895716267912154,-0.023560640132826313,0.18339793028184415,0.509313378274885
2019-04-29,0.15673866659603997,0.1607557338671899,0.07738197246165186,0.36651075603528566
2019-04-30,0.012712417978436674,-0.5848880688226752,0.09800442796306011,-0.19288183824563548
2019-05-01,-0.5738169926314116,-0.20992995234194559,-0.4903033365574309,-0.4849640161817938
2019-05-02,-0.2621786259843458,-0.4084902252377566,-0.48827130013120246,0.07452705974812227
2019-05-03,0.6812146741817111,1.0075926286029324,0.5419571326960064,1.1719301342609845
2019-05-06,-0.3547272645712455,-0.4475938692444973,-0.221814001077055,0.08909581157374115
2019-05-07,-1.4414085715585854,-1.4203693301383904,-1.6414245734037625,-1.1679156818774177
2019-05-08,-0.300441384474716,-0.3797831643574919,-0.2056741175265698,-0.5804567180175464
2019-05-09,-0.2333912985106052,-0.40691292387544215,-0.43762877865860245,-0.14676950842224748
2019-05-10,0.3330210381274596,0.009956794459042337,0.3031802885450915,0.24120505052836977
2019-05-13,-2.0187331161325948,-2.4384662964977912,-2.0421461802545204,-1.8300777722435566
2019-05-14,0.5733489490589345,0.5577988925196046,0.5148145805271522,0.5549431693466087
2019-05-15,0.50997222347341,0.9626330130264459,0.4580881166161415,0.16109537568210835
2019-05-16,0.7274905756781856,0.6935835548879294,0.7182020890085766,0.2892817641098134
2019-05-17,-0.48449929917249096,-0.6415709327105819,-0.2678102189871505,-0.8414494030729108
2019-05-20,-0.545945784439843,-1.19840156196153,-0.2865833885341178,-0.5080469008764483
2019-05-21,0.7204935609983405,0.6895535782243979,0.6719365584571476,0.6218062053713654
2019-05-22,-0.2299724752731564,-0.31472284796399075,-0.3049237163736879,-0.6731659627355876
2019-05-23,-1.0239186656917678,-1.1053604421802155,-1.0058462124154302,-1.306204885045366
2019-05-24,0.1190171764002025,-0.12871788764687941,0.2539568931684364,0.39568973384583767
2019-05-28,-0.7601445240076055,-0.2754912855646905,-0.7896337246616414,-0.6260438161644074
2019-05-29,-0.6989105493615299,-0.7220935583079796,-0.9221163158598932,-0.5214824189620444
2019-05-30,0.09855486884924562,0.17653015488704557,0.02399236498224233,-0.47236991345759083
2019-05-31,-1.0735440536994414,-1.1241586832154384,-1.2021915586251282,-0.8034265724509313
2019-06-03,-0.3388615304340954,-1.6804085416185128,-0.13011595489231853,0.3785064373498437
2019-06-04,1.7843890262417148,1.9207745819076338,1.8344074661833993,1.5609293911843336
2019-06-05,0.8248067385125992,0.5863127228197186,0.8628114540287133,-0.07345909787136798
2019-06-06,0.6041728471172033,0.6505897033259074,0.7042155569762101,0.008142323109684702
2019-06-07,0.8758475932806422,1.3982323372983818,0.975620591365903,0.1760734047338505
2019-06-10,0.40459009832208237,0.8656065053307872,0.32796379866373193,0.33769015736476377
2019-06-11,-0.08932606970319926,0.09046478113410814,-0.09811053696145948,-0.06775862989882361
2019-06-12,-0.2013049670801052,-0.43388719184841684,-0.19292606335204068,-0.14473893306583813
2019-06-13,0.30329996684333316,0.37547929146661113,0.31549956726494893,0.6003293955654365
2019-06-14,-0.11173211803454937,-0.3236414792053333,-0.0634541411015138,-0.396682679428544
2019-06-17,0.01743602025944348,0.3980663763192382,0.06721690989263558,0.01725576331063335
2019-06-18,0.8012120986407595,0.9598761516974991,1.1430843097631886,0.7152482810996816
2019-06-19,0.21888197966101725,0.33503360029562795,0.2118621041079296,0.2526571482317091
2019-06-20,0.699996202780302,0.617359226692051,0.7537972996508367,0.20744904244331147
2019-06-21,-0.04955303185137784,-0.03673412640224499,-0.02069487902902399,-0.3441460360063926
2019-06-24,-0.11740411087482369,-0.013219504246183605,0.013318180254624494,-0.9623397388680353
2019-06-25,-0.7829413260772554,-1.2000870816599456,-0.5544900950349376,-0.20545059270921673
2019-06-26,-0.16252822261475847,0.253728967753724,-0.10573973724946373,-0.2567898016781478
2019-06-27,0.21291293994903776,0.1729863441169882,-0.09523396922611788,1.022190290107182
2019-06-28,0.3024658460484565,0.01734782621176066,0.1309374965594246,0.725163836908588
2019-07-01,0.7307454059382785,0.9081159020351471,0.3780882520912978,0.31323494394038903
2019-07-02,0.23178379470061033,0.2696818522867635,0.23905157102740027,-0.4501753495176115
2019-07-03,0.7001750109263462,0.5663907527744163,0.6448924337429803,0.43382341804626806
2019-07-05,-0.05484793643445665,-0.09393332624841413,-0.08687479677967479,0.3869934923506123
2019-07-08,-0.5063674812607477,-0.5406803015386978,-0.43284576028268623,-0.681049263299937
2019-07-09,0.05341468095508405,0.2789988973064949,-0.11934197989958659,-0.10283362068950165
2019-07-10,0.3326521269574115,0.6338807530929332,0.2008876994801635,-0.0012198360957043457
2019-07-11,0.177521760956993,-0.05397616566631637,0.7356761646361671,-0.37302460698263873
2019-07-12,0.4604390096882784,0.5003592494830518,0.9218771689072689,0.6114488518754133
2019-07-15,0.01673525045650092,0.2510390349294855,0.12114470718304543,-0.625550246270456
2019-07-16,-0.3314006441394789,-0.38436369701149947,-0.11191849164134761,0.09731769751360539
2019-07-17,-0.5943787895799585,-0.3759818521720171,-0.40520416705564016,-0.717894741328327
2019-07-18,0.20880310440231015,-0.00987704081311621,-0.06656638164940656,0.03661456535299747
2019-07-19,-0.4890272349556767,-0.5425812348039409,-0.2558675786090277,-0.20215240878520987
2019-07-22,0.1831543439032349,0.5108011372417575,0.051854523916013875,-0.24294898624975972
2019-07-23,0.5192321576554232,0.39752291001320933,0.516034788526311,0.6194556659157479
2019-07-24,0.3982582264431363,0.5248671745386144,-0.21361996760630175,1.1165768085923535
2019-07-25,-0.5129961123850733,-0.767469832487451,-0.5595461231094663,-0.8362535821610356
2019-07-26,0.5628231912011776,0.678794890995824,0.1738854113232425,0.7525445687247833
2019-07-29,-0.18460863899188,-0.28423015384722644,0.056026187311777546,-0.4261112941538831
2019-07-30,-0.17163094190351647,-0.2885186161184345,-0.03195921932369847,0.7966285754729816
2019-07-31,-0.9971499904453285,-1.0447809704706568,-1.1605944607554513,-0.601066884544087
2019-08-01,-0.8744142021662973,-0.5230467124028404,-1.1002886672234413,-1.4831243665071896
2019-08-02,-0.6928800574201567,-1.156014370726815,-0.41566620934738957,-0.7026894068033414
2019-08-05,-2.478038184997143,-2.5136506360597393,-2.5402943472887154,-1.9496646502285415
2019-08-06,0.8619306942173345,0.6658788587617513,0.7459008396448119,0.17404906163827766
2019-08-07,0.14883030573436962,0.41961964715040656,0.05525264589128939,0.0789904613582047
2019-08-08,1.5426626837490567,1.4733116624289084,1.2006997238111126,1.3384665392991888
2019-08-09,-0.49348785186605126,-0.573588036943597,-0.22051403508988632,-0.7785087755854451
2019-08-12,-0.9802335225531086,-0.8035680427474161,-1.2863870784400095,-0.8289245519174469
2019-08-13,1.070757931021663,1.3247341713275287,1.0767360797030112,0.3729550307263547
2019-08-14,-2.3317579646870867,-2.0226709408074512,-2.5547587083285137,-1.7788189594889041
2019-08-15,-0.08992615686728764,-0.35274070868035895,-0.005887374503866671,-0.5885853602207051
2019-08-16,1.2436723463815627,1.1073862681744868,1.1213446163150127,1.5787766709433673
2019-08-19,1.0083202944544252,1.1452519967893335,0.8935203413341649,0.8545006643601541
2019-08-20,-0.5916499955140337,-0.49635939448143285,-0.5376176181939002,-0.4965036701062823
2019-08-21,0.5782295505795345,0.5461232646604802,0.7221628801401185,0.41525753146986166
2019-08-22,0.009495572120446993,-0.18974114576953788,0.23199775938706513,0.013206645632398414
2019-08-23,-2.1250995180740584,-2.2341610620871264,-2.091015667694347,-2.1559575832500038
2019-08-26,0.7030632954079438,0.825181903498554,0.6950607934638422,0.496183768999219
2019-08-27,-0.2768927257639271,-0.13220355262864247,-0.3283446747478414,-0.9812048458092916
2019-08-28,0.5289428568112875,0.21488440777192344,0.822878351926303,0.740251504512809
2019-08-29,1.0951761592755742,1.1283497885149625,1.191777728491508,1.3171875181085915
2019-08-30,-0.02602653451702734,-0.13242706560711037,0.1721582671102278,-0.09324052713713384
2019-09-03,-0.4936097709282898,-0.6815943209295408,-0.953108599835854,-0.8530132099375721
2019-09-04,0.8225810136645298,0.8835374336058872,0.6647450997254947,0.49711877216220896
2019-09-05,1.1323548386846083,1.3146694274083324,1.3355616739525038,1.4783919010531579
2019-09-06,0.09978521057382905,0.0063037328798680875,0.3023738015080134,-0.09874201461168043
2019-09-09,0.014739136149787337,-0.1404042948195878,0.1123154986696711,1.4276872993934544
2019-09-10,-0.12328258218442567,-0.27188043940316087,0.15614765253677332,1.0533201974231643
2019-09-11,0.4840215200554099,0.564863584675653,0.6628757674731961,1.2976828243567202
2019-09-12,0.21845876662996944,0.24906514352496456,0.11151595533042181,0.11456366197168916
2019-09-13,-0.10432355999951722,-0.2829565425556381,0.06976258850786894,0.17301229224014947
2019-09-16,-0.2569780678633413,-0.3187613273992786,-0.44734157007545344,0.2906953368589598
2019-09-17,0.0865133610152322,0.21725626608205212,-0.01660510550707925,-0.5569453675607491
2019-09-18,0.06481289343858558,-0.04700875889619695,0.13525590084708092,-0.4169338225943991
2019-09-19,0.02370535949345695,0.14092234125225123,-0.12484750242341944,-0.37540035406864103
2019-09-20,-0.41909086429018666,-0.775723014600992,-0.5489002308912112,-0.2043190503542053
2019-09-23,-0.06834001895152533,-0.029481018611972762,-0.006633902466381625,0.1787168294772706
2019-09-24,-0.6636315853165242,-0.9822850892612887,-0.47402160355422823,-0.792896399805449
2019-09-25,0.434313975742725,0.7186547296206651,0.4889796049733795,0.8145293447117721
2019-09-26,-0.20988100821781394,-0.28879431825001045,-0.27009381274866584,-0.6441202680595693
2019-09-27,-0.4862133335744151,-0.9063357388401015,-0.28008806288420557,-0.31119566090229606
2019-09-30,0.37371160998935093,0.6348504422528106,0.32363180636816513,-0.1480962595373256
2019-10-01,-0.9798754079530737,-0.5964845803636868,-1.1177305592869418,-1.1734480370864997
2019-10-02,-1.5871148236511314,-1.3288575936306366,-1.7873318213008795,-0.8060634441066589
2019-10-03,0.4349183319236748,0.5382636317767682,0.16936226223203685,-0.0894926404898008
2019-10-04,1.1057587532720647,0.9993947481367411,1.25545141900081,0.7336650791493395
2019-10-07,-0.22598381931081354,-0.08084756316987166,-0.15654736308839995,0.04002764512057433
2019-10-08,-1.3259090080096683,-1.110219618066082,-1.1270319301057263,-1.1529438944410961
2019-10-09,0.5849463165781209,0.5289629757789267,0.4629819872048921,0.11136996680076315
2019-10-10,0.5617107082096792,0.5474598919901369,0.5324792344315897,0.3834987906305322
2019-10-11,0.8744721345621695,0.9297149546524142,1.0954623985515262,1.0658961792038704
2019-10-14,-0.05033902312002175,0.05520043348063902,-0.019020480687644864,-0.19925596535469486
2019-10-15,0.7329462597993762,0.8356439879335226,0.706680108764285,0.535475287939993
2019-10-16,-0.10310706768890171,-0.13481836615925835,-0.022316193148296956,0.21069561551668392
2019-10-17,0.18608229803023615,0.15032053433267897,0.032983322996056774,0.5882427183049407
2019-10-18,-0.4211641284467509,-0.7301433536573928,-0.8891635406806393,-0.07570615059820644
2019-10-21,0.45113394682178076,0.494256984137918,0.057625780847278193,0.5614174997726314
2019-10-22,-0.2537980349671197,-0.592065341148642,-0.12402517515780709,0.36914921919299687
2019-10-23,0.21165250633348906,0.10074233141076978,0.13259630470908568,0.2592898518106749
2019-10-24,0.10120542513410342,0.62516080585886,-0.11974446969433322,-0.36758234688951164
2019-10-25,0.28523761496721634,0.5015788534895895,0.44694627551449184,0.32881880751335446
2019-10-28,0.45261181654839766,0.7118675512074284,0.4579398171820891,0.4645538808858586
2019-10-29,-0.07162238283722223,-0.5497328519484871,-0.08979236125876354,0.20778552461718086
2019-10-30,0.22240157043761258,0.31854262993842714,0.3468354668599277,-0.3927822865610607
2019-10-31,-0.16639793423127552,0.03964206178218937,-0.38933588544135744,-0.37023609661406365
2019-11-01,0.6606201407891426,0.5590485580952147,0.8740679419611515,0.9597461999711782
2019-11-04,0.37505798925712297,0.48842525811461124,0.45365010931792693,0.7357557263906482
2019-11-05,-0.14794149369478884,0.009530116436914687,0.05377746743066817,0.029669440890270023
2019-11-06,-0.03721027493047744,-0.19406035566743982,-0.03643540300415943,-0.40780529533420773
2019-11-07,0.26116594161028334,0.21159409341303642,0.559783146196706,0.14503524006829666
2019-11-08,0.24549732843073707,0.3148639993103966,0.09632440535586591,0.07059741727892559
2019-11-11,-0.21595043341634612,-0.1343532961758207,-0.02558319535250872,-0.2944382646563007
2019-11-12,0.1612515666942373,0.18694858323835822,0.007897908196866255,-0.057949499708686805
2019-11-13,-0.022303944749890003,-0.021490537281910912,0.24579320575010527,-0.4645408161256823
2019-11-14,0.16132666194441767,-0.025653029758607115,0.0608974229513658,0.04855128681086454
2019-11-15,0.5475612978360612,0.48356950046478253,0.6645443678652421,0.08080444073143112
2019-11-18,0.1348653320323257,0.10909164467226504,0.19308705347662253,-0.20930894798012328
2019-11-19,-0.02987177909227291,0.10369319453312092,-0.3148478124387307,0.01593973261959006
2019-11-20,-0.3839298657335675,-0.4915169814699803,-0.4398996434787421,-0.35052688113976893
2019-11-21,-0.1650983317941768,-0.208094565028143,-0.206926045545183,-0.36285201908870585
2019-11-22,0.15697751322823164,-0.0007475975065582251,0.3227617574724305,0.11496464080404102
2019-11-25,0.6455867914502976,0.8302152088292052,0.6355105194457308,1.231826523912549
2019-11-26,0.131324638938795,0.11024671580858775,0.1412184915330432,-0.14382679217243247
2019-11-27,0.34449309878033485,0.47487414374477216,0.12022223722974926,0.4211360566696427
2019-11-29,-0.3388943581379677,-0.3467828570242537,-0.3827292300454564,-0.4974056998544027
2019-12-02,-0.7291786322861105,-0.7620788949778524,-0.8764576841384094,-0.5700127569507022
2019-12-03,-0.6478062106660227,-0.6610564831163004,-0.9941437328692684,-0.42825050785952423
2019-12-04,0.38835649924132654,0.21400777266260684,0.33612518813611547,0.42506670985014866
2019-12-05,0.18634660382660628,0.1474689805574705,0.14315864232936715,0.1907122748424323
2019-12-06,0.7198938574396067,0.7176949034535915,1.0415916540198753,0.828224024389743
2019-12-09,-0.20219739776008797,-0.251764324732059,-0.23431028105309099,0.010795583785705318
2019-12-10,-0.19538049750835088,-0.13310993008485708,-0.19318495938876185,-0.004669094409749011
2019-12-11,0.181235599041534,0.3088824631714528,0.05227874024473614,-0.01673573324547225
2019-12-12,0.6635493269261029,0.4826370612119132,0.6592525608874558,0.7163344925105296
2019-12-13,0.08717608667083768,0.27427485602763946,0.0687850316700413,-0.3626234380651443
2019-12-16,0.5421659717757317,0.6742704464150937,0.2989441394403486,0.4325170423311504
2019-12-17,-0.0030003788746966603,0.03678072860776529,0.08512837161701611,0.46523367615830946
2019-12-18,-0.03236538154256385,0.028288095031404628,-0.10917103881864317,0.2809722750513251
2019-12-19,0.24913951455114797,0.36034061222022146,0.34575892860696283,0.12233346744592251
2019-12-20,0.35991275408967643,0.2822897267619543,0.26421062694818875,-0.03440864911092366
2019-12-23,0.12381083464666753,0.19215034744590057,0.30184688328924,-0.0062937590930516665
2019-12-24,0.01921637750297653,0.05057763689115114,-0.07308689164417048,0.07884945011351868
2019-12-26,0.35918987056657325,0.5569719663588273,0.25661483646618033,0.005572731276172284
2019-12-27,-0.017403722804269287,-0.061011266593336014,0.0855831050854163,-0.2887555330731211
2019-12-30,-0.44645796304968866,-0.44932669921289076,-0.54298201026179,-0.02041048394539686
2019-12-31,0.08717547059811596,0.030075357536642533,0.12239773382684394,-0.0060021060805528145
2020-01-02,0.7552394006401585,1.1307960284815852,1.016438185636688,-0.038895068073928604
2020-01-03,-0.5460114503371398,-0.564125723666815,-0.6012427075275432,-0.14459667142116353
2020-01-06,0.16576471648248142,0.3592888987928741,0.06573703770066767,-0.14575301207731486
2020-01-07,-0.24020422858619153,-0.040745574177443865,-0.3663907708528782,-0.30930925124224457
2020-01-08,0.3641966180114219,0.46092939109716674,0.42339084062466265,-0.03057384434726501
2020-01-09,0.5768879930055936,0.6141562510704887,0.6912888014684588,-0.12274725108657317
2020-01-10,-0.18024607854019148,-0.11467304420192437,-0.32541608829812674,-0.3567521310561666
2020-01-13,0.49154032893675886,0.7475694783964315,0.1831861725917599,0.38476494511957554
2020-01-14,-0.14732960546374646,-0.29889068359839316,0.07968759057930797,0.11664380531469759
2020-01-15,0.17930395406561395,0.028597243582005542,0.28660734371858876,0.1323993028089957
2020-01-16,0.6573559549754922,0.646115699177894,0.7998459219159808,0.8014156778736007
2020-01-17,0.27207285070262244,0.37331270761863755,0.1974188356369475,-0.18537283299687696
2020-01-21,-0.18038880708795701,-0.0418812345672838,-0.47107254987597924,-0.6530967500853446
2020-01-22,-0.035759334366627316,0.13289334156771213,-0.08514979350305366,-0.20452470886141094
2020-01-23,0.08258806643631497,0.20320871585077582,-0.07778545160399167,0.0416193085617875
2020-01-24,-0.7803035986519705,-0.631382136005735,-0.5612356438757548,-0.9283439358319915
2020-01-27,-1.3667262287355157,-1.5132028515481424,-1.4200576672738072,-0.899294863888326
2020-01-28,0.6663356319821775,0.8823537721712719,0.380541417166378,0.1578044406197333
2020-01-29,-0.045126828201583355,0.10116474799250101,0.06777690315781253,-0.37918989601357833
2020-01-30,0.27065112989048823,0.26156218345162896,0.3990720886404555,0.10302147313940033
2020-01-31,-1.4924133170794025,-1.0967161461469885,-1.821571636072662,-1.3755968698860404
2020-02-03,0.37238127207835603,0.8189217368118367,0.1805537075525781,0.3873799430876658
2020-02-04,1.2073754389208426,1.545409858902653,1.246788975102731,0.8093667296589742
2020-02-05,0.9905342983688705,0.3225939911824715,1.5426071095898886,1.3225970034096415
2020-02-06,0.3862617863664296,0.7543754962338916,0.4283755861941573,-0.2961204606148567
2020-02-07,-0.461688116170078,-0.3261059025818366,-0.8511557834998785,-0.9009818826619387
2020-02-10,0.5069250536485865,0.7515959104174383,0.4067307774435933,-0.011144808318925295
2020-02-11,0.19591963990599054,0.04733093622802219,0.07214741751666891,0.6025316787724311
2020-02-12,0.4722362841649462,0.6503743793829682,0.7713710873025001,0.4010645296922819
2020-02-13,-0.04596536650149212,-0.055471869432904025,-0.30557626727778553,0.19872269863943234
2020-02-14,0.008412420962512504,0.11441370544810188,-0.20355191023669522,-0.4362482842672405
2020-02-18,-0.20919000451581005,-0.002707430443529363,-0.4973966885588682,-0.2907830256604794
2020-02-19,0.31957897334896895,0.5911812881486763,0.2688799113200258,0.20198748269163563
2020-02-20,-0.3387302472170588,-0.65096078372938,-0.36717273142426987,0.4543912193826587
2020-02-21,-0.9363966055714754,-1.4199095501186272,-0.7748800991165425,-0.6765973620275381
2020-02-24,-2.7918368215293623,-2.833892238901831,-3.217248892555044,-2.012288775336114
2020-02-25,-2.827527946470919,-2.2933202240531045,-3.176035766892706,-2.545606860658292
2020-02-26,-0.5773902590036739,-0.0009736494173572252,-0.713105569826811,-1.1486747637092793
2020-02-27,-3.8024534718032967,-3.665863547665902,-3.9914547951547967,-2.4776778814334395
2020-02-28,-0.771745873496538,-0.3544193597772787,-1.6966883577286962,-1.380395953404991
2020-03-02,3.2988520889824464,3.270886939624101,4.154158851013768,1.817390846139692
2020-03-03,-1.8632430536615374,-1.7937462724876503,-1.9894394439204173,-0.9531715421676655
2020-03-04,2.9744109798232707,2.58841564968754,3.4463431373067164,1.1504688424734846
2020-03-05,-2.3246788515651757,-1.7870590243862943,-2.663675269756577,-2.0473748634611892
2020-03-06,-1.705323958811135,-1.4800514958307947,-1.2809196025480905,-1.8598438287014485
2020-03-09,-6.682456012918246,-5.124332507526878,-7.111873826631463,-7.208035335988039
2020-03-10,3.3886652937871844,2.9509050696163763,3.3497143290297386,1.2924759857846007
2020-03-11,-3.617549041532484,-2.6983228928797853,-4.6959583452933265,-3.9194229487762375
2020-03-12,-8.643617375752324,-7.138371795707025,-9.79369160463635,-8.5834549186341
2020-03-13,5.877734292404634,4.737381059919083,6.869631498493473,4.753840668562138
2020-03-16,-8.62632680421311,-8.159380169700306,-11.054104677348201,-8.262242617072795
2020-03-17,3.1378252903261012,3.967040745202194,2.9420037955936333,2.4063474148396518
2020-03-18,-3.6984109667307608,-1.843442215682975,-5.0172506677482165,-6.467221200517134
2020-03-19,-0.34642830474470043,-0.049079617403620435,0.14721444674652484,2.515873424710642
2020-03-20,-3.619618734861077,-2.751425560557451,-3.978210588900069,-2.9399307832661576
2020-03-23,-2.677809873528145,-0.49720778363353924,-3.3414067119090065,-1.941274536852684
2020-03-24,6.606447827276882,4.749919823932091,8.935727126535843,5.328717910017755
2020-03-25,2.141872335883837,0.4770202303005193,3.2730105433527594,2.209445346756574
2020-03-26,4.749453728871304,3.834829636436272,5.557725684480983,3.924328905479762
2020-03-27,-1.970524353544671,-1.9575117326770768,-3.024345855904993,-1.9996685953652107
2020-03-30,2.211978036566996,2.1280653665630633,2.225233173378185,0.47319104185312555
2020-03-31,-0.8227472599187236,-0.3172613089615096,-1.1601145910532862,0.030784338237152986
2020-04-01,-3.993592047632169,-3.199718447754104,-4.248052319908675,-4.848708516422928
2020-04-02,1.5105572041692814,1.0002340854541065,1.5343036142709114,0.17816118744623533
2020-04-03,-0.9358871827537869,-0.7927651402696084,-1.169606221309074,-2.084707073278331
2020-04-06,5.216997433700042,4.715887921770306,6.38974682678096,4.857741483000068
2020-04-07,0.6659035106326878,0.5845812530178766,0.6630286368209504,1.099470201903242
2020-04-08,2.508229051361112,1.4213913470580464,2.753577484731313,2.7024580082337266
2020-04-09,1.506281768189167,0.36492931413880414,1.3932150584277843,3.9280562826238428
2020-04-13,-0.7587569554562466,0.7528401811921323,-1.2375967677276083,-2.213138997619987
2020-04-14,2.217862940744304,2.739201601746109,1.8622603888153464,0.6279236252692645
2020-04-15,-1.5688086823189584,-0.5673945655081831,-1.4053780473601198,-3.2517372464363272
2020-04-16,0.29987255369594923,1.1966405273607772,0.01933775385294334,-1.1679411394565988
2020-04-17,2.1321045526244617,0.6708719680050099,2.571603582840436,2.9255573652154045
2020-04-20,-1.200471308013953,-0.5343130718558526,-1.841357592429351,-1.1002820176858596
2020-04-21,-2.773024651502019,-2.9168341547582624,-2.709585739602434,-1.5364318719800807
2020-04-22,1.550571593825422,1.7667925999958802,1.4702336125346227,0.3117327753387276
2020-04-23,0.1233195828585986,-0.06708314411278449,0.31593252716623316,0.9141419837721667
2020-04-24,1.0884026104385256,1.1101597629140079,0.94251356017168,0.7835414700719063
2020-04-27,1.1902034828706631,0.5846909317225656,1.3465718995125129,3.0847868157559617
2020-04-28,-0.3584014221082524,-1.2613106057146504,-0.0659042456592285,1.7812263264388928
2020-04-29,1.9799773865650931,2.29992436822108,1.7837622021837654,3.2106766299048126
2020-04-30,-0.775788989239711,-0.04655423047658447,-1.0147017844479664,-2.3960623143043374
2020-05-01,-2.26406374959579,-2.0716205175218505,-2.3762795248643345,-2.879865525280685
2020-05-04,0.06970242611034735,0.6453390112900306,-0.07338788896294125,-0.38857745415188927
2020-05-05,0.7109602972034272,0.7330823185315432,0.47817835536282993,-0.29228154482442664
2020-05-06,-0.5032725539393901,0.4908429864314635,-0.7433282013332326,-1.361672321256589
2020-05-07,0.8915897264087022,0.8108527110861072,0.6833134552521978,0.9543358301052052
2020-05-08,1.3467133735024093,1.0067777342257866,1.6920110907618888,2.9506190874121785
2020-05-11,0.06485148189535664,0.703807149382845,-0.2975144324291591,-1.3037263733224695
2020-05-12,-1.7150920358209172,-1.5617108004263833,-1.7731733602909494,-2.8909145491775887
2020-05-13,-1.5078217195682901,-0.9546867741523855,-1.9896831453755315,-2.883261819975912
2020-05-14,0.8308481558808922,0.6078765628963647,1.2407973610161713,0.09387977430157035
2020-05-15,0.5615130891103931,0.6216393925526041,0.47483846455165,0.7999941630875971
2020-05-18,2.3672661455827577,1.259762792806847,3.2328418889957473,4.861962232546683
2020-05-19,-0.6654947073531956,0.05431526245199894,-1.122548209129562,-1.3619913842591886
2020-05-20,1.1252568574990545,1.1253992507258697,1.0093856306238158,2.0473280267190086
2020-05-21,-0.5163746718490563,-0.6832894238677998,-0.2682358471700961,0.24319536599253927
2020-05-22,0.05559837459024951,0.156882153381502,-0.1295577139677419,0.011918443194297811
2020-05-26,0.9280716199852044,-0.26548931013619315,1.8033200371873115,2.681480726942002
2020-05-27,1.330886616516332,0.527618300977352,2.114461002862542,3.0219870500531893
2020-05-28,-0.12836352490522707,-0.04671653677447478,-0.432180153516315,-1.75178841075504
2020-05-29,0.3102362026383854,0.9245682440354681,-0.15110593200771447,-0.9420801244491358
2020-06-01,0.36367039318741734,0.22649640728734352,0.35017936578131426,0.43607290140757654
2020-06-02,0.6914415004046829,0.513403710743233,0.9549447083799888,0.705043385804803
2020-06-03,1.1316418309868332,0.3693619494338443,1.8558095547812452,2.3651572053705383
2020-06-04,-0.1300618054533363,-0.36969623277902963,0.18657323722843255,0.6408782878526412
2020-06-05,1.9457917653064096,1.2707691683892997,2.6054754279669656,3.071526638085057
2020-06-08,1.121496883785805,0.7069893915149543,1.6965490589846204,2.078065035513035
2020-06-09,-0.5982311060998804,0.5578215125879158,-0.9083352475237463,-1.6577669286726389
2020-06-10,-0.6365583231480096,0.6595174299759247,-1.1154131545326205,-2.931770582856267
2020-06-11,-4.887587312206309,-3.5805314319551003,-6.302415578960479,-5.894106098553935
2020-06-12,0.41602099617390276,0.004427199772128465,0.9643995366878371,1.2880030393911166
2020-06-15,0.9491383109123163,0.9782514455167832,0.8315930801852105,1.480528529170837
2020-06-16,1.449975982671218,1.1282802220151658,1.6693936174437736,1.686571123381405
2020-06-17,-0.2102717164210824,0.36063230315680583,-0.39848157632032666,-1.6095785642911815
2020-06-18,-0.0190240129421283,0.13025514840089875,-0.2050208287795878,-0.23158369575765272
2020-06-19,-0.4938398709629328,-0.01719467374225225,-0.7142898781236221,-0.7389626387236283
2020-06-22,0.4158536445152823,0.7254448879502767,0.4044781961285063,0.20137414139305537
2020-06-23,0.37647780825685656,0.6069300436888082,0.46947197288243586,0.11597289003960362
2020-06-24,-2.1069004112791188,-1.4254015007478555,-2.385913710263577,-2.524173495046909
2020-06-25,0.6084506835575804,0.40824748878107564,0.7252522418890961,0.8455312965246335
2020-06-26,-1.8930419859648764,-1.601545476866418,-2.397676780649272,-1.5533827894914038
2020-06-29,0.8934501331183156,0.45974752799002044,1.647491176884166,2.4871395114468355
2020-06-30,1.1501383036426298,1.4579302718893947,0.9436554115386409,1.0777497080997909
2020-07-01,0.4737012646734735,0.7597320264481838,-0.3577751635795715,-1.3076695096220543
2020-07-02,0.4762680478606742,0.48318927904395625,0.30361897374654173,0.05524716799541736
2020-07-06,1.3517485444887356,1.7740732947549291,1.6563933645434483,0.6784156830266197
2020-07-07,-0.7305849355306702,-0.3533218569670761,-1.1658435902012048,-1.7616322491069683
2020-07-08,0.4655982334571369,0.7974741884940728,0.4091219773307358,-0.0033317444050114386
2020-07-09,-0.39975858383668944,0.6369610888741714,-1.1227125429359837,-1.9062252682449592
2020-07-10,0.6857778031934292,0.3450094730401796,1.0661928091858464,1.7418776195788346
2020-07-13,-0.6193671603914243,-1.3155351819579484,0.18891443566648342,-0.1737668434181907
2020-07-14,1.021058617601351,0.4618687075193112,1.8420859857132414,0.9439297490782999
2020-07-15,0.8723060560819815,0.26146340853104333,0.9391079579276749,2.797108715169806
2020-07-16,-0.37955067831111905,-0.5182617782635253,-0.5328436923600405,-0.35406676009735294
2020-07-17,0.16552079212874043,-0.036081324300385936,-0.3019551695380349,-0.17005587878140793
2020-07-20,0.6514467761518332,1.9021879321763937,0.008856754861124107,-1.0754925183911463
2020-07-21,0.18610557415693482,-0.7457229526214028,0.5184299011160368,1.88244966860706
2020-07-22,0.4715890508662408,0.32877363156031747,0.5931430142219419,0.09153322906630035
2020-07-23,-0.9536228411512284,-1.8670744219642517,-1.126419648875291,0.5387689687465084
2020-07-24,-0.6698609907456736,-0.8090580057250298,-0.7664854453682358,-1.138582624314508
2020-07-27,0.5775473925740126,1.110485845394033,0.3448856604757179,0.27205492236184314
2020-07-28,-0.5336404198037349,-0.9096103630590929,-0.678091544118376,-0.18973946482986812
2020-07-29,0.9072858490503085,0.7354114581289467,0.43531742686055747,1.6591741278795775
2020-07-30,-0.30665013729135376,0.323944850435109,-0.765135562356457,-0.7253925161615192
2020-07-31,0.553118044272766,1.1129421587871557,0.2607801998002439,-0.7967398580648151
2020-08-03,0.6154655133189812,0.9835449223172797,0.8414385202586359,0.7596084610258436
2020-08-04,0.3298418490719476,0.33134996537174366,0.5962804154170807,0.6250336953842655
2020-08-05,0.4589738320665716,0.17991971276512392,1.191403398687752,1.4301239863069546
2020-08-06,0.5598157187688371,0.9685625434632247,0.670394830467206,0.0007859039258195505
2020-08-07,0.00578205602911528,-0.8303018569255909,0.11272241682364849,1.4958445073807776
2020-08-10,0.18203530750453437,-0.3107214802216471,1.0886235934579782,1.2837354562947798
2020-08-11,-0.6200334388948726,-1.3117430092993625,-0.22520466993244515,0.12966992911114225
2020-08-12,0.9996868187149468,1.615015364734541,0.7919481420843165,-0.1308790329954512
2020-08-13,-0.11146195103172128,0.16482563910703452,-0.20173511075146244,-0.583558212917615
2020-08-14,-0.03407105759326172,-0.07761535508305328,0.07701488327380221,0.2880968920666578
2020-08-17,0.2231283499207773,0.7863666822922616,-0.2813242416227013,-0.13718139439888719
2020-08-18,0.07179479791006782,0.5670863002879016,-0.3285075521797012,-1.190539555668096
2020-08-19,-0.3239793087922089,-0.4661342411088545,-0.261244283877832,-0.16400971680213258
2020-08-20,0.23852479538940535,0.9557885233672353,0.14875209291192643,-0.5190379013306351
2020-08-21,0.2491330772711552,0.4368249856403398,0.5703980564855112,-0.5572636508711574
2020-08-24,0.8686965147343821,0.5167395017477336,1.263005828611408,1.5165413831608072
2020-08-25,0.31016888498379086,0.6268217518265486,-0.10798688114677703,-0.15662913223381414
2020-08-26,0.7221511451426098,1.3837668343762566,0.14673791397838915,-0.846504994635516
2020-08-27,0.23415005353896146,-0.1795924355837754,0.5396439072262862,0.5525103232999009
2020-08-28,0.5955655972405858,0.45138472571263505,0.6013238934451932,0.5374051727576749
2020-08-31,-0.3011326703846987,0.5473772629548281,-0.6800654019611393,-1.0880196671860334
2020-09-01,0.6575716511698844,1.069947467342267,0.5366239846756238,0.5494112184655345
2020-09-02,1.16859795336737,0.6989677503368181,1.408887668757918,0.6112323621306887
2020-09-03,-2.703399120476046,-3.4592620933897997,-2.2791629245017857,-1.0916151490252919
2020-09-04,-0.9052116437239044,-1.1798235987288905,-0.7571586650887993,-0.1794477686536941
2020-09-08,-2.3729572229290152,-3.61656531669818,-2.09462364619006,-1.4957418002557734
2020-09-09,1.4380233108838032,1.8039979927640124,1.208134652081868,0.39486933386997225
2020-09-10,-1.3113951782888256,-1.373819493935956,-1.1426775002405734,-0.8505682060461721
2020-09-11,-0.09489356606053088,-0.5827925739456068,0.27328220198093073,-0.4568593040169965
2020-09-14,1.1105690585882795,1.215171366721227,1.10701491223383,1.4451247475087996
2020-09-15,0.4118023073968281,0.9986968093619787,0.03643046831341644,-0.01965562003115185
2020-09-16,-0.39762241618571703,-1.1653015088047218,0.030704320726863292,0.6885469543085907
2020-09-17,-0.7148390555975188,-1.0740255667956329,-0.37353022436993205,-0.38155968924510403
2020-09-18,-1.0138809988127988,-1.0057392809417134,-0.8370835377234487,-0.4892677903935695
2020-09-21,-1.0486022134369888,0.11666557508531228,-1.755083457461215,-2.979118902041756
2020-09-22,0.6518961920185624,1.0778551095882585,0.23747802242921823,-0.09651150102551681
2020-09-23,-1.850374238412048,-2.0754584583748827,-1.6133591446626963,-2.0970510590914433
2020-09-24,0.12416532542782686,0.21873829001137957,0.0647930427033724,0.027139964148747087
2020-09-25,1.272592367414292,1.5431973493481428,1.1497337733319555,0.8129192007750543
2020-09-28,1.3931397961440297,1.5004753293744029,1.3858014660004982,2.09993366338288
2020-09-29,-0.4252803498389341,-0.23301506347791326,-0.36506481896457565,-0.5319848235307436
2020-09-30,0.5301659568779576,0.4052217467546519,0.9503423900481176,0.08068899302928766
2020-10-01,0.6112623037541469,1.1847444368052547,0.24870551848067207,1.105800088767543
2020-10-02,-0.9186950880901326,-2.0664451757858897,-0.5622943281127696,0.9463664020069804
2020-10-05,1.3529825489083147,1.405083000481905,1.3921293708104037,1.6140280153823525
2020-10-06,-1.1172322525450236,-1.2563350626690972,-1.1043537544793527,-0.11942331637870857
2020-10-07,1.2179248328967558,1.037399079811601,1.4512017615098907,1.183442127938932
2020-10-08,0.8227119931374288,0.45552620266912186,0.5288682144166101,1.225800273382304
2020-10-09,0.691337279590334,1.051454582067243,0.4546782719060522,-0.04861365871006201
2020-10-12,1.3513694222872084,2.1343244746094334,0.8133376832969865,0.562638179645327
2020-10-13,-0.5209155592821879,0.044247643102918455,-0.4603734477338052,-1.0071454370908297
2020-10-14,-0.5622706403794311,-0.5974119265078234,-0.54697278123137,-0.532091461290244
2020-10-15,-0.1888739180490989,-0.5340093673009294,-0.13710451748373578,0.870218603733152
2020-10-16,-0.12258304574587807,-0.4550827230963883,0.2820936559350288,-0.19523750604926737
2020-10-19,-1.2149331186038665,-1.1520226110965144,-1.2123140138460118,-0.7298617884016347
2020-10-20,0.13774383307113627,-0.032868120531665074,0.15286854601551028,0.34020551188309767
2020-10-21,-0.16999993103863564,-0.08389041385511525,-0.2969790072942732,-0.2637993929770798
2020-10-22,0.38515078775390327,-0.07048776477946311,0.405929613092489,1.3149605383981406
2020-10-23,0.26533091556267235,0.13523160877795004,-0.07601965276427736,0.559981306355469
2020-10-26,-1.5758167578934388,-1.132329363469381,-2.10406377702143,-1.657956574789217
2020-10-27,-0.4742557943714538,0.3084839548775836,-0.9460836397457169,-1.3592038174131922
2020-10-28,-2.8959447158143337,-2.8662286066824363,-3.1246451161071014,-2.2738470233387584
2020-10-29,0.5350859889512605,0.9228126202851731,0.13221975591284718,0.7942721636216488
2020-10-30,-0.8932313803326557,-1.8622398592631684,-0.5395743844339532,-0.40157894312133835
2020-11-02,0.9039186189763129,0.13760101912667866,1.3838072118238856,1.5615735951380596
2020-11-03,1.524118983962064,1.253812378144708,1.9258773973239347,1.9021859442263578
2020-11-04,1.8708564366129974,3.1263371690413173,1.2764333182635599,-1.3056488294453374
2020-11-05,1.6697365361805108,1.8959133946405489,1.775056793224702,2.0170344445704447
2020-11-06,0.09435936197541911,0.2779661383547934,-0.029471304807595244,-0.8303623051264104
2020-11-09,0.9728450877591965,-1.4557069943749572,2.478577633183511,4.358601920896091
2020-11-10,0.08665408292836449,-1.0227037521028308,1.1010976732517779,2.029778183524435
2020-11-11,0.5133462744547492,1.4125091487503891,-0.13696687791688203,-0.837678313263006
2020-11-12,-0.9098535146290516,-0.4717582316846716,-1.0961760507418032,-1.4965694059518584
2020-11-13,1.059193604212205,0.5687657042432561,1.130504384517562,1.731832249151416
2020-11-16,1.0655297552742007,0.621391716147171,1.4819101404749586,2.31849488585221
2020-11-17,-0.399050872370028,-0.16727808707935332,-0.4130003904638333,0.2712046588822573
2020-11-18,-1.1526753461937616,-0.6664746513610624,-1.1944663197276217,-0.9571899167721831
2020-11-19,0.17086823774661944,0.37486278539595935,-0.04002036672303738,0.24442235397689174
2020-11-20,-0.6230041682180061,-0.5250169983069679,-0.7023166242094427,-0.18290887062777605
2020-11-23,0.3802401050911217,-0.09589956516815765,0.86210036950231,1.5286350360695156
2020-11-24,1.3189238325984578,0.9980016697120986,1.4000860007756926,2.1787025613388833
2020-11-25,-0.13289393615713252,0.443665638267116,-0.48872877585690555,-0.5004054686743896
2020-11-27,0.11961526110252095,0.5300336307902548,-0.02121159110071827,-0.42252391105478226
2020-11-30,-0.36577319847878553,0.14553840167875975,-0.7865534093014781,-1.885827979836351
2020-12-01,0.8359650427118314,0.8333288067442275,0.4762340209502928,0.8401779572624491
2020-12-02,0.2107736660497544,0.14410119277046485,0.2317428907831215,0.5287789622715062
2020-12-03,-0.0284433157551367,0.08984482437503004,0.24970239988139478,0.38304622872653094
2020-12-04,0.6531536124815673,0.24816981678520067,0.7023975961509625,1.8142339697631011
2020-12-07,-0.22591814943161537,0.3760719245854441,-0.4626530732888312,-0.31963184898884156
2020-12-08,0.12325654748632266,0.10915001349746188,0.17007429740025798,0.5783090027635438
2020-12-09,-0.7626422902788093,-1.5964784174874467,-0.30919642536329534,-0.07709201382834407
2020-12-10,-0.059358416867302845,0.2356099188840687,-0.22124858660814267,0.27534471648343933
2020-12-11,-0.20889043073800995,-0.29141032710735193,0.021090832259498177,-0.6095139429732009
2020-12-14,-0.3513287956822807,0.5081584908879555,-0.5050181531316864,-0.3211595434291233
2020-12-15,0.9326070776520567,0.6124360665287706,0.8283220910794535,1.6786838380680007
2020-12-16,0.1220882502956983,0.4267293908925368,-0.102430463771988,-0.32062007582357577
2020-12-17,0.4237677988047844,0.4025779053288405,0.3830131780983656,0.5485459181845315
2020-12-18,-0.312996849803451,-0.18709435608151714,-0.32681879227401434,-0.8010383459457503
2020-12-21,-0.3325098247352953,-0.17956566997497586,0.06406605961137452,-0.5372985227638195
2020-12-22,-0.14215266452975275,0.1859207340940945,-0.5527739137724136,0.19326438309509103
2020-12-23,-0.1083546737026426,-0.4891020154300385,0.14285107885835505,0.9308950258222335
2020-12-24,0.3062795554578136,0.2960774994857343,0.2197582048784903,0.08236279361152843
2020-12-28,0.6653073760011745,0.6492767669638017,0.5568119179877213,0.1326218010420494
2020-12-29,-0.09908288557601355,0.11168613725151953,-0.1284379615957419,-1.0898365347755157
2020-12-30,0.1278637462846205,0.003801429016424513,0.2244966303789434,0.7418961847621135
2020-12-31,0.3746184721295272,0.16139873228611995,0.5527421413460806,0.015228280785659801
2021-01-04,-1.0781032738243783,-0.9661182075618812,-1.0445382365591303,-0.8461638969398679
2021-01-05,0.41989965534571294,0.4335198652691059,0.33630203430512356,1.215964302744112
2021-01-06,0.42188383625795,-1.018105288735984,1.210482193695043,3.4394869101417713
2021-01-07,1.1981583172865389,1.6960730761971459,0.6521415783479829,0.7686384070320021
2021-01-08,0.3834563940837576,0.7715903706092755,0.05140363111816401,-0.7044365599190964
2021-01-11,-0.4957572890577075,-0.958973952712067,-0.20100920788168947,0.18071432528537812
2021-01-12,-0.005355947967330094,-0.11388115944357169,0.16807263785859988,1.2858704750121046
2021-01-13,0.10741256925422754,0.36257520181325353,-0.1138425874715027,-0.7039992117240261
2021-01-14,-0.3258386037507534,-0.43268576868521685,-0.24381387208170233,1.3094169833030727
2021-01-15,-0.7053241577705671,-0.6242836110281207,-0.5899664951596406,-1.0400210791805984
2021-01-19,0.5528793825362525,0.8962367520102171,0.24309599449162783,0.41621846482852976
2021-01-20,1.0778198490613118,1.5724661705291436,0.6970871883468461,0.3270663892310476
2021-01-21,0.10750139533460354,0.6053270550319747,0.005554686760973322,-0.7337174201364993
2021-01-22,-0.28313184407459535,-0.17667946300558146,-0.4915766830569519,0.7632516969062133
2021-01-25,0.17074558740360188,0.47263663398018596,-0.24711133461972923,-0.194855497498857
2021-01-26,-0.1797181152664365,0.026706050192729494,-0.13088735647254623,-0.3167152437258004
2021-01-27,-2.01428406366132,-1.9735977085505407,-1.7969132882602785,-0.7952522554987713
2021-01-28,0.44184880082471956,0.18032685591159958,0.6034165893962591,-0.5939307196544139
2021-01-29,-1.5590372979553213,-1.4407358229513296,-1.672971566808771,-0.7715208530860476
2021-02-01,1.124551640783924,1.5126587937185432,0.42462853485354757,1.2398584565291986
2021-02-02,1.0914029092399298,1.0697980011564419,1.316552722601016,0.4544304928368123
2021-02-03,0.23093293375888105,-0.11523629131452615,0.3005000351943112,0.5518569290496584
2021-02-04,0.8872860458154792,0.8207058501248136,0.9172001087725398,1.2668494057966377
2021-02-05,0.3398085273660364,0.2541950656954101,0.302162863657254,0.8091159829622354
2021-02-08,0.538470201300125,0.4345181224810036,0.6213692537248563,1.717419532545765
2021-02-09,-0.09919064381492694,-0.037280814688692925,-0.04892179478122767,0.19651550728973338
2021-02-10,-0.1132280919273221,-0.2321031912243496,0.09675501330503648,-0.3128578802934749
2021-02-11,0.13301930367255035,0.3766495444731034,0.0011370909869400023,-0.04296496058557736
2021-02-12,0.34097944262549096,0.33831527916285453,0.023616421132619327,0.22063715606536066
2021-02-16,-0.09571741898427946,-0.20663755548572457,0.15139424844825636,0.14179915659303435
2021-02-17,0.03363856360138931,-0.33140212166254496,0.2835468944816447,-0.35866733840808807
2021-02-18,-0.32696606509919796,-0.29587972710828236,-0.29347315096752347,-1.0403350335097314
2021-02-19,-0.1625031028802206,-0.34381520707339036,-0.01519533257187302,1.264877743645674
2021-02-22,-0.7278310267525699,-1.895424958260614,0.0020103587166182546,0.7521092310187442
2021-02-23,0.058702745743962656,-0.26287550183042435,0.031229101061929956,-0.16904953501735798
2021-02-24,0.8572922356005849,0.4795054542665103,1.1248318595568116,1.738279887363945
2021-02-25,-1.926822912679038,-2.407501455731771,-1.4470312869650108,-2.0586388766900314
2021-02-26,-0.5401039800513953,0.140627481905031,-1.4499569542062138,-0.6149758710916142
2021-03-01,1.7176298993105816,1.8113990769165356,1.421359062131583,2.0863376681071766
2021-03-02,-0.5252365533311205,-1.0051303985164135,-0.2528979789619641,-0.6517319522958112
2021-03-03,-1.0788396171792163,-2.049763731422481,-0.3395889608042734,0.29522367521850834
2021-03-04,-1.0591386363490725,-1.2175201462359895,-0.9854256829285483,-1.1596439699739005
2021-03-05,1.336845246743114,0.8435634546214028,1.4408002168234246,1.570742328223604
2021-03-08,-0.29100887810163,-1.8925146052202968,1.0018279936617398,1.6141635623897705
2021-03-09,1.2237317552585796,2.76560008811583,0.2112791289667273,0.3756775759025359
2021-03-10,0.28921324552439964,-0.4161319034058532,1.010497353381615,1.456993225788905
2021-03-11,0.9383757061748773,1.7611691752255307,0.6958892513802042,0.9593973225846015
2021-03-12,-0.01917278684547355,-0.6600989241293607,0.6575888349862657,0.8459185665064635
2021-03-15,0.5245885352982536,0.8220493071471174,0.5562305347119736,0.025373685258730863
2021-03-16,-0.1415192296279836,0.34142924548516707,-0.3672916166767025,-1.276330470650489
2021-03-17,0.24239574833817845,0.2607982915018513,0.4637810326256287,0.44727030075206725
2021-03-18,-1.1739276003420152,-2.1167541997605523,-0.3497945993588575,-1.440618454223025
2021-03-19,-0.12771592743738389,0.24362157799953643,-0.5784699680538777,0.14356437938685532
2021-03-22,0.4716552719801702,1.1076382743493705,0.0875938492129541,-1.3604964761095726
2021-03-23,-0.5790133632306378,-0.27207819351618673,-0.7645722356128357,-2.590790895675364
2021-03-24,-0.3751745156745745,-1.151808546282062,0.021809874557613875,-1.0601149119775484
2021-03-25,0.5668506027234257,-0.03306164116440721,0.677040247925522,1.7411670103854024
2021-03-26,1.273232251899567,1.0061998473791203,1.199587975143242,1.4337837926704389
2021-03-29,0.012576417006621599,0.013136888099487848,0.3232732424179017,-1.6001788253014568
2021-03-30,-0.10398514856948163,-0.27682808534463554,-0.15512674376111638,1.1029812977261708
2021-03-31,0.20017995064912542,0.9805088941597131,-0.3367312156410649,0.17745613418555717
2021-04-01,0.7358923358498923,1.0337301402781078,0.2990594481669063,0.7396732273443651
2021-04-05,1.1484247459394197,1.3893623162513489,0.9744219876119398,0.3691310161084441
2021-04-06,0.047727522700919386,0.050515742321274495,-0.14295420438661977,-0.14381455794500614
2021-04-07,0.06541581552779761,0.15729999056717522,0.00783089933738949,-0.8465915204010893
2021-04-08,0.4229617232356489,0.7303053527664856,0.1920748139922231,0.2960215059564607
2021-04-09,0.5552962312967523,0.4042169600652718,0.7460251717361965,0.06527742721833432
2021-04-12,0.10971701000866393,-0.007889418388492303,-0.03523750111792179,0.055900673807049106
2021-04-13,0.19776997280743142,0.7725462229367531,-0.2221069111694778,-0.6094499702986715
2021-04-14,-0.31169153917784714,-0.8928269455341008,0.09375688636769264,0.7748056060640047
2021-04-15,0.8615279976649396,1.0624306771412555,0.8135206086881446,0.19558717668929704
2021-04-16,0.2855893556105512,0.07641901618630759,0.4469929257126052,0.23404667016116798
2021-04-19,-0.3688103608363454,-0.5882413998203723,-0.262067502506374,-0.5404547471937634
2021-04-20,-0.6322499741775436,-0.5543846252055247,-0.6914972888860015,-1.7431017713081207
2021-04-21,0.7453967634260654,0.5304112132703888,0.783412758668795,1.3378610289160666
2021-04-22,-0.7220768097231898,-0.8022669431785714,-0.7660024925015487,-0.4387128770583556
2021-04-23,0.7563037279080704,0.7442290360796909,0.44853384745720676,1.1539103155226371
2021-04-26,0.15390591837698014,0.4277653897916803,-0.16374182203223478,0.5373209925620285
2021-04-27,-0.09668452104459288,-0.3749642234537568,-0.08155406086026563,0.19889789053092094
2021-04-28,-0.03742271414515388,-0.25602681110976333,-0.4297004117078164,0.17289321853107384
2021-04-29,0.4463204044426161,0.15827050076979868,0.5268560240617088,-0.001038991996591545
2021-04-30,-0.4271456637196869,-0.39935881017346536,-0.35399815980997895,-0.7349887361518954
2021-05-03,0.12864926694015155,-0.42599908266780684,0.5655149232766297,0.7446300531972614
2021-05-04,-0.48058354628420735,-1.2336570670261158,0.11441593658965427,-0.21761389868369307
2021-05-05,0.02265457367672796,-0.2601564791377876,0.26535969266168463,0.013077120274339445
2021-05-06,0.6315996580313974,0.48407374008057946,0.8099987329498419,0.4586444473527659
2021-05-07,0.6277657743445811,0.6007405393382597,0.642343404034558,0.7447385333062354
2021-05-10,-0.8158549578194016,-1.763623910589301,-0.0786108191172461,-1.1057042839458204
2021-05-11,-0.656540619944085,-0.05607691949509487,-1.102763829633701,-0.5018982299909833
2021-05-12,-1.9665139362208763,-2.054497987579127,-1.9977000523268509,-2.3180355254680545
2021-05-13,0.8480882370482647,0.37814157543798,0.9800758184011225,1.4305233380930116
2021-05-14,1.304306138199217,1.5673776287310113,1.0298762919679294,1.5605302192608
2021-05-17,-0.22677011682814757,-0.4242331875872641,-0.153157967262593,0.43305798261229234
2021-05-18,-0.7565408681469157,-0.5052521594713668,-0.7307185697354994,-0.8074872964282316
2021-05-19,-0.31890662693771915,-0.04440984638914265,-0.5311906973279654,-0.7668291859669815
2021-05-20,0.7947763117603633,1.2553742090768072,0.40933140860132883,-0.03768850030653876
2021-05-21,-0.043122982338393324,-0.3584210977483575,0.34718137726982684,0.3733774220362155
2021-05-24,0.8545674833683627,1.2129795412049715,0.5356354679022015,0.4250521338336011
2021-05-25,-0.22269789400713447,0.06215039738097098,-0.2470996552609384,-0.9389656346785048
2021-05-26,0.16034324631304894,0.24203619823402486,0.029385447715240202,1.2300375966110253
2021-05-27,-0.06518409302485459,-0.32446015084650215,0.26905781178618055,0.9015425060800133
2021-05-28,0.10178758562920703,0.18096488034614322,0.1448847215028154,-0.009394721389584068
2021-06-01,-0.12119152711434683,-0.2849293398079144,0.07368461802371454,1.1264001902514849
2021-06-02,0.0417826265508842,0.08183978039546222,0.002182521353558224,0.46973050667239713
2021-06-03,-0.39266402150640345,-0.815089989630587,-0.14533707253978384,-0.5579693878261995
2021-06-04,0.7542740379324843,1.1612509003954443,0.4764538833902378,0.0216032346662647
2021-06-07,-0.07699161808804547,0.1982194124188053,-0.3091413654375693,0.697388796583408
2021-06-08,-0.09934737636066182,-0.0384042591192902,-0.19032992894627426,0.5887665079155124
2021-06-09,-0.2108304508753639,-0.06391360324607766,-0.4693398487023474,-0.419848849982421
2021-06-10,0.30935385837846613,0.6378214556698069,-0.03078783939683202,-1.026413669980336
2021-06-11,0.17733693912417456,0.19677117853745654,0.07261640236070344,0.64983448033968
2021-06-14,0.15214421862929886,0.6604149930129686,-0.23216658936855308,-0.5107685031292722
2021-06-15,-0.21123863031584575,-0.5251193291881024,-0.3142080260586413,0.12276781115634702
2021-06-16,-0.4770335528880187,-0.2708948238708758,-0.695750738948172,-0.05968612997094819
2021-06-17,-0.14395607857094236,0.7403598229238533,-0.6696691813898462,-1.5024120961943828
2021-06-18,-1.1692608892837184,-0.636233801957287,-1.469551504145956,-2.0082601150029107
2021-06-21,1.0564205787693977,0.3427935825862568,1.4143832081852334,1.4659639477918671
2021-06-22,0.572228655916805,0.7922043647499591,0.3760946490404987,0.4528049114694611
2021-06-23,-0.15139172071037368,-0.018224484814342343,-0.24738125109024556,0.05856618392095502
2021-06-24,0.4211683989458993,0.38066206572187045,0.7729204151459436,0.8908576856483493
2021-06-25,0.30100835327563885,-0.05749937635026511,0.6561708245216755,-0.10565523047812118
2021-06-28,0.19934191046664845,0.883746152804556,-0.32197409850090375,-0.8746922531426016
2021-06-29,-0.03008248077713967,0.17612266169007276,-0.07024259302354685,-0.6154330780028207
2021-06-30,0.09508405544857801,-0.07538953405938759,0.5763599718486485,0.07894043958056891
2021-07-01,0.484777179081991,0.0772027487745601,0.4079121781777263,0.6718617797454007
2021-07-02,0.5847475181893289,0.776412688742518,0.3578650108260898,-0.7923698424049458
2021-07-06,-0.06501173590047411,0.33557642176610747,-0.44953282322852706,-1.131337038364733
2021-07-07,0.26894540311485027,0.12779366778303258,0.23312746658932787,-0.7140810885336342
2021-07-08,-0.5776334684469887,-0.34907466507549495,-0.5536519072537882,-0.6701567750269468
2021-07-09,0.7877660571831493,0.3567869450199271,1.055302790180893,1.394224493975195
2021-07-12,0.3310602517000708,0.3297861993071487,0.4008446963914224,0.3925873301632968
2021-07-13,-0.3086519350640947,-0.027909278461068353,-0.2939013357634047,-1.3588957825625816
2021-07-14,0.10933245463095943,0.0982958423728857,0.10086050454655406,-0.8072983529250122
2021-07-15,-0.24327658266199703,-0.45435073004954163,0.1853893482987498,-0.060528737725257145
2021-07-16,-0.633488064071791,-0.5529953681759564,-0.7112204519646914,-0.9993199358126793
2021-07-19,-1.3230056791242408,-0.6917796609495649,-1.9668866308630824,-1.6046068636156914
2021-07-20,0.9468383243060985,0.5774172654541483,1.1529462672412867,1.730284530580285
2021-07-21,0.7538402212177406,0.6348732519963682,0.8735966174322688,1.2953554547048896
2021-07-22,0.14607529632648175,0.4554777849971865,0.053469480379903477,-1.2604489053658972
2021-07-23,0.8547071116618666,0.811031855102539,0.6138308341693632,0.17723977217571535
2021-07-26,0.2658489531696537,0.13590945658020437,0.2873184518758142,0.622313609004887
2021-07-27,-0.3723639531632547,-0.7639331184186524,-0.2039954993319461,-0.5204999924488678
2021-07-28,-0.043207963141045226,0.23154990013153673,-0.324794304666952,0.6748052794656174
2021-07-29,0.2056093927999478,-0.002909181501455471,0.2499968648813164,0.5707892586335621
2021-07-30,-0.4032096128026574,-0.3721430659343703,-0.3632656342373862,-0.40628640297167506
2021-08-02,-0.23205442554717604,-0.06721765375808354,-0.30584195202816855,-0.5538090204787147
2021-08-03,0.6082916642379494,0.3630573724350632,0.6495175060917068,0.4980094969118309
2021-08-04,-0.3518526206542855,0.15224250668739453,-0.7349374741529262,-1.2278463599078773
2021-08-05,0.42856040842657783,0.34117122654694065,0.56785007272358,1.0139239310636599
2021-08-06,0.15694851508561705,-0.26115166439857257,0.4206525001223509,0.8355257809112897
2021-08-09,-0.10004370938374323,0.10890526949181398,-0.2801781600852107,-0.4637762718414078
2021-08-10,0.035034231266643456,-0.4424237958020401,0.3274388484443833,0.4378856308496761
2021-08-11,0.23496185795048857,-0.08664611055483915,0.6060934807569349,0.5674778358539536
2021-08-12,0.24627663255644677,0.24749032371534863,0.06599901335720618,-0.15863258943603512
2021-08-13,0.10753352801268624,0.1993051229354574,-0.006215298920495748,-0.532579819937534
2021-08-16,0.21422556114266633,0.03625582222674873,0.295919654428933,-0.4956856155785591
2021-08-17,-0.47436097992005183,-0.567343526506735,-0.6183429853267183,-0.7023277512277473
2021-08-18,-0.9577186761300127,-0.7462482748203768,-1.0231099644956643,-0.7960782659446551
2021-08-19,0.012225947404711862,0.20018570423514265,-0.28406394585430705,-0.8437275090479717
2021-08-20,0.6200303868755765,0.6721528014416949,0.5375209987117954,1.0637512285638615
2021-08-23,0.7191555319373448,1.058815104582861,0.564210503650803,0.9676690473720369
2021-08-24,0.08409319855651265,0.1932899084822843,0.04138330826933339,0.5926400690260373
2021-08-25,0.10196770181854173,0.041092002263087804,0.03768417899132507,0.3377202321017423
2021-08-26,-0.523365158652406,-0.4820311464530792,-0.5115957407050808,-0.7548296512237425
2021-08-27,0.6743668947089799,0.6046299600755335,0.5476971219862152,1.6920273911723578
2021-08-30,0.30584177151319386,0.7505296018759696,-0.16485096472902477,-0.37390439585257496
2021-08-31,-0.1736490751146219,-0.12159258462038666,-0.1724098346257093,0.11076550959812156
2021-09-01,0.024613698603897123,0.1060410455069104,-0.12367534858647045,0.2751025042813249
2021-09-02,0.16996724610147196,-0.10435515253387646,0.247028274503758,0.25699950932726523
2021-09-03,-0.0015859971691659022,0.22072284934101633,-0.15190079310363086,-0.26342666158909406
2021-09-07,-0.34144159643602673,0.03826396266304613,-0.7201338183558021,-0.40734548609109233
2021-09-08,-0.2105466969385832,-0.3458879162111812,-0.2941207272974573,-0.745999095475309
2021-09-09,-0.33150582876057616,-0.24615353030303816,-0.35848770974348254,-0.08532644604847878
2021-09-10,-0.70657724513124,-0.5995184447824835,-0.7404040294047552,-0.7420852843910163
2021-09-13,0.10856966422369423,-0.15490590908488777,0.5572982609473204,0.5301567047978364
2021-09-14,-0.4145803723405591,-0.17152697703945008,-0.6646202361823316,-0.902034461208147
2021-09-15,0.5499087096976891,0.3911615657072053,0.45117766569079776,0.6355815001770866
2021-09-16,-0.08737539058115872,0.08589909010409927,-0.09570499036844149,-0.27934336640571544
2021-09-17,-0.8316381159761835,-0.8712956586942457,-0.4551890309831264,-0.10351961875475146
2021-09-20,-1.4633062966863908,-1.5319242068791918,-1.6359283024573397,-1.3594083139084987
2021-09-21,-0.2801051115785049,-0.13012654638226573,-0.35704699611409224,-0.3278606710019768
2021-09-22,0.7605343030395548,0.5809371863414389,0.8491301816484169,0.9322694868811444
2021-09-23,1.015841018891874,0.6863053504899056,1.3442494850648437,1.2644638587589134
2021-09-24,0.21002629675337786,0.15720751510415149,0.19578062737482574,-0.029822904574205264
2021-09-27,-0.26420145305085024,-0.5825406278437005,0.14624325048832768,1.223120979619831
2021-09-28,-1.72002347496879,-2.040276637931572,-1.4689677872304843,-0.9765253786853069
2021-09-29,-0.06943891373763608,-0.3373541795147374,0.011069225003912497,-0.008885967344875081
2021-09-30,-1.0098723975549007,-0.3069666029741535,-1.3902979818813397,-0.6618183736076271
2021-10-01,0.7344893579781313,0.21122830668517864,0.9841909893845808,1.010276559147242
2021-10-04,-0.9601413692990193,-1.3768057152872901,-0.6836278915452124,0.08647005859377137
2021-10-05,0.7124718511445773,0.803196142960574,0.6622634336218682,0.04405574354475067
2021-10-06,0.37467174615143906,0.44595667104484016,0.31498132992875294,-0.3413966388024323
2021-10-07,0.7309098135462271,0.6749472205668049,0.8915934887609775,0.8356943684733775
2021-10-08,-0.10419840870058518,-0.2818319690893494,0.05570856202903664,-0.12714308139758113
2021-10-11,-0.6241195082156412,-0.5606226414908628,-0.6559673698746293,-0.4005532122789022
2021-10-12,-0.3054696555133676,-0.35393800551442756,-0.40529051173750674,0.13578237519426656
2021-10-13,0.20608117041971857,0.46425269553505755,-0.08272143851642591,0.08500358041180404
2021-10-14,1.305381575722265,1.2085653346261511,1.2937011769522553,0.8121746183854148
2021-10-15,0.7410414776600592,0.5636266435914438,1.1039599099255233,-0.030646899228488816
2021-10-18,0.35989574802447044,0.8201442300701977,0.05932156483067724,-0.0322483288016695
2021-10-19,0.5445138496637761,0.4750575993949466,0.40827709637025456,-0.024561561153108605
2021-10-20,0.3732494355341434,-0.034001165513430895,0.4398638213306776,0.6576773959321651
2021-10-21,0.2444812262078797,0.4536034570673608,0.030155561695285868,0.01563445771751589
2021-10-22,-0.12496181060351035,-0.6428880354398872,0.13396107524958603,-0.1290393912439997
2021-10-25,0.4764132147108151,0.7389221872267818,0.21785682974799828,0.6441685913098986
2021-10-26,0.004754963629160662,0.15102656676133425,-0.02886296006971939,-0.608857477206652
2021-10-27,-0.35471570292569976,0.1607102597667704,-0.6403903098617424,-1.3351999959637246
2021-10-28,0.7177693520010904,0.7031774325270294,0.5157201631103526,0.9568229083825787
2021-10-29,0.1749715093695525,0.377017737164497,0.25074385312840625,-0.06624079453749368
2021-11-01,0.13808370260485675,0.23326995287839014,0.2370161308700103,1.6149838217223615
2021-11-02,0.20557092677217875,0.2229896569619398,0.24237113870492932,0.29759209959070626
2021-11-03,0.44582886361392415,0.691519301394742,0.21460867177915205,1.0741992740355333
2021-11-04,0.30525903467056775,0.8345487814201038,-0.1501503117578441,-0.35583093284336703
2021-11-05,0.23287747117250843,0.01887512442148947,0.4284871833031424,1.2136309623707333
2021-11-08,0.07049462447786112,-0.06322834015470076,0.2842491677743691,0.20977538882020175
2021-11-09,-0.3029411852219572,-0.5160342748016543,-0.2895932884111282,-0.5194800230734717
2021-11-10,-0.692367969494821,-1.0775189490782249,-0.6144187599197231,-0.6652882161706811
2021-11-11,-0.009701790947742577,0.1257893309934335,-0.4212159165077559,0.41415253273402775
2021-11-12,0.5022389888690856,0.604106300589366,0.31426162815282094,-0.13524385011349332
2021-11-15,0.07763599563514118,0.008081371829196951,0.023373366044219843,0.015974120780833392
2021-11-16,0.31381581276480025,0.4920713227097105,0.13098507900694395,-0.08963645271931858
2021-11-17,-0.209630155022234,0.01769013549123405,-0.5197802168947618,-0.7604162473387964
2021-11-18,0.22582285035094032,0.6617984581257932,-0.20768986605931522,-0.31110306920898795
2021-11-19,-0.17501006866644367,0.35174368627044383,-0.6904730651301274,-0.6708880520184708
2021-11-22,-0.30774659497367257,-0.8860029825160374,-0.05366602844639184,0.28551265032790074
2021-11-23,0.12842745032957803,-0.3011455891669042,0.5199131250211309,0.22189262059785653
2021-11-24,0.2451550152909563,0.22149541155166277,0.02876343194965772,-0.11753429922331479
2021-11-26,-1.874092471684536,-1.379823015996183,-2.28044490126456,-2.6610104602763713
2021-11-29,0.8152211872256451,1.2818378101607453,0.3682784272362595,-0.4525987779510194
2021-11-30,-1.5256610359579403,-0.9825096839887876,-1.5448795312433459,-1.4435104249381363
2021-12-01,-1.0740128700405331,-1.333879732165945,-1.3533605771663038,-1.5037635014277668
2021-12-02,1.1310348398118542,0.3724900727686814,1.452778169933962,1.88250168576569
2021-12-03,-0.5585739273385621,-1.10087278774292,0.04959217625747414,-0.634376219037832
2021-12-06,0.9564085360825504,0.5264444701076176,1.625371562529291,1.3490649645211092
2021-12-07,1.7442993894601988,2.1530617996046115,1.3578933480041213,0.9870983935716761
2021-12-08,0.21412672911552977,0.34828417248847304,0.09055070844493719,0.3269134115107941
2021-12-09,-0.5614374549446584,-1.010402663488642,-0.007921226346605144,-1.1104037916383107
2021-12-10,0.81919813557542,0.781645608230946,0.6078007635543947,0.007695559461344682
2021-12-13,-0.6994599221709511,-0.9968086581705861,-0.7471822795563208,-1.0060876109315535
2021-12-14,-0.5828638551306665,-0.7663302642892456,-0.29660813568922745,-0.4388897943645994
2021-12-15,1.2388486341845835,1.5125702842117827,0.9330765120894146,0.632561387683027
2021-12-16,-0.7057933272062384,-1.7912726356700999,-0.04364138124503348,-0.6892689375500302
2021-12-17,-0.7787634120497268,-0.27149555321714,-1.191437143340228,0.11451912151573955
2021-12-20,-1.1290897091164342,-0.9475205980551183,-1.3611266855054667,-1.1626097614583617
2021-12-21,1.3018918708091758,1.385722518982086,1.2470310733073497,1.8174227600519177
2021-12-22,0.856540172394725,0.9027829044593625,0.7290343008861833,0.7898829019365784
2021-12-23,0.5051882594284512,0.550706369016625,0.4844182595861751,0.42676007512078096
2021-12-27,1.1613420644549268,1.1672395418957335,0.8814653140092408,0.6860785575808167
2021-12-28,-0.016639848200744656,-0.26586429607845363,0.28736469668245784,-0.16815776534694532
2021-12-29,0.15868527489417822,0.03684483291816707,0.288061002283618,0.1345980282156664
2021-12-30,-0.24802578738890277,-0.2283189066207328,-0.2226339541598348,-0.19363576539572844
2021-12-31,-0.26808882618010105,-0.4974422776742631,-0.20100856058831218,-0.001508329364501515
2022-01-03,0.42408955934886383,0.6161161310944581,0.5550269972947763,0.7729348445162223
2022-01-04,-0.04976904366407873,-0.9259064934145089,0.5140329880646914,0.4762487442576412
2022-01-05,-1.545860542472686,-2.126382991391947,-0.8728968100613008,-1.4440749381070865
2022-01-06,-0.1441095472531069,-0.16428075626686311,-0.47132155817820365,0.4195288752067097
2022-01-07,-0.4739253199306581,-0.9161916559565138,-0.16644185756589042,-0.38392038837339204
2022-01-10,-0.07643947627481747,0.03278798769027285,-0.35435470218241366,-0.23078477862534058
2022-01-11,0.651534612770404,0.9376343339587584,0.3467002972585595,0.38873154409678623
2022-01-12,0.22664943032903287,0.280315913327307,0.10729644375505863,-0.23606610830449215
2022-01-13,-1.1143313877826804,-1.7450221688771343,-0.4101884572335651,-0.14280330648719639
2022-01-14,-0.005405171526160634,0.39106519834621273,-0.4967516367399466,0.3592198750791962
2022-01-18,-1.6504527832438938,-1.9511958961198606,-1.5444509091598102,-1.7273643081168741
2022-01-19,-0.918525330622835,-0.877501168304429,-0.9260334680059669,-1.1389572463626791
2022-01-20,-0.9851008846430828,-1.0324953777443002,-0.8635325927344046,-1.4080795716094616
2022-01-21,-1.6705599738581287,-2.0400250460610527,-1.1925558240807794,-1.0417130085600363
2022-01-24,0.22493691938656848,0.18483101388496442,0.14923217617971346,1.0561514101633502
2022-01-25,-1.1063668710458752,-1.7367028215667963,-0.25926253680981276,-0.3735260788423851
2022-01-26,-0.2220302425583995,-0.1434567890501956,-0.3168799029940198,-0.8307561785516763
2022-01-27,-0.4961494783366417,-0.8157491543194141,-0.11515073571767585,-1.4558515062890092
2022-01-28,2.072013139783475,2.193109427453743,1.5310689491426124,0.891410269061259
2022-01-31,1.5541642928623702,2.2965236976752657,1.131828298593684,1.3107916201121919
2022-02-01,0.5929386547772474,0.5564182374751513,0.7301301783893257,0.6363949077740055
2022-02-02,0.8169515810220409,0.6379293980177069,0.6066789183725257,-0.36356576348194913
2022-02-03,-1.8550452342812012,-2.8141538929664693,-1.20236434670043,-0.9483131247428228
2022-02-04,0.33641415003312986,0.7974111934665828,-0.09123914402771799,0.052517502444880654
2022-02-07,-0.37502564152188406,-0.7141792596474457,-0.11616946951923549,0.12904905799824587
2022-02-08,0.659197443202559,0.7781425829582508,0.9336184653398273,0.9279513150065449
2022-02-09,1.178521062962484,1.465567880516535,0.782373306390596,0.8420184335624266
2022-02-10,-1.4998215803496433,-1.5787594060346055,-1.3165408011666604,-0.8111636443751981
2022-02-11,-1.7417532891584238,-2.359187926408866,-1.3869301637515155,-0.38929308336028634
2022-02-14,-0.4414734631160589,-0.11385431611086141,-0.6005854680529831,-0.37939295236114007
2022-02-15,1.1723091651728863,1.5384959971277818,0.9292941452317185,1.4422544514936313
2022-02-16,0.08707073013561817,0.012059450905875499,-0.11239107301460897,0.3277955764435399
2022-02-17,-1.8103133263189923,-2.1285372240850275,-1.631256769540783,-1.2088128914985765
2022-02-18,-0.6600192792124594,-0.9645686181417702,-0.7409737151572109,-0.49404440714381914
2022-02-22,-0.9573127870394479,-0.8311733865911186,-1.326189536684636,-0.9155308917798477
2022-02-23,-1.5899322726894132,-1.9761048010554643,-1.378364880874276,-1.0562473965355417
2022-02-24,1.1209856270059555,2.1660856422866974,0.15095534192899956,0.9087688916542557
2022-02-25,1.6433318098887013,0.9405373896171609,2.0214806624311703,1.5959413001344664
2022-02-28,0.04264238929392608,0.4774724793621957,-0.11961090409414277,0.4045261542164019
2022-03-01,-1.3829439420099294,-1.181582809427073,-1.7028592393818363,-1.379143511525461
2022-03-02,1.3019816037320178,0.9719902112584947,1.3437981515304356,1.5985172613192613
2022-03-03,-0.28948701366797536,-0.8992245009150592,-0.08934195042762794,-0.042291207395413144
2022-03-04,-0.6786577245672237,-1.0405147352332624,-0.48721452448870156,-0.7355081471544804
2022-03-07,-2.458250906450249,-2.6874428321891672,-2.119600901640979,-1.4147674737935187
2022-03-08,-0.8526050224248247,-0.5817761399062086,-0.7354280508177009,0.0902574078985878
2022-03-09,1.9636325621749153,2.262207423063963,1.566145156815139,1.2508551403176373
2022-03-10,-0.298429627591839,-0.6877376924398374,-0.200509238009375,0.27136507468441384
2022-03-11,-1.0562829275269856,-1.4479410601782974,-0.6244896813879219,-0.708762651168516
2022-03-14,-0.6527879699037561,-1.4440418673511481,-0.04378824363602386,-0.7087258430045623
2022-03-15,1.7840993811035277,2.1240178840216317,1.6175303400652081,0.49959338066634706
2022-03-16,1.8845362562688912,2.6200497903409925,1.4674336078714685,1.524959871885011
2022-03-17,1.045013041528741,0.9455353516247801,1.1178833063025433,0.6046134593657719
2022-03-18,0.9819127611090499,1.5462352755393514,0.811510194541706,0.2988438237379648
2022-03-21,-0.004066836185608068,-0.15489841534877888,-0.4776769808324183,-0.16864801484687425
2022-03-22,0.882683578060298,1.314689318689904,0.5582456722050261,0.34065721266169247
2022-03-23,-0.9915483896789576,-0.9770863888504683,-1.0654760195354445,-0.8633999280400365
2022-03-24,1.1024195014743445,1.428381092457025,0.7568086245684976,0.45240668211457624
2022-03-25,0.4376058681157623,-0.029855776906314975,0.4427003185283958,0.6923543413413911
2022-03-28,0.6172360000449747,1.1245010012459007,0.287678109282664,-0.13401320929508848
2022-03-29,0.9942200084238118,1.1602081772684094,0.8283857597882104,1.3284985917955516
2022-03-30,-0.4926267338521336,-0.7187930835593399,-0.12642520417371578,-1.1012479548178877
2022-03-31,-1.2371681302145743,-0.8558570660164401,-1.3412982358656258,-0.7467956972698598
2022-04-01,0.018071843363415024,-0.3336262467613588,0.1317973220105728,0.337825034061143
2022-04-04,0.6826853419796748,1.3993268323974524,0.27532974648248226,-0.018510057060050794
2022-04-05,-1.0707838710921642,-1.6039507930011156,-0.7480628279487513,-1.5208875351982063
2022-04-06,-0.8008161707506816,-1.5144938647070776,-0.3409623854856606,-0.6772310326218852
2022-04-07,0.4046728919590545,0.11783053500829502,0.2358240529048438,-0.38082142386132445
2022-04-08,-0.19310538160681817,-1.0004697130956608,0.36861384273044384,-0.22408329328623108
2022-04-11,-1.292241470851212,-1.5905836442358405,-0.9068109582369045,-0.40446705691796114
2022-04-12,-0.4640587167016563,-0.4674142425414309,-0.38122104862009654,0.12679847951654538
2022-04-13,0.8005807163864437,1.264440722678488,0.7628175560070927,1.15275419950616
2022-04-14,-1.0595361816242825,-1.6244563214309655,-0.299625180612961,-0.21734877733270533
2022-04-18,-0.02387309331201406,0.026421355919289707,-0.12578048890413773,-0.2161119407111114
2022-04-19,1.2078663731030903,1.4306149907843029,1.165743461734528,1.095644657048059
2022-04-20,0.003522035560343084,-0.9458407918826139,0.716864591899779,0.5328095526174872
2022-04-21,-1.1561266757728006,-1.365865755924596,-0.8124025631100612,-1.1983250909787448
2022-04-22,-2.3696146390250714,-1.9885703975270812,-2.608955279864739,-1.7919806042859534
2022-04-25,0.15449257850403825,0.558521241829335,0.2662017100225362,-0.24986397861127607
2022-04-26,-2.376121116804715,-2.685141413360412,-2.045744178800017,-1.6125640518706232
2022-04-27,0.002259176560866105,-0.28363663219249785,-0.07357192759469391,-0.3916489683415838
2022-04-28,2.0257494596415815,2.3715101982364457,1.6069630777043755,1.2550966702702093
2022-04-29,-2.942325720170469,-3.0883219489828933,-2.316244718304006,-1.7453010381658833
2022-05-02,0.2608749914121023,0.9493318614362596,-0.01290861827972728,-0.040098347194159834
2022-05-03,0.24277507011114,-0.0627941091381102,0.070042871388205,0.9659777831728698
2022-05-04,2.394764826416068,2.307463756117754,2.3867645002231757,1.7281015845081449
2022-05-05,-2.7218677650282377,-3.3948176940902854,-2.510143418522131,-2.0301595191098603
2022-05-06,-0.7006881958423665,-1.0530690080263194,-0.5218086000663676,-1.0160792378303716
2022-05-09,-2.6449672620041036,-2.8696412736683605,-1.7354248698250485,-2.2987814979408463
2022-05-10,0.04211202671772364,0.6618858849726461,-0.3576194722736335,-0.487655481785301
2022-05-11,-1.465878411615141,-2.244874026038977,-1.0454651480682968,-1.1626487028817452
2022-05-12,-0.1067663281009012,-0.19746266170753782,-0.2969921703365721,0.4133905857885414
2022-05-13,1.821483046821802,2.3983277399957172,1.1724722221582982,1.2742088534793186
2022-05-16,-0.28853428782487783,-0.7708774233158174,0.11821361454305557,0.23154158683620835
2022-05-17,1.688559204907552,1.83486530113552,1.2136412625677475,1.92264781723392
2022-05-18,-3.359905313130003,-3.5027522966907756,-3.175818606584266,-2.0310191245881355
2022-05-19,-0.7975426449448758,-0.684546141603537,-1.0033324733311364,-0.4585710713252733
2022-05-20,-0.10902794285976976,-0.4135229738944203,-0.1141897444498646,-0.1999337949533908
2022-05-23,1.5114159508508438,1.1272436660484768,1.7211979380860565,0.9912584554219196
2022-05-24,-0.4464091220274461,-1.3353146152629372,0.3481542061186941,-0.44794313941521474
2022-05-25,0.7802585142977427,1.0247266952545895,0.614141251329233,1.1870787489196077
2022-05-26,1.518415017563251,1.8235058477862829,1.3178889440600368,1.1782812519721106
2022-05-27,2.028939193751723,2.3164821504561215,1.6055378320900362,1.5991741040304697
2022-05-31,-0.37237005557135966,-0.05505657351266796,-0.48936809727977426,-0.6104608534510545
2022-06-01,-0.7129907555643875,-0.5532663346995828,-0.5349516614080944,-0.21917949814336626
2022-06-02,1.4314188200184628,1.7886833703788334,1.066913637564543,1.0766717852011796
2022-06-03,-1.34098437218443,-1.8080177345086588,-0.8966300594921602,-0.3587785335622176
2022-06-06,0.16341678576821536,0.16391250035272678,-0.03536201332271473,0.2938596169067547
2022-06-07,0.6948226947475715,0.4926062053193438,0.6196799809283964,0.9493246895906419
2022-06-08,-0.854814717633357,-0.4728653817520126,-0.6633048749533115,-1.0699865029982245
2022-06-09,-2.0408595039369954,-1.9812245164454445,-1.7930985536905264,-1.367118554635527
2022-06-10,-2.6192111765094936,-2.706052302352536,-2.63459400621818,-1.7518468139445897
2022-06-13,-3.4387015043212807,-3.62918755263041,-2.783658245805408,-3.2812854654899652
2022-06-14,-0.43551025010043276,-0.14627301634842882,-0.6243901956118721,-0.43044055889750793
2022-06-15,0.9987211037402823,1.5538871608549534,0.7337830189460904,0.6783968754771379
2022-06-16,-2.728122662444538,-2.8337974699317567,-2.1071860568458542,-2.9696333940138535
2022-06-17,0.036720907858523416,0.700410781001829,-0.2548726115215705,-0.03938442607611731
2022-06-21,1.8769104519541078,1.598321232757518,1.730492561752708,0.9979505359482168
2022-06-22,0.02900843287531399,0.08931092069404814,0.07371307225678841,-0.23397760542649831
2022-06-23,0.8027367825246711,1.0409649888343258,0.5605009631454215,-0.06621578187358015
2022-06-24,2.573555806795859,2.371565676898077,2.351463208560778,1.7940960733257802
2022-06-27,-0.09354328274203474,-0.2753142856622642,0.07920640942065704,0.4626653350510075
2022-06-28,-1.7031948016426444,-2.1548608201542967,-1.400623605562377,-1.0990603606780127
2022-06-29,-0.2144609488819176,-0.11087099630863892,0.07753018191208852,-0.8731402850743355
2022-06-30,-0.6544386135001737,-0.9077852558874369,-0.6811755389918469,-0.3314851313666616
2022-07-01,0.7390371218610983,0.364761073448847,0.7927153887127835,0.814163885164385
2022-07-05,0.22133188236340878,1.2213875116207809,-0.27227186502704703,0.27634791050726704
2022-07-06,0.12443103003597403,0.31409691095968123,0.03036855105292216,-0.6921678240147515
2022-07-07,1.2300174496812886,1.510611548059766,1.0062937230790248,1.1726137409357904
2022-07-08,-0.03717280510699389,0.14843550342951478,-0.07648920064085299,-0.03563781086488913
2022-07-11,-0.9816840338361016,-1.5279931956194048,-0.5052760213773597,-1.1732165429387262
2022-07-12,-0.7209315761157284,-0.6988645557330799,-0.5227666123821896,0.08259192114188685
2022-07-13,-0.567998311612581,-0.28620770312981964,-0.7142539467771772,-0.2975511372071468
2022-07-14,-0.3520217237678928,0.09803249599972105,-0.5612874925967466,-0.8467511173789537
2022-07-15,1.4679832691747399,1.17393387779661,1.7836953351568474,1.3523438055589532
2022-07-18,-0.5169131705236487,-0.4132628070237714,-0.3875012951375382,0.14486464725904868
2022-07-19,2.0215035357150533,1.9983554142159226,1.945361427110649,2.040671577596594
2022-07-20,0.6154064984444303,1.2096361356300842,0.2749079821689255,1.0141623225875036
2022-07-21,0.7255556411079926,0.9432065871542112,0.33517648352709684,0.016993488327000587
2022-07-22,-0.7342794176860414,-1.1975758468278968,-0.3531893617190106,-0.7958236115386944
2022-07-25,0.1309588111605759,-0.3827797430205421,0.29214254829528186,0.46668356590299
2022-07-26,-0.9795065196096144,-1.408998222519852,-0.6192299743640363,-0.30717208831409143
2022-07-27,2.0006447231250726,2.770067295507209,1.1123978747840186,1.3237992894089265
2022-07-28,0.9935928439600458,0.659290884400557,0.8735911071513115,0.8223402404964255
2022-07-29,1.3040413637201445,1.4051009849949103,0.9805905901702135,0.5014398180135857
2022-08-01,-0.15418322309380067,0.03023050069264205,-0.03881040291284647,0.06366062454043558
2022-08-02,-0.5688326368884102,-0.2231439592531716,-1.0957189489181594,-0.4132044100628621
2022-08-03,1.0686397235592158,1.6907056972866092,0.8955081825115324,0.6477258117907174
2022-08-04,0.008800452486347865,0.38231508999239017,-0.13514250316441972,-0.06849226636348571
2022-08-05,-0.22049686113934186,-0.6005527730317056,0.12380086840059008,0.29484230136648043
2022-08-08,-0.09947915623490836,-0.2188903378680208,0.10172192664503876,0.6837853565619239
2022-08-09,-0.4081487455450453,-0.8719289372556522,-0.22320303238012756,-0.6255406999634224
2022-08-10,1.6741823673469993,1.874576012171272,1.4026236516244355,1.5240077480946637
2022-08-11,0.0630129203048451,-0.33284637858838906,0.15740751658319396,0.4641425296769879
2022-08-12,1.3573128595438397,1.353796937639539,1.100633298545346,1.3075003015937565
2022-08-15,0.37931004478502545,0.5953692101076682,0.4473325001608217,0.32814532409564845
2022-08-16,0.16690280855420894,-0.14403485030322294,0.6335968069778267,0.13006067657084122
2022-08-17,-0.5411715613451471,-0.7428912316098591,-0.36452065084216184,-1.0667355783420267
2022-08-18,0.19089522924550392,0.11168147157651276,0.004956554600402625,0.1418712699437536
2022-08-19,-1.1253929977437194,-1.4047754930960297,-0.7735992230488575,-1.3436729631460047
2022-08-22,-1.7348284733950872,-1.914634347620667,-1.701862272788553,-1.5724528176716785
2022-08-23,-0.372320191034459,-0.2602954253893061,-0.595789255720092,-0.16256116534124002
2022-08-24,0.16719298822172374,0.07995102967778316,0.06841647986735525,0.28609777919922996
2022-08-25,1.1242340762580927,1.195476881654174,0.8424555052320698,1.0255720243387692
2022-08-26,-2.7655228082339467,-2.8741835438568324,-2.6411897608937918,-1.9559831828623162
2022-08-29,-0.785963517273937,-0.9467913527148089,-0.783184977246873,-0.8729780408009545
2022-08-30,-0.9656491716873818,-0.9055316125626639,-0.8986342766307954,-0.9376147702835093
2022-08-31,-0.7161355478180467,-0.5223285679202161,-0.8683559240301686,-0.5606528935916635
2022-09-01,0.12389655743848516,-0.10205995867492389,0.2719402869738865,-0.6474497765036136
2022-09-02,-0.7893715497045386,-0.945741651159515,-0.8436795264019572,-0.41639223720199603
2022-09-06,-0.41870513716806884,-0.6121514589870477,-0.603724035250558,-0.927614636161505
2022-09-07,1.421272619128871,1.3166382859783603,1.1775207952405935,1.218668468714201
2022-09-08,0.62942692284887,0.44358663528846964,0.6521303568682462,0.49752676407575425
2022-09-09,1.303612174325808,1.557498488234918,1.0881396677046051,1.3221301471934748
2022-09-12,0.8888133172025968,0.8608885947901662,0.6581338188838908,0.8777116990471412
2022-09-13,-3.5966776652243233,-3.881124253826392,-3.488905466660301,-2.490339856327613
2022-09-14,-0.003752314190500261,0.20800839625505174,-0.28093290138151933,-0.2491668567536695
2022-09-15,-0.9750870182069353,-1.2847804946738002,-0.51959722956241,-0.2605596776350717
2022-09-16,-0.6817146467807753,-0.4811123425872091,-0.43262040878003893,-0.7228684254917008
2022-09-19,0.5183215318089632,0.42463271476238545,0.46394753781001874,0.6492927429113232
2022-09-20,-0.9617032657911572,-0.5575830960441077,-0.8864192139165363,-0.8684054573491825
2022-09-21,-1.5536021169241327,-1.379250398728401,-1.6254299837569985,-1.1033851105700059
2022-09-22,-0.8950282076868121,-1.0615470645278071,-0.5259007387611754,-1.4671776085467205
2022-09-23,-1.3711759890341757,-1.1824934725797869,-1.3978471166985027,-1.578329645949255
2022-09-26,-0.968917296662706,-0.4562527779936186,-1.1470282773633993,-1.2946129237052426
2022-09-27,-0.3395341678485046,-0.11558714760105193,-0.5076882083338067,-0.22659904806955938
2022-09-28,1.4933572394001053,1.2930606850732997,1.5470165809607281,1.7027361439048054
2022-09-29,-1.6161096049475143,-1.9201606046685036,-1.2169554670303457,-1.512070432693223
2022-09-30,-1.37146389589101,-1.3052204123300246,-1.6242624634410392,-0.6048778926574292
2022-10-03,1.8865899562586013,1.3646472790397186,2.048854711045997,1.4818101094148592
2022-10-04,2.6954015109331904,2.332679104063236,2.675948242128816,2.800315230946359
2022-10-05,-0.01759023111896227,0.17022988572167647,0.0815346830053241,-0.5045937931743283
2022-10-06,-0.8545502555508113,-0.555512220004095,-1.0252670993371689,-0.5434363135542348
2022-10-07,-2.4637329053216392,-2.8470123628503314,-2.026389957681468,-1.7880151912437336
2022-10-10,-0.7933814723716937,-0.8967181561045285,-0.45122959292469633,-0.3492059467361951
2022-10-11,-0.6117358943857837,-1.089236218266811,0.04091704744705073,0.23336785982643218
2022-10-12,-0.3253272600587226,-0.07227947523469497,-0.10169145167933726,-0.14349269688540847
2022-10-13,1.9991339300301887,1.5031438282385288,2.3381264586623445,1.7257042150886788
2022-10-14,-1.6888310158601108,-1.912647943712172,-0.9328899281351458,-1.2921724117562112
2022-10-17,1.9475715852832742,2.1553349679035785,1.4970643746544716,1.6898472530575506
2022-10-18,0.9541592700101179,0.5723529020347214,1.0064111308875283,0.8373218860769608
2022-10-19,-0.46410532817339134,-0.1307161938381781,-0.16129980807734887,-0.9561609447378203
2022-10-20,-0.7096476857532759,-0.3932547846052073,-0.2749313436278823,-1.0393442947315756
2022-10-21,1.870849737543226,1.5605230989896972,2.0835875844228635,1.3663600034418824
2022-10-24,1.1246904368102884,0.9362462279084638,1.359049227916586,0.5029874769404785
2022-10-25,1.4019397913126446,1.5539441046926679,1.064634948337634,1.5664143264788193
2022-10-26,-0.6171972809475365,-1.5182215554024565,0.013265009962999168,0.29382257993294375
2022-10-27,-0.4149127212366491,-1.262548552660216,0.571703236071855,0.32573640145495375
2022-10-28,1.9288045470900452,2.078567953757808,2.293015319634654,1.4966143648709063
2022-10-31,-0.5042570539645733,-0.7094453239069377,-0.20002098777625352,0.18492821981733648
2022-11-01,-0.4699267783981979,-0.7613683115983366,-0.3155811745333562,-0.02341398069277381
2022-11-02,-2.139690233053928,-2.512509784660526,-1.425913101674407,-2.029480281288327
2022-11-03,-0.9367776747847555,-1.513996788850341,-0.4856317459832894,-0.5336965046971557
2022-11-04,1.0753247379709796,1.0042831783781392,1.032393273482078,1.1196830086145029
2022-11-07,0.7928947058019041,0.7725658716367788,1.177617301622325,0.34321045411272294
2022-11-08,0.5358411565545272,0.6124271890840151,1.0160015790782146,0.0021970892914329604
2022-11-09,-1.6465271958564205,-1.543420277470839,-1.6310456005448803,-1.4981414566899505
2022-11-10,4.125839728949737,4.7580269295632,2.9283276947427255,3.3778527038986623
2022-11-11,0.9422259223407496,1.444370292094134,0.2706792489280505,0.7137536373843578
2022-11-14,-0.6698290212587305,-0.5473288589285903,-0.5593804656234103,-0.7435207683202711
2022-11-15,0.6663059296290188,0.9245270226953077,0.1275996103226179,0.6905672774934537
2022-11-16,-0.7016790729952328,-1.019669646337717,-0.1831846888503909,-1.1656769943528777
2022-11-17,-0.1773069752431961,-0.11514081277376646,0.07145789240071687,-0.4622219879573814
2022-11-18,0.3227461359413859,-0.03948891270952518,0.4958754799258979,0.3176160108595736
2022-11-21,-0.2835318115321726,-0.6932859181604873,-0.0787823107007995,-0.11255976025412445
2022-11-22,1.0685868487504604,0.960346852907811,1.01249570457518,0.6783900801822629
2022-11-23,0.5774561277812942,0.743066742960387,0.33171384203541,0.04954783405912268
2022-11-25,-0.010594144199716736,-0.44494295838871145,0.3934558500843414,0.14671734931447164
2022-11-28,-1.251878582823887,-0.973150593172631,-1.1879830592775913,-1.290966294885125
2022-11-29,-0.31242289067870926,-0.7093043002586786,-0.1762322094128716,0.19728112975013123
2022-11-30,2.4748127469235417,3.0527311453708603,1.859115417650946,1.5427342323337305
2022-12-01,0.03467741438039798,0.17797465691665793,-0.3860119088751869,-0.14495361587809663
2022-12-02,-0.12822836695206027,-0.279102350165053,0.030378731932647847,0.27015733643689416
2022-12-05,-1.4713596503603217,-1.1867651432851356,-1.2092330968193497,-1.7598395717868411
2022-12-06,-1.3183126012619382,-1.611517397953143,-1.0471100496713028,-0.8309997522971458
2022-12-07,-0.26845475043402833,-0.4099993772074062,-0.10693550650607589,-0.41908599523530327
2022-12-08,0.6051656038733823,0.7605112809111702,0.4625771906795782,0.3979548999047302
2022-12-09,-0.6172639913462,-0.44765564558047033,-0.7862094692480464,-0.7196503710422741
2022-12-12,1.067286049164113,0.7770447265965911,1.2587653998308754,0.48481342397656446
2022-12-13,0.7584121451405599,0.8713947301285685,0.4517915894001835,0.3609359268629241
2022-12-14,-0.5323135446655077,-0.5126182633261314,-0.3822924114380678,-0.47749541211288155
2022-12-15,-2.041905564431446,-2.4091268666501304,-2.0065169284521844,-1.5471461371337292
2022-12-16,-1.1671536851244455,-0.8876511900470619,-0.9678183205106206,-0.7365447668262296
2022-12-19,-0.8143779984220949,-1.1508842787974447,-0.5395489554509298,-0.694756726155909
2022-12-20,0.03208026012051951,-0.1325843211361977,0.18428849281177884,0.17006835286783398
2022-12-21,1.1877975157040155,0.9717738796495657,1.3899434982671783,0.9590016544735266
2022-12-22,-1.0708614489081045,-1.6223891103249424,-0.7840843172901728,-0.612847439189989
2022-12-23,0.3764414658299451,0.06973335486077561,0.36921720474491854,0.267708352985013
2022-12-27,-0.3008462048002108,-1.011389228372145,0.13273551213037413,-0.2153309079862844
2022-12-28,-0.9697499256409081,-0.906234825708953,-0.9024590392691534,-1.0608683165974853
2022-12-29,1.3279630308766845,1.52587100375479,0.7818124692221955,1.3764721194964686
2022-12-30,-0.22665262856306131,-0.04091236361251326,-0.1931178670955416,-0.19840045492659897
2023-01-03,-0.3638251816065259,-0.491079063518702,-0.05019390264699722,-0.21744437582860743
2023-01-04,0.5909239028613554,0.3025913141991466,0.3417473949198174,0.8904734534258715
2023-01-05,-0.9736991484304288,-1.1285784896744344,-0.9319647212796714,-0.6405556607299333
2023-01-06,1.7674367749657365,1.783450204735053,1.7469186438227138,1.375140982031846
2023-01-09,0.07649483298671642,0.5603143700204118,-0.12861627360482386,0.05613234999001088
2023-01-10,0.4705761690898121,0.53133497316738,0.3781290137324701,0.699912082015513
2023-01-11,1.0058193723275324,1.201182407966721,0.6982730840456494,0.850301947596336
2023-01-12,0.3020912666692857,0.39290118110718547,0.5663035652756409,1.1305225397573002
2023-01-13,0.2995835160337323,0.4923675028305548,0.3021241270049712,0.3459482798513715
2023-01-17,-0.2209082139816763,0.09658348831533528,-1.061176796192743,-0.18790810507547184
2023-01-18,-1.457357153071484,-1.0616945844554184,-1.7989121881947794,-1.2769903741278945
2023-01-19,-0.7239482630053166,-0.8585137575453228,-0.8218951059907247,-0.5600896733051289
2023-01-20,1.4258696057020446,1.7786301026779299,0.7986799445154893,1.0402381405774503
2023-01-23,0.9871179504451841,1.538522877791656,0.6809505690443619,0.6563710787788135
2023-01-24,-0.05195971227132477,-0.08421654676592474,0.31196954642445307,-0.02058186806095548
2023-01-25,0.04050756692710061,-0.11437629308284337,0.0653302239139917,0.2223042448408719
2023-01-26,0.8237909209540899,1.2952137995223467,0.4765348448613604,0.26816161450296494
2023-01-27,0.18475783863924808,0.6819817189267716,0.0747198827757494,0.41497975103260837
2023-01-30,-1.0863087694354376,-1.4403222117038046,-0.7201338180565545,-0.7511736221507516
2023-01-31,1.1074460597360258,0.9657689198006173,0.8838108742133615,1.5543230235474321
2023-02-01,0.8504439645383185,1.4611099349097127,0.028156293693726457,0.839582308426742
2023-02-02,1.0890437981954084,2.3760991993053886,-0.21594652068631642,1.2758278201059292
2023-02-03,-1.0031990899192915,-1.3437389387972012,-0.49814087960086195,-0.25041152878904294
2023-02-06,-0.487120344730415,-0.5721392524397457,-0.05463913221018211,-0.8524639145314009
2023-02-07,1.0155548189801316,1.365523108092791,0.6645226390543237,0.2897379050890815
2023-02-08,-0.8994986958249103,-1.234859016043805,-0.5256267525094224,-0.9551104407625829
2023-02-09,-0.7093400341261837,-0.619218781260546,-0.6335983219780679,-1.0612730950326772
2023-02-10,0.10374795779416064,-0.5658894658053435,0.3557976857585664,0.0721592213655944
2023-02-13,1.0005825672919917,1.1428232589150216,1.0445106643311943,0.7850344037324535
2023-02-14,0.004722355877005147,0.5451035308446809,-0.33637158161045994,-0.14713898896090755
2023-02-15,0.14684709827503567,0.4483911989975177,-0.02722756635265222,0.5003658787318425
2023-02-16,-1.1869854144347882,-1.3517259891698392,-1.1562232450128427,-0.49434374921520585
2023-02-17,-0.34784291820174756,-0.6338616218506237,0.18156685683773102,0.071852710259571
2023-02-21,-1.6420932619065076,-1.6907351791364853,-1.773834321514924,-1.7944431208737204
2023-02-22,-0.3202247655243973,-0.16891828274929555,-0.46171438326550923,-0.06470067867616033
2023-02-23,0.37172929540663785,0.5184121829528496,0.2400125287196841,0.339239916403498
2023-02-24,-0.8994452032393861,-1.1957356268973365,-0.9076610313395532,-0.6462477511277461
2023-02-27,0.19088468677299927,0.405212810502552,0.09643374221029452,0.09936525306032733
2023-02-28,-0.3222512577418242,-0.13812705045848736,-0.6283371561729028,-0.01253350647290171
2023-03-01,-0.43716340299970635,-0.6678663847070039,-0.12153117112852191,-0.22237531314555534
2023-03-02,0.6312620453583223,0.5562813607640006,0.9321738736205,0.1584458082569883
2023-03-03,1.3469023710106551,1.4727288544668864,1.1067782515242237,0.8513344217461376
2023-03-06,0.09111172001631947,0.1456147904796698,0.155642107700888,-1.0444846855541905
2023-03-07,-1.186315574239213,-0.8000353035911278,-1.4411212681229297,-0.8811540754410832
2023-03-08,-0.06305958143234862,0.16716140979276292,-0.3662007557649876,-0.13730819909230954
2023-03-09,-1.5776848035181608,-1.2910270829595274,-1.5180112612858903,-2.040051216503951
2023-03-10,-1.290766059872983,-1.1170135822025284,-1.0614928536363841,-1.9016130735909829
2023-03-13,-0.1943862056413045,0.41719534741348674,-0.3092251196566361,-1.6159968100964814
2023-03-14,1.2966929835058427,1.5402266104143643,0.8942316454168024,0.9989445084304267
2023-03-15,-0.48063487999252785,0.44066326439219006,-0.7132733566316798,-1.0076433544376024
2023-03-16,1.3108430198761396,1.7209242024108324,0.8959868158241597,0.7385156124687724
2023-03-17,-0.9248536253695165,-0.2581093366582591,-0.9908051085581328,-1.9369238042368415
2023-03-20,0.7095464858369812,0.18313474273151137,0.959004005328851,0.5143881487445607
2023-03-21,1.1629443975801654,1.104352054168242,1.002971305949231,1.4277794791951834
2023-03-22,-1.389746464453863,-0.9321030540929379,-1.4172359497221507,-2.036335818345833
2023-03-23,0.09892202127879518,0.6776832859850463,0.059415681876098775,-0.6977891268625402
2023-03-24,0.5139456413214964,0.24594118809302074,0.37171924883593643,0.7383565231948632
2023-03-27,0.13408970509559526,-0.45216000118649696,0.5227155744603418,0.6911893407628921
2023-03-28,-0.129931095458245,-0.338858443757613,-0.026685541573717983,0.05885450084659159
2023-03-29,1.1151528416633643,1.182056158867913,0.8114316536794287,0.5922185646096649
2023-03-30,0.5171214303975067,0.6891268953694882,0.42794033356514954,-0.14604620657290127
2023-03-31,1.188350829990892,1.1986276000386997,1.152098072911358,1.1650739093812064
2023-04-03,0.36484682703914284,-0.08484111200302856,0.9379952815916778,-0.025936970084638605
2023-04-04,-0.34485594455857926,-0.12814830943098773,-0.37615847278650416,-1.2405770332996524
2023-04-05,-0.2781191456749112,-0.7593369859302724,0.1389274119826344,-0.5634277857259431
2023-04-06,0.37343908679492177,0.5138047592951874,0.09719495620249644,0.15243955196031053
2023-04-10,0.021769883541049542,-0.10232771229748512,0.19870096519814184,0.5013040138578176
2023-04-11,0.017030760660807817,-0.44791063253366953,0.2716021893173731,0.4862613477630671
2023-04-12,-0.3541177771584961,-0.6383737656565975,-0.1033113448871738,-0.46893955970433776
2023-04-13,1.0568271146059087,1.3047458039257303,0.9808261547734319,0.7148987317474921
2023-04-14,-0.17020551548347157,-0.09696254057941499,-0.3138066201414032,-0.6588400747707747
2023-04-17,0.24816239928057804,0.03207826390461086,0.20865704921251108,0.7130254252677907
2023-04-18,0.04540833067237342,-0.0021104124273387953,-0.01892317926239264,-0.4196972132084746
2023-04-19,-0.016527760818669666,-0.062375955170918464,-0.21118665381503726,0.289209922885129
2023-04-20,-0.5002754208354906,-0.5868094020920762,-0.34006279537092043,-0.513024039124177
2023-04-21,0.03367883743667401,0.02064924186219611,0.03572987350578052,-0.09864922134209006
2023-04-24,0.0521439069274924,-0.18177738144565136,0.15108001422884595,-0.12984088070001873
2023-04-25,-1.2875704638083676,-1.3187065444131365,-0.8660285703303674,-1.6174058117350476
2023-04-26,-0.40596940147242094,0.3343689765484634,-0.6508520400656241,-0.7550268232883606
2023-04-27,1.4453406423012014,1.7241925170743535,1.2124213879945047,0.8735733164673948
2023-04-28,0.7643335098135047,0.5860757081660284,0.8058399799252078,0.6739003026568064
2023-05-01,-0.021788898719117544,0.007247542393126541,-0.0437632051992308,-0.1121719629883988
2023-05-02,-0.9514160299898334,-0.6451017112275811,-0.9784197000177469,-1.5919156157498369
2023-05-03,-0.6455236155086649,-0.5614378692347658,-0.7960232597365636,-0.01254559679608426
2023-05-04,-0.714880073071205,-0.36679299302781604,-0.8819626676464011,-0.8353965720621849
2023-05-05,1.3776426335554497,1.331112842537981,1.3069342365882457,1.548400631314016
2023-05-08,0.09303363566058569,0.26141695315241353,-0.03424788976710774,-0.1040839114407826
2023-05-09,-0.40253575676908365,-0.47377291213395406,-0.2019736667384307,-0.3031454287092387
2023-05-10,0.3530662725306155,0.7244526644670821,-0.08767477801167864,0.1432120451032992
2023-05-11,-0.23101221946605283,0.1454875531149661,-0.6744437198247122,-0.4770321486719214
2023-05-12,-0.1781435300449295,-0.32252271569328933,-0.11125104625175139,-0.16693850477994535
2023-05-15,0.2894281802350975,0.373321204554387,0.14961877435096965,0.7857065661009882
2023-05-16,-0.6142838060907414,0.019657770197545228,-0.9458146895213507,-1.0704954152040902
2023-05-17,0.8534477042893325,0.7038183468442718,0.9265556943588167,1.7297603130485963
2023-05-18,0.8015179803952858,1.337603657818153,0.3674723302580909,0.4138137271964958
2023-05-19,-0.17683066263062971,-0.200347564172765,-0.35561997341682045,-0.5643111116314989
2023-05-22,0.032119706989519985,0.2325443012275828,-0.3714475882559742,0.807237473891867
2023-05-23,-1.03136000614974,-0.9922704851168137,-0.7287729501331472,-0.02568568021307944
2023-05-24,-0.706957356443364,-0.47846466368741797,-0.780705863752896,-0.8964383975904942
2023-05-25,0.5656446034151609,1.5303333784792825,-0.23039769720573644,-0.6470837746530181
2023-05-26,0.9881516593773959,1.6981108189358125,0.7986995352206615,0.5859705132384343
2023-05-30,0.08507374091583514,0.41343179197190094,-0.04863757811420523,-0.0793780100273934
2023-05-31,-0.5211565986240976,-0.41485777445324534,-0.41966713105569314,-0.9149078250732137
2023-06-01,0.737562695023796,0.7634488766429511,0.38360003788186675,0.5824865071556704
2023-06-02,1.152758145473371,0.5141564601859483,1.8234063293766358,2.6371045229454344
2023-06-05,-0.04087980236892644,0.18721615471063086,-0.33866789680901055,-0.8847194031542478
2023-06-06,0.06426451878679977,-0.130635126751932,-0.11798557371575975,1.8113440283224826
2023-06-07,-0.3719370246031029,-1.2522898156708708,0.1625539032430436,1.548166164122982
2023-06-08,0.43198819876644345,0.7865269073562448,0.4004518160607352,-0.3441415661738713
2023-06-09,0.12568278330993485,0.20401732865107897,0.09234399683412099,-0.5770002803019705
2023-06-12,0.7477763322721301,1.198105386475465,0.5140426051979131,0.09873116012019156
2023-06-13,0.5427718716109201,0.5573788485010361,0.3945289906475309,0.7190339455792935
2023-06-14,0.08625733500960892,0.5258476937233336,-0.593758772761592,-0.7521348370929855
2023-06-15,0.9313664626354657,0.7386481388867676,0.9893585785318577,0.46950172642120863
2023-06-16,-0.12011993597609588,-0.2988478706386233,-0.08769824073123295,-0.3627183846502241
2023-06-20,-0.44748287742040027,-0.12359377234208632,-0.6534440928222699,-0.5160227210061346
2023-06-21,-0.5175112519505731,-1.06366102037827,-0.36860725981490006,-0.32575771146895377
2023-06-22,0.27924148956542216,0.7868176130466821,-0.014541880529752603,-0.7099145018869978
2023-06-23,-0.6330774625689497,-0.7449621517934374,-0.5880505188045219,-0.9375715766278233
2023-06-26,-0.35915459230932384,-0.9580461915760372,-0.05291735588270612,0.19310462643073562
2023-06-27,0.871825366551185,1.1572334176685897,0.5550509084167223,0.9835138593592713
2023-06-28,-0.007061251466083893,0.08023870723049761,-0.23581844777309227,0.20942167975273798
2023-06-29,0.260972500890953,-0.1845447124820492,0.6278186923143103,0.8839700614123668
2023-06-30,0.994818388396896,1.1022244711538502,0.8017131033210877,0.10573652375271464
2023-07-03,0.12589498254326037,0.18494364707815658,0.06252402593685435,0.5496513088106723
2023-07-05,-0.15680274386232684,-0.013075195722995543,-0.3564533286356735,-0.8191223179993318
2023-07-06,-0.6790035036631488,-0.5878068599798444,-0.9863670438766645,-1.2231790314379634
2023-07-07,-0.2661274411006999,-0.3142789723451181,-0.5611487532202643,0.8425908348838718
2023-07-10,0.09173944623085872,-0.08903465423433901,0.42612482919084915,0.8787312727497717
2023-07-11,0.5084412346337829,0.32068620402751447,0.8318804539415355,0.8043715964057294
2023-07-12,0.6484965194161496,0.8859635786620716,0.24747833500623104,0.8585986667125728
2023-07-13,0.5546817451699153,1.1119990405961975,0.028349105592634663,0.4098596616912093
2023-07-14,-0.09542985353113452,-0.05154464865897779,0.23327675623364655,-0.8123969279584995
2023-07-17,0.35436037692229644,0.7125396024978746,0.29097023282254636,0.597383703359947
2023-07-18,0.5135864977077416,0.5245148181664453,0.852657237848899,0.9594935662666192
2023-07-19,0.1866806271265567,0.02495754262462039,0.3200763131112685,0.7139816807635709
2023-07-20,-0.6064223269508795,-1.655179623986364,0.3562644500614559,-0.49456029243309574
2023-07-21,0.09320571534376043,-0.14918747471043373,0.1404791476561958,-0.23922356478756632
2023-07-24,0.31595985739671173,0.04120258215590961,0.41036273068962736,0.3007356215186542
2023-07-25,0.2534976105893602,0.4899979033686785,0.11602221720259225,-0.18978211225887184
2023-07-26,-0.014192103895638235,-0.26359807690292336,0.17550214152380855,0.7839316354592426
2023-07-27,-0.5744710350969631,-0.17683598979457138,-0.5940244065905981,-0.8793434318380026
2023-07-28,0.6811661351058799,1.1334009537301328,0.3197039496238022,0.7471816062688847
2023-07-31,0.09846698577534775,0.01271788355379882,0.20584512931858878,0.6245991591189126
2023-08-01,-0.25513589108969237,-0.15872425553643588,0.16914464154035636,-0.1914876777755643
2023-08-02,-1.1659513113164366,-1.5697775316711928,-0.8572885469933115,-0.7413756896351846
2023-08-03,-0.360232116082511,-0.22528248157451342,-0.2830989866328685,-0.23162256845536355
2023-08-04,-0.44516303034640925,-0.4245933197605349,-0.43673412871115036,-0.0019248061355576374
2023-08-07,0.6010080539843722,0.49376190674963477,0.9104766466236439,0.19867450677274295
2023-08-08,-0.2750251080499258,-0.5244071272068399,-0.2746656522867742,-0.21027062181169073
2023-08-09,-0.6131813386023027,-0.8208935337615608,-0.5437017787986965,-0.4685977574185436
2023-08-10,-0.019897132397482486,0.04977992385751448,0.08354099640625724,-0.49681981285622584
2023-08-11,-0.045764030193767465,-0.46822283105873075,0.27721294680599823,0.14246170667664765
2023-08-14,0.4547036366159205,0.7935550099484544,0.10007956044529112,-0.3677554220761717
2023-08-15,-0.9858241987358117,-0.7878463893359912,-0.9396179357123843,-1.0942832934918492
2023-08-16,-0.6712137201509167,-0.8127013418430561,-0.5245257740270309,-0.8497905381545277
2023-08-17,-0.6752538039090847,-0.8287403732746021,-0.7728932286691371,-0.5025253580762004
2023-08-18,-0.057507229841904435,-0.19887121510248038,-0.03659463549900884,0.13355494115512825
2023-08-21,0.5110186692501305,1.0704871451531208,-0.09768418982413471,-0.2862950467396056
2023-08-22,-0.2757402491036954,-0.1622517588868335,-0.5173054057377716,-0.5038311320566269
2023-08-23,0.8793906017080042,1.0689477822371103,0.4426927562058026,0.64333890494211
2023-08-24,-1.1272125075450612,-1.4975534392189003,-0.941162377561718,-0.6071051465547411
2023-08-25,0.5039603532011327,0.4579499518628107,0.558529047170119,0.020367342399233525
2023-08-28,0.5515145197841057,0.5241041307027782,0.5989529715550302,0.7224691797842976
2023-08-29,1.1650227494635235,1.5235901007829016,0.754850279925844,0.8166399686479129
2023-08-30,0.32793861570832816,0.4005974623243678,0.09107805290840248,0.11874998212067718
2023-08-31,-0.11376759950978185,0.22333112483611228,-0.41982931150829284,-0.0983771119352695
2023-09-01,0.07327766332115701,-0.15129067491970094,0.20359481312000638,0.8341625058277752
2023-09-05,-0.37502520952670426,0.07560691267301053,-0.49071372076470154,-1.5045085920668606
2023-09-06,-0.6008090665300576,-0.694280802292317,-0.5664407006084148,-0.48373135634011033
2023-09-07,-0.3061549854348447,-0.5408651413891145,0.10333056899783402,-0.6240871329569502
2023-09-08,0.14590242574259302,0.09657223672271836,0.24183421897102947,-0.016306349777642733
2023-09-11,0.5041318087780724,0.7920626105628849,0.20863616300111132,0.07003089602855231
2023-09-12,-0.47469322204235054,-0.7952526211999714,-0.07097214263564336,0.06500504954679594
2023-09-13,0.08552962923304741,0.26284802881449354,-0.16168846139319926,-0.4590167295902728
2023-09-14,0.6274109711884728,0.4836069542611185,0.7555653713593102,1.0516317379947209
2023-09-15,-0.9400841142817589,-1.1444083937609624,-0.647578198153142,-0.5701451492453937
2023-09-18,-0.05535113632904855,-0.02882207057672269,-0.08667214049937248,-0.6177638143515336
2023-09-19,-0.1903046031920163,-0.1949591368353652,-0.2813553119230782,-0.2014215026092443
2023-09-20,-0.7965989886644936,-1.0540952879682546,-0.23748355974008561,-0.651525574114723
2023-09-21,-1.3654997682654433,-1.3131988904737766,-0.9265904691882282,-0.9280937614559305
2023-09-22,-0.35072889271616875,-0.15101936088735232,-0.42372579817893585,-0.4241230954250726
2023-09-25,0.22573539011078714,0.22114400791181094,0.0066821030105523455,0.39829666603322716
2023-09-26,-1.2408856071055516,-1.0827908224032834,-1.034147431939834,-0.983539272084814
2023-09-27,-0.07555587162480419,0.040869515098089726,-0.2869512854853774,0.4896350845449998
2023-09-28,0.342594223701988,0.46847143739901753,0.18430407434700025,0.5258439943118525
2023-09-29,-0.2256467188171036,0.022207320069750933,-0.43394734844003996,-0.2504181291442203
2023-10-02,-0.1097536223478154,0.5034435164827052,-0.2779579125064232,-1.2593746063155795
2023-10-03,-1.1099003472120657,-1.2586560593602707,-1.1435672123679264,-1.0695626378323533
2023-10-04,0.48709874705257916,0.8544105469481735,0.23143621841296175,-0.1546365469706847
2023-10-05,-0.02615049862128139,-0.22726392335057388,-0.01239315668307893,0.19303331263056464
2023-10-06,0.9425266143118106,1.1547032875276908,0.7491441204295833,0.36723731263767734
2023-10-09,0.5570335287533005,0.3822030762930883,0.5625750847871297,0.5483985189593852
2023-10-10,0.45759441339326873,0.43684965507673035,0.3995113494509011,0.7104464112363534
2023-10-11,0.3127068788751252,0.48184329777590373,0.15893199740827707,0.1262314069638576
2023-10-12,-0.5218570406379972,-0.2671198390512959,-0.47242623581640153,-1.276439607047939
2023-10-13,-0.43150174975787636,-0.9154301919474634,0.07827604983738816,-0.6042047145442336
2023-10-16,0.8841858518148327,0.8132358077906843,0.8806845523816882,0.9505580303275141
2023-10-17,-0.006892776936765575,-0.22247512337757858,0.05330350432513683,0.8039223455089826
2023-10-18,-1.152209821711359,-0.9630038907670555,-0.9126907410324895,-1.4062435238110254
2023-10-19,-0.8119853786902816,-0.7768114616383462,-0.7485853375806626,-1.033710644619156
2023-10-20,-1.0978345083666783,-1.1393011967816553,-0.8343390556141661,-0.9250072060820205
2023-10-23,-0.23383189644287267,0.10804253448622397,-0.5833712365813185,-0.6770031230296655
2023-10-24,0.5037479968067151,0.5591535165211152,0.4275438154891921,0.21238398334911007
2023-10-25,-1.1272307142005233,-1.6767534604195409,-0.2111569663394527,-0.7240064298190929
2023-10-26,-0.9791396523793088,-1.3416490336294775,-0.6302677555771625,0.4067076460573821
2023-10-27,-0.5735141131022442,0.14628693485270358,-1.1670599245972233,-1.0151766106318205
2023-10-30,0.7763611411435996,0.5639853197403686,1.1443531754584078,0.37675129357356985
2023-10-31,0.6725142548629759,0.4923065351121529,0.545777073476028,0.6604765462052076
2023-11-01,0.8350143143898243,1.200320360851378,0.5596955619502746,0.39350923438780744
2023-11-02,1.565194949007646,1.267298246470876,1.4941811159273226,2.1289561665150005
2023-11-03,0.8142179176417866,0.9261689716156466,0.6781993007662892,1.87183927035224
2023-11-06,0.12432963015550089,0.2502466148275996,0.029717304564242444,-0.8648755854523686
2023-11-07,0.2495856800003211,0.6510054669127726,0.1578570073486278,-0.5306846974529781
2023-11-08,0.07428364276692535,0.06467814575651523,-0.07459089194387941,-0.7454573931743156
2023-11-09,-0.6315213259950174,-0.5233175404390061,-0.5570911734245644,-1.0511949113906671
2023-11-10,1.2297246556463997,1.4997760642760773,0.9766026542925675,0.4531561646905268
2023-11-13,-0.02528578981605445,-0.1586617571635644,0.21395919457241583,0.05106522519308623
2023-11-14,1.5726352939663788,1.5142756620341733,1.2652161871741407,3.5915749370084384
2023-11-15,0.07879449053279938,0.021630500174937183,0.34195455993043655,0.29483079020847647
2023-11-16,0.0992726530071188,0.045701954552777126,-0.10913000340726056,-1.0695240646458575
2023-11-17,0.11108690441156871,0.007312960534231746,0.006066803835752071,0.9241641625785643
2023-11-20,0.5822163383963102,0.8117942212654983,0.47850085123360325,0.15840068977870558
2023-11-21,-0.17185826350390282,-0.4128713884826148,-0.14279436593247524,-0.8209066177843695
2023-11-22,0.33582003340780814,0.30048694229731787,0.4832409375541785,0.363819021492167
2023-11-24,0.07192173709403481,-0.0807900447264821,0.33666749467403595,0.3548136491629374
2023-11-27,-0.175002580757598,-0.0733111761659316,-0.1451877030096194,-0.23375976011919114
2023-11-28,0.010543345327756276,0.11633963352343463,0.14239450282302202,-0.22230716293143568
2023-11-29,-0.06761154448772198,-0.07580916965157442,0.04322165857380544,0.3531953954018254
2023-11-30,0.2522012297855929,-0.21675786386828017,1.223439760905923,0.19021108517233087
2023-12-01,0.5971154393116883,0.31162643515862243,0.8951724675446837,2.2204586044687167
2023-12-04,-0.5532082784067283,-0.7017949129654871,-0.18822204306759427,0.6670670234067732
2023-12-05,-0.14686435357364253,0.05577018631758672,-0.31012809146321474,-1.0068333607937754
2023-12-06,-0.3809318366157425,-0.4800454309127508,-0.22940856378699276,-0.17461985222086088
2023-12-07,0.5962045828315012,0.9486030079686034,0.14979632194974024,0.6497336965260272
2023-12-08,0.2633224780413904,0.23781981471092906,0.22708647270145912,0.3842653991304883
2023-12-11,0.32871149771147157,0.6077715715847797,0.4011747303991952,0.05253146537333245
2023-12-12,0.366767209232479,0.5527090126917068,0.4276015264073462,-0.2881484834062188
2023-12-13,1.124360496669137,0.9109932667646882,1.2455326715192427,2.5101518902102313
2023-12-14,0.2476314036125918,-0.012250439763631868,0.401063033936202,1.9117091294838156
2023-12-15,-0.242911967993926,0.2565773126194477,0.0343651937665162,-0.5653706357739067
2023-12-18,0.4043185459817627,0.370200614641691,-0.034759452751464005,-0.0787725512207658
2023-12-19,0.43926797079320995,0.3351113855612958,0.5313189808082743,1.2850835662845326
2023-12-20,-1.111078998499289,-1.0164394476886343,-1.0664863153994721,-1.0939144745592797
2023-12-21,0.6229323358554488,0.6497159329147648,0.5956072021490522,0.9358877322154893
2023-12-22,0.15993539941729004,0.10620034525735958,-0.014461236173079373,0.5408902598558232
2023-12-26,0.27365215973187923,0.37216157228551394,0.2982736511336003,0.8362742027126069
2023-12-27,0.11721604163496806,0.11361267985505172,0.24478992959753193,0.07519282008642371
2023-12-28,0.008099126530861917,-0.048580250628770014,0.11658475169210394,-0.20169233334316738
2023-12-29,-0.24774489896564164,-0.31040393752075274,-0.04542792927449088,-1.0365946600233233
2024-01-02,-0.43683646031021045,-1.18390773347898,0.09121422676174627,-0.26654542540153836
2024-01-03,-0.6390239761790554,-0.71964828026137,-0.6030325697812358,-1.7149623043325664
2024-01-04,-0.2984793872820213,-0.44549355515394934,-0.023473845337812722,-0.2783739300740798
2024-01-05,0.11291940321718141,0.07499575700054548,0.09072507811228486,-0.174147139419066
2024-01-08,1.1126722489370855,1.384956029428816,0.47335288634913536,0.8841170438945422
2024-01-09,-0.13808904633097982,0.13129922287553725,-0.3880502239731944,-0.830125447100609
2024-01-10,0.4654691543411449,0.45831424155796874,0.3887376630461465,0.07482820326196131
2024-01-11,0.004572970801285034,0.18390081882804693,0.09329227108385242,-0.4961675051754312
2024-01-12,0.0543679718071577,0.033562363340282106,-0.2635822483560956,-0.11011077949982566
2024-01-16,-0.36122293337093125,-0.05708138624790422,-0.6070654842852089,-1.1454643844748669
2024-01-17,-0.4740830603579028,-0.4492993662281924,-0.25478049014294757,-0.6153609192252605
2024-01-18,0.7051176257525593,0.9630560600875289,0.47964900661789706,0.496293436864614
2024-01-19,0.968836250386628,1.3481313428050457,0.891928412788254,0.694642216195448
2024-01-22,0.20815013729673867,0.1519397640414793,0.3763516144587894,1.3863357511889123
2024-01-23,0.15983811511280357,0.2694381135429942,-0.272785427647556,-0.3748503876758706
2024-01-24,0.021143060558088296,0.30412478828636896,-0.31784008011444187,-0.5246187070109049
2024-01-25,0.4449923382982173,0.06453894529902586,0.5541639699295535,0.6369899694113208
2024-01-26,-0.050872307763792826,-0.36051197388147826,0.21547574321652718,0.17749076259361707
2024-01-29,0.6322950581142552,0.6884614229013145,0.516148851154183,0.830635727168565
2024-01-30,-0.09616912105943817,-0.4910418663353784,0.28321151467748507,-0.4064590081207915
2024-01-31,-1.2809198179970696,-1.332667909838997,-0.6460920777739096,-1.789222709403713
2024-02-01,1.0097300404956335,0.7458678611951772,0.8143080082990811,0.47268086952574134
2024-02-02,0.87177553047124,1.1984640719796766,0.3487594767127743,-0.5489993491911637
2024-02-05,-0.2253833071110656,-0.046031359099870814,-0.5694252925093911,-1.0173905138178285
2024-02-06,0.23649102546451567,-0.14902077801476787,0.3068862949384129,0.4102015040871605
2024-02-07,0.7157890672767923,0.7422985829766359,0.41450736473107985,-0.176284878393966
2024-02-08,0.07182505444669321,0.13616572844943003,0.13861037006206073,0.8577149818294286
2024-02-09,0.4310217512786437,0.662944466371056,-0.14196584027434203,0.7681033748066183
2024-02-12,-0.16307516554575635,-0.3808124900532196,0.1394739547999299,1.2907078281735096
2024-02-13,-1.156078097084721,-1.1167630053556372,-1.1903535936309568,-2.715047932570764
2024-02-14,0.6637116703680818,0.6301408723539111,0.24561623308365993,1.1501578202786522
2024-02-15,0.5400932988734196,0.1979566324523315,0.7853752461485407,1.7804547563834476
2024-02-16,-0.3996263106945225,-0.6183155340375448,-0.29476838239964614,-0.6237678400483506
2024-02-20,-0.5005142331341877,-0.6014755052768106,-0.204720082953869,-0.8436021839985085
2024-02-21,0.07485469923351329,-0.3026443424896661,0.12984770266046947,-0.07920759416552633
2024-02-22,1.653525190164023,1.9937948578536788,1.0292784440130103,-0.015232980044358043
2024-02-23,0.16668898804433135,-0.12421681125286692,0.24281295803728992,0.18972508106341862
2024-02-26,-0.23086306519202826,0.04123081582965964,-0.060446644597690516,0.14278516654944132
2024-02-27,0.06466550315296415,0.08606074636894692,-0.2867595157432705,0.6158858255600672
2024-02-28,-0.23942307420203252,-0.47448514929321955,-0.18783661274461538,-0.5049355166139211
2024-02-29,0.32065726315064463,0.5829362921087317,0.1363239499333165,0.6212991407141617
2024-03-01,0.6978292646596689,0.9830459744390977,0.14983999492858374,0.4412501619726182
2024-03-04,-0.13086633710375123,-0.27836756584544264,-0.27109979863648165,-0.4256812610497736
2024-03-05,-0.7928375008669677,-1.255690056521351,-0.8931408854268436,-0.15742223808148137
2024-03-06,0.32326840153217107,0.3241753939210484,0.07147891310974273,0.21032572509585723
2024-03-07,0.7955874653860163,0.9929155706111762,0.28463992975995595,0.5203238838993003
2024-03-08,-0.4941279334753236,-1.017863407941171,-0.1681984729446358,0.10691721499094417
2024-03-11,-0.05968436314131011,-0.2567976466657701,0.1307480424659527,-0.296396299037338
2024-03-12,0.8570652553178005,0.9467275822608444,0.5289099540727353,-0.31827177369129017
2024-03-13,-0.07458151531707881,-0.4987591609689401,0.13816189867464596,0.14198376696205053
2024-03-14,-0.12048332356893535,-0.13454151849253704,-0.2510332142997942,-1.2536303763628172
2024-03-15,-0.5617186562541002,-0.8749136353641453,-0.44216318824548345,0.28615317213753294
2024-03-18,0.41890614235106904,0.5990954739582706,0.1215090238390792,-0.397471941752608
2024-03-19,0.43820726563130924,0.1287046914072583,0.6994633983542043,0.5567086084736084
2024-03-20,0.827160375119954,0.9027883077018886,1.0018366563139014,1.4826801550018252
2024-03-21,0.2391464137359603,0.3322662298510536,0.5945119175742943,0.8207696448260855
2024-03-22,-0.20433798345806134,0.06766035277050185,-0.6909654862797079,-0.9891021182285584
2024-03-25,-0.33764223206099697,-0.35892628750531796,-0.4987012476431255,-0.04683991177978031
2024-03-26,-0.17627924495770425,-0.2652334810423898,-0.09296663338333458,-0.2579177710558699
2024-03-27,0.6630110322381836,0.19846297053850287,1.0466801591969899,1.6136612294869017
2024-03-28,0.013240451147969935,-0.08210935927947643,0.1770657965605376,0.47830983894575285
2024-04-01,-0.21935792397729778,0.07792429063075376,-0.5995513531107676,-0.7692805291238763
2024-04-02,-0.6055734083142319,-0.701309715928565,-0.9840305357304622,-1.2091961196163694
2024-04-03,0.05757952483226382,0.09384337247075536,-0.1483675912808206,0.35518754838343647
2024-04-04,-1.0199548748479377,-1.1161358243065902,-1.2075261891195543,-0.5177927093150224
2024-04-05,0.6985133412684269,0.6560122227656142,0.5250074489568456,0.1698263438180396
2024-04-08,0.11015380297719221,0.04513311151931257,0.05286129668983124,0.4591791443967125
2024-04-09,0.06185198921666671,0.23578752113329862,-0.04834605511853393,0.2984446291312947
2024-04-10,-0.8837884814588096,-0.6730087050833642,-1.0134808765780756,-2.1005824880486177
2024-04-11,0.5629641766315563,1.022701318235012,-0.07044903353250681,0.3326369794164724
2024-04-12,-1.1802160406896498,-1.157055078856617,-1.1374944414644088,-0.9957305576780254
2024-04-15,-1.109717563762872,-1.2470850148749637,-0.6649429179309461,-0.8548556185154392
2024-04-16,-0.22087124120576512,-0.08747659247388458,0.09911126984104737,-0.6220610982469328
2024-04-17,-0.5212840674608269,-0.8936857378905707,-0.1142033859503015,-0.6087443759535064
2024-04-18,-0.19092678187752066,-0.4085905410965238,0.053180816130346684,0.06873358625537969
2024-04-19,-0.7550065637553599,-1.500750527687052,0.46313004824669624,0.6070131503084125
2024-04-22,0.7403044915909818,0.6970908225217181,0.6416740977760149,0.8010895971810117
2024-04-23,0.8541696137087812,0.9447435393450188,0.505071655802571,0.9182915294742992
2024-04-24,-0.03180760618596781,0.24986813537065142,-0.09009663536926099,-0.17017533820109423
2024-04-25,-0.3348267721675387,-0.36355393367736377,-0.8796867458614491,-0.5020146391297567
2024-04-26,0.6584289369762062,0.9576450101161376,0.21818113889852594,0.32010468324337754
2024-04-29,0.3221313503777088,0.28288642205997416,0.36658682537463144,0.46141657589881635
2024-04-30,-1.2801740072023922,-1.295975803735603,-1.2722905402944984,-1.2907421990356145
2024-05-01,-0.40063746827255736,-0.6503237221175889,0.04912382994612832,0.19480721513334184
2024-05-02,0.7378588113100969,0.8485880680923154,0.7600706637922822,1.367358630904883
2024-05-03,0.9287830279687664,1.3430153729459138,0.9738119211077848,0.5788658496707737
2024-05-06,0.8574188511904828,0.805568947336656,0.4451338736205141,0.6619996903011609
2024-05-07,0.07591708655253117,0.037369003842156086,0.05537222772588827,-0.037540140571811695
2024-05-08,0.03773268616253342,-0.03300043825236025,0.41670366113832263,-0.09804049422575643
2024-05-09,0.4911511877360152,0.1704818705358766,0.7914970419129926,0.760389157148518
2024-05-10,0.10709541431970492,0.1923288521811624,0.313503305755787,-0.3990373234221899
2024-05-13,0.010390693735125547,0.1559584722087245,-0.1657986337408789,0.010272207002995037
2024-05-14,0.2939952969504025,0.3902807214315515,0.20543793279612793,0.553694414603232
2024-05-15,0.971846366222834,1.0577436171948245,0.752973321762755,0.4871571894259412
2024-05-16,-0.12596750759568742,-0.09829429917573805,-0.03446595117697285,-0.1856974894210789
2024-05-17,0.10732738662237368,-0.03718441221253966,0.2917463882927818,0.0992550076341944
2024-05-20,0.08855257329703417,0.48117770070933175,-0.4123897172640312,-0.2170988788136054
2024-05-21,0.09302414494820266,0.034944537558946914,0.020392836485486912,-0.12526488121089602
2024-05-22,-0.2016480240531645,0.006428826197982199,-0.40036670364154653,-0.5222589995059362
2024-05-23,-0.6547192239750499,-0.38067130039811753,-1.4085392748142196,-1.3030136710873121
2024-05-24,0.4115858561443505,0.5100761642882099,-0.15611331568050876,0.4157781387780706
2024-05-28,0.0691886479708668,0.2444975713426976,-0.4795967929600386,-0.17510880502489798
2024-05-29,-0.6133141470963244,-0.5565507547469075,-0.9968061042183747,-1.0773895453870286
2024-05-30,-0.5835268016458307,-0.8286169315629157,-0.8184154706897814,0.764564940458818
2024-05-31,0.6111557548242875,-0.2612115673546765,1.1758404474121609,0.7299985825968685
2024-06-03,0.2149636267190611,0.4673195781642131,-0.07104467315406673,-0.18832133649522068
2024-06-04,0.010264462361657997,0.10297122534174924,0.2185385370016703,-1.1209904789152005
2024-06-05,1.0429765861202434,1.4522350383397775,0.3227889504801979,0.7326577439175737
2024-06-06,-0.06759721974434671,-0.050459207872696935,0.10333780914745101,-0.4371573217153055
2024-06-07,-0.03433567530172385,-0.011044806830056014,-0.11717528452871155,-0.6744898822164817
2024-06-10,0.2245008835829754,0.25140549118596395,0.13109958382717804,-0.0786878325590189
2024-06-11,0.202688905392175,0.47811317213771753,-0.25326545132727996,-0.3051438276622424
2024-06-12,0.6153116661689847,0.851987581447734,-0.14313305310286756,0.9138639532788285
2024-06-13,0.10213059015286878,0.32285605918070426,-0.2260474172839345,-0.698545535229495
2024-06-14,0.0848701334570367,0.3557893316079195,-0.11052510778985217,-0.9887220476975189
2024-06-17,0.674120461230121,0.8607361577201681,0.4573571713000452,0.4776924702664506
2024-06-18,0.21312768469230806,0.05048431145886641,0.1508244796170019,-0.004768960363929337
2024-06-20,-0.20913345374752448,-0.5258967821381616,0.6863488226978467,-0.14849028347299614
2024-06-21,-0.02536806940060604,-0.11791870884977759,0.171612123082502,0.14877083254781942
2024-06-24,-0.3732537999895249,-0.8686170237225069,0.4902641884313617,0.442706519336007
2024-06-25,0.3230629691069107,0.8089600950434569,-0.6000904635099945,-0.4079364542677875
2024-06-26,-0.07902023445075518,-0.030799625650446166,-0.18986299580342172,-0.24837924058894673
2024-06-27,0.18960003842343232,0.2139204324966925,0.1500251464765072,0.4789807395147741
2024-06-28,-0.36483235855264495,-0.39677915061448105,-0.13397735910009093,0.6095022021440276
2024-07-01,0.0723121115606297,0.3295367590218532,0.03764793829170134,-0.6136464356896844
2024-07-02,0.5087572554898736,0.6812789843216698,0.33127807568197487,0.2369852076552848
2024-07-03,0.36102045417241424,0.5971408948740424,-0.03999803645958374,-0.04231652094936071
2024-07-05,0.43634921046701863,0.6973302681377838,0.11051652649335222,-0.6524663957738976
2024-07-08,0.14534182802384868,0.19647673752705053,-0.021318861268727646,0.4876241362792215
2024-07-09,0.04351826579189909,0.04348331990814867,-0.14532497410973286,-0.27629363634643567
2024-07-10,0.775896905308817,0.6813867404467074,0.918978478377855,0.7981287610488939
2024-07-11,-0.6314799932921823,-1.4721419199815977,0.17434733352671944,2.6394960339819353
2024-07-12,0.3527434954172406,0.31301926934125274,0.428549100873053,0.5884825024129224
2024-07-15,0.13015955486169117,0.06756278378022082,0.37003362863272016,1.220321031519162
2024-07-16,0.42868183213670824,0.002086274579690915,1.5723603483983182,2.415412635043796
2024-07-17,-1.152550070082811,-2.023645472750217,0.5965247118289134,0.1018063099478507
2024-07-18,-0.6954760128076298,-0.36157464049237187,-1.1290544649721386,-1.2687137454515207
2024-07-19,-0.8032636681019678,-0.8695549364216111,-1.1050409252771518,-0.6564155062488058
2024-07-22,0.7746098705012422,0.9420493885032937,0.20762736478362184,0.9368735867031261
2024-07-23,-0.15582886784078764,-0.290908684126562,-0.15894229264625467,0.8204733532227652
2024-07-24,-1.913202028807998,-2.587130644274069,-1.143500435681571,-1.1783237901588905
2024-07-25,-0.5184890188353968,-0.8984712073408129,0.09744846031999914,0.8782893015719617
2024-07-26,0.7904270803058027,0.5921189462815593,1.3485772039027093,1.0624047603963438
2024-07-29,0.07007884227638483,0.17610794881004094,-0.032830477888288204,-0.6434629225768819
2024-07-30,-0.46644364851534353,-0.9969904047439395,0.37686511528419386,0.2559293139336591
2024-07-31,1.3542914439174056,2.0761881336100245,0.3113869045672359,0.3372269937758273
2024-08-01,-1.2789168464354956,-1.8100925039676774,-1.2153775990011233,-2.1635251862850535
2024-08-02,-1.4485776466821532,-1.6407731603518385,-1.2688921654170298,-2.3331657132251094
2024-08-05,-2.4340705249733627,-2.2111331394906233,-2.3382602405077972,-2.5576615129269964
2024-08-06,0.5281632497619306,0.4114671705864408,0.43156004415092264,0.3980217145797561
2024-08-07,-0.5366482728080604,-0.7587324286935859,-0.48403696704202137,-0.4598465334997898
2024-08-08,1.810710124317378,2.0386006214104295,1.4715994382921314,1.1949098331679473
2024-08-09,0.452142097176097,0.4486972981355488,0.2301526846173935,-0.20684817039340844
2024-08-12,0.07841990513963723,0.19666438499459257,-0.2838784771935871,-0.7644062389937148
2024-08-13,1.331030813753382,1.687771543604203,0.8930922429512174,1.0072106987185678
2024-08-14,0.30647272755151134,0.07837695304100227,0.5937500602314302,-0.3147178496196418
2024-08-15,1.4780064663225447,1.8321230821266872,1.3188102802810755,1.669013282405238
2024-08-16,0.18328995281795674,0.13134489485408696,0.23781620536482095,0.34589736998044884
2024-08-19,0.7457313340089058,0.9106168877985958,0.48736110684019646,0.7331194813955481
2024-08-20,-0.14863424256126023,-0.1548819285958796,-0.14174448154423902,-0.8256281620605781
2024-08-21,0.2976889526165606,0.3272853407943905,0.13704379996943,0.6548719878928234
2024-08-22,-0.6854952910362636,-1.1426828838570144,-0.4141629508825845,-0.43523658908290624
2024-08-23,0.8298579132086089,0.7018980338625654,0.962230039545939,2.207732962659969
2024-08-26,-0.2363288509676667,-0.7049118531698179,0.13252087591740583,0.1544873840534412
2024-08-27,0.07988645794923462,0.17446437825816483,0.0006441397960916132,-0.5908752805954962
2024-08-28,-0.48883816674537145,-0.8336387841587294,-0.35243074343384434,-0.2407450008376573
2024-08-29,-0.023799019118921162,-0.13399973691957162,0.4949893663300973,0.35101805268657593
2024-08-30,0.7723996095600171,0.8143885216951146,0.5198672952078163,0.3871312607238694
2024-09-03,-1.7288521638031142,-2.1611802446969337,-1.3589533176560695,-1.8460542676161549
2024-09-04,-0.2137169405180796,-0.26080165712135506,0.026578681131467767,-0.32505964371120855
2024-09-05,-0.2237805710865885,0.0093299196546523,-0.4656930836830948,-0.34071903959418043
2024-09-06,-1.4919348151158953,-1.987938248980814,-1.0009053045725635,-1.1615284966028725
2024-09-09,0.8566448793837934,0.8173714814220837,1.0066302284620514,-0.1545597483720216
2024-09-10,0.43549917354743306,0.6886028768212679,-0.08342828342901101,0.05644991334409063
2024-09-11,0.7658713713914588,1.4576221361028554,0.1880841691804989,-0.1994204253756039
2024-09-12,0.7017393005445351,0.6914665690293458,0.5130588728499239,0.7974398647855517
2024-09-13,0.4549481909096179,0.37166380685511735,0.6743997166395943,1.7013205356177548
2024-09-16,0.08365428576468897,-0.3156037503664917,0.4721777848153433,0.4581046425252826
2024-09-17,0.019342647886478794,0.0259633625344948,-0.02484991374031266,0.5138301568015755
2024-09-18,-0.33191508721611274,-0.3844341329437239,-0.30286761193882566,0.027659372545770347
2024-09-19,1.3056209167182797,1.6633168930891955,1.026557236111981,1.1748084392409006
2024-09-20,-0.12137669131929033,-0.10631918995540045,0.11315350031321021,-0.8844949350262463
2024-09-23,0.24359054930696192,0.23100992020672603,0.1796614494904206,-0.19283938480443935
2024-09-24,0.22369704804276688,0.3356910887517326,0.1770942105378367,-0.04722804040236847
2024-09-25,-0.1822706951841374,0.060668627794843694,-0.6014080927578604,-0.9665378207406883
2024-09-26,0.2615131679192558,0.4518342831373021,0.46045606869157163,0.30230599076128817
2024-09-27,-0.07800583129585674,-0.3465133826803567,0.35968477226841944,0.4909463402216187
2024-09-30,0.2778383540878755,0.17689682843076077,0.021341334528254402,0.15504797475619866
2024-10-01,-0.7919108761674394,-1.0373247675155373,-0.42474084515980387,-1.0173088930448564
2024-10-02,0.05481455317086997,0.08049021187118735,0.11318575891399599,-0.23308830656798057
2024-10-03,-0.18453448298451686,-0.09121216465120728,-0.40161028615739464,-0.39522198436426254
2024-10-04,0.6657657706567812,0.7565441661648331,0.6313354994746377,0.7484885227040902
2024-10-07,-0.710442019301472,-0.7195701223979324,-0.7739299991923007,-0.4299347378039511
2024-10-08,0.6461760958357584,0.92189368259914,0.13231357482189604,-0.2739857156916934
2024-10-09,0.5723488077733736,0.5289283422503447,0.8952122473772366,0.26275739106318236
2024-10-10,-0.025132683350122892,0.03963878939198205,0.03549409323829372,-0.27462898201737673
2024-10-11,0.4233715754075787,0.07268499340597354,0.7848088688688875,1.1701336262508406
2024-10-14,0.6795874950302344,0.6175301999621375,0.46816803800022755,0.47422666450940776
2024-10-15,-0.6599079894110684,-0.9613049828263441,-0.6904565462057751,0.09990204381715459
2024-10-16,0.27415836779404834,-0.07762576463753518,0.5996943092900491,1.1023932758899657
2024-10-17,0.012054645135121882,0.03426809702692297,0.3635360491591586,-0.00671999204164743
2024-10-18,0.28112708627293687,0.4253947917098154,0.06515005706753758,-0.06401913719132665
2024-10-21,-0.19047438470320177,0.09721483141955459,-0.7499095528120594,-1.459037113592147
2024-10-22,-0.06732478524735575,0.025408540392740868,-0.06738933959476551,-0.28198441999148366
2024-10-23,-0.7118647181510827,-1.0544110232425488,-0.7862879236657058,-0.36009543367910435
2024-10-24,0.07099864300314425,0.4562926555875911,-0.4015138096291767,0.09594666113330863
2024-10-25,-0.11226988230474744,0.30928313336711766,-0.6338062183265831,-0.4652936162262313
2024-10-28,0.17842510901218858,-0.06647505145917672,0.4733258787036577,1.078716805060183
2024-10-29,0.15071746188322016,0.6975700584659883,-0.2611606861362563,-0.20829111120747534
2024-10-30,-0.371319690999559,-0.6450026214948144,-0.3315406521164978,-0.034377696344049906
2024-10-31,-1.625002591992937,-1.7903872882979488,-0.7913543136380632,-1.0030037289771967
2024-11-01,0.25319318364953963,0.40155872414493093,0.5407888631364879,-0.06775667468878079
2024-11-04,-0.2287824664037081,-0.24007622938594617,-0.5486979631724863,0.2642178941095539
2024-11-05,0.8355651061528598,0.7786182914358613,0.7365145933549586,1.1030684894210392
2024-11-06,2.0428633085084895,1.893349956746854,3.12614979990388,4.100601826855463
2024-11-07,0.7459092896936572,1.2774547668221423,0.22733971097719038,-0.4375596352621171
2024-11-08,0.20013687037707073,-0.00730216215103683,0.33304633121510774,0.20030878293171567
2024-11-11,0.17042059341343732,0.05497985852023127,0.7204767279417477,1.1406093892603892
2024-11-12,-0.2850195981704183,-0.13490325483851556,-0.7461021206616612,-1.155354622916325
2024-11-13,-0.08714586079649464,-0.21852182496819794,-0.06354716203668653,-0.7271016723856025
2024-11-14,-0.4392506353069643,-0.43945149249170296,-0.31477325851556776,-0.6026449029652922
2024-11-15,-1.092712884489634,-1.7278093680362572,-0.6487788214490171,-0.7655483176676677
2024-11-18,0.28157829076013474,0.41476938626922283,-0.14502445032438627,0.02535531361023944
2024-11-19,0.22304137870364116,0.37528747205804325,-0.3270394352909403,0.022327058408599096
2024-11-20,-0.0028425959939045965,-0.08386790522005934,0.23192045946096823,-0.03733425142477517
2024-11-21,0.4858742211759831,0.28152897312877634,0.9961931850243333,0.9531953587853436
2024-11-22,0.2656827707882109,0.1514558672133709,0.9051499824760522,1.2591635590480028
2024-11-25,0.2229051865994937,0.10556647176673321,0.8593025139000957,1.0285492461021457
2024-11-26,0.36637968909512636,0.3611463696096586,0.2322130870492909,-0.5748822756172616
2024-11-27,-0.26860466321177573,-0.56546624615915,-0.293231875394525,0.07958261875054695
2024-11-29,0.48427098490149695,0.5848700502601141,0.35130037069929915,0.020607363510357184
2024-12-02,0.16091191286140732,0.7405902985319479,-0.22938143033727665,0.061607335008381246
2024-12-03,-0.052131294832607054,0.14370427443377584,-0.24488839750991442,-0.679343303877867
2024-12-04,0.4912454876762104,0.8447321976961021,0.5899787459829794,0.07365768371027231
2024-12-05,-0.09785712095162107,-0.1478582105758474,-0.4171517228556968,-0.6466819117947091
2024-12-06,0.09086834352113213,0.5753226191988143,-0.31626454366812656,-0.07192816521892309
2024-12-09,-0.46549892621912137,-0.6046957686431489,-0.52411587147067,-0.06279845770056063
2024-12-10,-0.31959797838498694,-0.2988522098338981,-0.36786522330584537,-0.18197010145705841
2024-12-11,0.5631875819929725,1.1510525891801588,-0.25670336243962644,0.250930279657426
2024-12-12,-0.5177747730673077,-0.5449037059973525,-0.5854526912080986,-0.8411267703194503
2024-12-13,-0.003028195816383056,0.5237433099398484,-0.16094200821088628,-0.4353565939697769
2024-12-16,0.2928441788089705,0.9361168579087383,-0.26645949665542285,0.08343528033392462
2024-12-17,-0.4417322517177881,-0.3762261473483595,-0.6470503540672938,-0.9537298263562132
2024-12-18,-2.4769866030810554,-2.5818673029088615,-2.310935489399522,-2.9952109929231283
2024-12-19,-0.154872814136181,-0.49271910366288246,-0.12146232917969688,-0.6587470855450924
2024-12-20,0.9909229622094274,0.5794908954475294,1.0640369766968045,0.5853578124475324
2024-12-23,0.5952397927325903,0.7652817963555136,0.2689990226225636,-0.03792407641032132
2024-12-24,0.9000945740505423,0.9323170597373727,0.7807840986701047,0.5339573732642812
2024-12-26,0.07787206949075845,0.028065672900508126,0.14805458278813127,0.6052202875552071
2024-12-27,-0.9059067914947556,-0.9548536182047055,-0.7091985662077094,-0.9499015335839658
2024-12-30,-1.015777850908534,-1.0289437640232901,-0.9346435420198178,-0.35595834139799376
2024-12-31,-0.444223111407159,-0.7414948968743348,-0.2021425345932572,0.09032071366344223
2025-01-02,-0.2576273221981014,-0.20624614085337073,-0.34955551893559594,-0.09092144106261761
2025-01-03,0.9177549208655199,1.0276076308694009,0.6029764854552524,0.6559650277720861
2025-01-06,0.4889577695574949,0.8150094133055847,-0.020804186378817514,-0.11031187675027504
2025-01-07,-0.9368913667112461,-1.264449428188355,-0.3956013759951401,-0.47169625708158225
2025-01-08,0.11678681016850802,0.0027524584011171145,0.24325062250552573,-0.2612592270680598
2025-01-10,-1.2814243859781227,-1.140470940303597,-1.4510583524601808,-1.513744684467006
2025-01-13,-0.017444220436432817,-0.3790270479038935,0.5769967054981749,0.14980748682896736
2025-01-14,0.18589814547851238,-0.012193646777139577,0.5831986362820655,1.0987354827197984
2025-01-15,1.3836788112409468,1.5377986290609604,1.383157394858645,1.224573687835828
2025-01-16,-0.12585497425319447,-0.43651011572201925,-0.07837250278223759,0.042357070655762115
2025-01-17,0.7822430327078839,1.1538074772539781,0.6437371684409314,0.19701592644424812
2025-01-21,0.7697001877055508,0.4197977314126517,1.1152429809849116,0.9914324468267034
2025-01-22,0.5293041387480337,0.9901269489760562,0.3740241867254883,-0.578844099399638
2025-01-23,0.43232960385043584,0.1397850018736393,0.7917054611964855,0.10646074812484821
2025-01-24,-0.1409706671063553,-0.27851840232311087,-0.13898465478009608,0.06811828791627854
2025-01-27,-1.237361921975352,-2.121278263864771,0.48694298985525825,0.037519891043792
2025-01-28,0.7529588550405091,1.0637802693939418,0.4113328435371893,-0.1849581549006425
2025-01-29,-0.510147519838075,-0.2526552551426104,-0.4147109966851754,-0.4179448138477865
2025-01-30,0.4042227254758935,0.27825843453949317,0.3110909982799244,0.6403466545663021
2025-01-31,-0.47386967179157,-0.12229503818424826,-0.6832412104248183,-0.603927919197058
2025-02-03,-0.6435413255220429,-0.6647251850500794,-0.35013729099897745,-0.9852936436576362
2025-02-04,0.5354577825256324,0.8275798965126979,0.27724512648291816,0.8779200051131988
2025-02-05,0.2378762223082318,0.2566617542393181,0.5417595908712904,0.6181840861078483
2025-02-06,0.2887610063666455,0.3868821176905844,-0.20647361197000358,0.030737961710206527
2025-02-07,-0.8398767322763043,-0.9602678956826994,-0.9819924648801934,-0.8563057059497591
2025-02-10,0.5106199952374214,0.7613111710410944,0.2738434562865376,0.15885548720980686
2025-02-11,0.0639676868023977,-0.185673919440952,0.2527969289384278,0.14728022307883942
2025-02-12,-0.245358662061456,0.06715969567271729,-0.4049567865291968,-0.81456405099921
2025-02-13,0.7827217452887733,0.912648259401686,0.5939215871869117,0.5630067232772155
2025-02-14,0.022470441031359298,0.33072953030696806,-0.27628444275926484,0.034211452109911444
2025-02-18,0.1595770763611471,0.095102819772066,-0.06821652116148053,0.2045727325689095
2025-02-19,0.17228268842540898,-0.0031774709211832893,0.12185485234509427,-0.3190659000465972
2025-02-20,-0.2959843290341436,-0.2829770163821971,-0.8412931990132266,-0.5403792378242699
2025-02-21,-1.4884667534169473,-1.5630508285248317,-1.608131814197775,-1.5945479525708715
2025-02-24,-0.45378356065457537,-0.9639671495637849,-0.03827514536676708,-0.43286075114850536
2025-02-25,-0.37129017316393387,-0.8905420013823576,0.38532800390510186,0.10791361988743328
2025-02-26,0.03842221988168477,0.15824018886018834,-0.33657685013385297,-0.1266581586218084
2025-02-27,-1.4424598463978688,-2.086491080878655,-0.5394147984288964,-0.7413664544708476
2025-02-28,1.268807086801864,1.0715311489434869,1.25261131460481,0.5532712981796746
2025-03-03,-1.3968189945267078,-1.5101883587200449,-1.2370004055118093,-1.3658304271618882
2025-03-04,-1.0662374799029166,-0.3156989401287056,-1.477208643499023,-1.1503691697566873
2025-03-05,0.656938397537105,0.6764985419697735,0.7630980772771192,0.3865758645314914
2025-03-06,-1.385500411581479,-1.8619887924581842,-0.7598942821463299,-0.5951069839463601
2025-03-07,0.3552495337248328,0.4260299349282838,0.3714809244001532,0.1056641264180545
2025-03-10,-2.230827334795434,-2.8018559713945406,-1.8502857752445425,-1.7003517803425603
2025-03-11,-0.8258650765841297,-0.32876666340548255,-1.1602790357230328,-0.307254281063715
2025-03-12,0.22198045837100933,0.5429631730663367,-0.389649856760671,-0.07046054569192392
2025-03-13,-1.1599263429209812,-1.3351762285379227,-1.2229888102416453,-0.8878874927135131
2025-03-14,1.590344451163106,1.5678184017333285,1.345301015472151,1.446021961366452
2025-03-17,0.7081702125970342,0.5157499728572694,0.8509750651294679,0.8314361641357362
2025-03-18,-0.828999607948118,-1.1261138096879404,-0.474354915009331,-0.29573455162066264
2025-03-19,0.7980075709991806,0.8443641363066976,0.7272881234367798,0.7388637277136128
2025-03-20,-0.24112409007828728,-0.24663566065536732,-0.007878609425264416,-0.2846619578227258
2025-03-21,0.00757213891545616,0.21717927452755365,0.060609045711530043,-0.53229831873032
2025-03-24,1.4124658787922708,1.4837996675782519,1.2191808474607928,1.3357037369518172
2025-03-25,0.2407639479544808,0.473736681566604,0.08190188983548356,-0.40136638366135324
2025-03-26,-0.9754636718105116,-1.286635587121656,-0.2792288580357284,-0.3328147212516205
2025-03-27,-0.24486478706296413,-0.41876867042747057,-0.3106025291976608,-0.13355704700629156
2025-03-28,-1.7744077582571653,-1.9749839890712604,-1.6086664931783767,-1.4364832299632282
2025-03-31,0.415693288700569,-0.16777369637543876,0.7319276896143766,-0.23097202540460082
2025-04-01,0.3427791319437883,0.6219546955344707,0.12539115836366074,0.08718165723593124
2025-04-02,0.4606869619462857,0.45934258736115646,0.43265628857926275,0.7610036930004354
2025-04-03,-4.111825625117604,-3.810318183371377,-3.5255867937733694,-4.420669447225891
2025-04-04,-5.184328913398694,-4.778932602574775,-5.251751936018763,-3.0897727854512613
2025-04-07,-0.7659569070326672,-0.4550824164376503,-1.4527239605217912,-1.387438965005819
2025-04-08,-1.4182666948388658,-1.4785449085788307,-0.8852776555237438,-1.5730850394833704
2025-04-09,8.127700188429973,7.856482810807496,6.644565642052161,4.764077362814578
2025-04-10,-3.0537231624839527,-2.4185953860690628,-1.5648741531996762,-2.249303380395755
2025-04-11,1.3858301942917262,1.2588933996376197,1.3032056676433432,0.3389841823765875
2025-04-14,0.7335981182594196,0.4773610938317954,0.6799695677016672,0.7613885034395511
2025-04-15,-0.16281298493400523,0.1518799910055495,-0.2643775982479494,0.21189677046227265
2025-04-16,-1.916361772157798,-2.216937779229615,-1.6187151548945296,-0.3380682550970586
2025-04-17,-0.10764353113103958,-0.2232528836188275,-1.3885125926811954,0.5045498530314657
2025-04-21,-2.186554890010056,-2.0067290239599536,-2.484790291643732,-1.1610856986239424
2025-04-22,1.9301717528173237,1.5573631946559414,2.090768263753712,1.5851471428923118
2025-04-23,1.4422681431076916,1.7206571907010395,1.1828060514109084,0.9418400247064229
2025-04-24,1.7245893863874981,1.9986203712386137,1.0998003321698566,0.9909975250298779
2025-04-25,0.6575065417448448,0.8691787424983184,0.11483760481396747,-0.07599492218573785
2025-04-28,0.07064467881504773,0.013200687525151654,0.2659180999357479,0.2820684382144652
2025-04-29,0.5454084724015625,0.48870997088020607,0.705736791051703,0.2996633054230557
2025-04-30,0.04517706013513393,0.012862141948108467,0.342051167102824,-0.4794332206013983
2025-05-01,0.5988389481299295,0.930978150017665,0.22647471192569074,0.32687585060940155
2025-05-02,1.136397067398699,0.9897574572425889,1.1412820674467432,1.3063706996341067
2025-05-05,-0.38402584827838576,-0.3144277569065187,-0.09651549576285653,-0.4302164970520105
2025-05-06,-0.7220958273099262,-0.6866597336645399,-0.8610484788704214,-0.5736069271187348
2025-05-07,0.20101497353938705,0.14137020207278245,0.46198955274373044,0.03773017693767371
2025-05-08,0.6110960610419707,0.7414580844764758,0.6173302436723265,1.1644563054655734
2025-05-09,-0.16397619140004238,-0.06523184657567076,-0.28969817214012344,0.03616170587990558
2025-05-12,2.5520571145322126,2.7015344011433893,2.327595513877004,2.007167498041604
2025-05-13,0.7078187601177011,1.2336951669589302,-0.3424038035256249,0.3613434109968292
2025-05-14,-0.004504504720997865,0.3484514085332416,-0.34742641342541897,-0.7731672609796423
2025-05-15,0.4493946553099588,0.09256021006481441,0.6066126571697315,0.5562709733535964
2025-05-16,0.570919822815016,0.36468945766856303,0.7674306859377774,0.43885810775163203
2025-05-19,0.1282223113728166,0.10121384545649244,0.34056460552176726,-0.2747048069302401
2025-05-20,-0.26177324131352236,-0.22060466240874196,-0.20540735180121852,-0.08801150971473401
2025-05-21,-1.4588107746553156,-1.0334940707849407,-1.7527448218325525,-2.0335723298339414
2025-05-22,-0.1425417460252689,-0.06434922689360091,-0.20740238756950402,-0.2954322926117946
2025-05-23,-0.56424051144316,-0.6681727354048091,-0.5219381686036972,-0.17886854015145798
2025-05-27,1.58409135131467,1.5328475266107813,1.4546150724917406,1.5907779890640206
2025-05-28,-0.3950672546745462,-0.2316522840445095,-0.3988470950868641,-0.6465675861679133
2025-05-29,0.26453836593476665,0.0865448778703026,0.1757486546808252,0.26673130348060314
2025-05-30,-0.09616118205684851,-0.11422784053417884,0.12133792766417875,-0.39115225305139434
2025-06-02,0.47122753673772666,0.5434043874585177,0.101950063355155,-0.06202261339707868
2025-06-03,0.43168699290234036,0.5165824221015269,0.406457962281859,0.9458363531282932
2025-06-04,-0.021986487747960526,0.20325223381045415,-0.17075580086470812,-0.25597828501430586
2025-06-05,-0.46060880770584817,-0.5872616967161822,-0.29324163890340665,-0.0926282872786324
2025-06-06,0.7846383058041253,0.6348293053135557,0.8790522616636698,0.9864055440134931
2025-06-09,0.09181385884882973,0.12511092095776682,0.044708156734598915,0.6161898513193016
2025-06-10,0.38251960017372144,0.40045884962310274,0.13989097720792748,0.5550699274843178
2025-06-11,-0.2719016977862414,-0.2732616621005129,-0.04116758636650758,-0.2759158735770882
2025-06-12,0.318552526776608,0.14717320733839484,0.21755832826206672,-0.18347926927782163
2025-06-13,-0.9141200357288389,-0.8809741854599573,-1.570261279900924,-1.1875009129656535
2025-06-16,0.6344333838301953,0.7977997661576611,0.46972805842345744,0.43916819026458653
2025-06-17,-0.6213893128247582,-0.6483351979715812,-0.5209498606031873,-0.5290403733591035
2025-06-18,-0.09037730152396053,-0.07959121275779084,-0.1687792510116971,0.2676136540962845
2025-06-20,-0.26623037098482394,-0.3571108709035642,0.008173995899717665,-0.15976473039942685
2025-06-23,0.7819076681033302,0.6850691053856168,0.7740259637489249,0.9640413131173051
2025-06-24,0.8882805087231745,1.0681603553789603,1.051937920233275,0.5884067468044888
2025-06-25,0.1016074641042955,0.24535923906142934,-0.132265829481402,-0.6458061985586494
2025-06-26,0.5928520335319611,0.625906765977836,0.768649405983638,0.958872633203738
2025-06-27,0.4413100918287611,0.29044976869181915,0.9403964356721506,0.08267752248093743
2025-06-30,0.44019983678078656,0.5148041041768414,0.6361870976043681,0.05796241729350085
2025-07-01,-0.02875091998774037,-0.5641797192683322,0.8112067164761424,1.3089860302263032
2025-07-02,0.3620452051530372,0.5190846533357798,0.03374340791635303,1.1299458388075945
2025-07-03,0.45187624984298863,0.5251486928656763,0.47682581220382037,0.3927937420582905
2025-07-07,-0.5672909492212639,-0.4976833928283065,-0.7689544738647603,-0.934947059816598
2025-07-08,-0.13238210506411052,-0.04896627677579021,-0.43083428353002284,0.4762324071492031
2025-07-09,0.3976324678293493,0.400847955578063,0.34035170373295887,0.48184625960882566
2025-07-10,0.23323425037742695,-0.10807321858646653,0.3921663284305029,0.6657444951758643
2025-07-11,-0.2831321173041023,-0.14730801534711538,-0.5262479390130951,-0.6670534793788017
2025-07-14,0.07747938974949814,0.15519592269586166,0.07859278440134045,0.09881753722151784
2025-07-15,-0.3503716669767262,0.055354108054454246,-0.8450880522280995,-1.6033768007861735
2025-07-16,0.19628129764726335,-0.019500314189695597,0.3540141461031725,0.32734870720014114
2025-07-17,0.5624523376359322,0.6238269357775559,0.5514412103411457,0.7878434104397205
2025-07-18,-0.09548574812055667,-0.0878666630414685,-0.3011869657004853,-0.4046499027779246
2025-07-21,0.10777866042273188,0.3101439906826131,-0.09325549061183289,-0.06437960758554821
2025-07-22,-0.0091264528328585,-0.3924630227334494,0.3340768171548272,0.9587798017339557
2025-07-23,0.6712301601169285,0.31588047961757953,1.0044822764470775,0.8405632545672427
2025-07-24,0.06045319800551322,0.17704676886668969,-0.5516428011278272,-0.8919096835520195
2025-07-25,0.274777674127033,0.08378084740489326,0.2993058845775016,-0.032758734988404384
2025-07-28,0.08157639097244729,0.28562618761213737,-0.005410851898099284,-0.023598154567024174
2025-07-29,-0.27022130135126365,-0.159222052929091,-0.4515973511211485,-0.5004508907009945
2025-07-30,-0.16608016724033586,0.0306417310620111,-0.40259330928283893,-0.9018978374317034
2025-07-31,-0.32314304423800677,-0.40866784259976013,-0.6736664910780645,-0.7766280511579987
2025-08-01,-1.3769870063552172,-1.4349859859157574,-1.1275824903707399,-1.4358738049190807
2025-08-04,1.1693320948302133,1.172606417723264,1.1086198889530945,1.059788425278582
2025-08-05,-0.3814311302264489,-0.43590075847215787,-0.05475908695798319,0.5506597097695002
2025-08-06,0.5374540494172533,0.8197076072644076,0.095577326053714,-0.008517118902267223
2025-08-07,-0.13148717989783903,0.1718794368419945,-0.5151215779948606,-0.1621432005300539
2025-08-08,0.5753644682205867,0.5914254123162449,0.341797199632632,0.07811700870834125
2025-08-11,-0.11761468461212371,-0.17529212376273015,-0.3468199439514829,-0.04318997922051103
2025-08-12,0.8160883103027798,0.8202617985073626,0.8997044958928571,1.993038065859893
2025-08-13,0.2658308311281918,0.03921285750521597,0.9276560634058166,1.548261034675343
2025-08-14,-0.028984674349242196,-0.052323826891896345,-0.012229891020494911,-0.6616494100527093
2025-08-15,-0.2518553168659562,-0.36400432846343544,0.0048250673062098515,-0.531862729246364
2025-08-18,0.0061493881876297715,-0.014237351939342405,-0.02112081780008139,0.1808014291656376
2025-08-19,-0.5113551220450249,-1.0066892438827693,-0.039120585073076704,-0.08692451971184913
2025-08-20,-0.22110720058880687,-0.4310299453299075,0.05089698146374541,-0.2824690167641515
2025-08-21,-0.3612361103938868,-0.3748012222626258,-0.31567511954276684,-0.0484062007346677
2025-08-22,1.1481071213842262,0.9792551859397746,1.550878915762023,2.7065070943839924
2025-08-25,-0.3502194456113166,-0.15209648020447164,-0.6011130627530329,-0.38869040656760534
2025-08-26,0.178622828607315,0.13561618007600967,0.07262466428302924,0.24187759188926644
2025-08-27,0.1970642775973058,0.10599552210583357,0.3071018600215508,0.5940997590346229
2025-08-28,0.26813472211524336,0.4196276828998931,0.13447378220455503,-0.16228418020681207
2025-08-29,-0.5120412923371322,-0.8377389543303743,-0.19996251832268622,-0.028276238010966043
2025-09-02,-0.6313632985313632,-0.6075510859333325,-0.4857375452568883,-0.37834117311507476
2025-09-03,0.331221971205201,0.42751149028124613,-0.14834547354768518,-0.12898011361298217
2025-09-04,0.627295789708219,0.5690790526968081,0.6132047705732113,0.8035744732061488
2025-09-05,-0.17554789874969093,0.15466259955610795,-0.3431207130691844,0.36886541452485017
2025-09-08,0.06594036548914424,0.2279098281170342,0.08103228850349277,-0.0987424895225073
2025-09-09,0.16630949465487865,0.17703863838486314,0.37035185285117594,-0.4386055800077639
2025-09-10,0.2696962116072937,0.06018943582142235,-0.36365473882479205,-0.029799851128417203
2025-09-11,0.6090779012171418,0.34591625529867853,1.0863277233434916,0.9588888082025462
2025-09-12,0.11603279356568856,0.4128046992792801,-0.33261800203111425,-0.560576466969801
2025-09-15,0.31271717319849535,0.48730455663115535,-0.05001976600100923,0.1077761034542573
2025-09-16,-0.10547220241871383,-0.05744101753674183,-0.23092238945914528,-0.14032438540154862
2025-09-17,-0.13103829720334062,-0.17524258366802725,0.46339358281935394,0.007123118267015998
2025-09-18,0.40671401305220894,0.6500693266390515,0.30715896430310585,1.478298082835813
2025-09-19,0.23562740836375468,0.36954548945164534,0.1792022754986905,-0.8253907485385604
2025-09-22,0.41856771374071544,0.42908027268294574,0.162182312958065,0.23571851558467677
2025-09-23,-0.4429690170596082,-0.45129180500629423,-0.16291956933062368,-0.0835448302208521
2025-09-24,-0.29410491599911615,-0.2824487018848937,-0.3415749966629768,-0.2009137121019095
2025-09-25,-0.4756649226426077,-0.39476379378556603,-0.4256761959825177,-0.7239357438098898
2025-09-26,0.4230100929636366,0.22810223171601166,0.532512486159592,0.5433313987053655
2025-09-29,0.24335689753666678,0.3431444493197737,0.1720573303490079,-0.009019134643281301
2025-09-30,0.28051130877965746,0.1658035251743622,0.13215491852055328,0.05837949735319008
2025-10-01,0.279572095848233,0.3343179491243909,0.08848975209286361,0.26588350511780107
2025-10-02,0.07698105176941619,0.26132595872066894,0.13140927845014602,0.1702625366039301
2025-10-03,-0.027400283655650927,-0.31601670979602786,0.4347442685284819,0.516131970672417
2025-10-06,0.27805668340276296,0.5288269374852012,-0.0936211270968083,0.14955285071160432
2025-10-07,-0.4076120204673682,-0.46191738166647034,-0.28849903328252713,-0.827333036580265
2025-10-08,0.504408384404159,0.7921362704370618,0.02745743717633395,0.49811047431524047
2025-10-09,-0.3118646455581244,-0.14700221824249396,-0.5365891024280492,-0.5821132074363058
2025-10-10,-2.263270923423271,-2.505690955185875,-1.7166324520596956,-2.040050625187858
2025-10-13,1.1219769532647852,1.3152604084412505,1.010568288514304,1.2768144725622625
2025-10-14,-0.12519716953553015,-0.48098303144752785,0.39706142363377733,1.328148252608212
2025-10-15,0.30668241687136744,0.4808612868019204,-0.05190356692324792,0.5019108194950022
2025-10-16,-0.6812077471316703,-0.3772474607532335,-0.7076375170384692,-1.5260414339295012
2025-10-17,0.4463064358698709,0.4098853107234679,0.4318475281216162,-0.15876709507365772
2025-10-20,0.882817748270742,0.9181862667005359,1.035944923258827,1.3261782037608187
2025-10-21,0.01902368501883942,0.033060848036000824,0.46132531870653976,-0.24169328284860478
2025-10-22,-0.421074191687611,-0.6555207061489969,-0.5943111200381372,-0.6140953354066815
2025-10-23,0.3883348627894558,0.49933481961963144,0.16814543069126509,0.46195309366714826
2025-10-24,0.6597493639321635,0.7134079521758113,0.8819288790676332,0.8335331798386323
2025-10-27,0.9884394603605321,1.2754603954151804,0.6892076102784335,-0.02309049048601118
2025-10-28,0.23107411648956258,0.5673607634889154,0.3144646917018231,-0.3739078891348413
2025-10-29,0.07890548333011417,0.3666472155994323,-0.07682225265292807,-0.8610579365387552
2025-10-30,-0.9261102437651659,-1.0816707447700105,-0.22507253798397986,-0.5469181302662744
2025-10-31,0.24803738461445823,0.3267578921418287,0.09817328857498409,0.10732443492456337
2025-11-03,0.05235716643287336,0.25006462002833857,-0.5071008328847332,-0.04694682485166604
2025-11-04,-1.0420159320245332,-1.502489519768171,-0.55957698386463,-0.9294556968825173
2025-11-05,0.3064949401518813,0.43605774873039305,0.45901575138784056,0.7935549910845199
2025-11-06,-0.9481661928732141,-1.369081240148456,-0.7800332602061938,-0.913534387778938
2025-11-07,-0.003412693818021978,-0.30482057029475934,0.052498322792323304,0.37143662647176184
2025-11-10,1.2418825355298577,1.4772225063513973,0.7034674805983604,0.5153504210359903
2025-11-11,0.2113061525789482,-0.17438246728507248,1.042168006175129,0.2833088243168485
2025-11-12,0.1921451945687811,0.09476191416560249,0.79500884486822,0.04172819744473784
2025-11-13,-1.3852017544224775,-1.4271080968792478,-1.437744541324912,-1.293472313211907
2025-11-14,-0.2095883560906557,-0.12861116682438098,-0.7846570316976944,-0.11965874165544918
2025-11-17,-0.8553259988030997,-0.7225371032714771,-1.1493973603749918,-1.4651398547221381
2025-11-18,-0.727412104748517,-0.9471868364238769,-1.0057048867363867,0.25255917179921417
2025-11-19,0.1852577727861759,0.27882988666467823,-0.04643196237206035,-0.25667271058943625
2025-11-20,-1.245523075559604,-1.7120564767098518,-0.7354532503766164,-0.8596076773142097
2025-11-21,0.7697471557400107,0.46992028975809047,0.9154913584781378,1.8524586392203366
2025-11-24,1.142470794520702,1.7246464927320375,0.3749790631441553,0.840469333501774
2025-11-25,0.6847900993379266,0.36221362959927017,1.1373506542147385,1.5429333095011433
2025-11-26,0.6655748607022891,0.7405061218784937,0.7354936035692223,0.6530280868106988
2025-11-28,0.40114605723230856,0.5435934194801589,0.5021264715393343,0.22640954182922457
2025-12-01,-0.3661924327045033,-0.2110139212249366,-0.7576217495923376,-0.4337734405811287
2025-12-02,0.025257209375429163,0.43238931249070467,0.19575712927070726,-0.39465132952393367
2025-12-03,0.3110141937889038,0.18056024965119144,0.8042110705259221,1.2578881460108944
2025-12-04,0.018246186374430165,-0.042783010423226735,-0.04694477583246217,0.131220887252181
2025-12-05,0.0565703006763663,0.20415430094737397,0.09065925429524653,-0.13682515561595082
2025-12-08,-0.2441177038277434,-0.14716203749134757,-0.380875581792058,-0.08555936398526011
2025-12-09,-0.16251140642152073,0.009260463365614209,-0.4198174462523026,0.13543064100741578
2025-12-10,0.4467936302388529,0.19408955664093724,0.8141954999500807,1.2341859958262804
2025-12-11,0.22024804838950357,-0.18650033616249267,1.2375928438829622,0.7223585158461783
2025-12-12,-0.8299025972510226,-1.274894604175523,-0.33087750473344557,-0.6492479918315304
2025-12-15,-0.2378377387749737,-0.4429809856605253,-0.17454186633013707,-0.422721325671907
2025-12-16,-0.25842231255326126,0.0771079012464556,-0.5734992718503179,-0.4710481420556467
2025-12-17,-0.991282558035247,-1.40362760197405,-0.5189295970060692,-0.35869116710634447
2025-12-18,0.5728840593803504,0.9561049998751037,0.10714545219645366,0.2642428326769635
2025-12-19,0.6426304477366871,0.806033969033221,0.2361985685700404,-0.03191262146943159
2025-12-22,0.5489178258787433,0.37313184031288915,0.45235454862982505,0.48422082788891924
2025-12-23,0.42276888670857843,0.37593179510808794,0.20541027083728822,-0.3697210368070139
2025-12-24,0.32087097170074497,0.21462276234649882,0.5473536399362042,0.17512079851817558
2025-12-26,0.0536861360508932,0.05091517931151024,0.052479330147807604,-0.19561103563923904
2025-12-29,-0.3336282439724096,-0.37131003024338904,-0.48427741084987297,-0.36444738836736035
2025-12-30,-0.16196989251447894,-0.23046956305286143,-0.23812928862670213,-0.4341052376577666
2025-12-31,-0.6143768626068342,-0.6137612363765028,-0.5580763007186065,-0.5336287536347056
2026-01-02,0.08283563585373112,-0.21256687734314877,0.514783703241485,0.5330255445578912
2026-01-05,0.5481828424855624,0.5607296525659431,1.1151373075592752,0.8774296940484241
2026-01-06,0.4864115054552664,0.6386444749134228,0.9128568405843434,1.0055770945180726
2026-01-07,-0.3196299246629619,0.07148633666157045,-0.8392107866800267,-0.2387657889662328
2026-01-08,-0.2044027042070797,-0.5544501187709965,0.2574033996127386,0.7714937303362134
2026-01-09,0.5637068341390497,0.7095062085631662,0.4885825535360302,0.5019550553182319
2026-01-12,0.0681897461234488,0.0065441718244324265,0.10016506974815835,0.14531482405707183
2026-01-13,-0.17711824174274765,-0.1068781556706724,-0.7062455523973019,0.07339138306298229
2026-01-14,-0.5264491371249007,-0.8720539052500418,-0.22649288524796252,0.540256326771104
2026-01-15,0.19835653880012274,0.20358537967337265,0.51558518475894,0.652880223202571
2026-01-16,-0.11569766533029295,-0.10460764726136837,-0.1652208882261608,-0.011492068354886212
2026-01-20,-1.7605215662847322,-1.5617694630686805,-1.638621880829875,-0.9380543593640884
2026-01-21,0.7290401596339736,0.7296248509214409,0.8421947640424142,1.4680793979863591
2026-01-22,0.39684278069280554,0.49069093535589453,0.5616952930914931,0.5768216495483274
2026-01-23,0.002808768187116582,0.21798131699659967,-0.5140222905178661,-1.1265280516003826
2026-01-26,0.3616261277277288,0.2495044462089442,0.4795672535319656,-0.3436342269036355
2026-01-27,0.44932757600001183,0.7263117045681685,-0.5737683166046318,0.3127818362248286
2026-01-28,-0.14881573671157322,0.10553141705199923,-0.1628498044939495,-0.5101333042084607
2026-01-29,-0.09961874395742239,-0.40047526101008424,0.16831370512664223,0.520507791688443
2026-01-30,-0.2859712372421526,-0.8594531481612482,-0.33511734924162273,-0.6886534977963531
2026-02-02,0.3871701269276402,0.4260728728386473,0.8880595469327757,0.6310421177560165
2026-02-03,-0.6192727189177267,-1.0303749402437388,-0.17881162499996506,0.6251519213256167
2026-02-04,-0.5464560749089293,-1.324323339225019,0.3316800486844601,-0.0088140577941382
2026-02-05,-1.0051298029396767,-1.0186998521489914,-0.9908840046847426,-0.9604449507798151
2026-02-06,1.3725347968793247,1.2686881543401378,1.9415188271972132,1.6412564251553974
2026-02-09,0.527345201580423,0.6747921813171563,0.24899867287937077,0.40770839312581175
2026-02-10,-0.32073685782847916,-0.3751006585356605,-0.026162701073492278,-0.16752116612239143
2026-02-11,-0.00824017549590441,0.18964287501606242,-0.08382391689100249,-0.07308349175745883
2026-02-12,-1.3505225729022345,-1.5025574971141418,-1.2519179737902988,-1.1852878505028341
2026-02-13,-0.05695142097880587,0.02491959054756976,-0.033889310146664464,0.8138274459977463
2026-02-17,0.04088635727609757,-0.16286813652872142,-0.010868459924259277,-0.09201811678362894
2026-02-18,0.38041370984127665,0.48164530223158675,0.2010785413310544,0.029440726043946763
2026-02-19,-0.2028561037286975,-0.27048397531599466,-0.4564437817023943,0.1621903311265204
