date,SPY,QQQ,DIA,IWN
2002-01-07,-0.7179223770277557,-1.1073908962126697,-0.61172788076093,-1.0816685696064423
2002-01-08,-0.3132994989437774,0.5766421593905016,-0.5320238753330774,0.6960735753895775
2002-01-09,-0.9827826260823299,-1.0935184371886775,-0.6806172688577233,-0.489166861589857
2002-01-10,0.3467677939862839,0.5413145017266372,-0.32686909019267,0.052840690556378786
2002-01-11,-1.069101319197066,-1.408588170436949,-0.8871940389200557,-1.079635385392532
2002-01-14,-0.7405828869163488,-2.3485880967388653,-1.0626248766257398,-1.5832454588067808
2002-01-15,0.7575270604659722,0.8338693311262163,0.25391419178286156,1.0658156419890024
2002-01-16,-2.1201870674847294,-4.089055472493893,-2.217456863533693,-1.5615734495650193
2002-01-17,0.6169892408661262,2.031366842020389,1.2431233531309074,1.5756274509770418
2002-01-18,-0.5115825517507339,-2.814411463981582,-0.7428043313089894,-1.6092991164494044
2002-01-22,-0.6832539581063715,-3.146141268189574,-0.6481098768953636,-0.4151454807151155
2002-01-23,0.7250767516543543,2.579198894559957,0.13173703956257132,0.7727866617137322
2002-01-24,0.17389284792957518,1.1323187578282279,0.575829990881742,0.5915840726067119
2002-01-25,-0.09941856249533962,-0.34175990651344423,0.4214931867330673,0.10588322925452287
2002-01-28,0.24227233473088366,0.543640316277522,0.2618094319065996,0.8412382196833099
2002-01-29,-3.27200098038624,-2.861958027863339,-2.5879435397647943,-1.273354868718527
2002-01-30,1.1546418065072919,0.5106585986603298,1.2733813712440347,1.0448524139253985
2002-01-31,1.2441893920214473,0.6432096982331076,1.7096233317850438,0.2206497117534716
2002-02-01,-0.3976634629047465,-0.9300326576440378,-0.0413053008232144,0.35143218192909087
2002-02-04,-2.612343154262826,-3.337222532116037,-2.316495204395883,-1.908969492097516
2002-02-05,-0.8059831267866282,-1.8689138249902275,-0.18225311233486813,-0.09768496144366587
2002-02-06,-0.4664241629624073,-0.782727902139312,-0.3138768850183829,-0.9420484746935309
2002-02-07,-0.6883422118318093,-2.5353905605862006,-0.32952254762047806,-0.7737844201725775
2002-02-08,1.8726562350584077,2.677986464484641,1.2068840627957396,1.703634897419319
2002-02-11,1.1909088311641656,1.1791860449993983,1.4235401259919074,0.7381959818699033
2002-02-12,-0.2869617122429177,-0.8211279609192751,-0.17340980728003114,0.12338949125027115
2002-02-13,0.9769788322440697,1.609489391630053,1.1970788534828012,0.47020968500867627
2002-02-14,-0.18782931912978704,-0.22241747095638292,0.16676429734632914,-0.27069149189687614
2002-02-15,-1.1178703736124815,-3.081247742398752,-1.0384696415141061,-0.16432040399869857
2002-02-19,-2.0172680857752425,-3.2338361488519687,-1.6938912550415157,-1.4723924039103296
2002-02-20,1.5488109183859742,1.1524687052848017,1.8944189621096736,1.7050407119566973
2002-02-21,-2.0224572269029193,-4.86512680327627,-0.9547564730842083,-1.8445939585231668
2002-02-22,1.202177645507987,0.45692622500991825,1.3169079521428695,1.7229908859386405
2002-02-25,1.6643683574535366,3.9194329628232016,1.8373371455419132,0.6033422723283499
2002-02-26,-0.22626088060085214,-0.39507437703767023,-0.263992337314081,0.4013212186532264
2002-02-27,0.2727741851661992,-1.4514042363741397,0.008009612984942724,0.4110596971841546
2002-02-28,-0.4350174066302534,-1.8812758771229638,-0.22193799949319604,-0.7765627151288779
2002-03-01,2.285519950848632,5.540004725011749,2.550715209716181,1.9600559487995737
2002-03-04,1.7078214720078455,3.830068133189471,2.144531092231171,1.3299867892895045
2002-03-05,-0.3406471253580012,0.7962651567479153,-1.4307526315653156,-0.04367021961782428
2002-03-06,0.9644339614488844,0.31560174506193395,1.0937953134226313,1.462474168429295
2002-03-07,-0.17737970083488924,0.17633498362910804,-0.40796779838821967,0.40613920674089643
2002-03-08,0.3022384386101503,2.4574915701509035,0.3382689160337099,0.26759081424678594
2002-03-11,0.1365150422578344,-0.48025031906858445,0.30803612363738964,0.06399733640175018
2002-03-12,-0.12387652817225811,-1.3990001758341464,0.1810467851051771,-0.03244182841096306
2002-03-13,-0.9810054876193037,-2.506257880133845,-1.2368276123345254,-0.5833992647803764
2002-03-14,-0.23509895304357828,-0.7484769785321832,0.03244925799855486,0.4445954800961599
2002-03-15,0.8973733864995921,0.8749746704408409,0.8413361080154025,0.23394528504256315
2002-03-18,0.023142644961139085,0.5279457786263962,-0.25791242066577375,0.5075495330147042
2002-03-19,0.5359291192441673,-0.29410626589808986,0.42533718739357446,0.5676262166778785
2002-03-20,-1.8963010932722462,-3.6442758549430905,-1.2645198676536376,-0.9336231893287574
2002-03-21,-0.056190729254649394,2.487614039164088,-0.29192877827636576,0.9599890853710521
2002-03-22,-0.4123693940212857,-1.1266111394437714,-0.612261259007439,-0.7919408564253873
2002-03-25,-1.2975816442252464,-3.1632155070544705,-1.4780476534470368,-1.057751824585743
2002-03-26,0.4820558192702344,0.7603398502301079,0.5785387278609834,0.9423935074206373
2002-03-27,0.21340469044099986,-0.9014476828449122,0.7106449951119146,1.3842113382880126
2002-03-28,-0.04344654620818704,1.2312509448048978,-0.1990345171167953,-0.880405723456435
2002-04-01,-0.05652849032974372,1.777714000183109,-0.46998893769603967,0.21683014754893365
2002-04-02,-0.7404976178462219,-4.781578062768448,-0.6269646293122482,-0.4719281153138598
2002-04-03,-0.5994573771435676,-0.18622018388929468,-1.1240832025966914,-0.3880517532164952
2002-04-04,-0.6210461063213668,-1.0248189588673422,0.22235351194814498,-0.14600920062696857
2002-04-05,-0.02401589791994256,-1.1994487805270264,0.3715157462956277,0.5605176825169279
2002-04-08,0.20418996018868105,1.2145888445233317,-0.20726165670641702,1.2100303002498778
2002-04-09,-0.8401560143563623,-3.6990500234259587,-0.5055669483339054,0.3308981266213683
2002-04-10,1.1374758164999206,0.6849670793376715,1.6701941815319594,1.8121984566344551
2002-04-11,-2.4639296252074963,-2.545527337915931,-1.8913388654786645,-1.2361307831777792
2002-04-12,0.5376884977128596,1.3788994612102505,-0.030427119879817055,2.0651260855517664
2002-04-15,-0.8760019751422956,0.6610085744240111,-1.0308835028442072,-0.5705068338608675
2002-04-16,2.181920871906725,3.9074781332455477,1.892820724642099,1.6096712963321247
2002-04-17,-0.20981159790709653,-0.5166066631556465,-0.7408303838495429,-0.5430202983207915
2002-04-18,-0.5428092546426974,-2.0314306874197685,-0.29828399021455887,-0.5741835882457775
2002-04-19,0.3369669325579223,0.22598456007528223,0.4872315191755786,-0.14301096433380223
2002-04-22,-1.707414112513504,-2.631258814509681,-1.1800801029719474,-1.0364501245774245
2002-04-23,-0.5650976030114405,-1.8762264637898358,-0.573058472977935,0.07529084846540363
2002-04-24,-1.0626353696496704,-1.6685340731731486,-0.6260546201474535,-0.744715351648084
2002-04-25,-0.02552181057149948,-0.3798531516565936,-0.0007414962722464974,0.7730793914521046
2002-04-26,-1.987995384256037,-4.4501949278674715,-1.2878856382213353,-1.5779095443086801
2002-04-29,-0.5416357361148509,0.15662819454719606,-0.9673629279731002,0.22040645034141276
2002-04-30,0.7604599692503696,1.725238386476361,1.1477146743193067,1.6622283233880706
2002-05-01,1.1804265137357517,-0.5944802818745526,1.1603439744391415,0.6622403789784794
2002-05-02,-0.2892674744797556,-3.326551443967608,0.3847049245051274,1.2055878694296553
2002-05-03,-1.0629680789945408,-2.603287275802644,-0.8190418493625768,-0.4255124628103016
2002-05-06,-2.036989218404747,-2.759750456539097,-2.0488595207287896,-1.4766283464693335
2002-05-07,-0.5227368594927908,-1.1572673579376325,0.13510621941886322,-0.7231693877328523
2002-05-08,3.634876267063683,10.088049428168423,3.0919008096408174,1.6337617037982761
2002-05-09,-1.2647101434568864,-2.6566246858866993,-1.019972994795273,-1.7801055976954283
2002-05-10,-1.9422642890315125,-4.588117678825322,-1.1234717878457379,-1.9770685741381357
2002-05-13,1.9219821596789903,3.8769574489936334,1.6788777927318221,1.183825768407942
2002-05-14,2.1215951319705617,5.644081866930753,1.8836699926078937,2.338764288122496
2002-05-15,-0.5012310737216785,0.6905239003779867,-0.5810639096727875,0.10549637535599779
2002-05-16,0.36301928576726417,0.062476525600993205,0.29702050694747184,-1.3790834590125944
2002-05-17,0.505232580818409,0.19320639951852608,0.6336027153991443,0.34593007664368985
2002-05-20,-1.1352146097721578,-2.273517794400643,-1.2244377258601213,-1.4178034195547107
2002-05-21,-1.0149264597993548,-2.9001165341113553,-1.3302245944025795,-1.277666887475103
2002-05-22,0.1480479980485081,0.06679290796582099,0.4224991537245143,-0.532479108687459
2002-05-23,1.0306039608296877,1.8854321351658476,0.5861122917465065,1.5150376167788178
2002-05-24,-1.382457304393791,-2.5910487151445016,-1.1729371664969268,-1.2396084705274382
2002-05-28,-0.6281990485021823,-0.564204684790063,-1.315777820279482,-0.30093954423341895
2002-05-29,-0.8994053738164824,-2.879635785727055,-0.7399412479322938,-1.0608398735120501
2002-05-30,-0.3006101302969702,0.7519309664846126,-0.14465238695347554,0.11692027015889327
2002-05-31,-0.2099152869508579,-1.8147295893094648,0.06486097966808299,-0.010134732431324053
2002-06-03,-2.411768769462303,-3.617899385563571,-2.1934544440182413,-2.494666450920588
2002-06-04,0.09271467557488358,1.103044243579689,-0.37710273541666767,-0.2534716937303704
2002-06-05,0.8071517478344317,0.8471989735179798,1.0342828682663403,0.203158232645076
2002-06-06,-2.0518608001670766,-2.6838720785517927,-1.7438372633088908,-1.9097430926898165
2002-06-07,-0.28635318362413964,-2.188359254323097,-0.5230418268059555,1.3070575913334035
2002-06-10,0.3340369521324082,-0.30025230354120436,0.5291047616928082,-0.611635656515894
2002-06-11,-1.6938216581976817,-2.900096819152642,-1.2876664088067373,-0.6301959234637509
2002-06-12,0.45753047229504706,1.290412236468086,0.9227107844320808,0.11478306219277806
2002-06-13,-1.026943494303576,-0.7043771075854128,-1.1490875555823776,-1.4863571219246243
2002-06-14,-0.30284285608353645,-0.3448656420510937,-0.4507250622194966,0.4804004787640629
2002-06-17,2.5334530462933045,3.2077876350064227,2.1378413719926095,2.505776589011637
2002-06-18,0.8683955667348875,1.5962895363106324,0.26659838394335683,0.2270326602686668
2002-06-19,-2.4344163952259708,-6.046085591773543,-1.5948106586038704,-1.8904882145501558
2002-06-20,-1.3290285413319984,-3.364059654158052,-1.4272420692079442,0.21949066018263214
2002-06-21,-1.6803341680329924,-2.6513052610329546,-1.995010238064399,0.4099723545724916
2002-06-24,0.35101147146548906,1.6950636418846288,0.13927463746279306,-0.4656025745781176
2002-06-25,-2.326097670612378,-3.488917919257964,-1.6994328214764254,-1.1606377152924172
2002-06-26,-0.005450278618930188,-0.18881840716783843,-0.22045657076442404,0.2911018510776065
2002-06-27,1.6745764935401115,2.8256114089931677,1.596008241952017,0.8041874478642649
2002-06-28,-0.4657410597503196,-0.4486352445988363,-0.2458943506620101,0.28460666589532174
2002-07-01,-2.089615889505214,-4.999515194199229,-1.556498090734626,-1.9157028256511477
2002-07-02,-2.1838399370633814,-3.7821952136458,-1.1781359587750606,-3.1827416000903344
2002-07-03,0.508302454930109,3.1553243398050292,0.51496652859633,-1.3116008077549668
2002-07-05,3.7707053948186404,6.11577058034927,3.476552796060425,-0.171258993912105
2002-07-08,-1.149108013810937,-3.5683077447167886,-0.9893682672058188,1.4637272006867592
2002-07-09,-2.7107029701318752,-2.9809345141876658,-2.139083240759815,-1.2276630914488451
2002-07-10,-3.8762530024291473,-3.372147331324348,-3.270187713113358,-2.2123732751882677
2002-07-11,0.5120940671497415,3.4073020111247256,-0.36005578995883736,-1.102728541317744
2002-07-12,-1.2428926278387953,-0.15132614614859688,-1.4298337149890705,-1.1801484919688978
2002-07-15,0.30803386900505436,2.876611990959378,-0.7300409503815561,-0.993227258470799
2002-07-16,-2.125575005254417,-1.6762433077910883,-2.1019913842510096,-1.4064839243840423
2002-07-17,-0.04363561124897716,1.5930487162015754,0.5935586380533296,0.4656711845854352
2002-07-18,-3.378638866528602,-3.738980701728896,-1.5578446688859395,-3.0113360778736835
2002-07-19,-3.735932684188441,-3.1207736089687175,-4.825340688949934,-2.5387577333524436
2002-07-22,-3.4253874409517104,-2.870983372572888,-3.383341292402741,-2.4477926479400574
2002-07-23,-3.0526554235722605,-4.707180655195619,-1.2848301175290242,-4.976352691773434
2002-07-24,5.77637244977433,5.248712037703853,6.206431850463394,4.562933752211971
2002-07-25,-0.5387445248595957,-5.698482565197874,0.32525307917679697,-0.34166069320394166
2002-07-26,1.9940390102561256,1.9472869529696752,0.9718475577231742,2.0229567021261037
2002-07-29,4.743249313022883,4.856070255862204,5.262892460919725,4.3294750734764555
2002-07-30,1.5608171964719373,2.181752818707297,-0.06019046891615881,0.07767493956008514
2002-07-31,0.24744595678810588,-1.987693794854284,0.46560067381370485,-2.183628463828117
2002-08-01,-2.657635822674424,-4.818064364728608,-2.612209721494255,-0.7533154401168931
2002-08-02,-2.5010828303029746,-2.3964789475457593,-2.533379090032489,-3.451691821121241
2002-08-05,-3.7118712620303422,-3.963058111509401,-3.4340901036225118,-2.0431512029484047
2002-08-06,2.992120176508931,4.512211724142497,2.5576635762230335,3.0231394339799054
2002-08-07,1.7959691242989966,1.3216360023011549,2.303931875245801,1.3247870957923567
2002-08-08,3.2925518094129997,3.4124277131125944,3.079200562615301,1.4918994427740004
2002-08-09,0.4980150111193806,-0.9132298442644043,0.5167115480974149,-0.13278202328045252
2002-08-12,-0.7428855253376045,0.2798255292735287,-0.6850324265353109,-0.5190331353688291
2002-08-13,-2.050310566153392,-3.6578969546206292,-2.5266769917235905,-2.9155864793607904
2002-08-14,3.4982733433485866,6.0073781858991415,2.852507081123109,2.618988756010056
2002-08-15,1.398712113202642,1.9650697375157093,0.9393031580216945,0.2772515214704568
2002-08-16,-0.3283362129273083,0.686662053323079,-0.5163602327444475,0.9453132761065612
2002-08-19,2.1287285621172685,2.231317766167102,2.2410004039165234,0.4828116144812882
2002-08-20,-0.9327613381852561,-0.3568413538225912,-1.1818419837054823,-0.47221601116409073
2002-08-21,1.2180377883578384,2.02266433131052,0.7475995190397616,0.7661864885346965
2002-08-22,0.9384798746059662,1.5096107828401126,1.062118700180034,2.0863105690698225
2002-08-23,-2.2289786052258282,-3.996382405529942,-2.037643408262177,-1.6512409701004438
2002-08-26,0.576031475349104,0.2550275885400661,0.37671090329491064,-0.2178584020851272
2002-08-27,-1.1650026206058446,-3.6385791878752918,-1.0454721458183385,0.891569070270448
2002-08-28,-2.308900371213766,-3.861898265012709,-1.59775306500361,-3.268750629974503
2002-08-29,-0.0077912916114647665,1.1643889086906059,-0.29450084069862753,0.42008655850497284
2002-08-30,-0.5572605934302729,-1.443661234530038,-0.19301141794909094,-0.4485867950192619
2002-09-03,-3.9244320513675657,-3.7470812086598406,-4.2138552975450025,-2.021072081136194
2002-09-05,-1.2304406320519892,-2.865240738157918,-2.0533537567090594,-0.27313934974377824
2002-09-06,1.2621978908553575,2.8047778558157264,1.5949018775669184,2.0237743555165064
2002-09-09,0.7055511668028781,0.8996367563901616,1.1458761804932993,0.7574196846257951
2002-09-10,1.1380115618126376,2.463673306273263,0.9947133493984912,-0.2794864150191354
2002-09-11,-0.657315823192768,-0.8751010115556573,-0.25963697366787203,-0.055253232370592764
2002-09-12,-1.9740463952028644,-2.8534188424113225,-2.465466407854655,-1.8197831369684403
2002-09-13,0.06760895687688542,0.5757046616882867,-0.9983177417107152,0.927192381948398
2002-09-16,0.08822105598429375,-1.6826052413087327,0.6568481038200723,-1.1601998425069557
2002-09-17,-2.227265859286788,-2.1411363221162545,-1.9913892416617276,-0.3609136254572758
2002-09-18,-1.2758560612993424,-1.3841121414568551,-0.6497205066319729,-1.9940638735136904
2002-09-19,-2.672305493549925,-1.6986397963887443,-2.85518532276131,-2.177985292955824
2002-09-20,-0.2782116747686571,0.1398682085670483,0.2723378335304769,-0.759123728342542
2002-09-23,-0.859613598135362,-3.111384713359366,-1.4076853108430678,-2.1866505025808336
2002-09-24,-1.67936586006448,-0.04171762499070862,-2.544256237572297,-1.039450524574752
2002-09-25,2.1217182234392684,3.548564704655427,1.7501786476175867,1.6211664175438973
2002-09-26,1.6440712996961202,-1.2695381201095124,2.020734601547965,2.4912216167554218
2002-09-27,-3.392670308656075,-1.2517715565417094,-3.655424500795767,-2.753721946883421
2002-09-30,-1.5597481728293112,-3.1895356494915523,-1.7880415954311342,-0.785319846067453
2002-10-01,4.589647998970811,5.750134223004616,4.365066762323698,1.9644349984746792
2002-10-02,-2.502796788348031,-3.2594972317349438,-2.067383791645328,-1.2448927862745307
2002-10-03,-1.5846467350182394,-2.6074889146621856,-0.7609989844008264,-1.3890288389098544
2002-10-04,-1.8998211896454258,-1.9978697595423285,-2.4669257500208572,-1.6080297498243852
2002-10-07,-2.313432483542163,-1.1812190575703272,-1.6367570771247861,-3.628397589659412
2002-10-08,1.380474047296849,0.001011258406857174,0.9538439247577847,0.8877852169292305
2002-10-09,-2.8320228746821132,-0.6860123101668204,-2.886230578064093,-5.34158753765966
2002-10-10,2.8953785208724065,4.671324880648508,3.0768768315636637,-0.7813292333845996
2002-10-11,4.381261862505981,5.3762221025643,4.282664520273835,5.362317570388035
2002-10-14,0.6249999924313873,1.2943802950178678,0.44127910651065105,0.27057493547210026
2002-10-15,4.651294386333756,4.657015939638038,4.622226711911022,2.9742424592925163
2002-10-16,-2.200980900917594,-3.1729791465574513,-2.4287056849851005,-1.9113835725032917
2002-10-17,1.7362894779106695,3.126741952088181,2.651315910068809,2.2356935532664144
2002-10-18,0.46614716141129275,1.0970861060905002,0.7408594130678805,0.5499110271801161
2002-10-21,1.6605553423102062,2.000877341437268,2.527923523313836,1.1096098924175242
2002-10-22,-0.6361994093803194,-0.5330370732224919,-0.8889967595270792,-1.3120887513745108
2002-10-23,0.6213617442030277,1.7876720666226784,0.3731935834023865,0.667640133755387
2002-10-24,-2.1585041465166492,-2.670722357594258,-2.161169204412211,0.10773977578959193
2002-10-25,1.8358967858758013,2.4161129692930605,1.2937446515324527,0.8549695143258708
2002-10-28,-0.5989176647230231,-0.5660340508615386,-0.8311281421858048,0.05603924576947861
2002-10-29,-1.3247282524704465,-2.5123785165616335,-0.15024563287436662,-0.7838220532384618
2002-10-30,0.9399702132271499,2.5789148918361033,0.7264669568038542,1.8586370991518268
2002-10-31,-1.128926308497465,-0.14033102035686928,-0.4080774741054962,0.012047481273888808
2002-11-01,1.8185652572044884,2.7044948944663902,1.344725450713374,1.3308042411910859
2002-11-04,0.9587092213256426,2.540958484702062,0.6576384134253781,1.6075046332796241
2002-11-05,0.6734914462770148,0.6671047612229138,1.1471964707452762,-0.36131289384324683
2002-11-06,1.3268072198042755,1.4357787220149199,1.1236660587487501,1.0353526235737398
2002-11-07,-2.5020193105377198,-3.5983169915389848,-2.139821561903908,-0.8656421627184319
2002-11-08,-1.4287939132078333,-2.0599664037018703,-0.7621598209262167,-2.1372692129287265
2002-11-11,-1.604679787054279,-3.182960605395006,-2.101513870882338,-1.9064262825895
2002-11-12,0.6405266614908447,2.3361956470066345,0.1482976973027865,1.181623988234603
2002-11-13,-0.03678614576504047,0.9989179617539115,0.0661209594623823,0.8440818068909287
2002-11-14,1.7591683137537564,3.2902376543751064,1.6204480377371362,0.6530417726859271
2002-11-15,0.7478597925796483,1.3003679200898852,0.47503100719156555,1.2040884385521462
2002-11-18,-1.104380927843461,-1.5524692705345626,-1.1723336105345858,-0.6879061541539784
2002-11-19,-0.25324048170660807,-1.6918678408403252,-0.2612135814619706,-1.3273047010242776
2002-11-20,2.206055213272578,4.092068898913333,1.7337918960949594,2.6595046342695516
2002-11-21,1.776584677701961,3.541995761527693,2.5278636757352175,1.357879159831462
2002-11-22,-0.6781804058808566,0.029337751658493574,-0.35837658619637236,0.9498676790372013
2002-11-25,-0.10221681539253347,0.8844962027934171,0.37281882259691845,0.47071150282777496
2002-11-26,-1.9849828841126782,-3.4801537763800376,-1.9759567333588306,-1.8042811115879944
2002-11-27,2.646352761253214,2.9945022966623336,2.751489103377612,2.6350673570368843
2002-11-29,-0.2557206576693716,-0.670307667480146,-0.24431341773918008,-0.1539792857325945
2002-12-02,0.11033822674980459,0.92994703043378,-0.4727130825717781,-0.009678684242707986
2002-12-03,-1.4723223800642902,-3.1635855270468434,-1.4713365561859877,-0.4841758479303299
2002-12-04,-0.5624328308697584,-2.386041074782946,-0.18042326789686391,-1.624188338008228
2002-12-05,-1.0757600360737063,-1.4696539975822374,-1.277014402038037,-0.630154596693906
2002-12-06,0.48414413369991516,0.827794345221395,0.10787253832647675,0.35721022135448544
2002-12-09,-2.848432369741986,-4.953543238333505,-2.056048849662953,-1.7355839734370555
2002-12-10,1.1954886454921774,1.3342577429927576,1.0570252253348797,1.644047892384312
2002-12-11,0.08822656153395292,0.3957032551475448,0.2224310216980191,-0.15973902513126664
2002-12-12,-0.07011705493614878,0.4688322455867519,-0.6360923258668307,0.9812529366882052
2002-12-13,-1.7454073236187049,-3.3828996443586576,-1.3816018943677955,-1.889979284256663
2002-12-16,2.4924082434615222,3.0632685687718415,2.205154014713919,0.561017427639721
2002-12-17,-0.79583201663506,0.3202927518206671,-0.9598275709546021,-0.21398773672956253
2002-12-18,-1.3891825041050825,-2.323497290018336,-1.2458639066536574,-1.9156186142782836
2002-12-19,-0.7927926790816852,-1.3784094325756433,-1.0561056502122377,0.043807629985704574
2002-12-20,1.2813664460978027,0.8524512553373508,1.6157568469734254,0.791569699585984
2002-12-23,0.10964325159131211,1.3748694936322028,-0.10309289594807469,0.3315558012640417
2002-12-24,-0.8843639314892406,-1.3830959379619108,-0.6561384694743948,-0.17037823626838317
2002-12-26,-0.06206687643576825,-0.3809910605019763,-0.2613867466023384,0.15600562642815177
2002-12-27,-2.336615373832158,-1.9458860964113986,-1.5914811936420377,-1.3188065839409135
2002-12-30,0.6309782292788931,-0.9680031689357687,0.21125551998466405,-0.19834897742694058
2002-12-31,0.18010822856613118,-1.078440641252088,0.1287354484798754,0.24576711210706273
2003-01-02,3.138286846858307,4.033918476303659,3.104129487577435,1.879223101157097
2003-01-03,0.4190147589436126,1.1493553627805753,0.08338092141082806,-0.3078844249953463
2003-01-06,1.639166891652523,2.3882039053405903,1.8579901976656357,1.4449183877554561
2003-01-07,-0.23243466931875606,1.2486588576686692,-0.3157880523720292,-1.0618623725364946
2003-01-08,-1.5920328677892517,-2.9547172627919664,-1.7931153824996253,-1.4604513482915646
2003-01-09,1.4041333229074349,2.8949332678177417,1.9263727948681284,1.1539146007318788
2003-01-10,0.2752547317158556,1.4437546715936587,0.19701898474961008,0.3465325471153721
2003-01-13,-0.14920111605165975,-0.6536812424496952,-0.08508050327028588,-0.3810176280135831
2003-01-14,0.27892334860853335,0.4590409606241813,0.6038015630811946,0.2763510069519837
2003-01-15,-1.0436655473147587,-1.329677177135788,-1.3602146581794683,0.09615271671886053
2003-01-16,-0.5815949536273906,-1.2998278421846137,-0.45997761590735564,-0.3958904563811126
2003-01-17,-1.5341090258539887,-4.482865877874103,-1.3138005630784124,-1.6467812436219136
2003-01-21,-1.598475239030359,-1.216070363510273,-1.7452795414042046,-0.9611852979188396
2003-01-22,-1.430184873493996,-0.6668113721006838,-1.649814146135937,-0.7442184414349883
2003-01-23,0.4448897074298622,2.083323709371931,0.44279858504885805,-0.3976399761787135
2003-01-24,-2.7643820725506396,-2.82740220458274,-2.908553604895691,-1.5131658443902265
2003-01-27,-1.6644897315309333,-1.420811652042687,-2.0400151595977896,-1.6794789363826401
2003-01-28,0.5658844693752165,0.786445386737055,1.085859665156127,1.0037895128831937
2003-01-29,0.7419004355327534,1.4313019246132503,0.32104870998542834,0.5417223269868485
2003-01-30,-2.471776985270207,-2.5261595740196143,-2.131875201717276,-2.3775451587679868
2003-01-31,1.710382637413686,-0.6065795948414825,1.1778526143755519,0.3679224476910845
2003-02-03,0.32872781771529624,0.23529226032873485,0.7919278059191541,0.5540698054229177
2003-02-04,-1.0416101809222427,-1.3325932096603246,-1.2094569560384083,-0.0768428256492028
2003-02-05,-0.7769669831979806,-0.6109038920940804,-0.4979791535044734,-0.6399224130451517
2003-02-06,-0.5572303786045233,0.4104491686287332,-0.7466294866182224,-0.548519106428513
2003-02-07,-1.3801338486946109,-1.8166299870364966,-0.9456138901008797,-2.2392603175615506
2003-02-10,0.6167948586014858,0.7776286585392332,0.6430750146719107,0.8226602418075698
2003-02-11,-0.7479748901458905,0.46785767261705435,-0.9904061220612488,-1.137132706602223
2003-02-12,-1.7754601424458054,-1.5392418283030413,-1.2389749609251253,-0.560288685677192
2003-02-13,0.12435772179161,0.3380311522097099,-0.2306427777223638,-0.8902931903726584
2003-02-14,2.115976428964739,2.190868438456825,1.991546840287783,1.1797660171150297
2003-02-18,1.7981332056497599,3.0687183414876174,1.729584160784599,1.2434548415163784
2003-02-19,-0.5495048963852447,-0.6909233525024782,-0.5019919600698968,-0.5421306248155249
2003-02-20,-1.107162832491051,-0.48589717064491433,-1.1802587873643697,-0.5047231527886168
2003-02-21,0.8637308860078624,0.573431589653551,1.1546227876700441,1.589558657725643
2003-02-24,-1.6523362367657826,-1.745236959985241,-1.95909886576709,-2.2410012936385293
2003-02-25,0.6278171282265719,-0.059642216476383736,0.46529606484500546,1.2276346243442884
2003-02-26,-1.4957800748779049,-2.3355281757046353,-1.3102761703024515,-0.9278469758902076
2003-02-27,1.192708474463735,2.0857139360123313,0.8790792063554947,0.33253373642552597
2003-02-28,0.6408219906759854,1.4909751319607891,0.0897491795734214,-0.30050090944019814
2003-03-03,-1.0526702328955875,-2.142033793088655,-0.7768636340168545,-0.2769922204201168
2003-03-04,-1.7075787740270951,-0.7298540236915149,-1.8022425792251269,-0.5329625033115318
2003-03-05,0.6134176406352203,-0.04024846177009356,0.7307428737984022,-0.45650201223277437
2003-03-06,-0.7892612079989468,-0.24914077745462862,-1.249250616219483,-0.5286877319367367
2003-03-07,0.48719173206734645,0.004814432750138736,0.6643650801545924,0.36644123933157163
2003-03-10,-2.4231340426597705,-2.229255992930269,-2.2139744314597825,-1.6937196044512979
2003-03-11,-1.2238296622297598,-1.103330581559503,-0.7928390598653103,-1.1343338738417552
2003-03-12,0.5629258963614946,1.6623237832199993,0.3231586608862547,-0.11482273764079402
2003-03-13,3.3185684678428635,5.493969020282316,3.4637099771762005,1.4178644679133652
2003-03-14,0.41048112971095296,0.4827175947674439,0.6295530243599491,0.7792937656659442
2003-03-17,3.0207380194896105,3.3537144727036217,3.4506048784362693,1.3810376589468727
2003-03-18,0.7627397142094846,1.3709012417878843,0.8557574869047795,1.236303396820466
2003-03-19,0.6746447057070214,-0.8989740750318727,0.7926993861629651,1.001376909492306
2003-03-20,0.2627633534960847,0.3776417904493387,0.29286915181481865,0.4542714435600696
2003-03-21,2.0552747561827522,1.2696175958331908,2.7667166169973205,0.6146606239101562
2003-03-24,-3.2140644019867572,-4.128018961960656,-3.4755040394622942,-1.1878361835758662
2003-03-25,0.6218890160307649,1.1193602770932454,0.4474360530050203,0.5551119407215748
2003-03-26,-0.5123496451318583,0.4557962062928203,-0.5701382005344657,-0.18618340826602373
2003-03-27,-0.0725321196897874,-0.8627751607021736,-0.4737456139108584,-0.8551123997530976
2003-03-28,-0.5486847673756882,-1.1861709799530828,-0.7427748262504835,0.05716398445167018
2003-03-31,-2.41206434457131,-3.3988896702503264,-2.011129851582283,-0.8327577506682476
2003-04-01,1.3474485536073617,0.5757590628816457,0.8216828800985237,0.5748762627182017
2003-04-02,2.368279479720787,3.475086098655177,2.6867512259894792,2.3093247596454156
2003-04-03,-0.3611869267168051,0.4614206597884984,-0.4496054210947257,-0.17848640829347281
2003-04-04,0.48187928160654336,-1.7337544589913374,0.3090567846153386,-0.12924807008341138
2003-04-07,-0.16511437800099046,0.14600805925840302,0.30942734253388304,1.6445011024954581
2003-04-08,0.04486011312748127,-0.26545405434772884,-0.06756187007340633,-1.7079653300447966
2003-04-09,-1.319937519500871,-2.360139287488082,-1.2296715109332652,0.9965865660728929
2003-04-10,0.3662222250958693,1.0161937858686354,0.12367596941400669,-1.10548659378718
2003-04-11,-0.4244143052169132,-1.1023594948268578,-0.21224922816240616,-0.5456705223047952
2003-04-14,1.964582165364359,1.9321580108550533,1.7181513432877806,1.7497532266297
2003-04-15,0.969104355954863,0.9471776409117423,0.669884864073548,0.22504892032763207
2003-04-16,-1.7367588192033503,-0.2770696367740955,-1.7698241832825625,-0.08769645423310633
2003-04-17,1.1897328271515835,2.0056708777854975,0.7288102295277956,0.8128670819336281
2003-04-21,0.09309037298550529,0.32685733008729284,-0.09501161123248006,0.5309194581992638
2003-04-22,1.7686600049456125,1.7674196520060408,1.761771174721394,1.6495047226259376
2003-04-23,0.9678445486899241,0.7335996607225714,0.43406174318409285,0.37238145863663963
2003-04-24,-0.9213183655210702,-0.6007192998290338,-0.9468191374534074,-0.23361807619238728
2003-04-25,-1.408143279519964,-2.128679507906778,-1.7367693395932087,-0.9657496763892182
2003-04-28,1.5741594638705767,1.7690763565418393,1.8241008784122323,1.47492906003767
2003-04-29,0.3139637341136443,0.8872201691019914,0.47315226815316364,0.32835568095631407
2003-04-30,-0.20444573205833083,-1.0724048982539216,-0.32087946692817404,0.06032755797053527
2003-05-01,-0.07058961183878681,0.7901033234450059,-0.37032137457300607,0.38238063238784964
2003-05-02,1.2864635040647583,1.9439789433160386,1.4069383205705561,1.7690493425311278
2003-05-05,-0.19873782357056474,-0.13290604346461102,-0.5628945423387359,0.15987566267538655
2003-05-06,0.832431660595222,1.1542183714625973,0.5428896834790528,0.6345451894491003
2003-05-07,-0.5880520516188192,-1.2064498261495549,-0.3418054665998361,0.20278132206804778
2003-05-08,-1.097330003565351,-1.9592843728921059,-0.8849278824917973,-0.7738784947530225
2003-05-09,1.291771254741933,2.155079181909948,1.2597471499217807,1.1680402383831525
2003-05-12,1.2024579191408855,1.446419767096802,1.439655394949338,1.2002949867390684
2003-05-13,-0.17403670524657683,-0.6202178992893214,-0.5170778951575847,0.34826082586255636
2003-05-14,-0.3094889613005979,-0.31829113250475577,-0.4745835412513397,-0.08609717387073909
2003-05-15,0.5440457852224062,0.9714553930096529,0.6782509119753428,0.3053733936962884
2003-05-16,-0.28576083309209344,-0.8264723509338918,-0.39071798418175463,-0.8366687362916259
2003-05-19,-2.4354296608447554,-3.663258837039026,-2.2354856680503046,-1.9648683216997629
2003-05-20,-0.38274077644566074,0.08086770666219631,-0.19200500066208231,-0.11382774659447387
2003-05-21,0.1132054060056985,-0.4279444546354313,0.26387373331994163,0.1303696868173497
2003-05-22,0.960302829697178,1.3844842055771278,0.893707417453594,0.645236728901484
2003-05-23,0.17660703220818233,-0.01948842844462148,0.08408756380000816,1.3317331650782038
2003-05-27,1.6467300055808192,3.4003326015772597,1.9941849238479954,1.8216926123583763
2003-05-28,0.28744680528452726,0.29286119949424516,0.20781590297573932,0.4326325884387016
2003-05-29,-0.3232116431166787,0.37733206814096504,-1.003315472184592,0.34106379646007046
2003-05-30,1.422242667893228,1.4361801453597745,1.4175991992254902,1.8936020369884998
2003-06-02,0.44166169047524984,-0.7362106600151701,0.5906772480939847,0.9686688244206594
2003-06-03,0.41680875202456424,0.9133371595515224,0.28202156701498227,0.14093025568864959
2003-06-04,1.3709890564753975,1.7600285086943255,1.2520509045253332,1.9275315429568283
2003-06-05,0.47041733262417285,0.6810333408344441,0.027725132869433258,0.7409470416437766
2003-06-06,-0.46439909076810265,-1.773006897591018,0.15483988035947605,-0.4395952063119874
2003-06-09,-1.0222369171846384,-1.3832251303078236,-0.8992590057756991,-1.9889104570196843
2003-06-10,0.915428967657235,1.3812471014204577,0.7504874135267185,0.9102014402110072
2003-06-11,0.9953633299626248,1.0395498977966742,1.3870023512180423,1.0859341393259465
2003-06-12,0.32314203533075475,0.42267409964685154,0.1902476201878882,0.6666246679874479
2003-06-13,-1.1208031298036525,-2.3514613868938303,-0.9309978245944183,-1.3620707911958987
2003-06-16,2.0221674278856785,2.918936415652885,2.121252313955295,0.7031843466060971
2003-06-17,0.050193618525982885,-0.3866026603467615,0.1463139658219703,0.2561051003907722
2003-06-18,-0.16575236716497563,0.46449980100084887,-0.39113656700183197,-0.3834022495277389
2003-06-19,-1.6457619873199123,-1.7615786480630031,-1.3250319036842788,-0.13348217710704685
2003-06-20,-0.3981119867190105,-0.308664430786881,0.09122584270194506,-1.4418111765236379
2003-06-23,-1.04597379052159,-1.6110371890917932,-1.3700680645340246,-1.8815885284928855
2003-06-24,-0.03710433491983564,-0.9127116976785028,0.25736453586596897,0.06843305806327432
2003-06-25,-1.0397849351160235,-0.6264553676060041,-1.0826885810076872,-0.008543555688998838
2003-06-26,1.1180977763998237,2.1588240559449865,0.6011465251548671,0.6718158659898555
2003-06-27,-1.2005340128714863,-1.378272196083863,-1.0177347691587226,0.5516693372715147
2003-06-30,-0.19815520191650315,0.23904162553679442,-0.18751788064472136,-0.45703914499274323
2003-07-01,0.8592381510343358,1.2271663188812938,0.5879276282969093,-1.0542837655472328
2003-07-02,1.2380425594003668,1.9851496523229266,1.1111869830134613,3.2844156366654618
2003-07-03,-1.2660140362023085,-1.3625647895778608,-0.8612962075624315,-0.2405196723650722
2003-07-07,1.9864167096968632,4.080638174819682,1.5205426726382354,1.4566138748336726
2003-07-08,0.4190193395648321,1.1676825169397371,0.08695615959955719,0.45976368567007864
2003-07-09,-0.6693314515233152,-0.329004921416678,-0.836021180427156,1.2756149911594763
2003-07-10,-1.4494578652790007,-2.0551763822463025,-1.4662559223444769,-1.5267748657878986
2003-07-11,0.848319308221943,0.6104759229104517,0.8261424784448994,0.7803574610061459
2003-07-14,0.4806922876620987,1.1239775601068547,0.6522954762103322,0.7637015404428587
2003-07-15,-0.2849608879326756,0.050634788203946304,-0.5571750988392713,-0.27311622317075734
2003-07-16,-0.7018581600964633,-0.42482375864614347,-0.48577742430566817,-0.44704866104949637
2003-07-17,-1.5411063025216487,-3.221963410956516,-0.5564157016440079,-1.509450644903026
2003-07-18,0.9879201997318213,0.265824304965076,1.5064236470026116,-0.28491860803287294
2003-07-21,-1.170633934607369,-1.2594301294771137,-0.8860045199639224,-1.2964093037504498
2003-07-22,0.7503181362204323,1.3460285193854866,0.5499316076011631,0.7616389712621259
2003-07-23,0.013521147008211984,0.7455399313518642,0.367731655878073,0.1930967726811764
2003-07-24,-0.8348304907631987,-1.4127369812126729,-0.928866389083675,-0.03779015336995012
2003-07-25,1.6329934052233464,1.8488870506362423,1.7552500178948955,-0.19557482057808612
2003-07-28,-0.28223397940594275,0.3010677815116541,-0.07959893228034043,1.4906010370686975
2003-07-29,-0.6363898269463883,-0.8865913909885265,-0.8049006219156452,0.05656468535924952
2003-07-31,0.1438582352387731,1.0841446727054946,0.282059178476451,0.5427155208936747
2003-08-01,-0.9698562185229779,-1.1858910623545182,-0.8996604744462453,-1.929037804245261
2003-08-04,-0.09195339411544627,-0.1256382515805583,0.2606884935027582,-0.1577000494032425
2003-08-05,-2.209582100906991,-4.1044184217343345,-1.6613218368086649,-1.3205395441269996
2003-08-06,0.45998624872191557,-0.20055111841044732,0.1704247580258578,-0.3851176077815409
2003-08-07,1.0474398127840387,0.3105101848122343,0.7235587178982287,-0.44616933638508127
2003-08-08,0.3034542336761352,-0.8391006303815141,0.7081116666420192,-0.19400740666917643
2003-08-11,0.3772658735764143,1.053541885700406,0.30162119453476766,0.7217837054920315
2003-08-12,0.8107353570775901,1.3946964009287384,0.9384015647510958,1.936108151013168
2003-08-13,-0.5611979553944179,-0.02350292700663218,-0.4213921611933421,-0.08188558027618964
2003-08-14,0.27580773345783616,-0.008589864880875181,0.3333991203443295,0.43709827763508036
2003-08-15,0.17066292653072507,0.8140141556479855,0.10876921468713464,0.61489376766459
2003-08-18,0.7632378258107594,2.423148991900219,0.9015932076736392,0.40194895524126395
2003-08-19,0.31542607220399166,1.1860616493375802,0.16396614904410597,2.1350015189230436
2003-08-20,-0.5446571214198692,-0.3474756878570743,-0.4418705975313383,0.29295629485200336
2003-08-21,0.23407245811153182,0.9705775713347919,0.21263705594825077,0.8833999527706766
2003-08-22,-1.0802375078820325,-0.7149683720654638,-0.8426024490626184,-1.4065677475831966
2003-08-25,0.041888100590263974,0.09832645736950271,-0.4283766024596419,-0.6942050580011483
2003-08-26,0.09296244167629623,-0.01646439604388912,0.16019530289538209,0.5844898691202707
2003-08-27,-0.04372231336593624,0.6901571155054335,-0.11933135002789041,0.4120592240494856
2003-08-28,0.5107619475940571,0.7603255324781473,0.3553036713080618,0.256715766692162
2003-08-29,0.6320059624913617,0.8389936376768994,0.41426721142520806,1.2501882476688904
2003-09-02,1.263262336439311,1.3386389659632518,1.0801205267546872,1.3813635035274876
2003-09-03,0.5481050799389448,-0.0956928693304949,0.4863189945478307,0.8105636691699456
2003-09-04,0.02985628622594629,0.8576455636726598,0.18028828484648948,-0.008326472640030887
2003-09-05,-0.6495561793143678,-0.7514762608295976,-0.9335891143547064,-0.6430246483218506
2003-09-08,0.6995849976686583,1.5099971256550166,0.7446939368338199,0.962234673702111
2003-09-09,-0.7122693431156114,-1.2823193078562003,-0.8365573455712066,-0.5487215593762156
2003-09-10,-1.1135638524103197,-2.543336264383743,-1.024515677605643,-2.296019543839289
2003-09-11,0.24817551532794124,0.994964159341496,0.36469717596938317,0.4959340958884745
2003-09-12,0.08203789582708614,0.4058006065785299,0.08122222958326955,1.1741656426750096
2003-09-15,-0.4470792773737616,-1.0733979069504749,-0.3097176944920421,0.08947372267694961
2003-09-16,1.3967216182696962,2.592884678600719,1.2034596226253007,0.43361393323813635
2003-09-17,-0.2070365637601814,-0.45648422652700116,-0.20670305081438264,-0.14740627312221008
2003-09-18,1.0805013124993383,1.4247859564940812,1.0907317808687236,0.8323376494523971
2003-09-19,-0.5155712827622638,-0.6173464581911273,-0.12346049085591612,0.05518001657543391
2003-09-22,-1.1771756502922766,-2.0138343250296487,-1.2044547443938378,-0.9687643585671961
2003-09-23,0.2741643979809856,1.6212648403688434,0.3228625888533747,0.8106416345403278
2003-09-24,-1.9006370104200194,-3.9731239921982735,-1.628120918241167,-0.9461938392034146
2003-09-25,-0.9226298316668846,-1.4168419114493847,-0.9837814359505382,-1.8420775620111922
2003-09-26,-0.4036249858868502,-0.7974215427645794,-0.3864095335315098,-2.700613054861149
2003-09-29,0.9278657853755061,1.6163146784112583,0.6804461449968278,0.7841620268191585
2003-09-30,-1.068250915264022,-2.2929969176995253,-1.1846388123666836,-0.1193609946122827
2003-10-01,1.9960338813397434,2.0894564378068408,1.9423102690356442,1.926407934821782
2003-10-02,0.46280688078169063,0.3166577637930147,0.30142890315345583,0.8973103205505807
2003-10-03,0.821368280259621,2.6839554089217925,0.8186988725399379,1.2821626077539552
2003-10-06,0.3605289215647583,0.6299355158392463,0.19984039711734214,0.5692698040796509
2003-10-07,0.3230051426194549,0.5559704423522682,0.560898347341847,0.698512446637262
2003-10-08,-0.29460466844620214,-0.7016078215426671,-0.2578225708261613,-0.7181143810174552
2003-10-09,0.21258247630990879,0.6785275969836786,0.4566704581207263,0.3408887803705266
2003-10-10,0.20866483174121755,0.8325772632814239,-0.07753041019820833,0.3960267723408759
2003-10-13,0.21343868803513522,0.55312582273429,0.835770156275991,1.2594019661101308
2003-10-14,0.29855969134424193,0.20152432433524553,0.5096418710436017,1.0684541188485455
2003-10-15,-0.2922187013000847,-0.46382649657539865,-0.11248909154573229,-0.9019740547801954
2003-10-16,0.35378787878303963,0.7220526220159993,-0.14710155150672508,0.5940773190847904
2003-10-17,-1.207529989286381,-2.5539325327296516,-0.8162139294545503,-1.5813397330110839
2003-10-20,0.6958657575264509,1.1386170948305903,0.5280163135279802,0.18664670902600244
2003-10-21,-0.22346865779860423,0.5075213611504082,-0.32781926334396405,0.053813613874061625
2003-10-22,-1.4006949412377496,-2.0774500267491867,-1.655157344182492,-1.3789684860092584
2003-10-23,-0.3193460828356527,-1.324815230853665,0.00864942018324108,-0.9130713426897562
2003-10-24,0.21243760373132567,0.008315827970400785,-0.30414919012664793,-0.4822977906829849
2003-10-27,-0.033856543903722724,-0.08886332991080322,0.18049856871496953,0.6482452239271264
2003-10-28,1.2730006528613422,3.19568187105304,1.404777699433959,1.5735446575310967
2003-10-29,0.08105116799071199,-0.16318972184296865,0.2803940776202151,0.7883356849553991
2003-10-30,0.15690564608531218,0.16661560580949242,0.07965387572191027,0.34783086579206995
2003-10-31,-0.1510260878037882,-0.6822799712303628,0.10688094740300028,0.0389839786985639
2003-11-03,0.611014766063649,1.5619266397276201,0.5614622016173041,1.4592152906860694
2003-11-04,-0.23978494207606343,-0.7735326565948228,-0.24395456157683093,0.3504335913669326
2003-11-05,0.054035643663215435,0.8174856995441975,-0.24266956662294437,0.11598127385354251
2003-11-06,0.3190728935678309,0.13826017345464728,0.2846957601403593,0.5637357706561997
2003-11-07,-0.7434371320831987,-0.935569636166646,-0.5117045681068644,-0.10940518260241253
2003-11-10,-0.5579909078264206,-1.3644750872727778,-0.6220048670545816,-1.592191227447358
2003-11-11,-0.07154385799402223,-0.4585999480145636,-0.23789214057715152,-0.8719568745731071
2003-11-12,1.0452443567066365,2.0031206545444395,1.0734229448641586,2.0202182577217873
2003-11-13,-0.0456820340402954,-0.20020311775729668,-0.13144894951264238,-0.04397051190256633
2003-11-14,-0.9030057175368942,-2.128504605354166,-0.765061811041523,-1.2108047657610237
2003-11-17,-0.5638741395207033,-1.13690542141949,-0.6545288818430298,-1.1958042200570087
2003-11-18,-1.1444793474213517,-2.4652927905558335,-0.9651872122876751,-0.8603988644454057
2003-11-19,0.7699612430053522,0.8328224947543017,0.6042488198657274,0.6103299289493962
2003-11-20,-0.9269663700887399,-1.0482870190237725,-0.7344915048276073,0.04107354315631902
2003-11-21,0.3172757136530079,0.8850809574106779,-0.017096633511678686,-0.1005626374069891
2003-11-24,1.2125343720350985,2.6310019099223965,1.1837248714813744,1.905462034371877
2003-11-25,0.30697355301560497,-0.07279483706127296,0.14295503052148392,1.1346228697045346
2003-11-26,0.3078852541946894,0.3967233161450773,0.10166738984512239,0.4835001426071193
2003-11-28,0.06863370354454643,0.011824265688099578,-0.014782555993792218,0.23809034882364924
2003-12-01,0.9499158829846482,1.3606294794346447,1.1290702215249502,1.247538245273707
2003-12-02,-0.21322901159675817,-0.6015494508528331,-0.43868125022957866,-0.3327480785921285
2003-12-03,-0.26314143272293633,-1.3587428105612362,0.11216979955605715,-0.9521607601829716
2003-12-04,0.387485891699791,1.014227258743245,0.5917307974481267,-0.51460659221571
2003-12-05,-0.7833289034311204,-1.7384399915457118,-0.7003244303080023,-0.35745025843682465
2003-12-08,0.5986313689552318,0.4545523836813978,0.9369339200106895,0.3325696416160605
2003-12-09,-0.7630913869765175,-2.353998335822604,-0.3691073778201059,-0.49421019171060715
2003-12-10,-0.054469299481514945,0.31196192427180947,-0.05852336146597744,-1.3083397668870433
2003-12-11,1.0862267695415857,2.0159827897505367,0.8356808239883914,1.578599504252809
2003-12-12,0.08020451184906317,-0.25377881100187283,0.28756578184776993,1.1950658871654114
2003-12-15,-0.549630674431671,-1.378198634161787,-0.22702744364186417,-0.762033079147034
2003-12-16,0.49224472070171416,0.13311360721045234,1.044106603982954,-0.32903683062328326
2003-12-17,0.3332128536345926,0.15940205513283404,0.21684082699221904,-0.09257746325181422
2003-12-18,1.0557822713805942,1.7795029212926488,0.9537593220952786,1.5114891889390305
2003-12-19,-0.3042134063200178,-0.356180155139487,0.2740214271742854,-0.7098100306492842
2003-12-22,0.6355642298326089,0.2724988524591846,0.5752719292646608,0.9336370332321472
2003-12-23,0.028226124433103787,0.7088426923720438,0.012837402429124341,0.786440910391387
2003-12-24,-0.20666968579898587,0.08250858450450961,-0.42505289720176864,0.1551289645461538
2003-12-26,-0.025815815078019694,-0.25496862399859255,0.100984318798252,0.32578788834818495
2003-12-29,1.2710978644265778,1.5474292594839485,1.1777273247375062,1.2976559155500362
2003-12-30,0.014824089031175061,0.29312350313620433,-0.21953895463561468,0.2977537068020633
2003-12-31,-0.012165668159738005,-0.385067041633415,0.17775051078161042,-0.7836624692442282
2004-01-02,-0.06332408048250156,-0.33125889461425595,-0.4259419900028188,-0.15022343616164316
2004-01-05,0.9825821565398298,1.8661756706444288,1.1820235741054341,1.0886263411488808
2004-01-06,0.06738378042296644,0.6101926313907424,-0.03062155682495203,-0.25602162306161225
2004-01-07,0.2506340202810495,0.8329367571405687,-0.1683019605545516,0.0924777059778436
2004-01-08,0.2958814669166797,0.6752723980597553,0.508000984003326,1.0501503801659902
2004-01-09,-0.9426914168816801,-0.7400008344004478,-1.2960155851780588,-0.5121650248158152
2004-01-12,0.5727128060439391,1.4163775456616956,0.09585104106134762,0.5286885855933684
2004-01-13,-0.6568316339316191,-1.1237618782701975,-0.6151220788707693,-0.1765191191257347
2004-01-14,0.7612508925207331,0.22662616786001374,0.9694081126688266,0.7746293988017059
2004-01-15,0.2418328856726642,0.23146042974916062,0.19527979262136777,0.414462246991416
2004-01-16,0.3288385986930598,0.931010306363412,0.38811094917936945,0.3155810288401539
2004-01-20,-0.09158601381816629,-0.160177884648802,-0.7131264626417917,-0.14048023484893107
2004-01-21,0.6320412267253487,-0.5432638761481283,0.7711971241358861,0.9140498792965241
2004-01-22,-0.15711617637334307,-0.6478473481131831,0.03069403445434131,-0.04470711851093118
2004-01-23,-0.40858266195681475,-0.4569416615620977,-0.5527650910931026,-0.2915537999105172
2004-01-26,1.1460514940735893,1.384518340243229,1.1722431443890133,1.1080840549145439
2004-01-27,-1.0318696214220997,-2.2666927488618858,-0.8374899379803542,-0.5774234357039292
2004-01-28,-1.26997667021453,-1.8128775682754896,-1.4352936689042226,-2.2264353931864886
2004-01-29,0.02350162858955593,0.2118827874215916,0.295142185630954,-0.3630490873838229
2004-01-30,-0.0641508994016501,-0.553537037037431,-0.22609651025506186,-0.2507952637810566
2004-02-02,0.30034179613233136,-0.35431166027194716,0.03679010801968831,-0.00870932158403255
2004-02-03,-0.1407645710781498,-0.20019678329401663,0.018128829020164237,0.12034241837251933
2004-02-04,-0.9058021721558256,-1.7489436081224545,-0.3763861316289728,-2.4786172340098567
2004-02-05,0.2782734339886573,0.33452554948927304,0.22974099820150984,0.6445341954964274
2004-02-06,1.0196943486963255,1.6931679830264392,0.8654499647724665,2.3481503494293965
2004-02-09,0.00867056817773592,-0.1126854506994228,-0.16208796562022493,0.14418188024677975
2004-02-10,0.226970376061985,0.07851164321860707,0.2693674913522507,1.2110005999503572
2004-02-11,0.9930303772118941,0.9731373184878096,1.1226410006927372,0.6437369283937397
2004-02-12,-0.3378893781511256,-0.9247918826986379,-0.36263673243996786,-0.08409234774098022
2004-02-13,-0.5355709581698797,-0.9066414221013542,-0.7058395864483135,-1.4631193259920106
2004-02-17,0.825896797048346,1.2227853636006465,0.7442053716782627,1.229204501133164
2004-02-18,-0.4924240779073808,0.20347278749741737,-0.4248981750035818,-0.6293660917746693
2004-02-19,-0.4946104272609508,-1.643481133456632,-0.15903640116719261,-0.9554183465335437
2004-02-20,-0.31836096605091635,-0.3736564324558311,-0.4412470710418401,-0.5367931132798504
2004-02-23,-0.36267084162501195,-1.2493360957151645,-0.17059311810732974,-1.3598094385495507
2004-02-24,-0.20049425095898515,-0.31612248906603413,-0.4262203323250214,0.18636018173022528
2004-02-25,0.33489166241806895,0.46025111778007133,0.23234802574070954,0.7395281029883233
2004-02-26,-0.031319471740693675,0.14701955176012668,-0.23906133225196874,0.7002079249028664
2004-02-27,0.03215302371571695,-0.39534675055563967,-0.050583944732388156,0.5958702337317459
2004-03-01,0.8393628278612126,1.2087781585463802,0.8429854789583257,0.4690175966007293
2004-03-02,-0.5668788331572856,-1.2223297236481716,-0.803971298335119,0.5346120584135421
2004-03-03,0.012660732632071903,-0.6839874672470017,-0.1161048933469733,-0.18945271090051963
2004-03-04,0.2818322892638054,0.8320111922085701,-0.06582375744109895,0.5497656463934206
2004-03-05,0.22969313200395597,-0.49253449798438953,-0.015856244184343823,0.5321823550959602
2004-03-08,-1.2679850145592624,-2.459993313092939,-0.673811699177726,-0.7281870499802066
2004-03-09,-0.46973383164284566,-0.4233244777362869,-0.7356984761356816,-0.48215712265721944
2004-03-10,-1.802326780335813,-1.472823240849764,-1.6345122162725483,-2.351829853967566
2004-03-11,-1.4750981951378015,-1.0986633135012918,-1.79104743704432,-0.840907286828581
2004-03-12,1.0912147345437517,1.6020681897004274,0.9104709507442734,0.918146047794806
2004-03-15,-1.2420493464633728,-1.8228590591211908,-1.3277389757472762,-1.7649408616084359
2004-03-16,0.40586471511173394,0.03602002493224546,0.6682608444953148,0.03826585321143233
2004-03-17,1.100998676454621,1.5026128234052334,1.1575582476093635,1.3046132295356168
2004-03-18,-0.0012898183456982772,-0.4910805801736724,-0.040680831468968955,-0.10125695870731648
2004-03-19,-1.4643485875175482,-1.7504665659215948,-1.1188470747824237,-0.4392155418351975
2004-03-22,-1.4540792843298047,-1.4412495709826083,-1.3171388461384308,-1.8994660851168679
2004-03-23,-0.29586083006810815,-0.968439889819553,-0.10504871745318581,0.2657767468016193
2004-03-24,-0.0024022973492374977,1.0438177635204968,-0.18836867396846727,-0.8231546259691036
2004-03-25,1.2805044012622118,2.525331977020639,1.6121333435757992,1.5011826111562196
2004-03-26,-0.052367799455018904,-0.36970135615444993,-0.029237134615365732,0.8306899229407307
2004-03-29,1.3200200911469544,1.5460224286189739,1.0621438168535366,1.188935882772562
2004-03-30,0.3457435702042689,0.2909330410119164,0.5241675336603728,1.395084742595922
2004-03-31,0.10747542148121203,-0.26970773810234866,-0.2693637237533203,0.022730223718552045
2004-04-01,0.49421051647612163,0.7969264503584003,0.08655381281262266,0.7070419897620503
2004-04-02,0.6736730848504586,2.44112395594629,0.8640272506462371,1.5124757826202293
2004-04-05,0.44251235913890713,0.8425524717641337,0.8012589370992899,-0.39031512208973845
2004-04-06,-0.3326456448448013,-1.2500815717578213,0.13798285400153099,-0.8242759446362662
2004-04-07,-0.24954334571444403,-0.13938731609868796,-0.8763510190014981,-0.0010042506872496998
2004-04-08,-0.3725163337749524,-0.16844614017242898,-0.5088507781438327,-0.49642530348043756
2004-04-12,0.29915892797103144,0.4788688189638608,0.6246849356921151,-0.4483662096294872
2004-04-13,-1.4336548029326566,-1.5080829750255342,-1.27054960344225,-1.964284121711772
2004-04-14,0.03374873358257957,0.353983769263005,-0.16695880998538487,-1.2118451802477521
2004-04-15,-0.4864432427245654,-1.908118606492149,0.1392973216917337,0.2242616677069212
2004-04-16,0.7732781682820336,-0.22563509739929252,0.511851294276089,0.854697614917502
2004-04-19,-0.02643130685149024,1.1565564962594987,-0.13044844214201018,0.5785523624686019
2004-04-20,-1.8295087275493707,-2.5153331609743605,-1.2886064569432873,-2.039526201670707
2004-04-21,0.5639884206531267,0.7570688578590394,-0.05719389486673679,0.8881869459958428
2004-04-22,1.240965327088639,2.425216564831379,1.3101825276848587,1.5831908969617738
2004-04-23,0.12532421663210347,0.7196028436960961,0.1221414232332982,-0.27761237048350956
2004-04-26,-0.16913060831760754,-0.7868968069380579,-0.33058334433087616,-0.47611740069416325
2004-04-27,-0.08142832687481502,-0.27494461049608887,0.2518919431164797,0.16960518757234222
2004-04-28,-1.2964875627698935,-1.924008899122793,-1.3190347457438683,-2.1265069627961615
2004-04-29,-0.9888397329752484,-1.6873913695105622,-0.792630591983857,-1.6138469275520357
2004-04-30,-0.870261518769898,-2.600840248084629,-0.5194231391724587,-1.191956015117403
2004-05-03,1.0293506942247033,0.8596172857696824,0.8345853104224024,0.5973881232245302
2004-05-04,-0.06385711780003216,0.35748784385019056,0.04139746563923065,0.7090247032847841
2004-05-05,0.5046625891396139,0.6742925260702844,-0.1394116989306866,-0.23242642922647033
2004-05-06,-0.917216013624906,-0.851563303245246,-0.746532766301182,-1.1795552495646424
2004-05-07,-1.7897726889326662,-0.9695756441093799,-1.3159780038581672,-3.140635053778418
2004-05-10,-1.1917112662235596,-1.00530723465334,-1.3729762594493964,-1.6086238748680155
2004-05-11,0.667957344453477,1.3301969033486105,0.14479197969682508,1.2952158716998787
2004-05-12,0.5641269203769294,0.06621004094144733,0.1800176623697925,0.3783352870899653
2004-05-13,-0.4629087934610421,-0.7845166604010845,-0.381039954505732,-0.5343343735785243
2004-05-14,-0.03631175872644192,-0.8665434538028727,-0.046649672049411964,-0.5749029976607221
2004-05-17,-0.8874946065393484,-1.0269259087664173,-1.0879324565490678,-1.3823774940462075
2004-05-18,0.37099932953131676,0.7337265568827452,0.4947255813998299,1.0920997309598917
2004-05-19,-0.41895011110496433,-0.21427655046799304,-0.3329911233792297,-0.7394703851554962
2004-05-20,0.2500440244804242,0.3705296818132382,-0.06477561892491773,0.3702977563464326
2004-05-21,0.10638496599738506,0.37790359957885883,0.21965954296565096,0.744779789279121
2004-05-24,0.3162326366271548,0.5861795135384444,-0.1268959195502986,1.3420373989846515
2004-05-25,1.3249789182415497,1.8469224740258372,1.494417139052662,2.041118156273638
2004-05-26,0.35884092468210377,0.6057846839402495,-0.027848599222286614,0.6123283911686431
2004-05-27,0.4809200268287549,0.5478577577877405,0.8511769326510756,0.009902204206316101
2004-05-28,-0.010216535743396486,0.32124937911454154,-0.1330025325509961,0.4341428833302786
2004-06-01,-0.24595189701518466,-0.24137176151548734,0.04553634352182842,0.49919781544084824
2004-06-02,0.301659808063672,-0.31030738544122555,0.5538645949620581,0.15262491713114668
2004-06-03,-0.9361878681000295,-1.2441327155101987,-0.6330539503575998,-1.8113915248334946
2004-06-04,0.7227159940929071,0.4796735923644698,0.3920800384259888,0.7004001325094839
2004-06-07,1.4602724186403482,2.2683951785355476,1.4002787839147042,1.9332162314315295
2004-06-08,0.11726015606398107,0.08606420724681796,0.4084058818019583,-0.12309813886463775
2004-06-09,-0.9665541116742843,-1.4544495430060562,-0.6332480646066155,-1.377417844943062
2004-06-10,0.351703005640645,0.6173097151423087,0.3347530039960158,0.26327783066092775
2004-06-14,-1.0049068035914956,-1.5073709451896449,-0.7556938963359936,-2.029995372611284
2004-06-15,0.6278943156299671,1.192095339707667,0.3722984254799725,1.434247701266008
2004-06-16,-0.12010859586935449,-0.2808880537596218,-0.07160308628488476,0.3755875606559872
2004-06-17,-0.20931938365078676,-1.0184337945861743,-0.07000461402631297,0.07699863431692615
2004-06-18,0.15032801206596397,0.058012781655717785,0.34723101373058113,0.22430989561458914
2004-06-21,-0.4222911320082247,-0.8777459173884531,-0.44442400067970544,-0.13222606541070736
2004-06-22,0.3982994181605759,1.3488516366843508,0.1497218802216132,0.3353366648017193
2004-06-23,0.7858043938806467,1.0734028733463614,0.7506296704134675,1.4880418781856282
2004-06-24,-0.34360452698884064,-0.24767768496978324,-0.3660203296015019,-0.40172661576987045
2004-06-25,-0.6432986056289614,0.6527265150886841,-0.7661737762293689,0.7015674462077857
2004-06-28,-0.44189240939575936,-1.0201147323057038,-0.28931193866335303,0.2215876119483114
2004-06-29,0.3307395324799546,0.8611062336369681,0.5087611713189303,0.6667716690327992
2004-06-30,0.4790811140140022,0.9018417648739772,0.19897661728704683,0.5117230508703021
2004-07-01,-1.4698045411862215,-1.9517004773300068,-1.0381706848634724,-0.8570351764953013
2004-07-02,-0.17734432590532861,-0.7323380552704953,-0.5971908735559398,-0.12423664268677544
2004-07-06,-0.9904639612582272,-2.291013503295949,-0.6924691387223676,-1.2241010903081817
2004-07-07,0.2777986259948844,0.06828791020490219,0.159775939341523,-0.030961288395471867
2004-07-08,-0.7675719271497109,-1.2013252982344524,-0.7028934163600714,-1.828334029433354
2004-07-09,0.19788410817359287,0.030929289364246396,0.3331171850677678,0.3495696356028566
2004-07-12,-0.01750417005409042,-0.5070575043384764,0.21857521659452644,-0.09094574371646906
2004-07-13,0.03898255274804707,-0.2002633213988519,0.07646139511192168,0.18687514899372296
2004-07-14,-0.36558214831608127,-1.1052399467723688,-0.4212469256212103,-0.5641959110570312
2004-07-15,-0.7434889155466038,-0.4405880631270195,-0.5073725604079489,0.14657946765713403
2004-07-16,-0.197338790329408,-1.3020033791964933,-0.3178155001102423,-0.9492784798854481
2004-07-19,-0.4199304576267391,-0.2624908789523922,-0.475981469766647,0.64631170203398
2004-07-20,1.1473765252455201,2.1991270595767998,0.4356023479517936,1.0461955687981177
2004-07-21,-1.949789831915791,-3.049967831829254,-1.0724324233214217,-2.4257410269424633
2004-07-22,0.15739333631804436,1.2623049361067127,-0.020090099270618743,-0.5228761559381242
2004-07-23,-0.9169615828335258,-2.0273238457114355,-0.9429988200863512,-1.1552504387156448
2004-07-26,-0.2988984027580328,-0.5436067745932782,-0.10155884844504112,-0.9648511561362313
2004-07-27,0.8988671815063175,1.2662682858806866,1.2075178426491857,1.6205140136766756
2004-07-28,0.26283762983801134,-0.4805481204236457,0.3316176766321543,-0.13391450633610566
2004-07-29,0.4249727561904542,1.1325344218399893,0.11232937504800655,0.8329491045746523
2004-07-30,0.11840114835405122,0.18649469569427687,0.019898117141403146,-0.045621626590289704
2004-08-02,0.16874326070955964,0.117396856501793,0.33987512712879664,0.26620669654074053
2004-08-03,-0.7812705481363368,-2.182307727836083,-0.6034815788433057,-1.1557699028071056
2004-08-04,-0.09799248477386899,-0.04854215991734606,0.012910455811183295,0.12240427048590677
2004-08-05,-1.7204700524444332,-2.008224424343423,-1.6704260967647653,-1.668855879641955
2004-08-06,-1.608956454379943,-2.8248966840635554,-1.6419049166133612,-2.1807345534770817
2004-08-09,0.035094755188704016,0.08642092126544457,-0.1096580078327304,-0.45326103964620834
2004-08-10,1.0575206309681888,1.112077563751003,1.2697349532398587,2.0508062273818286
2004-08-11,-0.07681110582880338,-0.9204618776094655,-0.04528127067618755,-0.3133639465432872
2004-08-12,-1.1349255188874288,-1.4279733914313777,-1.2834499727897286,-1.6130449398914928
2004-08-13,0.08161137761402226,-0.013677288118211978,-0.017351013128925202,-0.190023775468509
2004-08-16,0.9648190307012301,1.015084690372632,1.265779183900252,1.9832904644337432
2004-08-17,0.5442877939426702,1.0867605587422313,0.2089328376378769,0.26056073732739926
2004-08-18,0.965116993040705,1.6844146775880402,1.041908654880163,1.5727151281513563
2004-08-19,-0.3389580024506124,-0.5870805606122254,-0.4300081429161024,-0.6092658123957363
2004-08-20,0.5922703982932849,0.9167819516901967,0.6109480771050214,1.5988464612943505
2004-08-23,-0.2575241611984171,0.14095467630054279,-0.3949052165868135,-0.5918438118360687
2004-08-24,0.023264424596603106,-0.13258542331525247,0.1747209977304801,0.11232255473726165
2004-08-25,0.5662301066624574,1.2916790216741885,0.7889728826467506,0.7932102492394129
2004-08-26,0.0007742945970905385,-0.49682426008908126,-0.08952219210449422,-0.3952729242800366
2004-08-27,0.270210126116494,0.40686648646250395,0.16149656478449967,0.6437076152847262
2004-08-30,-0.9070367056747222,-1.8026129716714558,-0.7682518491020449,-0.9388202495130151
2004-08-31,0.46810164606380733,0.010699082796835693,0.43530352665648764,0.47995214118100193
2004-09-01,0.14654266038068384,0.6553081691998468,-0.056521207219446805,0.49067156703702064
2004-09-02,1.0230394525272402,1.3531434314899191,1.1074651630475967,1.3476762861209655
2004-09-03,-0.42034917459631616,-1.891151148297504,-0.27334355267076144,-0.41315064970213455
2004-09-07,0.6330202431717649,0.7880502909357127,0.7619191368468792,1.1537387904710865
2004-09-08,-0.2890842268646886,-0.467098902197386,-0.2826768946692516,-0.6276562170323056
2004-09-09,-0.15546090290965695,0.7603897908794116,-0.2973147961953559,1.0986407658629869
2004-09-10,0.35968777242733285,1.3607508629444562,0.12041103676927371,0.25107256160850094
2004-09-13,0.28986666005357276,1.2104301781307758,-0.03576986627578004,0.21339559473947364
2004-09-14,0.05294587195579381,0.03243670647173244,-0.057952427651195154,-0.6807294133022879
2004-09-15,-0.8050521956088962,-1.1396793409010053,-0.8951581556433013,-0.3697953651361963
2004-09-16,0.16868768270389795,0.03997570845081924,0.0077521445508809544,0.9082696387611645
2004-09-17,0.35734155505947807,0.1960952989893811,0.3435260539441081,-0.1135121208637317
2004-09-20,-0.6204998778301656,-0.055577377057663135,-0.785698362780398,-0.42116733096617853
2004-09-21,0.3056490645641461,0.22711684395323756,0.2573836909156438,0.7123579792402381
2004-09-22,-1.36789042668297,-1.8387819551865947,-1.3613220556299255,-1.4906705565483704
2004-09-23,-0.6287634303219939,-0.24026602022010085,-0.8218467776855097,-0.17677470198600226
2004-09-24,0.3141271899263319,-0.5182108035432722,-0.02784030107577344,-0.1934679860663363
2004-09-27,-0.6541327735953585,-0.9361189033206836,-0.614648329626863,-1.077304189061243
2004-09-28,0.38056115041830796,0.06429007717353027,0.8022306222313602,1.1568212979587376
2004-09-29,0.4722777081835835,1.4092182776891529,0.6005250151795359,0.7373622460521532
2004-09-30,-0.13603944295892534,0.10295741674591607,-0.5794846736271421,0.20331267022931954
2004-10-01,1.5596443002184257,2.5752853944899883,0.9875117899039395,1.819324858139951
2004-10-04,0.09957941360491243,0.5024593452173247,0.2101432614307135,0.8617827473931419
2004-10-05,0.0064013649644794335,0.04131459801244754,-0.4434119576896637,-0.3357827933807136
2004-10-06,0.5442846594777495,0.6906040285866754,0.5244765321547171,0.6901191323456648
2004-10-07,-1.0469408162699931,-1.209883181092288,-1.146899241808866,-1.5173076542221433
2004-10-08,-0.9816573431325534,-1.976009863991819,-0.81922450466059,-1.0254857819508052
2004-10-11,0.32437945038747923,0.3522204580640787,0.199447717153228,-0.12075147963869348
2004-10-12,-0.43965381081716026,-0.2638088607102179,-0.07390797240996655,0.24250549679928518
2004-10-13,-0.9869214519840579,-0.33282162975252644,-0.8075452777746907,-1.4859728180597354
2004-10-14,-0.9331170262263975,-0.571363926337864,-1.1734477779287176,-1.018653080868814
2004-10-15,0.39828362091299113,0.3474476631124167,0.2510482581206362,1.0849898137463518
2004-10-18,0.33404662419134923,1.3225220602802652,0.19339325997640566,0.07293754266166244
2004-10-19,-0.9414876398293557,-0.8231244795567308,-0.6462078394882131,-1.1488486206813664
2004-10-20,-0.31193193294777466,0.361603423016475,-0.19483824516247128,0.33276591847389797
2004-10-21,0.5261385321255987,1.3992599008218602,-0.28893592399619916,1.0775510104986814
2004-10-22,-1.2492817285623947,-2.346598701219681,-1.2205381941649318,-1.3952127166004302
2004-10-25,-0.15383148800861768,-0.6233936673761146,-0.1749432923609768,0.657506028057872
2004-10-26,1.391816723901883,0.41400853920743996,1.3601971368772001,1.3881421975196344
2004-10-27,1.261929250195019,2.5060653578645624,1.2115764281968626,1.0552022640806253
2004-10-28,0.27282120823077083,0.5601655306694386,0.013080403924429279,-0.418516305980128
2004-10-29,-0.10564519972170945,-0.2267579969052896,0.15402599291022376,-0.29327900847997823
2004-11-01,0.21506303692387177,0.2968055131941543,0.2369177627570255,0.4410281073572126
2004-11-02,-0.031200190860094193,0.25144707339907096,-0.22700007779351833,-0.654251575905274
2004-11-03,1.1920068989382187,0.5680510783180562,0.9353805539657352,1.7941350783255752
2004-11-04,1.3404968647763533,0.5110672121900842,1.7353539561840843,1.3746166813561402
2004-11-05,0.6962510424470012,0.9190625870821469,0.7987440139850752,0.2515945890495381
2004-11-08,-0.1729909689908805,0.06504131097625243,0.02694914627997484,-0.7075612170707188
2004-11-09,-0.2721145179026027,-0.2850196869943685,-0.09800693499561443,0.6788071295966828
2004-11-10,-0.02543596377669685,-0.44637248214594333,-0.07607379599080034,0.5998712936933156
2004-11-11,0.7065111110998402,1.225079526910477,0.7680865734935783,0.8582015489089808
2004-11-12,0.7518214616182723,0.8917871758718134,0.6580341508096348,1.0277151582119162
2004-11-15,0.20523381431902427,0.38798368670553796,0.0793389258337829,0.10752639848783843
2004-11-16,-0.8171222308856038,-0.6996195016779165,-0.6508562776268215,-0.9516644477986873
2004-11-17,0.5140973181370714,1.2070447697744529,0.501479104499672,0.6607817636187856
2004-11-18,0.06605076051658895,0.3786222738919447,0.18962110437086266,-0.10521910744137816
2004-11-19,-1.1808757991478196,-1.631945947020521,-1.1416714179957852,-1.2066963149453447
2004-11-22,0.35112566748712926,0.8178848767497745,0.1937310225610024,1.429426380423292
2004-11-23,0.09153298075133601,-0.28135915359418173,-0.023871968188843552,0.41044161629428677
2004-11-24,0.18648062153045653,0.7874284088307054,0.22109414739313116,1.0577826003670134
2004-11-26,-0.23559462290547456,-0.4214821386629992,-0.03583642820634453,0.11960272850238109
2004-11-29,-0.45414137398169074,-0.09071090879379028,-0.47781445796666144,0.37151679675704774
2004-11-30,-0.07424501430580391,-0.3442780144501645,-0.5533682264813182,0.1116541232051497
2004-12-01,1.0504432149319733,1.897578825232986,1.4558085204687274,1.4309377538626735
2004-12-02,0.07068531491277072,0.3264798927806807,-0.0008170381659118875,-0.6462868636706699
2004-12-03,-0.1311567465063458,0.09854278185331153,0.004287007164886142,0.003402926807550874
2004-12-06,-0.12477181211166369,0.250129472340556,-0.48615411793356106,-0.8475231793800454
2004-12-07,-1.0312051884021507,-1.8417184589996385,-1.10679696976905,-1.9707392207135719
2004-12-08,0.4377480093503847,0.45046623711002354,0.4124339766376891,0.8366766877388633
2004-12-09,0.3457096156185396,0.4955362800138353,0.528185882962039,-0.4243120646608392
2004-12-10,0.08952050696322553,-0.34479110717899814,-0.09053049838010067,0.583586952962258
2004-12-13,0.7675088051063331,0.7777551024223346,0.8195927423345462,0.8132042766884151
2004-12-14,0.3401685750770812,0.4306877787623263,0.37303802649046547,0.6895089453964819
2004-12-15,0.015771213749660055,-0.4370241887962694,0.10001978203669272,0.672153965669006
2004-12-16,-0.1105769885043851,-1.0260008959750502,0.09463615549585494,-0.8707444815928166
2004-12-17,-0.669170501164017,-0.29505358240224355,-0.5170679565376165,-0.22069838417362883
2004-12-20,-0.11816224695501154,-0.8485462993790895,0.008136728913362382,-0.3042132034670019
2004-12-21,0.7416987452710103,1.1583879144122897,0.9003580062036144,1.1150406304174352
2004-12-22,0.1987334268154046,0.0582894829875473,0.5233341465442184,0.5399211854328678
2004-12-23,0.04008708508036502,0.029132247295160285,0.09408637823675159,-0.005568948444312689
2004-12-27,-0.26525373655903717,-0.49824922559592216,-0.5118207894046379,-1.0154922516193814
2004-12-28,0.4688151031238535,0.8484865481822595,0.6453642881724332,1.2600259409120795
2004-12-29,0.07754258456177579,0.03188872296949463,-0.25716053877395784,0.045087684710487456
2004-12-30,-0.2592969928409249,-0.16634259171247706,-0.34365524677865045,-0.36901018304779415
2004-12-31,-0.3040177161809805,-0.311425024186884,-0.23353875411302788,-0.2647552084720689
2005-01-03,-0.5575244528812452,-1.1537645993947516,-0.5585854119007048,-1.665793959964597
2005-01-04,-1.369543481188301,-1.926492327305052,-0.9784474659882818,-1.4829073242947648
2005-01-05,-0.7331669189436963,-0.7641392616085374,-0.4015870041432674,-2.1540898599003016
2005-01-06,0.4422679524122788,-0.589918883601401,0.20761134468218734,0.4284087810610855
2005-01-07,-0.1842413963135175,0.460632985485008,-0.21913378635093408,-1.4472234551098508
2005-01-10,0.38985309574968147,-0.1733832865411608,0.09978807489143864,0.7956689704455667
2005-01-11,-0.760824361320051,-0.7913532445456058,-0.6782350017165508,-0.9777197657457736
2005-01-12,0.2340461760539074,0.6997640524614838,0.5018375062904503,0.18258865117399378
2005-01-13,-0.8620433969681377,-1.4027326602351442,-1.0691330701914976,-0.5514257275296741
2005-01-14,0.40219069963196574,0.8111599960920801,0.36591666571662695,0.9913104061021718
2005-01-18,0.9707729659444738,0.6401174616406256,0.6428988822037662,1.3126976098346919
2005-01-19,-1.0651240666136832,-1.7176542662350025,-0.8582659697788128,-1.1652463641056687
2005-01-20,-0.700197972723274,-2.0622401835711788,-0.7361764523762542,-0.9842565391783396
2005-01-21,-0.6718508925728487,-0.9162003946445155,-0.8083999491314586,-0.21099759309549104
2005-01-24,-0.32185067657881483,-1.5866074801488588,-0.3384215613037931,-0.9059423773589588
2005-01-25,0.26545845995796624,0.4092139972509868,0.8700709156172217,0.2288209794231604
2005-01-26,0.26671605577439256,1.127850271416642,0.38073000063327517,1.3128282887272789
2005-01-27,0.062314758186873986,-0.21851596993440886,-0.36113139830695506,0.11496567976155292
2005-01-28,-0.06020315435029583,-0.5752306351473382,-0.4606649265508522,-0.21086705639230657
2005-01-31,0.549767911543769,1.1616465559250453,0.5204347438994141,1.04247821303402
2005-02-01,0.5602685689234884,0.21136354703796917,0.5550665110437116,0.553331709409473
2005-02-02,0.2902913033305242,0.12288051363312753,0.4165659727483696,0.7623607224528595
2005-02-03,-0.3082475296104478,-1.2147877179984055,-0.060763844811591194,-0.4502912448867479
2005-02-04,1.0343359486047776,1.5288415089728367,1.1356137814862897,1.1678425366655019
2005-02-07,-0.15906162066020874,-0.2555025246711985,0.013794642408070306,-0.16656395411379848
2005-02-08,0.051564936554483506,0.10784265541446031,0.030934270868564075,-0.0020929504835422996
2005-02-09,-0.8194574510833932,-1.772206668382523,-0.6128771393213083,-1.6070618467007804
2005-02-10,0.30630700871035715,0.021578421293664676,0.7479923401143768,0.1629938233100356
2005-02-11,0.8333544602246232,1.415302416213359,0.45524320164012755,1.25056199887705
2005-02-14,-0.15443429047601362,0.3600170179679435,-0.11015491128806965,-0.020344716441196745
2005-02-15,0.2844226496751868,0.5559853993615591,0.36022499732093954,-0.05622578180526784
2005-02-16,0.0033755431589706786,-0.42781295426999294,-0.04336896445545149,0.3831927165497437
2005-02-17,-0.864773597615687,-1.4377732262579894,-0.8077763529834342,-0.9611028738826038
2005-02-18,0.05422258938211276,-0.4480153528483274,0.2087754726976414,-0.42951165465615604
2005-02-22,-1.533234255325888,-1.3117584219190312,-1.6296294478077038,-1.9377264539458374
2005-02-23,0.5313166782244949,-0.05233059670594006,0.4199708452758382,0.23606013888466457
2005-02-24,0.6452351211259919,1.2009430062575905,0.7031591066546176,0.951263356877833
2005-02-25,0.9246401063182973,0.476398162620565,0.8325424624938378,1.8267330445597736
2005-02-28,-0.6747748211773295,-1.1062686750420199,-0.7052116122705676,-0.5208832998074328
2005-03-01,0.41209945024352956,0.9711098153749822,0.5053753790848412,0.9144870687060371
2005-03-02,-0.11612782699045159,-0.1486579487409069,-0.18668545046159077,-0.44111870044700247
2005-03-03,-0.02387017913665257,-0.9062946700665363,0.13374736171641688,0.30571999039817443
2005-03-04,1.2008439161585984,0.5145052960723765,0.9650787630555246,1.3506092442866307
2005-03-07,0.06739509319417003,1.3866791285982192,-0.014152093670838906,-0.13471457240893744
2005-03-08,-0.4939559481991676,-1.1366493535827396,-0.3093486365603995,-1.1391453251101282
2005-03-09,-1.1679065986326567,-0.3501798964218871,-1.0286963931975464,-1.089517199563595
2005-03-10,0.04458255240042194,-0.30940776314654495,0.2921333247102945,-0.61716391096246
2005-03-11,-0.7206724301505711,-0.9755745225793422,-0.7044333687209012,-0.14068592390669074
2005-03-14,0.4921822647866805,0.31860683918552535,0.16891513598209698,0.8107681735094372
2005-03-15,-0.8741976006133888,-0.9034806469527148,-0.5872105383223312,-0.5906532524032904
2005-03-16,-0.9562455686532493,-1.284367774192521,-1.125443697669418,-0.6743830891385636
2005-03-17,0.0737604212329365,0.11025761410994697,-0.17952680603486149,0.09899137717745059
2005-03-18,-0.3706644504319436,-0.6696613212428587,-0.025564103204349244,-0.5438550405845394
2005-03-21,-0.4257286542139527,0.10852049956401452,-0.6340889163382559,-0.0460447657121574
2005-03-22,-1.164761483961685,-1.3849540552258979,-1.0202235796387826,-0.6826962325910042
2005-03-23,-0.03638439839947408,0.21527163349887538,-0.2382897305024267,-1.0591536188306458
2005-03-24,0.05777818207007217,-0.07298848351643451,-0.17188005046786314,0.3642209764565651
2005-03-28,0.046526398994937185,0.07526162418645013,0.32138348902730524,-0.020788223450082702
2005-03-29,-0.7076973601524499,-0.8756661664664054,-0.774744021539908,-1.4662862583909386
2005-03-30,1.3246262326961757,1.7585736253877353,1.197775182524291,1.2912509045494682
2005-03-31,-0.2249187700941469,-0.4896498377732734,-0.34021439766985295,-0.015937380575652155
2005-04-01,-0.57884091998497,-1.1163523073451949,-1.0417043946762206,-0.618251127264756
2005-04-04,0.1075214673684797,0.5616294730924569,0.0453199721982762,0.4546891655852917
2005-04-05,0.370719243239802,0.14026146813213797,0.305388487052724,0.1770300003649613
2005-04-06,0.33277565429374645,-0.22289461808550887,0.23969365078923238,0.22831762111933995
2005-04-07,0.5039032596338677,1.1257189362589661,0.5418491382058926,0.3611331846460213
2005-04-08,-1.1053603298032881,-0.9005733021950824,-0.8358063374497853,-1.6631913832111285
2005-04-11,-0.044218436076121956,-0.5490504357912915,-0.2197581015489139,-0.5762882680084622
2005-04-12,0.46494204439315406,0.40733802348612114,0.5166777843042134,0.8986432352253709
2005-04-13,-1.2463116045397982,-1.7378740632002438,-1.0185267915223222,-1.521018388791723
2005-04-14,-1.413934989925129,-1.545356517712161,-1.3017480776134602,-1.8874893190729116
2005-04-15,-1.5478196727771654,-2.4644698100286977,-1.987793710858444,-1.7902565393660346
2005-04-18,0.14909888644146632,-0.165920026820412,-0.32897536335508104,0.36799680400980095
2005-04-19,0.7129162750919769,0.53077123407776,0.4876631839011418,1.474138296334632
2005-04-20,-1.4462401857529823,-0.9180707176486756,-1.173305370344369,-1.564038764673497
2005-04-21,1.7752383841129225,2.4455052050030743,1.9199545357967769,2.1328422378780205
2005-04-22,-0.3629600458547455,-1.4952694780510638,-0.5238452495994284,-1.4198077247659606
2005-04-25,0.6218138678908982,0.756037770634379,0.7581668528753394,0.9883643632753412
2005-04-26,-1.0285878822521823,-1.0157217257062647,-0.9027249955209109,-1.4240421600579132
2005-04-27,0.27668434203074427,0.024079065194293287,0.36745071183452904,0.022962816096770824
2005-04-28,-1.2961809160451498,-1.0664633514104473,-1.2736783076344622,-2.412472375515821
2005-04-29,1.207291159887873,0.5109080663537044,1.0769079713469594,0.8048007147645935
2005-05-02,0.5786745519935635,0.3755661375664476,0.6133667865940106,1.0635633950485235
2005-05-03,0.129111450719336,0.4367191723020901,0.02235530772292118,0.3470858368525533
2005-05-04,0.6919783855936354,1.1048584513727915,1.1768014134170934,1.086290751512449
2005-05-05,-0.04835897707297937,0.060891422383211845,-0.3903286052299802,0.11564565112386574
2005-05-06,-0.414867051116574,0.1732032666261159,-0.05495475786660235,0.005430934851679489
2005-05-09,0.5245504605672493,0.36592830921004726,0.32789299171957254,1.00068436440633
2005-05-10,-1.086182125419328,-0.7965662089390826,-1.0341602335003381,-1.0777134856245862
2005-05-11,0.41116472303340024,0.35610570593891594,0.06783673642980946,-0.044565589070572204
2005-05-12,-1.1565881969974896,-0.3646869654211103,-1.1222364969317973,-1.689234742372319
2005-05-13,-0.3645099209046203,0.9098180991373652,-0.6246068600469222,-0.8315502922319497
2005-05-16,0.7670436232527402,0.5262487953766072,0.9834747856790165,1.4514899391298768
2005-05-17,0.6608573075229022,0.5613086124886079,0.7899388478598401,0.6909276387186363
2005-05-18,1.0414185326033711,1.318628886070796,1.282485436908491,1.7462579333912431
2005-05-19,0.3687526230558457,0.8042357404425178,0.29454966111287,0.4617210899376497
2005-05-20,-0.1952446522593399,0.32693753232486544,-0.2516021758431419,-0.24600114451185123
2005-05-23,0.43448220336784316,0.393591320050858,0.4116759879053051,0.8178801691830091
2005-05-24,-0.2652652456219442,0.2473447502570526,-0.21597480121743828,-0.49970027474779244
2005-05-25,-0.15855684089504746,-0.528914261044325,-0.5061637062583222,-0.9755511891490226
2005-05-26,0.4125882136930247,0.9028214508227291,0.6800683400256062,1.280499123389247
2005-05-27,0.13295159936209025,-0.045721609485505244,0.02547080282102252,0.6612986470448166
2005-05-31,-0.6999213348006055,-0.4136188219738319,-0.767356837256517,-0.45432146111527816
2005-06-01,0.7524054720839924,0.7142754546189302,0.6801404628443459,1.2409093457636402
2005-06-02,0.16225603602457447,0.5851828253550257,0.030705911992675246,0.2241881831967762
2005-06-03,-0.5847591416745159,-1.5586845764528594,-0.9463049752716238,-0.63304803490256
2005-06-06,-0.16931348170525362,-0.09782557494996368,-0.04837504020041519,0.3971752799668649
2005-06-07,-0.01719874149466856,-0.9783303439956309,0.10825854369763721,0.1890785174287126
2005-06-08,-0.18631997171850648,-0.26978312399109033,-0.07230024986477934,-0.5990995552166346
2005-06-10,-0.30193718920636936,-1.165415177975725,0.05262573267566423,0.14893865203332798
2005-06-13,0.29913080879934323,0.4137440538813024,0.07004209825573741,0.4446137641626069
2005-06-14,0.14032290316817586,-0.5008680312481181,0.18609481716927548,0.899746884049185
2005-06-15,0.14621480142352136,0.2357679661985158,0.14536289524033574,0.3847413829267384
2005-06-16,0.2073284278778269,0.4339928301558556,0.08044073798930718,0.7153074409623577
2005-06-17,0.28090936576939246,-0.08746149439012368,0.35778427196098467,-0.08384673740455806
2005-06-20,0.018659758262636127,-0.05197372451366218,-0.13619305512007399,0.00496524740939412
2005-06-21,0.03162569119716248,-0.15938570345523148,-0.16185011855478648,-0.307982400850504
2005-06-22,-0.021987336073379646,-0.20664961885668626,-0.1687278623652401,0.28774478969735695
2005-06-23,-1.5159034842857813,-1.2336795058830419,-1.6552533922383894,-1.5403475775297444
2005-06-24,-0.9126906280867259,-1.325346550628511,-1.3551574879966184,-1.078765912677943
2005-06-27,0.01519734396009298,-0.6308309001974034,-0.19639438075711124,0.21450765767392443
2005-06-28,0.7783916127561838,0.8234753941382673,1.060424002331617,1.9635088646032854
2005-06-29,-0.3180752263476053,-0.2875309015470958,-0.28203055854434694,0.048614460611117065
2005-06-30,-0.5980456600270623,-0.872249121572863,-1.0322878086537857,-0.46110225777637137
2005-07-01,0.17529815670472446,-0.30185911717644387,0.15361056116700794,0.6013807549322979
2005-07-05,0.7244805857793939,0.9411282679039167,0.6377666876479068,1.306691582235628
2005-07-06,-0.8531639002553949,-0.566025613724778,-1.0013815425717365,-0.7623718781995664
2005-07-07,0.25680928200381936,0.20306695358664087,0.1784997016798195,-0.03023344404865684
2005-07-08,1.0922129295083693,1.816609371605197,1.391929769926861,1.9895256552916525
2005-07-11,0.47439166526729276,0.8773494498747527,0.6914679332654169,1.3638121009560948
2005-07-12,0.21385740565067551,0.43085353318580155,-0.07610180260788257,-0.2390918398124604
2005-07-13,0.08087415517097693,0.1562961633024838,0.35287240038863743,-0.32645970324161994
2005-07-14,0.3435129820489224,0.9160583234004993,0.6580204407083032,-0.9317989872572637
2005-07-15,-0.09098210609521018,0.27648372311587,0.11565187845105578,-0.06590937951730089
2005-07-18,-0.5009529731565618,-0.4806096775188005,-0.6872987898387777,-0.5574963131648258
2005-07-19,0.43765529293982663,1.027321262589147,0.5738199859066464,1.2553403747197018
2005-07-20,0.2712996117894947,0.6183528715490044,0.3770253852463683,1.28322251304042
2005-07-21,-0.6519151245491642,-0.046420074542173714,-0.6150643514378842,-1.6699648767724475
2005-07-22,0.5732247879704442,-0.23045693169541126,0.14339682717919222,1.5847795814237446
2005-07-25,-0.34923082903442537,-0.47305543125299987,-0.5807320069005661,-0.859064747341152
2005-07-26,0.051973735231053586,0.24616981861820725,-0.2317773519817257,0.5347856938149171
2005-07-27,0.263454700395115,0.6202982824385277,0.45099618538872566,0.01713254017489227
2005-07-28,0.5816324606475224,0.40974709744166643,0.633831923590297,0.9137026653379793
2005-07-29,-0.7044453441758194,-0.8893225106252897,-0.6230240829133256,-0.41090225398638547
2005-08-01,-0.20732660146213708,0.06781399776982618,-0.25552654080916404,-0.010554807229289268
2005-08-02,0.5441992394265164,0.9590937691908977,0.5047264189505505,0.8040648391260579
2005-08-03,0.20240385922485493,-0.12566719775393542,0.10268083624672777,-0.7804693140346928
2005-08-04,-0.8302193711982806,-1.0247013939008869,-0.851732779279334,-1.6570014696761248
2005-08-05,-0.7965624410637719,-0.6221727888341886,-0.596464720256511,-1.7508612520864515
2005-08-08,-0.2921655644439004,-0.8577396950288,-0.26986746763096203,-0.5320762998220627
2005-08-09,0.5121324446657534,0.5710384726828617,0.6870284184924116,0.07771354723317683
2005-08-10,-0.04689944454340561,-0.9235980278621146,-0.19159131650898958,-0.2278832276851086
2005-08-11,0.3515943370675617,0.7425590572972876,0.7976747671140548,0.7295944806014383
2005-08-12,-0.6764049103533176,-0.6406623198532644,-0.7930401771390434,-1.019961037243827
2005-08-15,0.5057513121791458,0.49263163288599443,0.2143887689287294,0.6903290685926621
2005-08-16,-1.4022267405455864,-1.7243359800440095,-1.1891634550287984,-1.6373208962028958
2005-08-17,-0.0963926780927266,0.4452935635734925,0.24527917708095875,-0.2290790470736361
2005-08-18,-0.09118426955275295,-0.5951285564981706,0.02379762071102778,-0.3735989942704348
2005-08-19,0.19133153085973437,-0.11284407238356747,0.005206415944355114,0.2303308000286778
2005-08-22,-0.06304024148770133,-0.04757843475347735,0.04657053374040456,0.7174383147974238
2005-08-23,-0.27735606542597613,-0.39474678193549667,-0.5291637724582007,-0.12375747453093114
2005-08-24,-0.9741725539085274,-0.7134337541002592,-0.8925418878624419,-0.4871268769684338
2005-08-25,0.18997155409445027,0.06518896702408875,0.04233007984226814,0.6157898804350843
2005-08-26,-0.7113664095505609,-0.42707301310765705,-0.5525079132727339,-1.6489695108939524
2005-08-29,0.6795324896546875,0.6675390277860251,0.5631303219142323,1.0558617151776613
2005-08-30,-0.5851967295027384,-0.4323661155881825,-0.5124266066989602,-0.48456665131358345
2005-08-31,1.1541848243842558,0.80733356531693,0.5728316137666805,2.0624455354471416
2005-09-01,-0.10785457649146009,-0.23368802484139262,-0.24546032290484582,0.017395667434261002
2005-09-02,-0.2441888108331668,-0.505875174442685,-0.1829274573570452,-0.6057238604521122
2005-09-06,1.102385775668523,1.3648270852299205,1.3048607803558638,1.3652932883802242
2005-09-07,0.1587689126143035,0.14198565225874177,0.44868780209549974,0.3223090470705514
2005-09-08,-0.3745613383106444,-0.06832405469975379,-0.37577876598451176,-0.793807460691775
2005-09-09,0.7921695672694821,0.4520745789568544,0.7015267929810121,0.49957726688247595
2005-09-12,-0.21971280424301493,0.23659361157104655,0.04263534864983778,0.4809923868704553
2005-09-13,-0.6540987855680961,-0.3647078991502502,-0.8703314532704822,-0.9422873938884009
2005-09-14,-0.48039186351918817,-1.2675912967561633,-0.6042703574749999,-1.069580036697738
2005-09-15,-0.1119757927453008,-0.15788847289119767,0.06689992636659155,-0.20772705904409383
2005-09-16,0.6372904163854743,0.5045191160295104,0.748576161755626,0.834830467739862
2005-09-19,-0.35684029835751374,-0.8359354385897247,-0.7939819547021657,-0.5465445551341667
2005-09-20,-0.9424940345083292,-0.5357032776735233,-0.8365901192374717,-1.512280330847196
2005-09-21,-1.0627631948477336,-1.2701798094206145,-1.0838668301405996,-1.7171809822814539
2005-09-22,0.2322238635712291,0.23069939284180294,0.3161639140036394,0.3806369638053534
2005-09-23,0.022315852979473826,0.19467912815910685,-0.04755406250484262,0.6745912383789775
2005-09-26,0.024656479903641518,-0.08090067182715238,0.15943816403195682,0.5018933906745878
2005-09-27,-0.07595732710447937,-0.31386786207757517,0.09238512635528648,-0.37037360741702274
2005-09-28,0.05784876602804762,-0.04227120732422754,0.13871602119597254,-0.477200895014348
2005-09-29,0.7574080344359133,1.2616449674406334,0.7253129106656812,1.248351998972471
2005-09-30,0.24505578417266394,0.5851989151395552,0.12062158454848676,0.18339747517426297
2005-10-03,-0.42260951190402746,0.17400605349778367,-0.3699693341306325,0.536834048864766
2005-10-04,-1.2666827470637787,-0.7963466367617524,-0.9992660207127335,-1.6050016494351702
2005-10-05,-1.443248691226207,-1.5115488142337754,-1.282654317500234,-2.476460294493256
2005-10-06,-0.48891067532268645,-1.4559669307240617,-0.39822743938032856,-0.6567234093217769
2005-10-07,0.2587096405321297,0.1361272648215059,0.0011631792457477974,0.5286194486131853
2005-10-10,-0.9295434113959966,-0.6681261677299651,-0.5802543682516152,-0.8827918673667529
2005-10-11,-0.22832915843223178,-0.6292362200699644,0.06598416905370885,-1.5198899571882083
2005-10-12,-0.8094860604481899,-1.2412626515939469,-0.35270341552845486,-1.3723910067130598
2005-10-13,-0.14772709221395486,0.68790958646052,-0.05767434741659408,0.3876446783441023
2005-10-14,0.9226533736550322,0.6150783155279294,0.6146711959711988,1.4180921968595923
2005-10-17,0.37133245054591085,0.26777469490419736,0.5725575681893726,0.026236685947631913
2005-10-18,-1.1188743167865582,-0.7659987888566139,-0.6060609446311802,-1.2621259348894391
2005-10-19,1.5215085312819063,1.8697963358131426,1.1619640324352534,1.8745214157671248
2005-10-20,-1.7966260201992377,-0.9812931969101228,-1.281510216874952,-1.5997166549038575
2005-10-21,0.2119127688779256,0.46890857827443444,-0.7829141692683446,0.895956801192052
2005-10-24,1.4017589604819607,1.4183878821973555,1.5077464752656315,1.9808111675329187
2005-10-25,-0.16615839171270902,-0.4222524083903299,-0.008662389348960187,-0.5968837835465561
2005-10-26,-0.3067391823787673,-0.5754391584068996,-0.36128693061670153,-0.9708220336998767
2005-10-27,-1.1796030683446004,-2.12933253343451,-1.182962853150296,-1.7624537463938583
2005-10-28,1.3260170893367056,0.627532621609196,1.572472225322095,1.3744007074950788
2005-10-31,0.32302454722782953,1.405192790200048,0.44294732586295993,0.9968199107541288
2005-11-01,0.1942265285550519,-0.17636596289047918,-0.38483467186943876,0.5937514069013105
2005-11-02,0.9672560372186453,1.2019708011688537,0.538403464770113,1.7316114310511161
2005-11-03,0.3781093904758601,1.3844897298931644,0.4365423578581578,0.090742026862058
2005-11-04,-0.1933074674931114,0.26740487894270415,0.043964090337074796,-0.1722149883663173
2005-11-07,0.007689527225952342,0.0510380667671531,0.4678283200717941,0.2455416125442356
2005-11-08,-0.04519053849098972,-0.02147894568104406,-0.44331653998141785,-0.37600023731765747
2005-11-09,0.04148781500563618,-0.05711640064726736,-0.031577490316119575,0.12740805414249362
2005-11-10,0.702644253427309,0.9825717903457326,0.8327389741195597,0.6254915627460472
2005-11-11,0.3154609037891125,0.21878573359490114,0.43765500095675963,0.5433702338029464
2005-11-14,-0.10315774516941184,-0.04519948155661666,0.07542043846945358,-0.37594204669836956
2005-11-15,-0.4223825297427327,-0.553554981802785,-0.13486724433823255,-1.5034024055067632
2005-11-16,0.1473422415792568,0.5422851950568551,-0.14123703722152153,-0.25258164315245896
2005-11-17,0.8213744734400493,1.2024497968733328,0.33810670655573366,1.454303065400804
2005-11-18,0.31379499509820075,0.23890541352744635,0.3593600046671589,0.5906580828202187
2005-11-21,0.46838489314646686,0.165388638352224,0.4776253742108091,1.0340704874045115
2005-11-22,0.39276046375365614,0.29753171644645116,0.45135489826903613,0.32280207090779933
2005-11-23,0.5486701783659842,0.17705300336930568,0.39799397310653417,0.31586810868172954
2005-11-25,0.05054952072246346,0.15465266298976607,0.11653518449558116,-0.006128491460773607
2005-11-28,-0.7800324051810128,-0.9345109186259568,-0.42238204742947366,-1.5683831454095238
2005-11-29,-0.18473178246373675,-0.5612665397129124,-0.07190522026330949,0.13193566940960028
2005-11-30,-0.6201958071082673,-0.3413034853078065,-0.8096352009637396,0.2903456479355524
2005-12-01,0.8721196783801363,1.6781092237924864,0.8599094384769286,1.6970238708068563
2005-12-02,0.08287421153786362,0.16141088615292581,-0.3228490984787202,0.15568047236375776
2005-12-05,-0.2544918620029886,-0.82912437404885,-0.4848455951429337,-0.7622048117599993
2005-12-06,0.08832521048394333,0.21264650470585414,0.13361083426676512,0.03762157988284523
2005-12-07,-0.6579370860568112,-0.2886484313976392,-0.46641392909019036,-0.5338410443782567
2005-12-08,-0.1800228381998603,-0.8355427459749469,-0.6011647489156332,0.10229487872890151
2005-12-09,0.17973068315852964,0.25565273970560026,0.1277819598346786,0.3970506660804582
2005-12-12,0.0350856889678161,0.24759881597920524,-0.13736279386746345,0.12627734982875596
2005-12-13,0.5924538644060862,0.3169836236185961,0.4461862429832086,0.0255299127072552
2005-12-14,0.3769698047164501,-0.40342587537780106,0.5396693251219162,0.12104207206948414
2005-12-15,-0.3003901518965851,0.12170700875233148,-0.017991760378989394,-1.1204432377548015
2005-12-16,-0.40077087564459674,-0.7833862658899058,-0.09883235107123076,-0.36676385415150337
2005-12-19,-0.5909373895026978,-1.6732959549188149,-0.4058036366384856,-1.359092192732032
2005-12-20,0.0607802741315708,0.0003122801006615744,-0.31668420036505274,-0.3000927966973205
2005-12-21,0.06458858749641408,0.3049661424542779,0.17608950453523306,0.790851515557135
2005-12-22,0.43655841995041705,0.5348859275671587,0.4625781861908112,0.5795135207447605
2005-12-23,0.021754914063618694,-0.04306186531920691,-0.07096873286420731,0.4206045170448361
2005-12-27,-1.1007374368254141,-0.9835473096283989,-1.0408292555356768,-1.3905615688087793
2005-12-28,0.09832663330148707,-0.26320909158390665,0.06536086834167716,0.43487440434942237
2005-12-29,-0.5061500627920371,-0.7516507385120933,-0.1424092663905125,-0.5249582164385173
2005-12-30,-0.6068312787228635,-0.850401780971152,-0.6602975404460815,-0.7080478377086451
2006-01-03,1.6423906151247964,2.0789057177874137,1.1184210676678787,1.6113745603827156
2006-01-04,0.45689865250885436,0.9727025784362573,0.2991893307201361,0.703362831379054
2006-01-05,-0.01337968371152122,0.3361929238049782,-0.049207390837442716,0.1552278021360819
2006-01-06,0.7456071259398515,1.7005098189734908,0.6429553551669658,1.026643511813345
2006-01-09,0.1889863511087737,0.316904815803397,0.4452360955289051,0.7440716588937055
2006-01-10,0.048857577085610844,0.017961945168345525,-0.028747427158595528,0.6911910637517523
2006-01-11,0.2431137673967665,0.6754159694652082,0.22903995647879322,0.10360761512801478
2006-01-12,-0.45188935357847076,-0.573653849531528,-0.7698077334840993,-0.6074529159644446
2006-01-13,-0.20517063846456057,-0.1742048596177056,-0.13802049489591542,0.01917017822764175
2006-01-17,-0.35403302066802267,-0.7710809429059842,-0.6337545729220787,-0.6271020419962073
2006-01-18,-0.4803711335134938,-1.2694234401029167,-0.46779767509598474,-0.02710685349851362
2006-01-19,0.30425903385801994,0.6043321394488689,0.17201638874973704,1.218252617100017
2006-01-20,-1.9218512814400608,-3.153759289609203,-2.030752980093492,-1.1583553911017435
2006-01-23,0.21084938443827766,-0.1571193218899519,0.0377512280835465,0.3806113286544075
2006-01-24,0.06507262216238315,0.3149339719034391,0.2061937098696267,1.4079066067099089
2006-01-25,-0.00688577786832148,-0.5518397750281878,-0.07947448434538484,0.009215770648405161
2006-01-26,0.5211636042376285,0.6319149975799103,0.8957452384421479,1.1958688891704679
2006-01-27,0.8899791013248073,1.2763777416528208,0.9143392635710331,0.5170130766188232
2006-01-30,-0.09094112628091813,0.16548854001375882,-0.06050159012025337,-0.3644189171375695
2006-01-31,-0.8202096705389451,-0.5374150181476756,-0.3921064595235514,-0.29432706996867647
2006-02-01,0.5770687138304347,0.24110337677501936,0.7452574242977515,0.8632872741035182
2006-02-02,-1.1721185812985881,-1.751476843693156,-0.9133619710775788,-1.2966743490315893
2006-02-03,-0.5965153734640087,-1.3571740880516874,-0.6279385612290532,-0.5109341431077556
2006-02-06,0.17896970876806745,-0.3916771454077544,-0.023146379524932384,0.7026755140781812
2006-02-07,-0.9450282062177533,-0.5542456651648797,-0.49692973150029984,-1.360107651009596
2006-02-08,0.8065667919869841,1.0269124526555857,0.9505144636867485,0.6253098318322833
2006-02-09,-0.18939043147779971,-0.9797069665710433,0.2428803687082461,-0.8372979612816527
2006-02-10,0.16705708424641993,0.5822993037682358,0.3237597213970336,-0.10968913957508308
2006-02-13,-0.2565508197905447,-1.237273272242951,-0.2799791056845557,-0.6600240490416115
2006-02-14,1.0104813172719256,0.939406622934771,1.1914092534462488,1.3036725946853256
2006-02-15,0.3472942375749996,0.5835299067198069,0.3105594382839685,0.6557760368038433
2006-02-16,0.6810887732349746,0.8435471990220343,0.5061265795285402,0.7926893400753529
2006-02-17,-0.3110048958234322,-0.8647423884100106,-0.07584067237700307,-0.1643733126240788
2006-02-21,-0.3013227539530652,-1.2017174791748546,-0.45658121940302693,-0.5799211588227553
2006-02-22,0.5499922030737198,1.144303914299666,0.5548105634699536,0.8190228156667223
2006-02-23,-0.21516778600029723,-0.3716222327322097,-0.6389861929833008,-0.2912442738816308
2006-02-24,0.15831033256774935,0.1517471140756008,-0.17655661616660867,0.8097740050490011
2006-02-27,-0.05071514058984676,0.971813307597488,0.244455967117558,0.23106820322020488
2006-02-28,-1.0409417362110256,-1.601373226771348,-0.9788259000660972,-1.3936478662833822
2006-03-01,0.7885910783104292,1.2576760780223057,0.4501123653171565,1.5122035385389299
2006-03-02,-0.08631109361314959,-0.042673545332588325,-0.3012075113308001,-0.26717783121083105
2006-03-03,-0.5363760976637425,-0.6813965922355996,-0.11022022847436792,-0.40591213236691237
2006-03-06,-0.5330950265873801,-0.9670667638419537,-0.6093696403050936,-0.7195135644991383
2006-03-07,-0.2422322398676353,-0.6912088063680532,0.12406025999422708,-1.536295275688612
2006-03-08,0.1926799349852148,-0.011524031524394587,0.23514066101560568,0.12194105876097422
2006-03-09,-0.7449267336675788,-0.9399516467656516,-0.3512893821198124,-0.566065764806869
2006-03-10,0.8579667939282818,-0.004262224687942878,0.888487398843406,1.1011383524003142
2006-03-13,0.2052658828349077,0.2718515806698741,0.029567559334630518,0.27864721714775637
2006-03-14,0.9710996674612298,1.5749252080361942,0.613571396414189,1.0611825328371225
2006-03-15,0.39005233853801224,0.757885341123594,0.4842075404694396,0.8838344132209959
2006-03-16,0.14621829339222195,-0.9157783960165009,0.3508538426940703,0.15929345449176838
2006-03-17,0.08680636507661665,0.23328385978292343,0.23997909567874612,0.14706365486676415
2006-03-20,-0.2258096430677538,0.14788975476729418,-0.07817884860454857,-0.1331831561783898
2006-03-21,-0.7218911873102373,-1.1597247864001268,-0.40636491834548655,-1.4954464052102874
2006-03-22,0.5497351965394781,0.16936103832530086,0.6871089779187151,1.0717811475240162
2006-03-23,-0.24407584344159458,-0.35213474306399195,-0.4209660744142826,0.21061178141684042
2006-03-24,-0.016854992255365617,0.38839913257844594,-0.0029074540723204034,0.8709582724816307
2006-03-27,-0.2386280672494165,-0.09810641679680573,-0.3230449569288419,0.09077678420385618
2006-03-28,-0.7024257301135113,-0.5189228515066332,-0.9242377748069812,-0.41465709707034815
2006-03-29,0.49218089350447797,1.7227875242126318,0.42665713699582064,1.7586293595510019
2006-03-30,-0.2853919529546235,0.1852844292767215,-0.6360895160361497,-0.3459873180224685
2006-03-31,-0.07899125024688396,-0.39771809229986027,-0.47816247708166165,0.37655990610398643
2006-04-03,-0.1692139559911966,-0.012515715401122396,0.22682869870641267,-0.6550020534065515
2006-04-04,0.597410745717755,0.46523454180647195,0.5243772588260982,0.2680460940361154
2006-04-05,0.30716436009176046,0.8972793402283147,0.2958437166983414,0.13281859282242914
2006-04-06,-0.18358422491040388,0.19122555468481017,-0.25611127273357936,0.06286044991024557
2006-04-07,-1.127902257377287,-1.072871085971372,-0.9502028626626884,-1.5094582930842606
2006-04-10,0.03981312277922815,-0.27031116488836954,0.09891330136425808,-0.5297423037551929
2006-04-11,-0.8948995795473293,-0.8790076193709311,-0.48567699608390424,-1.4976908219226148
2006-04-12,0.08745004729475397,-0.08322570462566833,0.2983743711903977,0.7860167979188573
2006-04-13,-0.20086664261201181,0.3288933940303608,0.0400907325900518,0.3047854130344391
2006-04-17,-0.12473017246663932,-1.147958595612895,-0.6223518331593386,-0.3571436885362428
2006-04-18,1.5194959714331817,1.8098195222490359,1.6639587806632188,2.868564393785795
2006-04-19,0.18487522518824195,0.3813353721032576,0.13313850695030244,0.9675742958844887
2006-04-20,0.07060681633089336,-0.4293262558245748,0.5061982332819319,-0.4995343980269763
2006-04-21,0.02431678055212954,-1.2100983685701263,0.07135925461185341,-0.22591669251960658
2006-04-24,-0.2100062378754136,-0.1510366229315733,-0.12556647277074184,-0.7890678994782359
2006-04-25,-0.48726839838385066,-0.32656961117010685,-0.5174884274905404,-0.4138135668991479
2006-04-26,-0.09606903431751512,-0.15058121540855268,0.5341892653100055,0.5117249722760596
2006-04-27,0.4409958867064811,0.893030589424001,0.25944931418178335,-0.5866459751604504
2006-04-28,0.29185278584598395,-1.0286571078518896,-0.1682119531907192,0.7284468326829774
2006-05-01,-0.870938165118506,-1.0770363929547897,-0.288517087987242,-0.9194000085455618
2006-05-02,0.6811118727879772,0.14229309672779783,0.6168246491760073,1.160822478038322
2006-05-03,-0.39739012756170716,-0.19202513389338605,-0.1466561786164617,-0.03886312802640261
2006-05-04,0.27150461416091376,0.7053700881717171,0.2803106497407012,0.9517050732559571
2006-05-05,0.8021325427433602,0.6987404994628927,1.164160583372434,0.9485934444117481
2006-05-08,-0.10359288026359825,0.08709214724535949,0.10567235688514023,-0.0507158138944175
2006-05-09,0.12167205957905655,-0.4535330774144849,0.42571696985986696,-0.026280253301191228
2006-05-10,-0.06897739846626433,-0.9223399214263123,0.030838751271675447,-0.6265004645414297
2006-05-11,-1.2420825210031246,-2.3193961093609845,-1.2494663612451835,-2.128734222673123
2006-05-12,-1.412280767722295,-1.49767761470273,-1.1487824177728085,-2.231727264202822
2006-05-15,0.06727243729302171,-0.23930597136042445,0.32468510791145766,-0.6480583846330836
2006-05-16,-0.1811467672138282,-0.8056086837497276,-0.07672837682229648,-0.12678581302483516
2006-05-17,-1.9856691545710154,-1.447611164871984,-1.9457729345974402,-1.5663047405683943
2006-05-18,-0.7250466368609498,-0.9139541045269,-0.879329904738597,-1.2570172681849616
2006-05-19,0.6126431799803939,0.6387195973592763,0.06805833569959377,0.9828563460042025
2006-05-22,-0.8466164444248941,-1.0933840060522166,-0.2431921354247908,-0.5334403526242841
2006-05-23,-0.8359144752481011,-1.0820825531051692,-0.2785602134992962,-1.6772952101664025
2006-05-24,0.7389483692344576,0.6079385140210358,0.15308407995303253,0.9996718028404492
2006-05-25,1.1510619319842397,1.207218684990996,0.7646927834267333,1.8492137752707434
2006-05-26,0.4782536469902058,0.24207807319155777,0.5745660540297645,0.15519090666918442
2006-05-30,-1.796293387671301,-2.223751084912186,-1.64472338167409,-2.5209796903643467
2006-05-31,0.9631220039981501,0.3086276895855703,0.5223626456513958,1.0576529856629466
2006-06-01,0.9307930884120966,2.2645081331704895,0.8085534769139375,2.3793883901505053
2006-06-02,0.11013355170682418,-0.3716896357136612,-0.16667590581766406,0.1379793217232798
2006-06-05,-1.5019357329741438,-2.2600327615318534,-1.8406025511910273,-3.0596133063845983
2006-06-06,-0.36371236493258985,-0.24933385677597905,-0.5656882683245787,-0.5001349248723825
2006-06-07,-0.8816588622472568,-0.9201608075616743,-0.7455935160828341,-0.8330482527079386
2006-06-08,-0.20102070856677706,-0.2905705776306836,-0.016189367404980434,0.21119908442277835
2006-06-09,-0.3902144775399157,-0.7478162886500661,-0.46651926184988274,-0.7444945492015128
2006-06-12,-1.161248488075691,-2.0855446765878236,-0.9818084199071682,-2.2857976301973717
2006-06-13,-1.2440147203472525,-0.5176773769619156,-0.8740063951928624,-1.7965558066894196
2006-06-14,0.6110786726557117,0.8524042845456754,0.9292359790466277,0.5965877231208838
2006-06-15,2.0719100886674395,2.649352233683939,1.8376745778804915,3.6239632856951833
2006-06-16,-0.7425630732107322,-0.7588000726971151,0.00814303422800295,-1.3691331111069085
2006-06-19,-0.8179449797404936,-0.8526237759483928,-0.6665067641146424,-1.7969719863148221
2006-06-20,0.23425160647394067,0.03789315100264086,0.2201945149224846,-0.35323640231003517
2006-06-21,0.6877158598764607,1.4901084334663557,0.9198091924120559,1.5925012385397352
2006-06-22,-0.513064388359553,-1.352306530556151,-0.5655946510033196,-0.3566453292780561
2006-06-23,-0.05080785114161599,-0.18151683832265564,-0.3443488798448163,0.14157257672321763
2006-06-26,0.332030542530918,0.12455632236412015,0.4364841266255136,1.2429317800921498
2006-06-27,-0.9156192849249911,-1.9879777497194044,-1.1174495982129975,-1.9311395791023858
2006-06-28,0.6143686187979638,0.634400239163283,0.35898522196668753,0.4978366445614603
2006-06-29,1.9381794385699815,2.8817433375528005,1.9240243025150723,3.4960901534453432
2006-06-30,-0.052293505793966806,-0.5285831050238997,-0.337741711619489,0.6290600643116346
2006-07-03,0.387388839008536,0.5115500167827212,0.6098854899043152,1.116129134436965
2006-07-05,-0.609242111788215,-2.286682535019042,-0.6784010641137044,-1.1865365766495466
2006-07-06,0.26634250099265944,-0.17275757143395643,0.604334222576567,0.34009352912282204
2006-07-07,-0.6804527942097252,-1.1924926648619687,-1.1912717339229493,-1.3655084116021874
2006-07-10,0.07636585618098228,-1.0202223589394608,-0.0189951978523116,0.12847618560604104
2006-07-11,0.4070853532863954,0.6418143157364233,0.2535919159441006,0.6936770721674811
2006-07-12,-1.1422881058772847,-2.017625714377116,-1.145046656494049,-1.7307051177273773
2006-07-13,-1.7277865568315094,-1.813660070388188,-1.6244508071036747,-2.309284899055704
2006-07-14,-0.5509808672606691,-1.2155901455539602,-1.124160232968369,-0.4894955523488791
2006-07-17,-0.2663958401157955,0.0870976852097243,-0.05023332668398421,-0.4675537572852987
2006-07-18,0.43472243070465477,0.20613069435655357,0.4469430240536706,1.0893716667993691
2006-07-19,1.3268803898467583,1.228600110678551,1.9165474725941491,2.2956780345797103
2006-07-20,-0.6413782320645105,-1.4729124780979361,-0.6659656629721057,-2.2478481683127782
2006-07-21,-0.7438858805060079,-1.113681407660399,-0.6102228829616059,-1.627172160284647
2006-07-24,1.704352334660574,1.83946735582339,1.591689659227889,2.5004044434518184
2006-07-25,0.3498344573294463,0.5384178603990017,0.5061228020133235,0.6609473455069457
2006-07-26,0.09531770460546524,-0.13937836662661396,-0.03652261718137566,-0.17318846822181425
2006-07-27,-0.146848758529306,-0.7337318985285793,-0.06798044722952376,-1.1641147657081603
2006-07-28,0.9641756989735941,1.996052644808472,1.041933420805364,2.1598475372255086
2006-07-31,-0.1909956946066492,-0.11969729576926813,-0.3330731517338955,-0.1717500959138332
2006-08-01,-0.5653066917425099,-1.7656376228264068,-0.6128407552570079,-1.3296957463615615
2006-08-02,0.6334206561432741,1.026306917911061,0.6138862831590209,0.8926087233358145
2006-08-03,0.19852100867046557,0.5175940292644096,0.3552568698853039,0.9256974646659708
2006-08-04,-0.24236569786528256,-0.5357546887169069,-0.061368873085550654,-0.3187647039421254
2006-08-07,-0.2414087808202989,-0.718996382546843,-0.21833157483852159,-0.6584240919469354
2006-08-08,-0.4809229763475134,-0.7166825471918062,-0.45580201071231313,-1.4106728921637939
2006-08-09,-0.4150460760180354,0.029219924750608,-0.9384420224999288,-0.6835540003447721
2006-08-10,0.15158513849593602,0.5378186595591347,0.28789662375949654,0.4008160256664095
2006-08-11,-0.351148415522069,-0.8061808343537964,-0.3572419502683151,-0.8705039417179
2006-08-14,0.020498320088665957,0.5766285083822354,0.031317473794906084,0.35701132812555125
2006-08-15,1.0838028517630487,2.3755457359283025,1.1202103626069773,2.132468098096683
2006-08-16,0.8331374530227635,2.243316269761469,0.8450909274158402,1.1273770297041352
2006-08-17,0.12528279171946002,0.34308466011688454,0.04077126124284529,0.34371143914319596
2006-08-18,0.4325256857435861,0.08669744244193164,0.34326912497107076,-0.07378259082152341
2006-08-21,-0.4472651366950718,-1.0143416897404072,-0.3343731623171544,-0.6506830182988522
2006-08-22,-0.08130997405132157,-0.07590579267121902,-0.10869917633784815,0.079619563366718
2006-08-23,-0.36008782116068955,-0.8692722576160787,-0.42763672388183355,-1.0696035757861493
2006-08-24,-0.14144792107336993,0.19454540324396297,0.0017799901427281647,-0.20210191031675034
2006-08-25,0.03037987378913072,0.06970185899480749,-0.23447199283706238,-0.1262636977317803
2006-08-28,0.3936588731524767,0.6548805907632476,0.5239243568139997,1.0490399500181857
2006-08-29,0.05555942247582336,0.22435201740217708,0.13387896002144065,1.2286447260582902
2006-08-30,-0.020064132533211765,0.37196996612801003,0.058966681297195525,0.6438792112967102
2006-08-31,-0.0887259563486854,-0.19713115631129605,-0.060221618133577154,-0.16855495422621483
2006-09-01,0.5397406942013832,0.46058419471735634,0.6846653083222634,0.26161030388879136
2006-09-05,0.17013649999620178,0.9194792276899956,0.05033858336541537,0.7056346632566294
2006-09-06,-0.9997286119242936,-2.136166148604315,-0.6384212654184039,-1.9993874246144647
2006-09-07,-0.49077318451926616,-0.5571429717578575,-0.6880754356585213,-0.8047866989245045
2006-09-08,0.16176074774998794,0.4754787280306276,0.4327082515168433,0.22822408905843122
2006-09-11,0.04136489691044503,0.5352674566496852,0.027604738889099693,0.09973371319968624
2006-09-12,0.888680489898565,1.7438590369328766,0.8203082886828846,2.1528611693574895
2006-09-13,0.32676929258392007,0.6224411300848346,0.35775145869240726,0.6609298484459694
2006-09-14,-0.03442587346445919,0.017118304555810294,-0.16730311975997858,-0.503906541117101
2006-09-15,0.16830378096741946,0.26945974202952755,0.22831220407313674,0.39719155591682315
2006-09-18,0.06522379329042538,-0.09089439959060995,-0.09262818311996396,-0.22288634471049704
2006-09-19,-0.3086621337182172,-0.7360711011081127,-0.17661827505537983,-0.5563844396656801
2006-09-20,0.46798170229643504,1.3505329082184099,0.578814124944914,1.2209518417134002
2006-09-21,-0.5728724533102053,-0.7177341072650959,-0.7274945532909024,-1.0215139903105361
2006-09-22,-0.3894117077715223,-0.8715445527245474,-0.31006110326193087,-1.2063418088956515
2006-09-25,0.7084279571580806,1.6441490255729225,0.54475568017715,1.295383804583793
2006-09-26,0.7269581423463293,0.38122535707377253,0.7480086248990371,0.12447330669123785
2006-09-27,0.13639409800907012,-0.13576038606877805,0.18584770316368157,0.45241708367331945
2006-09-28,-0.1035901004135722,0.18359346335340293,0.19917464867896711,-0.32018777708604773
2006-09-29,-0.14078092804829395,-0.5196482524543553,-0.35871444661502516,-1.11261399974091
2006-10-02,-0.4362691090624521,-1.3416071613015212,-0.14092191741568869,-0.72512501821825
2006-10-03,0.15919779713641605,0.3336260759406803,0.45562900497555103,-0.08597091344361756
2006-10-04,1.1131761909583802,2.3540084605513036,1.0386079205899426,1.9453448380464302
2006-10-05,0.1154983540691476,0.4150557252023816,0.10384656285312711,1.0459152824217877
2006-10-06,-0.20297421131172885,-0.2947195993553411,-0.2035001465734053,-0.41746027492277693
2006-10-09,0.003985600330192497,0.2513902284784643,0.018767456856429686,0.6168700091862
2006-10-10,0.03833658639360303,0.05702518434100218,0.015739888713155792,-0.14000841643778772
2006-10-11,-0.17200387545587367,-0.2726162539757097,-0.16660587502932578,-0.6450804050892521
2006-10-12,0.7935662865276915,1.5550251496393128,0.748453303123505,1.8595552834875855
2006-10-13,0.17370991591420165,0.3793793588515087,0.06858931252918468,0.7282836262803754
2006-10-16,0.08915372722675309,-0.03360061448793937,0.11107389096220768,0.7451251710492222
2006-10-17,-0.37420439718666665,-1.1552443930133105,-0.29685485983185655,-0.47723351663637453
2006-10-18,0.08783907664702223,-0.5620116152880118,0.3159568815591218,-0.2394047812267181
2006-10-19,0.14048482036894047,0.17347892437581244,0.16059616583402828,0.46367510823308644
2006-10-20,-0.055088280610415805,0.1421344861795677,-0.12925283228434148,-0.7353112330776178
2006-10-23,0.3947400994695215,0.9290836712372238,0.8974718512214814,0.19352488331510248
2006-10-24,0.2571328491201616,-0.7536692649734421,0.10451156386167702,-0.1788564561001656
2006-10-25,0.319561847529609,0.6754782540817031,0.020096041440768708,0.3384823142095448
2006-10-26,0.22088022157142986,0.7837233650746003,0.16549892870603478,0.9604236775703449
2006-10-27,-0.7221370753642317,-1.5444893535251245,-0.669258609754132,-1.3761508793586061
2006-10-30,-0.12171403779779771,0.5553733095018046,-0.0876378564870853,0.6457639204866618
2006-10-31,-0.14362859320509844,0.0891909820975969,-0.12674462301312353,-0.7239958813237444
2006-11-01,-0.7362064218311939,-1.4474158092927787,-0.4560615518577895,-1.638339402496501
2006-11-02,-0.11832692579494306,0.015585928456453513,-0.15077300037657845,-0.6182775015059168
2006-11-03,-0.26664730698562783,-0.37180659265720684,-0.3330008931450209,0.31436102699348245
2006-11-06,1.0170860603924365,1.3227435517410546,0.9067089355727833,1.3900055344928444
2006-11-07,0.3642807077735678,0.6192609464933491,0.4281297457608732,-0.01654323861078332
2006-11-08,0.17633920953317936,0.408941801630059,0.13621689271350673,0.9765164572757211
2006-11-09,-0.6212612681657979,-0.6340972313743778,-0.67232325311095,-1.1620072601564495
2006-11-10,-0.039566753469981564,0.42537277978522947,-0.0347439217190474,0.9814766767091666
2006-11-13,0.12749811361186142,0.8639961392787999,0.1176067129221609,0.3735474389270683
2006-11-14,0.6714157320338952,0.9845994196925797,0.6596823172175993,1.780363452077977
2006-11-15,0.2283237025367379,0.3412763366030981,0.24575746685256267,0.7576013193822142
2006-11-16,0.20639704778238216,0.3555548962834915,0.4049327977082272,-0.19455242207774587
2006-11-17,-0.004458656438511448,-0.05582237929066681,0.2902077866934744,-0.06640724969622973
2006-11-20,-0.000653894826968586,0.14223038477200636,-0.23806193315866245,-0.020073420553453375
2006-11-21,0.007814475113343475,0.029308185431064407,-0.04016680123998205,0.15787845151589155
2006-11-22,0.12673607842797474,0.5245757758207704,-0.010638371716522238,-0.020713010064392752
2006-11-24,-0.4842372219884691,-0.28073319784477074,-0.4404610916872904,-0.27194722151294465
2006-11-27,-1.4945385078476519,-2.362176473243208,-1.385474908211091,-2.5728099847260038
2006-11-28,0.3399414596636602,0.12881819014410903,0.02829040559061828,0.4741441723353119
2006-11-29,0.958403371387704,0.5600988386517752,0.6842464410680849,1.1041537504149637
2006-11-30,0.03289484191870169,-0.13351459078386888,-0.050039333946407576,0.05155772251502075
2006-12-01,-0.2850131734300879,-0.969291250207296,-0.28667156124843357,-0.5968741108937193
2006-12-04,0.7074781985939093,1.2731295769389626,0.6850509889990459,1.7833019325819273
2006-12-05,0.3540261576373384,0.25876247412786657,0.3550173431963131,0.11758401795703771
2006-12-06,-0.10388586269308621,-0.4071038821966523,-0.19682367957710048,-0.4161168380465276
2006-12-07,-0.5065149962225313,-1.367854880927226,-0.31398235269079516,-0.6601215220528761
2006-12-08,0.12769176919730496,0.3625694513712666,0.1937598025696216,0.21045516598349534
2006-12-11,0.21766416431650867,0.26347431024083035,0.13379451796527891,0.19254610518001897
2006-12-12,-0.13838711981717253,-0.6719127266719942,-0.15182835296992314,-0.4823647737784608
2006-12-13,0.05612366162679653,0.09873210739404933,-0.03032140131671171,0.0946801883399947
2006-12-14,0.7973908623905306,1.0000736411201627,0.7438174142903862,0.5256761964351175
2006-12-15,-0.013964103317267381,0.20292627061889296,0.22800881328385503,-0.09949602599426063
2006-12-18,-0.34196445916354057,-1.0680770877305172,-0.07478836557044152,-1.3342731428880856
2006-12-19,0.16358236470033571,-0.3651614114735198,0.22496903978621385,0.003424234679697949
2006-12-20,-0.1065169017295843,-0.44366476353335277,-0.08973958934796368,0.3717986801162082
2006-12-21,-0.44143682277677326,-0.8177912117302034,-0.4001186140770141,-0.46441988906985154
2006-12-22,-0.6852774388585636,-1.1502614201937622,-0.6864068154642959,-0.2837285196917818
2006-12-26,0.48598140331293593,0.28416213937085105,0.4348029020538188,1.1371485400167505
2006-12-27,0.6156094229739226,0.4226427032561511,0.8115197671313374,1.2260465424372926
2006-12-28,-0.22449330267218942,-0.534887079453893,-0.06251576772095375,-0.36949283853514897
2006-12-29,-0.4669158330614375,0.01905668573779276,-0.3462305595288847,-1.0042001137540455
2007-01-03,-0.27947769176368736,0.07213804225172274,0.021688807824153458,0.18960690978172878
2007-01-04,0.11263263609461212,1.785234409105632,-0.0037464618292875895,-0.17391927499257653
2007-01-05,-0.9214095950451482,-0.5875173743377152,-0.7437831881183474,-1.8270627727542885
2007-01-08,0.35088150066778223,-0.026533482679701945,0.11358802390456155,-0.16149254915884279
2007-01-09,-0.13453860181466842,0.42693023557366105,-0.09692788291542045,0.3647035355617426
2007-01-10,0.21716193754180044,1.0391883941692104,0.12433108946050128,-0.2988756312787363
2007-01-11,0.36516346122618026,0.9433474494111853,0.5363113682929153,1.1880912741745577
2007-01-12,0.6743740422224083,0.4331980054826718,0.2861540755460528,0.7123972101025129
2007-01-16,-0.22349914057566478,-0.12367637002078721,0.17236645788301957,-0.4480518842845288
2007-01-17,-0.013569801016880038,-0.9059836250872206,-0.06588363603238044,-0.5274919322315369
2007-01-18,-0.37062420895524584,-1.9223543093081996,-0.10875623583265027,-1.148141968198677
2007-01-19,0.18880107397578583,0.13747525358719725,-0.025366919846747386,0.7106599576665107
2007-01-22,-0.4059401569104195,-1.2265534925846509,-0.7790797954055186,-0.7919721447362521
2007-01-23,0.2290645060213724,-0.3727334671167073,0.366947363455145,0.7022234768724835
2007-01-24,0.7663646281501086,1.543814534287166,0.6901481112697607,1.05578479455475
2007-01-25,-1.2392712492641103,-1.3756135821794415,-0.9750679601673666,-1.2629529369503378
2007-01-26,-0.18904720100856015,-0.484153843461538,-0.2281760509964546,0.3503999253940544
2007-01-29,-0.15830988796363527,-0.017505575588074695,-0.024712167547259446,0.8257360739333803
2007-01-30,0.43326932079317704,-0.06930840610114455,0.20734944610514378,1.1185433614152498
2007-01-31,0.6365286592974816,0.9280436553737843,0.7502919109466549,-0.26214268346343755
2007-02-01,0.5924690065179014,-0.16377569845898432,0.42845838131612474,0.9739565291099829
2007-02-02,0.09762042259942835,0.2613204487105291,-0.20146964801422634,-0.05909685638501727
2007-02-05,-0.05018437361295522,-0.21376257975268298,-0.008334066271816765,-0.12155115548988366
2007-02-06,-0.03389861563373506,-0.25178925567848826,-0.007898078918031903,0.3504532301802751
2007-02-07,0.15033377460106967,0.8310459074786317,-0.046196432927621045,1.0611520011905957
2007-02-08,-0.2417740613416513,-0.15289954081363571,-0.3133820516003327,-0.3962380362149049
2007-02-09,-0.8171648825710283,-1.4786595847486854,-0.511589357295622,-1.1342718489810732
2007-02-12,-0.4108981875541309,-0.4157511952038143,-0.2759058909956367,-0.21759021279417656
2007-02-13,0.7423631904825608,0.2487698763330455,0.7499436265185265,0.7409293725702579
2007-02-14,0.6559589836720029,1.6350785870793492,0.7006235325784458,0.01983897782607693
2007-02-15,0.0763105568507714,0.5116617389435115,0.15942892767292963,-0.2272330680086807
2007-02-16,-0.13003915106007322,-0.4021355662421123,-0.03878654532970032,0.3351413597798143
2007-02-20,0.13929523525660406,0.673241811344684,0.09547362422856953,0.7276055820515914
2007-02-21,-0.12833305523938893,0.20028559128357337,-0.43399100058043094,0.03819754503185244
2007-02-22,-0.17635255246076115,0.3877844641656093,-0.5069002739281974,0.22039461962085186
2007-02-23,-0.5159485084593678,-0.501651516577827,-0.412569815691364,-0.599622134060697
2007-02-26,-0.17169419110453082,-0.5957097284979777,-0.18208307227280277,-0.32863811855365477
2007-02-27,-4.045636448338268,-4.283966527529304,-3.3969632005241484,-4.14284003921568
2007-02-28,0.7475592564894747,0.05894627677617914,0.19273423932661413,0.47804225494442
2007-03-01,-0.3176173827712033,-0.5440355257357171,-0.2828300557245801,-0.5083614975723867
2007-03-02,-1.3962727298163595,-1.6452877587997186,-1.057029437042966,-1.8371503332935966
2007-03-05,-1.0766556690776863,-0.9148161555389206,-0.618055606576138,-2.122615391210305
2007-03-06,1.5979586102528,1.5421886626235346,1.2451210233600882,2.2720660133662745
2007-03-07,-0.12229044276123759,-0.4367570944400796,-0.1251338152285249,-0.4981577035973739
2007-03-08,0.7975022674425245,0.5920149852205757,0.5069172037112638,0.9091578865043776
2007-03-09,-0.009889613355288082,-0.1707844977378473,0.098474336643674,0.6474616376556526
2007-03-12,0.08109912711886445,0.5513219313945281,0.29509447098407343,0.23958888196575542
2007-03-13,-2.023858444076613,-2.042846048063278,-2.013238512872583,-2.6118030275987745
2007-03-14,0.5622011518407102,1.278867450212235,0.3010036830784063,0.7888173613548466
2007-03-15,0.048982493965498794,-0.3489557392332089,0.17267711508984715,1.1156956301656533
2007-03-16,-0.3392834316505952,-0.1567599929393791,-0.45012695050088636,-0.8438939292240342
2007-03-19,1.122318368246106,0.9108358353557839,0.8853219287008923,1.2449263263214576
2007-03-20,0.5317791786743004,0.6614244165099857,0.5018292809084438,0.6810280430569852
2007-03-21,1.5869831043127094,1.8342748099301664,1.2566612991716966,1.7797008996713644
2007-03-22,-0.07911604010454308,-0.39552507322627856,0.11587229231452015,-0.20154733259606933
2007-03-23,0.10256944232505516,-0.3845861576187855,0.1216064529779986,0.17854508094282132
2007-03-26,-0.1799273432095743,0.33075488035294576,-0.12825510136593093,-0.2593248879431789
2007-03-27,-0.3326714721792019,-0.8172217983895642,-0.6416235404115452,-0.9022570418825885
2007-03-28,-0.8087734470505481,-1.178008562476676,-0.8720901942867475,-0.8201244361263743
2007-03-29,-0.009385268075867287,-0.040938787601863175,0.29160972806697255,0.26956360628196435
2007-03-30,-0.032079946515001206,-0.1781092124507546,0.034968182755284495,0.36517116074165523
2007-04-02,0.04578903261804805,0.05559846139389783,0.17873284009439777,-0.03642596662328586
2007-04-03,1.0207587797044695,1.2217058416227642,1.002847797437406,1.4094395086903813
2007-04-04,0.08572232053092825,0.36074750669153755,0.15909393429473212,-0.3656834583478718
2007-04-05,0.21507735973332057,0.4255913218066032,0.19829595474348716,-0.05998305992737539
2007-04-09,0.07135052687560585,-0.32413605962249836,0.02554811066575447,-0.007234404683246723
2007-04-10,0.06364788150585454,0.43753234314043793,-0.00911891326220051,0.21387138137883005
2007-04-11,-0.4971718153260021,-1.171312165627679,-0.7754170044209875,-0.9254568692184297
2007-04-12,0.365951982453344,0.6768137408282571,0.45533729852182464,0.544011339919015
2007-04-13,0.3940322881110154,0.10041475152975211,0.44920210857481074,0.5568047935522531
2007-04-16,0.9138407337295092,0.8631070131926118,0.8366178508648242,1.4770896433872376
2007-04-17,0.24065406848901214,0.16375410315410327,0.4050689238822514,-0.3194682119349606
2007-04-18,0.10132414158966202,-0.3832058752628032,0.23260518051058865,-0.6394434842523186
2007-04-19,-0.05960722441816779,0.25837380584479136,0.017265629408290087,-0.6970517050794396
2007-04-20,0.8575654321396331,0.4576462325421247,1.1362027038498734,1.0431008686555048
2007-04-23,-0.3735239757867139,0.1391205696891643,-0.29546445463074045,-0.04279680602677512
2007-04-24,-0.07453632360594596,0.3881451321915714,0.17761893602583412,-0.19401097119268718
2007-04-25,0.8486763192375721,1.2521681899081025,1.0180426160135307,0.39344458232312046
2007-04-26,0.09883510824247532,0.49722240827605124,0.1362904431637115,0.19951147238278394
2007-04-27,-0.16956908809164664,-0.03797811980237935,0.04991364001463741,-0.5574538802134171
2007-04-30,-0.8918659504015538,-1.389857323968452,-0.47591253059041927,-2.1317728567209406
2007-05-01,0.195608321479182,0.25476958652530496,0.5191468118897242,0.3678296143498407
2007-05-02,0.5173807692368765,0.5991570473968685,0.5594445497400679,1.0673938746467244
2007-05-03,0.4930696786127042,0.3058989142451339,0.19936553773531202,0.12395745928339971
2007-05-04,0.34665567357208055,0.016488804490178574,0.13699298616802205,0.4952657869931207
2007-05-07,-0.036649305289629584,-0.0970225586503369,0.31108913223391205,0.013098160225076247
2007-05-08,-0.17773395398059064,0.1383279264745814,-0.04159788804963037,-0.3221526642685563
2007-05-09,0.18856472610518368,0.1277585460085372,0.3502217145650294,-0.001010354084019921
2007-05-10,-1.0934355112413452,-1.433403519852052,-1.1291827675730612,-1.473479813607629
2007-05-11,0.7294253880254624,1.1324286672410582,0.7187490725005676,1.0301781401582513
2007-05-14,-0.26838773151662776,-0.769801394861658,0.1475123704296022,-0.6929237214547627
2007-05-15,-0.0002623762286084741,-0.821566227135044,0.26571659010589144,-0.9587403433374189
2007-05-16,0.6707613850961018,0.9325656597032175,0.7761006201459922,0.7476774269396844
2007-05-17,-0.25138967496936787,-0.5425467540308819,-0.09587575204752928,-0.8588093339951257
2007-05-18,0.8183931277830613,0.7517701749212244,0.5490559139686426,0.6323016877670388
2007-05-21,-0.09110282862494637,0.5703808180770206,-0.12775889290451758,0.8170614370430025
2007-05-22,-0.2034508299610212,-0.050811013248668824,-0.11677624385980742,0.7943521094280044
2007-05-23,-0.07022571322375312,-0.5685895478251718,-0.16185971072716737,-0.37893461655311905
2007-05-24,-0.9438741015674572,-1.5171748805216987,-0.6616537845373828,-1.3800164743104981
2007-05-25,0.33053710493991895,0.5093498543577308,0.4254837386727883,0.5804980432791662
2007-05-29,0.298111980705769,0.6869801907921255,0.08164493282326182,0.915147813057732
2007-05-30,0.723015746726552,0.7063259748067516,0.750215159747966,0.6119579265380304
2007-05-31,-0.10980468069801097,0.42209237410726275,-0.03035035956501423,-0.16977946140852876
2007-06-01,0.3988079113317382,-0.0357477265409845,0.2271561487090578,1.1632562705906582
2007-06-04,-0.0403325830219855,0.21899451740978215,0.01534490625564907,-0.0035515692408367196
2007-06-05,-0.46106811944624326,-0.10258034272982434,-0.635866181992397,-0.6339158528763347
2007-06-06,-1.200246492789676,-1.206881712173315,-1.0636248623806854,-1.1635658485153069
2007-06-07,-1.955901832209327,-1.7139776846023087,-1.597265358964945,-1.9489119829898394
2007-06-08,1.1181680055064698,1.0468174400017494,1.0516421866060668,1.1727934918947136
2007-06-11,0.1736054867648951,-0.22372362257432224,0.038291370865042064,-0.22454770531877288
2007-06-12,-1.1415125930229137,-0.675651516766227,-1.0260917957132059,-1.4064731275479707
2007-06-13,1.3326040305341904,0.9257433058004018,1.277787547692773,1.060361989491152
2007-06-14,0.668529269991378,0.6512083731761558,0.5796147662309106,0.45414156446273124
2007-06-15,0.5314439121282007,0.793767228169016,0.5987163387563625,1.792574389750723
2007-06-18,-0.19036939925798368,-0.0027899073113369782,-0.2338432355323775,-0.7355210146517115
2007-06-19,0.1913571718953194,-0.10292110858095768,0.11373038038517486,0.14423865528653573
2007-06-20,-1.4575577161859294,-1.0299725752367086,-1.1211136665572765,-1.669257587456696
2007-06-21,0.4016541390787379,0.7469698452072044,0.30220066673417784,0.263534138796813
2007-06-22,-1.0071801912059972,-1.021281622260198,-1.4086886478489031,-1.144610904283941
2007-06-25,-0.6341428052756155,-0.5938139704033903,-0.2254523501451912,-0.5218247360278943
2007-06-26,-1.1153700305530716,-0.6918796273229829,-0.14151198350721847,-0.7229808021601634
2007-06-27,1.3103521152882665,1.442762313386856,0.6457085289489066,1.7887256808307572
2007-06-28,-0.054026790685197806,-0.09256618660911266,-0.07994046028289697,0.06533998867306709
2007-06-29,-0.03003952465672044,0.0605179510919185,-0.16110685511627304,-0.805364782757372
2007-07-02,0.835121136216226,0.7641463917476262,0.8874249507323311,1.0779612831974668
2007-07-03,0.33311768881481923,0.5707196013371744,0.3072780262083234,0.23185644941919614
2007-07-05,-0.1599463822222844,0.6490410901822362,-0.12514539630128407,0.0445253468645103
2007-07-06,0.4101168976647125,0.29546868153959005,0.2570948402571116,0.10926312284775348
2007-07-09,-0.022685293752375053,0.0043028307796361825,0.2515131863857627,-0.06831110886694745
2007-07-10,-1.4271222552247473,-0.9211090311978527,-1.120810254654058,-1.9197703837627111
2007-07-11,0.5548648062751431,0.5381828614145279,0.447239694172493,0.2602629871052011
2007-07-12,1.5273554348204004,1.46769283753943,2.054763487568268,1.5453121886043115
2007-07-13,0.35344592184603685,0.7121573410452763,0.42522974287365023,0.021202487582355392
2007-07-16,-0.07139695520469189,-0.1476846072495652,0.26956439913893526,-0.9482273152498758
2007-07-17,-0.087633816859774,0.7142093371573462,0.13695982511380306,-0.03367707178092939
2007-07-18,-0.2915052782873377,-0.2148868391983656,-0.4444292968291737,-0.6462200814200255
2007-07-19,0.29810844876971143,0.20472319252392654,0.5064290540959601,0.3389512163212466
2007-07-20,-1.054357959205108,-0.6042521965589607,-1.0778295052930085,-1.907506934055983
2007-07-23,0.16729977967338125,-0.09997776218400073,0.5411248679844785,-0.25347255294431126
2007-07-24,-1.775652698032236,-1.5340550644845443,-1.6234711614109998,-2.935919119317225
2007-07-25,0.03823059682614269,-0.01544931081081577,0.3466035859653999,-0.3338412647085197
2007-07-26,-2.4490290758360627,-0.9212459223616429,-2.2888530282999255,-3.0999149477973935
2007-07-27,-2.252247585497764,-2.2704118652140144,-1.779780301163463,-2.5846454850210963
2007-07-30,1.3788523930138128,1.003878785152866,0.5748512628496433,1.3595694245823409
2007-07-31,-1.1521719296071802,-2.1940998570938652,-1.1256783960779517,-1.388184986944733
2007-08-01,0.39427980187277534,0.6244316597157514,1.0252060682658926,0.4772717647591007
2007-08-02,0.7763634772823408,0.8596281756554092,0.804107004159431,0.7232417178108851
2007-08-03,-2.634436682760034,-1.9441065086568976,-2.1219131048179736,-4.581875552150313
2007-08-06,1.4718412729196,0.980936298292046,1.9924053895078173,1.2994339040283296
2007-08-07,1.1101595608906318,0.7486440847999939,0.37697629786326503,0.7245045427329067
2007-08-08,1.3506090849420815,1.030758395854676,1.0608506806211682,2.473730869864117
2007-08-09,-3.0242695577270213,-2.420917386284791,-2.8856390937894014,-2.336276475036475
2007-08-10,-0.7366391997349877,-1.1738544773366115,-0.48311434264101105,2.1581244671445727
2007-08-13,0.2388103706420851,0.5265801307767802,-0.08051745522049603,-1.156031747229965
2007-08-14,-1.5465421446471448,-1.7890476347965123,-1.5927064579738215,-2.1595954559834474
2007-08-15,-1.5607621122472435,-2.0985953239842265,-1.4596331193463514,-1.4641008869500403
2007-08-16,0.6018897364290641,-1.160395947192656,-0.24094057582420159,2.849622811393424
2007-08-17,1.7654588634792014,1.7369381329464877,1.721291584336209,2.066917302871853
2007-08-20,0.027078429787279534,0.42802857698479096,0.41391724417096615,0.15342582035110133
2007-08-21,0.1339606375314751,0.9845148983817159,-0.2685613433121635,0.2754282160415385
2007-08-22,1.0568794966935018,1.236487314599293,0.9971377068074405,1.227527677628299
2007-08-23,-0.09714366711247517,-0.3143044003072189,0.008483702313754882,-1.4662255852039494
2007-08-24,1.1970868425115857,1.346940540906169,1.0436734093688085,1.1755932323983065
2007-08-27,-0.9699126316662198,-0.7181309238532433,-0.43459786547116985,-1.3124835218139663
2007-08-28,-2.3218812190555527,-2.5079418558469664,-2.192654403707418,-2.9118509874536995
2007-08-29,1.7516461029319204,2.6466937121674126,1.7082113595386437,2.455589768399548
2007-08-30,-0.28263633187064524,0.47010103892437405,-0.3320428524939011,-0.6504386633773299
2007-08-31,0.87793297294657,1.0179610769261291,0.7964825040562793,0.7699435847126617
2007-09-04,0.9787963380529471,1.5997673697581338,0.6760276859364396,1.0893161138669596
2007-09-05,-0.9256265052453476,-1.0847239869211498,-1.1168787586948996,-1.6550748588597988
2007-09-06,0.1164115292709592,-0.2135954938798876,0.31040751726325644,0.06679590217243891
2007-09-07,-1.4439073688326587,-1.9494970839611923,-1.8974492104542962,-1.917833093216904
2007-09-10,-0.3525607721838256,-0.24697526167174466,-0.06973352735777807,-1.156925339974906
2007-09-11,1.098032178505997,1.391092850566973,1.3502704536014898,1.6301040348553502
2007-09-12,0.23340465716747966,-0.004447067208076683,-0.10317209856815852,-1.0193323638878267
2007-09-13,0.66679025868014,0.43266086064451653,0.9407725743322047,0.3221838473383748
2007-09-14,-0.020396186890685786,0.03525392870367318,0.14965261541008196,0.322711843426785
2007-09-17,-0.6177552697913599,-0.9175302020876765,-0.3440892674038347,-0.8948291233945421
2007-09-18,2.835848244303643,2.403715203496188,2.4313597083394245,4.207457286016303
2007-09-19,0.6544308975887215,0.2727880165838508,0.6339713075756257,1.5428679879006013
2007-09-20,-0.7203825304920976,-0.3415171114068155,-0.37806529081631124,-1.1962598527398633
2007-09-21,0.18458354240325228,0.6055450508954766,0.3352784004970061,-0.08408760695328689
2007-09-24,-0.25305106432068347,0.39133829406262166,-0.4723076537089994,-0.8734059657810957
2007-09-25,-0.31402901991417165,0.8297354293381726,0.03923178265496734,-0.6920220404322888
2007-09-26,0.41708913614115334,0.38721418656933926,0.6659971322922535,0.7034657030555272
2007-09-27,0.5520240577424017,0.47869057957223926,0.2442561630726782,0.19409512034643997
2007-09-28,-0.37341831337503184,-0.3978375369267258,-0.1678609354856529,-1.0934606284515993
2007-10-01,1.0521454903379814,1.046330044064828,1.3233040704477956,2.444675906087164
2007-10-02,-0.16447722637979342,-0.01918009475096688,-0.2647142675091021,0.5468592609563228
2007-10-03,-0.2859039768377589,-0.7959496780723856,-0.6449923714898136,-0.35524142590221996
2007-10-04,0.08314947217710894,0.11156584656308739,-0.037302544655311395,0.11804980290278358
2007-10-05,1.1086392639535647,1.883869226701949,0.6013647420336212,1.7499405064221918
2007-10-08,-0.6091124593096744,0.5259198471449427,-0.21727904624538222,-0.7997356339921284
2007-10-09,0.8284306704443386,0.32464143154442154,0.7889639849353465,0.6481705661334034
2007-10-10,-0.16510975715315376,0.23592988124549982,-0.5964096419335908,-0.53470619563132
2007-10-11,-0.6009674441194977,-1.7451394975508945,-0.5741618657122,-1.1018519809476355
2007-10-12,0.501349899099619,1.5408287317784473,0.5015864617330219,0.5907047923883896
2007-10-15,-0.9375221487276864,-0.8838712109894158,-0.8094089629520003,-1.7146998229103678
2007-10-16,-0.9002475052014448,-0.5699478171603022,-0.6091324123860193,-1.0261489080237327
2007-10-17,0.17727916492232884,1.1494415167179843,-0.22826014134713712,-0.08398932968294383
2007-10-18,-0.480624974644315,0.3074578751470413,-0.11967311245089804,-0.5688933503910506
2007-10-19,-2.7551162090719608,-2.6249950833984057,-2.737811745851533,-3.140516498636704
2007-10-22,0.34188660299240126,0.9809667671463709,0.1074418081361859,0.8617060783018006
2007-10-23,0.7118029528536609,1.9411083455973213,0.7558135221385757,0.9534613003047823
2007-10-24,-0.24910661786892535,-0.8316124176315087,-0.033601301657323515,-1.2950304368843233
2007-10-25,0.2147829581693244,-1.3777774368963918,-0.048185954383744505,0.49284459603136604
2007-10-26,1.1305220242685967,1.5625606966057044,0.9335422037755079,1.5693919358565183
2007-10-29,0.29905840768035535,0.32797788108521103,0.45441760315406754,-0.3180461741141114
2007-10-30,-0.7191189504905171,0.14137829795430007,-0.5739304224298915,-0.9655584569253461
2007-10-31,0.8867680297663649,1.278094326282209,0.8842562549005136,1.3746722514523315
2007-11-01,-2.408534812709865,-1.9353985157618407,-2.638266157240382,-4.119565892822157
2007-11-02,-0.09561894435859722,0.5686059757034236,-0.020344415526671544,-0.643592892973547
2007-11-05,-0.869181764860021,-0.7640838478805034,-0.42791256868292926,-1.0821024062477373
2007-11-06,1.2338351626542459,1.029564591906164,0.7964261465305522,1.32849593999632
2007-11-07,-2.7898434344031715,-2.509690947322955,-2.6884090275432624,-3.2053163557099
2007-11-08,-0.7450378489768227,-3.3282750691617586,-0.48200990122807214,0.7114010608033094
2007-11-09,-1.4078276958309468,-3.4906159698991934,-1.7088152633438323,-0.599728114884745
2007-11-12,-1.0851662111529017,-2.7665834973433725,-0.5374928716187402,-0.7387229320114518
2007-11-13,2.973342944803007,3.911678911314687,2.432327149659408,3.173997442791334
2007-11-14,-0.23816415686496317,-1.3044331546061567,-0.5004231122494066,-0.35427127643016204
2007-11-15,-1.508947501895795,-0.6224741406803741,-1.0190213077045807,-1.4372095331871106
2007-11-16,0.0030653482728001946,0.7334056002871416,0.4037624552788507,-1.2318912673180396
2007-11-19,-1.4462985227141265,-1.1918830629791404,-1.6629392896200665,-2.3559132065637347
2007-11-20,0.4227873223851228,0.24183349470754986,0.21417210518221488,0.251252533665669
2007-11-21,-2.119928898214563,-1.2835449361940763,-1.6664928379769004,-1.8457319879813363
2007-11-27,0.9295814532416076,1.7778794144231391,1.508297597065829,-0.09269739013821571
2007-11-28,3.1705886384053517,3.0177446491516697,2.6162857636027375,4.1421911498785144
2007-11-29,0.08937030583753902,0.4806619721997443,0.21678488818292616,-0.7942987675273655
2007-11-30,0.9626878361651371,-0.8260060807397933,0.40922640100000923,0.0274473453946526
2007-12-03,-0.6305017355241112,-0.862104240100473,-0.43794385254723706,-1.2379734726402192
2007-12-04,-0.9892275343770793,-0.5588520940647607,-0.5661907905274909,-1.787358464483552
2007-12-05,1.5443986274656245,1.6468734084771866,1.4034708764815067,1.9940439822974267
2007-12-06,1.4140374035562202,1.4257851929350907,1.315161637539747,2.73609572286176
2007-12-07,-0.027976004105394206,-0.01900236356342115,0.04373227932588465,-0.31981682145794715
2007-12-10,0.7330211979040911,0.3297274940638485,0.7067598509937227,1.5084331733925163
2007-12-11,-2.811651273393683,-2.4079480689139894,-2.178676408807118,-3.7416925954704463
2007-12-12,0.7923281912263033,0.7043679659800884,0.15079440288122806,0.45187048848110223
2007-12-13,-0.2699364785429345,-0.6274262248569055,0.27814302616582837,-0.5362813962134714
2007-12-14,-1.3102556988565794,-1.106142988399856,-1.3319974538627528,-2.3381801400785425
2007-12-17,-1.585513557226434,-2.6077708109488045,-1.4347003214689285,-1.5076692458246685
2007-12-18,0.42472421084686257,0.16577799027358395,0.3802250054725302,1.6918203124100628
2007-12-19,-0.05674017578382714,-0.1308194620893101,-0.2101474537535986,0.39800944622443307
2007-12-20,0.5609592456974225,1.9145337198213932,0.2268258328633883,1.6407203430631623
2007-12-21,1.3098683572963865,1.8137898808893105,1.4507814889966804,2.318639982372912
2007-12-24,0.7429894978439884,0.7357248161256029,0.770745332133297,0.8174728805448388
2007-12-26,0.2057321651430071,0.4722362078984727,0.008472752324371526,0.29806306948125105
2007-12-27,-1.347758933009736,-1.1907657262344595,-1.4996964157746986,-3.1298474178762077
2007-12-28,-0.37892989182861914,-0.28341409958706976,-0.08343731934703302,-0.7324020694111455
2007-12-31,-0.839463895587722,-1.3474501512740926,-0.8057531196307705,-1.1022647239832142
2008-01-02,-0.9790855069871607,-1.6265062248900364,-1.7692810837032487,-1.2189238886506066
2008-01-03,-0.19849979331024495,0.13451370948735997,-0.07694561514305745,-2.029501951221033
2008-01-04,-2.5258967918711357,-4.596811285858574,-1.9975751957681813,-2.7253580187035182
2008-01-07,-0.22679153554721362,-0.6173687739973152,0.07469030882651378,0.26231083967900165
2008-01-08,-1.6887818082739632,-2.74669221827475,-1.8789722779462226,-2.8418678493353298
2008-01-09,0.9312240080541103,1.9564217428977289,1.017998437008528,0.8426042212346405
2008-01-10,0.5924095952515065,0.047065748169541705,0.9279992201171154,1.3771580346150238
2008-01-11,-0.819530368480303,-1.9874889234539073,-1.9303651468173375,-2.1181346724990395
2008-01-14,0.6977130208467702,1.562582288851451,1.176492084016124,0.6455246783265547
2008-01-15,-2.2686491174394336,-2.9004814136050774,-2.1556181660372933,-2.464542878013735
2008-01-16,-1.0458851677956942,-1.2326743224391017,-0.46634333477515044,1.057694376164421
2008-01-17,-2.755709460711218,-1.5573170790590651,-2.546559944497495,-2.5841866568679492
2008-01-18,-1.275181239206472,-0.36579110804023646,-0.6930253883829713,-1.5387997028054563
2008-01-22,-1.1525486898684956,-2.733503771789232,-1.1206823185220127,0.3501838579704304
2008-01-23,2.260903920022268,-0.48094459517274496,2.3567713981963356,4.081332296402506
2008-01-24,1.017726951421391,2.040981908274488,1.0555719855183947,-0.24154515418053346
2008-01-25,-1.4563235587717636,-2.131788324765735,-1.3784089831054753,-0.4647990739117617
2008-01-28,1.4635832287981387,0.6198486789936787,1.2691199305189704,2.407593538831422
2008-01-29,0.5425129731477045,0.14524231154939696,0.8392674203350999,0.4971994471125629
2008-01-30,-0.7268724427916802,-0.12969899515669117,-0.27709958154345193,-1.599849713226043
2008-01-31,1.7072293194715091,1.6064990380688304,1.5965205701673555,2.959188319657303
2008-02-01,1.5890367737114983,0.9999696535646885,0.7560899808363313,2.2710504797231423
2008-02-04,-1.2607309993728018,-1.4685093945608287,-0.8862156790822802,-0.9207730649277813
2008-02-05,-2.8234178371644765,-3.048200265664145,-3.0616682578541927,-2.9896338746395767
2008-02-06,-1.0509794114217206,-2.2372370998729814,-0.7671736068594903,-1.0644721070617045
2008-02-07,0.5970362317169691,0.5703250384416154,0.35435763003484344,1.6240531496168498
2008-02-08,-0.7148454025658837,1.015110811551293,-0.5753668052330061,-0.7852160376890431
2008-02-11,0.35541567299665033,0.9161754620153886,0.3665896722060642,-0.4185787137290883
2008-02-12,0.872992152310612,-0.6080367045933548,1.0603070648353154,0.8984588596619568
2008-02-13,1.0591665822669023,2.176310770344984,1.4756589376153786,2.2314483004223766
2008-02-14,-0.9349082181773707,-1.8907830338885796,-1.3895024771646252,-2.4146635164911925
2008-02-15,-0.09220728235393666,-0.426832263483567,-0.3527838318196247,-0.36039645746999255
2008-02-19,0.18830117063181506,-0.3338647366435379,-0.16402691623618704,-0.24877157277560658
2008-02-20,0.2417744412440728,0.3513050475127505,0.6679679262448946,1.3490282461554932
2008-02-21,-0.8949702135387181,-1.0494503519498903,-1.166123450838492,-2.1113237980896047
2008-02-22,0.5196733070626928,0.2539644472922068,0.6756971608741977,0.008694597430076015
2008-02-25,1.2301123400608038,0.44058273065929976,1.5269410493091433,2.339483832398933
2008-02-26,0.7690602551402552,0.3816674098189497,0.9560571545813219,0.5481956367554511
2008-02-27,-0.07668205105892914,0.4814606030280806,0.10672601055010503,0.10321447083189218
2008-02-28,-1.0784857891919883,-0.48203980863746126,-0.9483394921434924,-1.8817535780442551
2008-02-29,-2.3848350095267508,-2.8106885991662236,-2.6463915493939965,-2.370860453675129
2008-03-03,-0.46656614631007504,-0.8817715205320381,-0.28585275559869405,-1.203527241870236
2008-03-04,-0.4274712228981631,0.4507126255476154,-0.37774044155094655,-0.4915693480145511
2008-03-05,0.48774993952032253,0.34642988723673906,0.23739595684924425,0.06912087606098297
2008-03-06,-2.129658496419899,-2.285026067147083,-1.8010916030597435,-3.1518503600539427
2008-03-07,-1.194964722240624,-0.4089830273889934,-1.368921401154368,0.00617764887386385
2008-03-10,-1.5521814805249665,-2.162301454875652,-1.4704812949436061,-1.8812229615524996
2008-03-11,3.4312663261677163,3.594834219551544,3.394112385096552,4.831159735194007
2008-03-12,-0.8366917868004058,-0.23814973412838625,-0.2268383208457541,-1.1908506504138772
2008-03-13,0.16490157510769732,0.6999204443742543,0.2239125355844359,1.736575866708984
2008-03-14,-1.7081001260636421,-1.9477468831652833,-1.6806249457473754,-2.3027228723648885
2008-03-17,-1.137198789868446,-1.9837190975774837,0.05208260152773986,-1.6269527048509373
2008-03-18,4.041216486219907,4.309250488212966,3.4928819781576514,4.85085055624821
2008-03-19,-2.443977125374878,-2.4254419875977318,-2.263943863551862,-2.8091781243269422
2008-03-20,1.6794877085746842,1.8316559267155377,1.92466850346333,2.669823966841584
2008-03-24,2.049075352268859,3.3849814052857767,1.5996438623232268,2.7592177943686775
2008-03-25,-0.010968131933687016,0.5303072492561833,-0.1429377765933629,0.20969457127883648
2008-03-26,-1.307342521195341,-0.38358559786435686,-0.9691851186401625,-0.4377014006515842
2008-03-27,-0.4926093741383579,-2.4033783448439343,-1.0974363890921615,-1.7303756751887533
2008-03-28,-0.9175751109487036,-0.5800246710571255,-0.769958886474639,-1.704742688863861
2008-03-31,0.11648107677418745,0.3378740103178002,0.2868783432658862,0.28980858913881385
2008-04-01,3.4387842015098387,4.109279958696159,3.107982481169528,3.8479370577840495
2008-04-02,0.1597881090250129,-0.16112449105032392,-0.24264540205386237,0.36189687474444276
2008-04-03,0.1525733447858798,0.13160894260051242,0.023567819606511636,0.0011022556317829002
2008-04-04,-0.15815449506027607,0.4846367212782471,-0.17284325789816724,0.16765350115093688
2008-04-07,-0.07766259539314097,-0.34277927748972614,-0.058588684190701304,-0.5196372741246711
2008-04-08,-0.11057005540684764,-0.8360668127186145,-0.32100915914181005,-0.2225892749881388
2008-04-09,-0.843619557416962,-1.2334012742663225,-0.46035223241570344,-2.2076958261574773
2008-04-10,0.1288125629132939,1.3176156126045981,0.4040261933861724,1.0862357711152868
2008-04-11,-2.097069123826217,-2.920954250317092,-2.1228221490825976,-2.393275387297013
2008-04-14,-0.5039184517613301,-0.5995641714474713,-0.34905739492990784,-0.712080689857713
2008-04-15,0.2716618589735689,0.0039348760325288445,0.4525278954559695,1.2945309476548417
2008-04-16,2.51874611695589,2.671515136175272,2.0328286347465245,2.8098261568358462
2008-04-17,0.1493294752973118,-0.21425006974390245,0.07278940551920864,-0.28379004274167324
2008-04-18,1.0567742509094797,3.0594536746657717,1.7410073914728559,1.2962069357007249
2008-04-21,0.026324870637750672,0.6628083146182413,-0.14530402901249162,-0.3248919204489563
2008-04-22,-0.5805782732014104,-1.5451683474885323,-0.9148928396193373,-2.2550224550603577
2008-04-23,-0.19843361602134377,0.9991458284069306,0.2558641922004685,-0.17551327673933348
2008-04-24,0.3067347102157706,0.7557975488638704,0.6199277928337029,1.2339414807305613
2008-04-25,0.7968066938968759,-0.2954298883661894,0.31122355083207714,0.657387283632708
2008-04-28,0.09250525342560462,0.1557356487279455,-0.17548950193726173,0.653365359454172
2008-04-29,-0.4918702662324834,0.6076577034640566,-0.39631640264634094,-0.7311355499409411
2008-04-30,-0.7123785606720735,-0.9561821652069559,-0.17307333031221253,-0.851852451387844
2008-05-01,1.971827581313414,3.0456082474905823,1.438941454860295,1.7698434253043056
2008-05-02,0.2818622552194768,0.10403315980761824,0.37157691111377433,-0.35921156312352187
2008-05-05,-0.5593972392488177,-0.33070439264615176,-0.7131195453862916,-0.43541092114491253
2008-05-06,0.754013461995025,0.47141323674987434,0.2750208677323325,0.18005192347038987
2008-05-07,-1.7826998777323282,-1.9091594945517103,-1.626297511358488,-1.3299200053534566
2008-05-08,-0.47750453736158144,0.5460900654899195,0.24390608250873888,-0.23170948699945942
2008-05-09,-0.274077944961308,-0.4862492917939199,-0.943739783491405,0.2928065093618373
2008-05-12,0.987156824557625,1.6853505759188012,0.8712194991623529,1.2616317070648495
2008-05-13,-0.009141838600554772,0.17331288145894047,-0.34091109150838855,0.6228338765429818
2008-05-14,0.1266013048944828,-0.3399416858203251,0.4052828073290345,-0.27811263142624676
2008-05-15,1.2194492947287918,1.6870818056400083,0.74580298682355,0.9689352222241465
2008-05-16,0.05735622025194281,0.007656739643512725,-0.08399442435148652,-0.6930525830391248
2008-05-19,0.2062792825812384,-0.8069138378912448,0.2548792889295758,-0.4318671437386659
2008-05-20,-0.8531111352301749,-0.8209441305164416,-1.5518829163030636,-0.1580129343778106
2008-05-21,-1.8937154824643443,-2.46042304935379,-1.9902802398057744,-1.2202863796191885
2008-05-22,-0.14737163657419017,0.1316160300204108,0.041596340525806075,0.9171706626772766
2008-05-23,-1.4537493945373838,-0.4389608588667677,-1.1906885294734904,-1.3135033715694862
2008-05-27,0.6401497373293777,1.5891292772282557,0.42078684034069846,1.1124801269749287
2008-05-28,0.32555482209564707,0.32263569459854063,0.31830748858972874,0.4769995467572086
2008-05-29,0.4594951169841563,0.8285149081003922,0.37995697492771524,0.9040741930785083
2008-05-30,0.11819667265531844,0.5546134120039731,-0.10654050131297407,-0.17635773470530058
2008-06-02,-1.0818643880011198,-1.324825735933262,-1.1401356724090999,-0.588790949099203
2008-06-03,-0.6629673138236529,-0.7058513723906582,-0.942707545687114,-0.6112104357053959
2008-06-04,-0.15755775098845964,1.116775997821893,-0.201479440477219,0.7090405624440782
2008-06-05,1.7911056031890924,1.4157690660147937,1.6183695319567404,2.276308134462684
2008-06-06,-3.18639069976375,-3.034395735182412,-3.121726806971354,-2.7823032508815984
2008-06-09,0.03382574098567065,-0.8012606610739907,0.30459442107443535,-0.9361611240960559
2008-06-10,-0.49377062384333165,-0.5171392940664613,0.13420559213874222,-0.16090722389490414
2008-06-11,-1.6082477727050275,-2.5084168998188368,-1.7281434755636187,-2.297106243822074
2008-06-12,0.2478933642002032,-0.05537875154864541,0.34322818853308956,0.20038755061429148
2008-06-13,1.2079475424621484,1.885475751121346,1.3528517217875837,1.3593042106782938
2008-06-16,0.040128810332567884,0.8497469506982052,-0.28938765402344085,0.9324535204079278
2008-06-17,-0.6234880510744629,-0.6582029526112058,-1.017535644361668,-1.0338801913638929
2008-06-18,-1.0784609718972913,-1.213846040578823,-1.1951205937811256,-0.6445696088203338
2008-06-19,-0.0155812323700871,1.3679063299974499,0.15165602072999765,0.6189641723168565
2008-06-20,-1.761514999058089,-2.8670868105629097,-1.8950209265630844,-1.5233827660063635
2008-06-23,-0.2347898451951253,-0.9259474333865378,-0.1589309642434629,-1.4158270732809102
2008-06-24,-0.21585394759178206,-0.6081624232257052,-0.2932934256032804,-1.3113290694132698
2008-06-25,0.39697824941158816,1.508246968739446,-0.028499973130496348,0.7876185237368947
2008-06-26,-2.8950498320214355,-4.2710885879859015,-3.191006161533352,-2.60592652295502
2008-06-27,-0.6349104685624521,-0.23214658929807586,-1.1784156016235003,-0.44709583740280134
2008-06-30,0.13465295008232261,-1.2841640300130508,-0.08538178172174303,-1.5352491153360859
2008-07-01,0.3202891056577518,1.3542178976897532,0.2815751642570362,-0.14529643617318996
2008-07-02,-1.9073902515808001,-2.565361855280096,-1.5466410738844367,-3.0066154574900166
2008-07-03,-0.012127202228101153,-0.2953299776282382,0.533165815156438,-1.1491422340463464
2008-07-07,-1.034928488010538,0.5599212155267539,-0.46485937912053865,-1.2449216786070714
2008-07-08,1.562373080886417,2.222183045453477,1.2389413181198616,4.1718145066243455
2008-07-09,-1.9844178310994716,-2.741936112611389,-2.133193391891794,-3.4913786855135918
2008-07-10,0.3570487473508876,1.0355636089618672,0.5931542549263317,0.8967050925655464
2008-07-11,-1.3059159585200322,-1.7221969612937904,-1.1691817450220827,0.532180287765608
2008-07-14,-1.0405200746257561,-0.8915685521053908,-0.5491100615201026,-2.066379058787363
2008-07-15,-1.4947623431861417,-0.07388562944896522,-0.8515357162196647,-0.8180389634928696
2008-07-16,2.2102703223288205,2.2931087514647843,2.3657012587733792,4.441075355841614
2008-07-17,1.039050071964913,0.6999696584170535,1.9234571343353675,2.480357548324531
2008-07-18,0.7452802078942087,-2.2834964293280895,0.5383819766086904,-0.1414333118027181
2008-07-21,0.11545266907772814,0.47125525370304916,-0.2033184377717653,0.7703122832944272
2008-07-22,0.9483031278946163,-0.1948850648636339,1.0651393226724248,3.034520533581305
2008-07-23,0.6006964934281985,1.269028138200853,0.287548278952257,1.1400227610592362
2008-07-24,-2.1529745524690846,-1.6159430354674174,-2.5108799244840596,-2.880663330276832
2008-07-25,-0.24655568599646352,1.062840469814986,-0.039671058769109285,0.9456589858087121
2008-07-28,-1.6280480096835115,-2.0499504241329882,-2.1990882017646514,-2.527675770626081
2008-07-29,1.9651511674182964,1.888685646615556,2.1823331940527795,3.114607900842471
2008-07-30,1.805096010952962,0.4780466329537496,1.7191957490104026,0.25957595812657047
2008-07-31,-1.1977302439411024,-0.16410814999202683,-1.696248664314064,-0.9457709160334679
2008-08-01,-0.7858964379859829,-1.533964681661957,-0.7005586152169239,0.5025497073077942
2008-08-04,-1.0004728041774427,-1.1399410980071012,-0.44180675281963055,-1.5040337971698126
2008-08-05,2.581267444677868,3.2223134080743288,2.8797495832364106,2.756545575066522
2008-08-06,0.5100194148642936,1.5694650469284537,0.4766025523910492,0.4601095940024046
2008-08-07,-1.6102365863920556,-0.8298088057593873,-2.0209510378666966,-2.0704322706445577
2008-08-08,1.6896427893770771,2.044736886496215,2.4026340403978277,3.1261251982690506
2008-08-11,1.025086686898104,0.917109894566683,0.5356049657658047,2.8436842447083106
2008-08-12,-1.0996869309947854,0.04807812676445919,-1.2645873066646827,-0.6421844127024228
2008-08-13,-0.7653974540108193,-0.4082683672210377,-1.093364052115344,-0.2137625868498316
2008-08-14,0.6331526618639024,0.9842706504692136,0.5846089865722037,0.8642152102093303
2008-08-15,0.44883699059032917,-0.2632157235732538,0.37074163537521765,0.3898961603472662
2008-08-18,-1.4224019354306068,-1.21731254333916,-1.5806582522863204,-1.7752240728118178
2008-08-19,-1.2364319550091303,-1.4403722048918506,-1.3085226473922784,-1.8862490245002228
2008-08-20,0.3029884785255833,0.011037273477111642,0.49463282989964225,0.20984915911478674
2008-08-21,0.15591730991899416,-0.537405975416054,0.11521924731201347,-1.3268796892957546
2008-08-22,1.3048549042246473,1.269013246647713,1.6996115877820521,1.9440742328181473
2008-08-25,-1.9834322988900068,-2.152910480244304,-2.052278959841982,-2.2665468086887057
2008-08-26,0.21465564410161442,-0.3022306878195504,0.046305808956419586,-0.01710344376134207
2008-08-27,0.7829448270483206,0.54809935033196,0.7656182506459156,1.1742000144033164
2008-08-28,1.227466845678127,0.7423324465536263,1.8247625310903721,2.3945011824704987
2008-08-29,-1.0764873946594251,-2.111824099169244,-1.3869795318866496,-0.8910343651494022
2008-09-02,-0.651938593931944,-1.3753030266629165,-0.37169674610143244,0.4695071918618554
2008-09-03,-0.16503574166509652,-1.091904637917866,0.09831043089505571,1.0078893332549532
2008-09-04,-3.0902891830618975,-3.37123046395483,-3.0433804663073545,-2.9360414506377666
2008-09-05,0.07940316845656414,-0.7379503929863123,0.06620489538899849,-0.20993928599852119
2008-09-08,2.0277032201005567,-0.40896046563849653,2.5624233056809724,3.0308006966573
2008-09-09,-2.856177887432627,-1.9286981361645104,-2.294462857673188,-3.0532960809761693
2008-09-10,0.16187402008383808,0.5873770005413701,0.1376212673097367,0.7862949070820586
2008-09-11,1.3483169984838108,1.7635015744184437,1.4183176948302965,0.841567573641231
2008-09-12,0.48782756569364033,-0.3933793828634607,-0.05442863975351169,-0.10657516567093829
2008-09-15,-4.914938533198134,-3.2233035594082318,-4.593455787378588,-4.335178269225218
2008-09-16,1.2179825053595916,0.36776768953227057,0.9066237227200207,2.299462925447416
2008-09-17,-4.574216064855731,-5.356250737840843,-4.08877721675525,-4.6880637052178
2008-09-18,2.650160563668826,3.0305128534689563,3.515495679145357,6.906557426703191
2008-09-19,3.9390787673929575,3.225367856632322,3.4880689783195833,5.8154289010108124
2008-09-22,-2.0911742377282576,-4.680063362938549,-3.1696043922792647,-5.018892850951681
2008-09-23,-2.38307220352468,-0.9402896224475232,-1.6990162964979605,-2.0303474893949476
2008-09-24,0.03522693685975231,0.37205771946007393,-0.4309931403787271,-1.5385710637142973
2008-09-25,1.4856268199464817,1.5137758788193323,1.7411292177693887,0.1887338322175202
2008-09-26,0.0933589854820899,-1.0063689929090551,1.164842387302151,0.5241264119395028
2008-09-29,-8.152024776932002,-8.249180066860616,-7.183355478597677,-7.997637947676805
2008-09-30,3.539710213511805,2.397509672877471,4.101695928816183,5.404535776349841
2008-10-01,0.2754719799310754,-0.9409771139108439,0.1496478618724636,-1.8716898660770205
2008-10-02,-3.64883504304583,-4.652646307315222,-3.2878159294846383,-4.90046937586137
2008-10-03,-1.6114488730583367,-1.8239594862068957,-1.750288648020394,-2.775174179374387
2008-10-06,-5.38720785794082,-3.9140733303237076,-3.7699392810589685,-2.7323189975667495
2008-10-07,-5.012671842864227,-6.911085677472297,-5.530726358424472,-7.96113112703484
2008-10-08,-2.774157704188642,-1.046135246940255,-2.2898873239597513,-2.4988434140640132
2008-10-09,-7.564745079167532,-3.0709120258701166,-7.813080166637417,-9.8799757901063
2008-10-10,-3.132786303014359,-1.1821885201946167,-2.1095317635439095,5.082225554192476
2008-10-13,13.105201715520634,11.134201050563354,10.260112121251447,7.327446908502949
2008-10-14,-0.5675009437653872,-3.780749829233611,-0.07357396120556448,-0.8385420112343194
2008-10-15,-10.440188097467544,-9.49031727564983,-8.381074261241276,-10.746485777757105
2008-10-16,3.4467586804975014,4.725739226329428,4.0748443290548915,5.423748289061824
2008-10-17,-0.4870663405487586,0.2307397298488859,-1.135717805149971,-1.9413844929160922
2008-10-20,5.717799600209517,2.6579692968297173,4.382594267218867,3.6882496063866457
2008-10-21,-2.6831527113610014,-5.126079032785602,-2.2719240628722703,-2.728781875192528
2008-10-22,-5.760353498380621,-3.030775466647413,-6.068637087200955,-5.193708827976617
2008-10-23,0.5860667522961632,-0.9329213903537897,1.5171813203253413,-3.541163888235839
2008-10-24,-4.995290635568313,-3.1357210808038847,-3.4060643036899547,-3.856515048998708
2008-10-27,-4.083558347429462,-3.14408749872954,-2.7923229458776406,-4.879113808008087
2008-10-28,10.816837450561271,10.320422708362468,10.204267895150954,7.775634261690514
2008-10-29,-0.08554652286585529,0.28294231290313165,-0.16353425191231719,1.468829952314038
2008-10-30,3.1884242437248655,3.1490441500734203,1.824745665323436,5.077307480431294
2008-10-31,0.593952795884661,0.11334074517934045,1.5837665453377152,3.8546647858848706
2008-11-03,0.310807889247755,-0.2528438835238953,0.009757544568110524,1.0565262798389392
2008-11-04,3.3242528957872115,2.7404112304693338,3.1927609307951825,1.2891309161170457
2008-11-05,-4.087198100853156,-5.245576118181813,-4.979314086157704,-6.408778915949915
2008-11-06,-6.036237325693904,-4.899109698924896,-5.39766512847806,-3.8670666539037755
2008-11-07,2.7330656643979374,1.5270842227757961,2.420416847733322,1.732622737763344
2008-11-10,-1.111815714608059,-1.2551717974857437,-0.5986665293996046,-2.5349801648369104
2008-11-11,-3.237424378747859,-2.314314655655574,-2.1048954157215762,-2.1548444984132105
2008-11-12,-4.788171217505468,-4.950476907744006,-5.027243909825411,-6.287093989164898
2008-11-13,5.728804320637838,5.619174329433916,6.139301809733763,8.782195889129124
2008-11-14,-4.874719953454409,-4.830150195196082,-3.5385570936728907,-8.190627678213684
2008-11-17,-1.5280311316638384,-2.2670902422958705,-2.878598831374846,-0.9115816856371104
2008-11-18,1.5773960875920383,-0.3861086511462918,1.5234110810431716,-0.6407440114458826
2008-11-19,-6.442596666760165,-5.350807482169926,-5.0465009676887735,-8.460610623217045
2008-11-20,-8.14966235684406,-5.328716360897362,-6.085687792479502,-7.725557957802693
2008-11-21,4.659577025857398,3.8238958061635695,5.954312435605793,5.330734624431131
2008-11-24,7.04683273349057,6.270108208167012,5.29088810184781,7.491406231941926
2008-11-25,1.0046612863257163,-0.25200998227945615,0.5852886755765889,1.9892187790278641
2008-11-26,3.7880893401882534,4.012449571462287,2.8031331360397,4.711888682032087
2008-11-28,1.3469669920682101,-0.7897813032229476,1.2548136889731931,2.3578460876718643
2008-12-01,-9.18825564225318,-7.811639543498847,-7.978412125860157,-13.456669373016808
2008-12-02,3.254328915241081,2.806601668755736,2.7832383551423594,4.840762846312786
2008-12-03,2.4064748284897832,2.8169845747628304,2.1602886722467307,3.9569008980340485
2008-12-04,-2.2974561796771007,-2.882335036885108,-2.5070453859954,-2.685380544737685
2008-12-05,2.8656862522313067,3.789817565611757,2.8408343546438184,4.206872065409606
2008-12-08,3.4759123175887603,3.850872091014601,3.5233980918403875,3.9334696812232877
2008-12-09,-1.519808532129912,-0.10913272339151556,-2.6094042973309057,-3.815220726938554
2008-12-10,0.4374806926667371,-0.5538610620414024,0.5057381605649811,2.287254491377741
2008-12-11,-2.497009683725691,-2.8807550793024284,-2.286626034165253,-5.633126805537085
2008-12-12,1.0879353374723382,1.8597500875340125,0.636693494549826,3.400527921870469
2008-12-15,-1.5649174594146502,-1.9269104708026314,-0.8526283657044678,-3.1624957455154012
2008-12-16,4.570775207510141,4.625144463348485,4.092624511902214,6.7151528605634
2008-12-17,-0.17531034146573554,-1.1428079008086385,-0.9727524976748128,0.8630113835667639
2008-12-18,-2.659194423849978,-1.9054972654703788,-2.6793660006099773,-1.3015111648412927
2008-12-19,-0.6975804282871615,0.5036100688931939,-0.528918319712915,0.8564214257502952
2008-12-22,-1.4392903058043607,-2.3608582488775824,-0.7714043772070545,-1.5157558416543693
2008-12-23,-1.0892714580652834,-0.5792249782427182,-1.212173522251956,-1.6940011041218523
2008-12-24,0.4193047062955644,0.10612965929472226,0.45203283939681066,0.5375217140597913
2008-12-26,0.5377196915176224,-0.10179498778265762,0.543135177060751,1.3311382983188034
2008-12-29,-0.3125265793639016,-0.8912415495505636,-0.38794761801501243,-2.2614373182316148
2008-12-30,2.324384151967637,1.982459123991347,2.11878364680782,3.5641906202235467
2008-12-31,1.432523273118957,0.8210962829656585,1.2840838510183783,3.1160640571526566
2009-01-02,2.9883435817062707,4.213830300110089,2.9105962487505814,0.3586713579655417
2009-01-05,0.027000176639277673,0.05131920325184995,-0.7500469789157221,0.3552742811406683
2009-01-06,0.48582704016625045,0.8582184529221386,0.47940557938160866,1.413016258483672
2009-01-07,-3.096449658130505,-2.9900822290789377,-2.7797241139022377,-3.0173030490287127
2009-01-08,0.1768872368272749,0.8234269665182845,-0.5236974603451342,0.6167969133993609
2009-01-09,-2.293702352838255,-2.4309826572669078,-1.7525565412316766,-4.61269121436551
2009-01-12,-2.542578996881847,-1.9839103231467254,-1.5644701722854848,-2.708329236295789
2009-01-13,-0.042820398872447596,-0.14401027005120798,-0.430371234514752,0.9385592453322884
2009-01-14,-3.308434295263441,-3.2079970963692634,-3.074462995223557,-4.71635773330667
2009-01-15,-0.17628294031075994,1.3838217588074944,-0.05258311020363102,1.0241479354196776
2009-01-16,0.6008473145438419,0.9313583537661211,0.751279294505284,1.151357251631476
2009-01-20,-5.445163382929594,-5.115089783012111,-4.090366587841854,-7.831921898088557
2009-01-21,3.9489116403641376,3.9339195840519205,3.218972230514289,4.755961302362154
2009-01-22,-1.4818607608865704,-1.29324769036107,-1.156013776005987,-3.5194859973468198
2009-01-23,0.33893233462779254,0.37151477509923936,-0.67494288025707,0.8718302380918966
2009-01-26,0.5257807198792569,0.5548038133785167,0.317623321068759,0.7587566027629563
2009-01-27,0.9761909604421743,0.612446783230559,0.6938146376478398,0.9486303274352721
2009-01-28,3.3206840614827406,3.399444091047537,2.414715514980332,4.025697873182064
2009-01-29,-3.2424846690414526,-2.574829262532215,-2.694042220370619,-4.556949127009209
2009-01-30,-2.280522849953217,-1.9938223614674722,-2.0496127708154805,-2.832304028293378
2009-02-02,-0.5158558866512191,1.007696061535214,-0.9592447319940325,1.3696292472607416
2009-02-03,1.1643237432926288,1.3300962368132172,1.593202383998189,-0.27782031668769563
2009-02-04,-0.393888954078056,0.18098362752631747,-1.395464105709545,-0.9718694156583377
2009-02-05,1.2748677419716437,2.001960508709818,1.0977046832472368,0.8376689695114048
2009-02-06,2.791565355347124,2.513442226267621,2.675892134857131,3.8460866245557903
2009-02-09,0.2174553652425746,0.4656256279538745,-0.028963882322382603,-0.23685703990333423
2009-02-10,-4.7479578358194505,-3.835324867888962,-4.80431506459569,-5.247326762534924
2009-02-11,0.1880447924410027,-0.8310630819722895,0.2602400255996743,-0.12620970946439852
2009-02-12,0.07508551319775653,1.157701451457659,-0.03986155024430768,0.36759220546853866
2009-02-13,-1.2116269903662324,-0.602615835750857,-1.1390738800971045,-2.0022128209838312
2009-02-17,-4.512283331650285,-4.191876731423956,-3.9870156937671086,-3.858502749436442
2009-02-18,-0.5922262118330166,-0.2429505788548283,-0.2592202944832746,-1.8833370616328176
2009-02-19,-1.1306431013497649,-1.633431626972386,-1.1783105199973751,-1.7964556191593755
2009-02-20,-1.1112151848238754,0.14598501029428299,-1.4824152640889678,-1.6994508329260871
2009-02-23,-3.8511098164132687,-3.781142000423354,-3.639771657621228,-4.341902405704477
2009-02-24,3.4321902931016086,2.9746115190286098,3.0005078700059684,4.0187844474480645
2009-02-25,-0.6637413180633048,-0.616986908922954,-0.9318951226845047,-1.9763946844659679
2009-02-26,-1.739652970696077,-2.965567779315472,-1.3655548280186525,-2.0916304209894605
2009-02-27,-2.378054209798524,-1.0837898548121632,-1.7691355199380696,-1.0127126965721136
2009-03-02,-4.872230259115235,-3.5329052427691754,-4.5042043442209305,-5.29357698398991
2009-03-03,-1.117643557334015,-0.3870004056874376,-0.8624853690539855,-2.330813291775815
2009-03-04,2.2214486669254154,2.509116206168497,2.153211401033993,1.293560852767503
2009-03-05,-4.1189517505597,-3.008555858737687,-4.099097075650303,-6.302743909909539
2009-03-06,-0.17101925849035354,-1.087810605451378,0.1447102863721662,-0.0941841183924152
2009-03-09,-1.2288416925350611,-2.224297413133261,-1.2006006696365743,-2.35594547111578
2009-03-10,5.709261439948914,5.871714959790722,5.5432106180297325,6.911738319731155
2009-03-11,0.8749129998883115,1.6711866019832156,0.3386943282350739,-0.22862860471639423
2009-03-12,3.811245512945101,3.2135482644964237,3.2969031108454416,6.53499977639993
2009-03-13,0.8680693759595296,0.28192426368014234,0.8497421412238373,1.7598457304248099
2009-03-16,-0.2701083745340242,-1.719380704954697,-0.0907281736763054,-1.9004238416788755
2009-03-17,3.039949118785611,3.681305486307425,2.4572554629460037,5.066435341319194
2009-03-18,2.1955377171441146,1.200140856216604,1.2436694364834113,3.657142196656175
2009-03-19,-1.1934779881575808,-0.09205116898382282,-1.16456928981432,-0.9149092205649957
2009-03-20,-2.316081485518867,-1.7427818190679403,-1.809816701641751,-3.758574922138758
2009-03-23,6.769450745464343,5.5791481181785665,6.490454591266731,8.354856038733447
2009-03-24,-1.6624242279361594,-1.6018368153425577,-1.141334062795415,-3.9273338243582625
2009-03-25,0.9622654476356406,0.36635905543838365,1.0414063435466407,2.224073231245473
2009-03-26,1.9714482683523122,2.9886980220109396,2.2351628415248728,4.682149674559393
2009-03-27,-1.8250550748033603,-1.9238048377312669,-1.8342807073840945,-4.115828007828919
2009-03-30,-3.6055066012969132,-2.5944284473846326,-3.446702386768825,-3.615030308051579
2009-03-31,0.5611403509153733,0.5369728221952843,0.8511670300242076,1.5802907025242359
2009-04-01,1.8946332537735382,1.4224571434332984,2.029873051858551,1.4895233860515642
2009-04-02,2.9814048154175596,3.220787853946595,2.855357568179382,5.764324977375489
2009-04-03,1.014743509669088,1.8475916675979,0.5499469730885361,1.4980549946813106
2009-04-06,-0.8197466960292905,-0.31249791576945973,-0.5724907023570385,-1.5062541616308036
2009-04-07,-2.4595466162164,-2.776704325001123,-2.440170882889121,-3.7982594604604514
2009-04-08,0.8792038180357324,1.4883552303464869,0.42314881187234055,1.6107502813911805
2009-04-09,3.7992280282792175,2.9197935486963513,3.0394519216310365,6.2979042495361455
2009-04-13,0.14345621281872978,-0.11300881954739789,-0.2180604100743287,0.14841539816377913
2009-04-14,-1.7732317652174716,-1.3331904698496504,-1.797272541517945,-4.055174404839544
2009-04-15,0.90943223217225,-0.45200015602027266,1.2317830926750877,2.401298502869779
2009-04-16,1.450894289579606,2.531441641913769,1.225104214269173,2.565550122797773
2009-04-17,0.631194894782718,0.1362814219688531,0.0638526367887125,0.9986199518123595
2009-04-20,-4.3155799817913625,-3.335366866806784,-3.692645333924926,-6.476094114214169
2009-04-21,1.6503472560607388,1.1035973410016888,1.3706884826203267,4.448396423595247
2009-04-22,-0.6638223640565599,0.24673910405911842,-1.0365177603034208,-0.5385285743138134
2009-04-23,0.854384212119038,0.8009306221469669,0.7574797430608495,-0.24885419122857305
2009-04-24,1.5096531175220178,1.7037171960263382,1.510196790920138,1.811351420455475
2009-04-27,-0.9630335783165678,0.09361457319022892,-0.6241637389262618,-1.648426654910543
2009-04-28,-0.4479663155329815,-0.8595826638072965,-0.199969317574119,0.31546101189140896
2009-04-29,2.015429938570538,1.283736296361831,2.0282654922623684,3.678088345564779
2009-04-30,0.10081531793663175,1.0043450371012077,-0.1264813610046419,-0.7514708864024099
2009-05-01,0.46272891682037975,0.15910576507667262,0.4657699005729708,0.03677812972462652
2009-05-04,3.312597791669667,1.9105961876593762,2.557368513482629,4.271963841611456
2009-05-05,-0.2239066165506824,-0.046161433974485806,-0.10285511487151255,-0.8710035219413429
2009-05-06,1.661670811794081,-0.08425914629338972,1.1414618762641626,0.8332091905418296
2009-05-07,-1.3229910797863178,-2.355346710530109,-1.1669445648823593,-2.0670986038513
2009-05-08,2.203529834883435,-0.10057852273725293,1.8319139336678885,3.694938084120205
2009-05-11,-1.7958232404801897,0.3486011894596359,-1.7474315921064563,-1.050405193250802
2009-05-12,-0.5543277239093097,-1.507366291183958,0.3828789290376379,-2.773042500381523
2009-05-13,-2.490039775770151,-2.6741802876700005,-2.103386269961104,-4.843785679939069
2009-05-14,0.66064233701225,0.9551720698806103,0.3907610186167181,1.2245216888969828
2009-05-15,-0.9247839211796761,-0.17434545124403994,-0.8111153724635418,-0.5314950357645611
2009-05-18,2.6593222116913253,2.4218767780632264,2.6925705126934667,3.489288361021554
2009-05-19,-0.018327552227304963,0.5254556135414654,-0.20995396680869002,-0.0001950723490047046
2009-05-20,-0.7701144992033048,-0.45375246595554575,-0.7300132202191397,-1.4790365348671002
2009-05-21,-1.5558907205107517,-1.9767354603749352,-1.6422284847432311,-1.6433873360028801
2009-05-22,-0.37535828167324753,-0.49979924178411417,-0.3305949953879679,-0.731737836764356
2009-05-26,2.4558048631727565,3.539979592860206,2.2996686231471357,4.6466360772129525
2009-05-27,-1.8219495388109614,-0.7304024213238082,-2.032372780886906,-3.2041587154169067
2009-05-28,1.2101817211685597,0.9864118778907135,1.0499489431113145,0.14978510246036308
2009-05-29,1.766893258473627,1.2018938776221466,1.1768846436727,1.9435517389972854
2009-06-01,2.393395327211115,2.774574586387983,2.5485902310318367,3.9006804687907266
2009-06-02,0.13166408675070165,0.13484894846004492,0.3072601574199897,1.0050878405309298
2009-06-03,-1.3209159943795934,-0.3537154162767338,-0.7956648288221602,-0.6174986761204075
2009-06-04,0.778500262950719,0.9769893936053509,0.7639208293712475,1.3929880681359104
2009-06-05,-0.007250553927103963,0.07340804462083875,0.15145137541479625,-0.19558463876813598
2009-06-08,-0.4629921310110014,-0.36880621485362436,-0.01892313235915616,-1.0193116187956537
2009-06-09,0.4407170495274369,0.6886530687720869,-0.046162266315809775,0.12317049510808399
2009-06-10,-0.3407543508512343,-0.4488132597468536,-0.3563631067825104,-0.6890807405513192
2009-06-11,0.36353460119583514,-0.11341436603257009,0.2938408498819532,-0.4639043939079829
2009-06-12,0.25456601032868376,-0.5218569316261867,0.31057207141243975,0.20944822160664534
2009-06-15,-2.353455285175589,-2.13766838024146,-2.1745739902154333,-2.5044897823547942
2009-06-16,-1.577911144270175,-1.1987347699500384,-1.4424012151482486,-2.005676719788864
2009-06-17,-0.258894122417636,0.7772349545928728,-0.20266396118797309,0.5134357965150304
2009-06-18,0.5873275530325758,-0.3303242789695363,0.6003584704228624,0.4313539793769525
2009-06-19,0.39177993565736774,1.0546933653584403,-0.16469863771496418,0.26731069768938265
2009-06-22,-3.154175252422603,-3.1736213749945716,-2.483967500636658,-3.3497761834604525
2009-06-23,-0.13845081951889285,-0.4390433968132547,-0.3727586180911677,-1.3189254819853018
2009-06-24,0.8037388048415325,1.5840767420995607,-0.31016483116127286,0.5846026559459705
2009-06-25,2.016886032969948,1.7790215691595221,1.9099998651478884,2.7232181933830653
2009-06-26,-0.21070531496201622,0.20633832363721594,-0.33961851901008866,0.4437303389639864
2009-06-29,0.8197943202334677,0.0957603027078179,0.9651240226826086,-0.21153179559143861
2009-06-30,-0.7564961646574166,-0.18807444206721063,-0.9073002755341232,-0.6088587382701204
2009-07-01,0.2369545264641358,-0.11555109255824872,0.5183577535671613,1.7531350633669693
2009-07-02,-2.812778488314941,-2.294985957976807,-2.6651454260929275,-2.9601180649316703
2009-07-06,-0.23850810650680696,-0.7637134411939307,0.3227186176160383,-1.333324708474836
2009-07-07,-1.9579218827522908,-2.5520825173749904,-1.9060460358016493,-2.32647107487803
2009-07-08,-0.25097625509955807,0.3437255924004955,0.005995066263534382,-0.7002220040223928
2009-07-09,0.10906909106147707,0.05780297817632388,0.0342378780900223,-0.3647137390472578
2009-07-10,-0.3014362137140197,0.3621683009941565,-0.5008947953614944,0.05044232385392321
2009-07-13,2.2628571738722827,1.7501772673999372,2.1311014323042468,2.657997299360332
2009-07-14,0.6518720201820439,0.39635590151324945,0.4313803148017963,0.7387047420069685
2009-07-15,2.849440110569497,3.235783030007102,2.977588617510843,3.964007947522527
2009-07-16,0.9969989262731845,1.2214847084717826,1.2273158548690488,1.6398915937697478
2009-07-17,0.0076548905408137,0.531270640749955,0.37478180295369923,-0.6164936496401973
2009-07-20,1.01137697167668,0.9093245317279632,1.1711157376349624,1.2728979583818
2009-07-21,0.45102420334924714,0.6723032005389538,0.7822719864666526,-0.3655362695489771
2009-07-22,-0.03125692328667001,0.8107306986626662,-0.37564072850851954,0.5012036256258888
2009-07-23,2.0297764594809435,2.046731969330859,1.9614708541841652,3.2733515282798558
2009-07-24,0.45252988927568205,-0.7658321270584167,0.332796811572879,0.9317608239148683
2009-07-27,0.3029851032945315,0.7240560592242353,0.14661403559137318,0.6854784142724553
2009-07-28,-0.5482438885887363,-0.8133577914621748,-0.18477184190894932,-0.06633119814998527
2009-07-29,-0.31837716101159186,0.5743426888919149,-0.3309470098406043,-0.3549029230810197
2009-07-30,0.9220960938843854,0.4602154999912058,0.8393042033723037,1.59372209437668
2009-07-31,0.1312352733464182,-0.3402498151634198,0.18918991010761257,-0.02430499458517279
2009-08-03,1.6107225306671726,1.4146141740365876,1.2226737687835438,2.2178131907031133
2009-08-04,0.25549715852426746,-0.04855169888326356,0.3661984272276557,1.1428459967993148
2009-08-05,-0.3314581739218238,-0.8579718461131618,-0.45479644916588957,-0.43184393199513804
2009-08-06,-0.5795827931821668,-0.9859700465476304,-0.3286568133614963,-1.1401981890705035
2009-08-07,1.2397170104798054,1.1599736517639516,1.1827668010132402,2.7949173064737005
2009-08-10,-0.24401275462315428,-0.765294606773578,-0.3430989658874904,0.42785479723974884
2009-08-11,-1.313339254478646,-0.9621341008051272,-1.105505047381251,-2.0242479406827645
2009-08-12,0.9424087045112298,1.388498603944758,1.1971781389963114,1.5748567898569135
2009-08-13,0.7241352203549143,0.5091937005718974,0.4119129066594115,0.6247760267024104
2009-08-14,-0.7956430743691691,-1.1995633508655839,-0.8579466084568775,-2.164677054913466
2009-08-17,-2.570331705703556,-3.0635325178405703,-2.101617371295836,-3.2056601205266086
2009-08-18,0.6003366361738063,1.2240342929263845,0.7459167014656813,1.2136078756611262
2009-08-19,0.807117224645008,0.6048873482108212,0.6634544245868824,1.0166918783440921
2009-08-20,1.0113798663569231,1.1272530999463606,0.7462589352745805,1.1988417520920562
2009-08-21,1.913235357975452,1.2570597736316436,1.6315189884900752,2.68942782983109
2009-08-24,0.035515720848777486,-0.10743262111034046,0.07499304964563465,-0.005452683362719243
2009-08-25,0.14614225575162487,0.20947054391931513,0.26891174717893535,0.4576206485037543
2009-08-26,-0.05333691674035741,-0.2562403307453394,0.01194421755525426,0.12761693263047358
2009-08-27,0.1635286406377892,0.16749538507235942,0.3451960580478307,-0.17909722906202286
2009-08-28,-0.05703209598062483,0.03384844807897135,-0.39242088079236126,-0.43076120984990945
2009-08-31,-0.9916384718077821,-1.131513947783312,-0.5989663714446289,-1.8343972310261747
2009-09-01,-2.3162537584901073,-2.000642606273981,-2.0313950939279133,-2.90156111808398
2009-09-02,-0.5911637431154825,-0.269749234855253,-0.49316876593392767,-1.154264594669575
2009-09-03,0.7234242292594474,0.5444924038422612,0.6265017532456674,1.1395525663567276
2009-09-04,1.3520414976656463,2.0664462443566576,1.0091775816690287,1.143106157717444
2009-09-08,0.8349613390261137,0.8792862763124625,0.5794667748887548,1.4595199665882344
2009-09-09,0.7134862912055482,0.7860276096127973,0.47442202495763663,1.3194820220128778
2009-09-10,0.9743128828674292,0.8637000357039664,0.8010985119514666,1.4012082869683185
2009-09-11,-0.031511839235846995,0.041101121153522366,-0.23572346321160326,0.36927322728610457
2009-09-14,0.3962873382687031,0.26781888160353606,0.13762882818198868,1.0020286590979008
2009-09-15,0.35845264589580544,0.2115339215424698,0.5369732758077705,1.1050135392452591
2009-09-16,1.4685482506365592,1.3760349211531997,1.1039021245787901,2.2304331409490588
2009-09-17,-0.15182567900356136,-0.06595359345318336,-0.07854678219116158,-0.22528139573077996
2009-09-18,0.00043719852709389606,0.07180937102003444,0.3149641275745897,0.26091878318340067
2009-09-21,-0.31277717713344655,0.23440195450702322,-0.44199267222483285,-0.6812345856241552
2009-09-22,0.4726811139231989,0.07597537397656318,0.430247565839116,0.9425659552505795
2009-09-23,-0.8737540753769636,-0.5375768458416397,-0.8535915662349632,-1.3757181293023009
2009-09-24,-1.2256792351322285,-1.0388507962992783,-0.5244734292114376,-2.097280532166983
2009-09-25,-0.6319891810570952,-0.9787342917057571,-0.47805173652025235,-0.8129020422040532
2009-09-28,1.676152188065744,1.5971635560548743,1.2061931136011543,2.4631054958413023
2009-09-29,-0.30987673392310444,-0.5054793373138958,-0.48012504587337995,-0.30128240289212677
2009-09-30,-0.4651987116798899,-0.04919112448957659,-0.3959066152526589,-1.7376604782369747
2009-10-01,-2.565430989692028,-3.1125161882659165,-2.1683586908736596,-3.400507754726812
2009-10-02,-0.683407773767062,-0.4669919692847312,-0.3922083370725965,-0.919106312719861
2009-10-05,1.374961358942559,0.6797317343784548,1.1275368316246754,1.9243069051004544
2009-10-06,1.4362424722861196,1.7320646702578764,1.379225227899903,1.681662690017636
2009-10-07,0.281998252820526,0.24539306992347681,-0.03547430177031061,0.25729447053943627
2009-10-08,0.693956359626839,0.3400643283709583,0.5505129672014908,1.0305847185706756
2009-10-09,0.5827675164261933,0.4950327703707673,0.7784859407186339,1.197765773697888
2009-10-12,0.36592328336219776,0.15300417406191252,0.21253819840134358,-0.0024983546695348455
2009-10-13,-0.23692007540371693,-0.03814547152149801,-0.18205593596641634,-0.592367461610071
2009-10-14,1.619351164048805,1.2446700608738916,1.390951931285984,1.7742765579197601
2009-10-15,0.3891754394023486,-0.24603714197124044,0.5024451582157137,0.00985082231540203
2009-10-16,-0.7546298174161695,-0.6984913178142904,-0.6755180433423272,-1.3729879550621982
2009-10-19,0.712708827316485,0.8740275635428459,0.8678033724016437,0.7095992999072189
2009-10-20,-0.5593404493514876,-0.025891990564638034,-0.4930959350766953,-1.2240229851834952
2009-10-21,-1.0104358262361108,-0.29139015654029926,-1.012538051725326,-1.4971347467475882
2009-10-22,0.8520324956214709,0.24333428291372788,1.1909452609241091,1.3253239389760392
2009-10-23,-1.1330345712008696,-0.42626952888340525,-1.0356843830496372,-2.1565477429256346
2009-10-26,-1.2259645711818141,-0.463111891642371,-1.1699283417805006,-1.243537562827534
2009-10-27,-0.6456563289923269,-1.6915775482056248,0.0028289537229857775,-1.1781521136652586
2009-10-28,-1.916552838599851,-2.3050083601698175,-1.1955479296794382,-3.3145201242744453
2009-10-29,2.008571774232754,1.5609079181749437,1.9529964060834435,1.9355318854768284
2009-10-30,-2.894686309195376,-2.704346409925493,-2.458865666889472,-3.002868806543149
2009-11-02,0.4981070242185373,0.19606697227775582,0.5707760858937295,-0.7977580886140049
2009-11-03,0.3266042191505234,0.2848347221877434,-0.13266459663357383,1.2153904380232938
2009-11-04,0.13760203142280927,0.03653070133667885,0.1909802178812819,-1.5549454514772205
2009-11-05,1.8250323896633833,2.381018967578759,2.0646912041443612,2.9346514648002135
2009-11-06,0.24439172146474114,0.5723654046447831,0.2152097037710758,0.023968147291268015
2009-11-09,2.2032800835094046,2.064238541311642,1.9614717354817532,2.073822102559402
2009-11-10,0.07782674525058547,0.2705253686621869,0.26369248740968637,-0.7278870240101858
2009-11-11,0.45912984796524414,0.5769615762758501,0.3893007683347504,0.7740080140254154
2009-11-12,-1.0927627557556168,-0.6466321104317565,-0.9617178388717078,-2.1766207538465068
2009-11-13,0.4231510393138534,0.6943105401914643,0.6144148659541214,0.9167796800214676
2009-11-16,1.3724732869562373,0.9474783913112964,1.3021881457092777,2.5756306807010314
2009-11-17,0.12890811251029102,0.2963485259847175,0.315088690267401,0.21838801689281212
2009-11-18,-0.1024650791588092,-0.6278316558373451,-0.1293009508884753,0.14027827827558087
2009-11-19,-1.3740451507075706,-1.657710251210549,-0.9584137673651396,-2.6996846121274216
2009-11-20,-0.4414193054108959,-0.6203478520082714,-0.20097717578640098,-0.1594670066645646
2009-11-23,1.1574946747382049,1.4911040009599954,1.2194073110244508,1.7455448336125916
2009-11-24,0.14053941720785904,-0.37931211318187286,-0.1410412403276441,-0.4510898252269633
2009-11-25,0.3137547878757422,0.36327237627117526,0.2347277085850249,-0.12178622490927499
2009-11-27,-1.6952223197242684,-1.6244257547547227,-1.5251321728427065,-2.808623690896975
2009-11-30,0.18540426254094272,-0.039983114720504115,0.20227826210765598,0.18331659790708552
2009-12-01,1.1672460973245093,0.943074089380936,1.1902502408912567,1.8198228158128507
2009-12-02,-0.044196456647110735,0.10009869513671238,-0.1593939567515528,0.9320378808084363
2009-12-03,-0.8817570349882156,-0.5262158763040474,-0.9172580995745785,-1.506817503499796
2009-12-04,0.4612767477874439,0.38814698389586644,0.12643104453026377,2.550564399960603
2009-12-07,-0.26311257432276836,-0.6068767539046805,-0.07249899825077533,0.20934712757232354
2009-12-08,-1.145770063481924,-0.6999890770139987,-1.025733983433683,-0.7554300657497445
2009-12-09,0.2195626538709882,0.8373052050443547,0.37612425040268754,-0.2653674504955863
2009-12-10,0.5109223836368817,0.432144700722004,0.6545939314559721,-0.4310982462897991
2009-12-11,0.4083848330206396,-0.4065646264933678,0.6290381213434831,0.9660689113769421
2009-12-14,0.6535013099267816,0.901370905359971,0.27164480409812064,1.368354471963794
2009-12-15,-0.5350006646505437,-0.6690469982687636,-0.5278328947781119,-0.42668171781735725
2009-12-16,0.06912639243272614,0.01672055303034678,-0.17986150695186676,0.5894238249617261
2009-12-17,-1.2949458192178853,-1.3438623477675842,-1.3514603522114725,-0.9920015265876301
2009-12-18,0.4178297205693027,1.441743536312339,0.0649999227417449,0.6868944654970247
2009-12-21,0.9093586274249468,0.9873317233143859,0.7555950722612912,1.2981563204524411
2009-12-22,0.3333053375380513,0.5481065830136723,0.4702279545047244,0.9818720609927212
2009-12-23,0.14087299731952485,0.6517633534763618,-0.01639097227859739,1.1455616062992713
2009-12-24,0.3711928151194833,0.8068483215924692,0.4327240865095588,0.48791755464972847
2009-12-28,0.17200628989480313,0.45335399185872977,0.240180498454604,-0.11940056072820443
2009-12-29,-0.200838235154023,-0.47857671893634707,-0.054035332597162686,-0.175926916118805
2009-12-30,-0.10321238279700712,0.22373735136748846,-0.019179084831080148,-0.05683797041499071
2009-12-31,-1.0481627896910026,-1.0148243585355194,-1.2006248669838262,-1.6506435827981432
2010-01-04,1.5506725988087335,1.3111180649442218,1.35800099526393,2.459306217922602
2010-01-05,0.2650806479392586,-0.046714335600577785,-0.08517429643095187,-0.32141104760459294
2010-01-06,0.03373317214529906,-0.6886291586766078,-0.04437324178137475,-0.26302780736814163
2010-01-07,0.37480779347523735,-0.029059223913136298,0.27019983417794885,1.0878087145085464
2010-01-08,0.2754449896080842,0.7205679723837197,0.06616616182129181,0.5088805115855758
2010-01-11,0.06481520713124897,-0.5195403740256502,0.3711604193971408,-0.5905581117805832
2010-01-12,-0.9403996268775338,-1.295211534817515,-0.33457873379580794,-1.2206782355262684
2010-01-13,0.7550296794604591,1.1479241462176732,0.45627367718240575,1.365269981093961
2010-01-14,0.19407689284037394,-0.002334408762711168,0.23087963697817013,0.3758079910424024
2010-01-15,-1.1655634460292017,-1.243054894225594,-0.975645515975562,-1.2996478293905096
2010-01-19,1.1198876642961353,1.4637597844565273,0.9846788524248244,1.7789561416475606
2010-01-20,-1.0578367418306707,-1.5119931217733016,-1.1448023360938513,-1.4169393643277293
2010-01-21,-2.045839081241183,-1.0683420211489145,-2.1495507180411164,-1.7320751258521823
2010-01-22,-2.5058343492102537,-3.2238997543568004,-2.3180587777672725,-2.142712030323024
2010-01-25,0.33370080526979085,0.14233491087228753,0.07934895042942794,0.14894296022961154
2010-01-26,-0.4614087353563596,-0.014825809111629812,-0.04283350337565009,-0.9490887391971907
2010-01-27,0.38999868238439145,0.6873239831092428,0.36538444959556093,0.8608304057981945
2010-01-28,-1.2322219897759974,-2.6785413331492545,-1.1834418718132051,-1.691193312369843
2010-01-29,-1.1584392023812242,-1.8661672553562434,-0.6114838307134542,-0.9898840971126409
2010-02-01,1.4531424121298617,0.95648261486996,1.1249775347677833,1.0256511057498634
2010-02-02,1.2320965495028147,0.8751653368802368,1.1221827410265295,1.0850445120126686
2010-02-03,-0.49167496900585567,0.5097070551035979,-0.24809074283169455,-0.895177340344296
2010-02-04,-3.256738583926696,-3.055442692155954,-2.7310646642783647,-3.5282908637348083
2010-02-05,-0.03942808182458829,0.6351720271886423,-0.10581405242164169,0.20266337510588234
2010-02-08,-0.8285094924185663,-0.8414256486585872,-1.0894951170053213,-1.1396413343500442
2010-02-09,1.1245157690683236,0.8851162839868152,1.3777047424840265,1.23770577912548
2010-02-10,-0.17306131002323213,-0.23332243827069957,-0.1395937917786254,0.21345077068890303
2010-02-11,0.9533705056396093,1.4055400230680144,0.971541880079543,1.3328683695387906
2010-02-12,-0.10933691191533491,0.15122557152821192,-0.43649473953254386,0.7937270736006026
2010-02-16,1.4410353790994979,1.1438478320066843,1.5481207244496902,1.7869730861315993
2010-02-17,0.5255283035277677,0.5570588391813303,0.4679362601675713,0.8154760648492204
2010-02-18,0.5399182575977559,0.5599564143093578,0.7670873628576187,0.9685334245325521
2010-02-19,0.18034631946275173,-0.09479176516366952,0.09422665481301498,0.40235518838625306
2010-02-22,-0.033959222734503525,-0.27461337033992766,-0.2294793166149576,0.4171156857074495
2010-02-23,-1.3008310555424263,-1.4218551166892393,-1.048650179570015,-1.3545870947470564
2010-02-24,0.7965820467184368,0.8666424970682668,0.7942338097214777,0.8445780805947273
2010-02-25,-0.1587442449853271,-0.07586862866853629,-0.5023767609567245,0.08005597372133412
2010-02-26,-0.04697256826794727,0.23076036227082994,-0.07213372313957368,-0.7204535166827134
2010-03-01,0.9711508021613691,1.3422699315518358,0.7159038336570599,2.1312713552559446
2010-03-02,0.20213467407949293,0.22130295117180082,-0.027663398116884605,0.858810176791489
2010-03-03,0.026185633431572597,0.01155639241961777,-0.15239053257627455,0.33802299835883926
2010-03-04,0.23122588928123194,0.21767260209458095,0.3926811162274465,0.4340326551760151
2010-03-05,1.3769152224421342,1.4232044669337438,1.1471728514688833,2.029494759202975
2010-03-08,0.005577471345227581,0.1534702458166422,-0.1274821975733862,0.2311096521514514
2010-03-09,0.08870814266638907,0.45339519206666995,0.0377313967980836,0.3913839243127144
2010-03-10,0.3628727126582178,0.7047692873205483,-0.02808864601490997,0.803098656030489
2010-03-11,0.329652964549853,0.2717284506563828,0.34097790851058113,0.11513306612233788
2010-03-12,-0.02124092210018674,-0.048010860403082195,0.10345533088611693,-0.08461951400707972
2010-03-15,-0.039881933071455794,-0.33581179908531594,0.12057174786255173,-0.4683210810005037
2010-03-16,0.7507354466230881,0.5677550507629828,0.3870248289464893,0.9809868909460882
2010-03-17,0.539830197185014,0.19014272117856554,0.39888669406815547,0.7319572193768413
2010-03-18,-0.07984960615197895,0.25693915636277276,0.39672071622184163,-0.32635901438864356
2010-03-19,-0.5574785257232988,-0.6762715828048418,-0.3531530490675092,-1.349831454735715
2010-03-22,0.45547678117446927,0.829790663132529,0.34994034803111196,1.1857326428726245
2010-03-23,0.6106056257092674,0.5897351659503796,0.8946176978018614,1.125744541080549
2010-03-24,-0.4947386145477205,-0.5173051190225835,-0.46496655283615296,-0.8727498257845706
2010-03-25,-0.2467321069598824,-0.24145162809464746,-0.028902520503006165,-0.8721558600553068
2010-03-26,-0.12383229192039963,0.020781609685488978,0.05186942622607846,0.04580457267720721
2010-03-29,0.5458033456529162,0.38794081464487995,0.36595614848015817,0.41385373001242554
2010-03-30,0.03458812332465838,0.26871730756456336,0.07989919532484452,0.20954094500222806
2010-03-31,-0.42014590968687626,-0.5781581806475268,-0.5225371550423268,-0.817593845343816
2010-04-01,0.5977551754432793,-0.10511585488723063,0.5692641251184258,0.8966373505855931
2010-04-05,0.7951854209372855,0.8677987787517775,0.42175603259281125,2.0451914889583414
2010-04-06,0.1666523288753781,0.1783516403337621,-0.09212173445314313,0.7404212015952929
2010-04-07,-0.636181721251023,-0.35703117385678423,-0.7256055247746817,-0.06158838841918069
2010-04-08,0.21996308977390913,0.07408153212118601,0.16447342948966856,-0.09304240685465558
2010-04-09,0.620657999769217,0.520553278310955,0.6221975096327236,0.5432397062729081
2010-04-12,0.12714364988555843,0.02128756874295587,0.06425954680990822,0.29799038567814573
2010-04-13,0.007272968835260102,0.4186644222892958,0.06547016543716394,0.3040016415706147
2010-04-14,1.0453881925350215,1.085931079304523,0.8840048301048464,2.0100578371976603
2010-04-15,0.05309414737549127,0.38596558734815706,0.18166304213126389,0.37393451697795976
2010-04-16,-1.6653561691554033,-1.2890141771861439,-1.1771246113345049,-1.5628532009329184
2010-04-19,0.22152217852525466,-0.20353810552619953,0.552090433902809,-0.3642091218197122
2010-04-20,0.887178436967591,0.48142456485551777,0.25843028307671795,1.3409594888260918
2010-04-21,-0.24335281783835788,0.4684899623639371,-0.003425975808774309,0.6897400961565128
2010-04-22,0.1922558024716268,0.41994099539536134,0.021372876620824918,1.3056511497472822
2010-04-23,0.5680290122708301,0.32365681622408204,0.5629225143050621,1.3769844476568143
2010-04-26,-0.39775622204435,-0.28134896797100906,0.0010633185022699016,-0.3875982509921172
2010-04-27,-2.456365253011128,-2.228810314869038,-1.950501346001753,-2.660299018561366
2010-04-28,0.5584287268957271,-0.11535720952817899,0.32765455900223506,0.10583260882904583
2010-04-29,1.2203294306669081,1.6745192914290938,1.1015104950614873,2.2696875595076396
2010-04-30,-1.7598698545921712,-2.0804902996252457,-1.4509611941578695,-3.224270592313028
2010-05-03,1.188504999534278,1.2837662556006246,1.1910777191588775,2.2206681867489024
2010-05-04,-2.4233316038209023,-3.112804343713484,-2.02923098150499,-3.3495705948411425
2010-05-05,-0.7302607941933197,-0.6646561014548138,-0.6871528874350398,-1.6765548030830562
2010-05-06,-3.4862119277186405,-3.5329956853847837,-3.306997501241265,-4.138491468504026
2010-05-07,-1.7737452663565771,-2.784363331216885,-1.5924046453616945,-3.1430490283930084
2010-05-10,4.208943680251193,4.919753247326731,3.751045394511283,5.5935122670785145
2010-05-11,-0.19960242232909875,-0.07555673233773222,-0.20547043116452382,0.7856163484724927
2010-05-12,1.299256447811988,1.775393428733042,1.2652613561394945,2.982941828842087
2010-05-13,-1.2741356824544585,-1.6525193081837295,-1.0331929409174898,-1.0261608291987978
2010-05-14,-1.9234660788684466,-2.05407787303755,-1.6163582486135954,-2.0607186424715978
2010-05-17,-0.10469200748697013,0.14569271949894838,-0.06634692672959062,-0.12689745426678053
2010-05-18,-1.4528946955905429,-1.4949740515974146,-1.1283714258677735,-2.042254278050701
2010-05-19,-0.6966472221406153,-0.9308470974710839,-0.7370349698693203,-1.440825163164928
2010-05-20,-3.948160636037571,-3.9014064265178465,-3.7483621203129958,-5.688350016685001
2010-05-21,1.1793443289430117,0.8230451589476753,0.9748960952826773,1.3123834294958834
2010-05-24,-1.3176688365248068,-0.4656786250577399,-1.2217244140021501,-1.9117006223830666
2010-05-25,-0.06367171033500174,-0.08051561293442058,-0.3735644404875663,-0.05183970292566725
2010-05-26,-0.7020572846415323,-1.2364889745756291,-0.7738073879142467,0.08986274380895211
2010-05-27,3.187226617684476,3.562369780908602,2.7132825108181873,4.454280455643943
2010-05-28,-1.1879876705558214,-0.5872722542562268,-1.0992343474513806,-1.0030276075464597
2010-06-01,-1.845280016501722,-1.0737372780043093,-1.2672699167237127,-3.7213938308277594
2010-06-02,2.4379506571946794,2.217094705276053,2.1460683799998534,2.7874492357205525
2010-06-03,0.37820427416959224,0.973583828937296,0.11842525707918858,0.95478069774444
2010-06-04,-3.6707993869016224,-3.5952995989188805,-3.2978192904094863,-5.556479315580657
2010-06-07,-1.4771086771036896,-2.0626215735801257,-1.3830319992446036,-2.6408869232573724
2010-06-08,0.931952769689568,-0.3305987430794779,1.156419561754515,-0.1695337059202871
2010-06-09,-0.47799972737512303,-0.8421655035951761,-0.3353259170860184,-0.07390576327671758
2010-06-10,2.7708528070062477,2.687023555621537,2.6322575590243584,3.4378203155498053
2010-06-11,0.5778529764843876,0.9846486491288532,0.4990123741185913,1.47099232931805
2010-06-14,-0.22212720385600448,-0.09999937664298575,-0.26198415192788566,0.5635855037188539
2010-06-15,2.158208681270421,2.537170461291169,2.0036402612692648,2.599850978596768
2010-06-16,0.011795670171553342,0.40810185080661926,0.1186709919304643,-0.28951335813733975
2010-06-17,0.09174743045356032,0.2485294054780209,0.17567987559676274,-0.07159393204289839
2010-06-18,0.04222856172396085,0.010446014064314932,0.11807071614083883,0.04686243447789283
2010-06-21,-0.34945757708392544,-0.9327988572503131,-0.12061831198603026,-1.0511554342447045
2010-06-22,-1.7040082994704469,-0.8426844354057537,-1.4620444356265627,-2.2487393465925267
2010-06-23,-0.5080548587686861,-0.5977074253335639,-0.10320492211711374,-0.6326191995220489
2010-06-24,-1.744259872332374,-1.6055554628034265,-1.4501874780749928,-1.7370088182745713
2010-06-25,0.250393263479717,-0.3371007800027014,-0.22305212478712874,1.8077163829048337
2010-06-28,-0.40372209545098003,-0.4816892629830011,-0.12947378641429058,-1.0081268945801258
2010-06-29,-3.1668735289661565,-4.029303591868929,-2.6934477923366336,-3.8174648013239896
2010-06-30,-1.1589822799024738,-1.7305666397017616,-1.1658042656372518,-1.568960565969023
2010-07-01,-0.5645634464598703,-0.43943805325417085,-0.5081302090861667,-0.8331168375302995
2010-07-02,-0.6513126865329999,-0.4190155558982336,-0.5470348338311669,-1.26677158017758
2010-07-06,0.5501880107123224,0.19028893672550445,0.5121292803100279,-1.4838999197235891
2010-07-07,3.1112157838657857,3.1199485649120384,2.7951589305179767,3.266050427329208
2010-07-08,1.048059298939214,0.5756886164749888,1.2784512928737823,1.624849489036549
2010-07-09,0.759902815726248,0.9373424546767207,0.596953910595963,1.5831099090200305
2010-07-12,0.01627067838030244,0.21766399337148679,0.14412380192818905,-1.0302100027250267
2010-07-13,1.4663179773592843,1.2276458082451271,1.4076257776709318,3.138991549694667
2010-07-14,-0.0357085358217315,0.46643575009651433,0.039158262578634744,-0.49441860033071594
2010-07-15,-0.022096196775326912,0.008863185175855617,-0.11068832948014004,-1.020204330446426
2010-07-16,-2.8568439422423566,-2.8781434555353638,-2.6103451502123884,-3.7694655563314425
2010-07-19,0.360354501891762,0.6338855784056356,0.3506290060684426,0.004406530772840478
2010-07-20,1.0442579226725686,1.1135683333923243,0.7328900297879001,1.8282768590576057
2010-07-21,-1.3566498812210255,-1.4493525090030044,-1.1159582503105532,-2.007966539526752
2010-07-22,2.1011115542880483,2.3678036369826683,1.8765119018342034,3.5649429331070586
2010-07-23,0.8612168677836409,0.5995091945394784,1.0272838295458402,2.3644569539602993
2010-07-26,1.033610351100315,0.7875414283289098,0.9673995454605204,2.1207937880369236
2010-07-27,-0.007821632556339834,-0.08427184690216885,0.12749237900566424,0.08840624662604318
2010-07-28,-0.6923052836136775,-0.8772377803030579,-0.4099406116178012,-1.495872334549218
2010-07-29,-0.5598387149592094,-0.8283779357512805,-0.3417239370524153,-0.20986084429874502
2010-07-30,-0.12021437514692682,0.10897195953592512,-0.07921353922716776,-0.10344681732509138
2010-08-02,2.156657912270076,1.7596846222181266,1.9242720234822583,1.6278135922390502
2010-08-03,-0.4014817931948572,-0.40100482785100666,-0.2757429547336626,-0.7659436796011465
2010-08-04,0.5724064829552516,0.8974578553427238,0.3259392012432335,0.9051928478202728
2010-08-05,-0.1798353637229549,-0.32299383603275467,-0.10038766274239065,-1.1330892505807848
2010-08-06,-0.44930585161348646,-0.22138449457173748,-0.23648930786746056,-0.6313515142743606
2010-08-09,0.42577662944267924,0.5726595847719924,0.35365457988392535,0.9610683063983858
2010-08-10,-0.6072858830744797,-0.9497750296207005,-0.55038177951165,-1.827875991036803
2010-08-11,-2.8325222578747966,-2.849558854427594,-2.580202069133578,-4.1338114124474625
2010-08-12,-0.8387715178171606,-1.0154404737788052,-0.766310885180469,-0.9661932214715265
2010-08-13,-0.41815606017881823,-0.8541704135947314,-0.24059092981445884,-1.173625446201748
2010-08-16,-0.09629360399273533,0.09358098936568984,-0.04272358396006018,0.6664842116809577
2010-08-17,1.111253919492351,1.1474725544676732,0.9302781230929433,1.6837218638578053
2010-08-18,0.17311105781533878,0.34454114832931215,0.09845041669549227,0.26809773521022057
2010-08-19,-1.8177880737074739,-1.6160453366410708,-1.4506255870956668,-2.9144221092656877
2010-08-20,-0.46802618140842156,-0.011998589528068787,-0.6784382345493373,-0.25381778109299974
2010-08-23,-0.532602272083789,-1.1327579651136332,-0.4981735899381536,-1.6387983027520345
2010-08-24,-1.5392331516286366,-1.9688797405527398,-1.3683943123792186,-0.9576216085589638
2010-08-25,0.21866664353001644,0.7743165875334201,0.05532201698568642,1.1918694908311807
2010-08-26,-0.7664500415580724,-1.3383396462617916,-0.7935246810121195,-0.7435187285222135
2010-08-27,1.460251244905927,1.09853124944923,1.55630828222793,2.4706123128849096
2010-08-30,-1.4390074204804288,-1.0805419741204447,-1.3396442388987584,-2.103562362031559
2010-08-31,-0.1418768271481545,-0.49313543731123605,-0.08561082636734729,-0.009549392562544445
2010-09-01,2.8762579455848725,2.854660725221362,2.471747187611501,3.5491064808771
2010-09-02,1.0012925794491103,1.127886960988814,0.578161454839695,1.0186527915472485
2010-09-03,1.257139855933537,1.5764592514849192,1.176475943648516,1.7514868205575695
2010-09-07,-1.1506186751542897,-0.7261187224636073,-1.0269033390197033,-2.0924193951960217
2010-09-08,0.5766227519583016,1.073230116636285,0.33383455310815324,0.4183624216302695
2010-09-09,0.38309985614743775,0.30065473584345836,0.2241864772402074,0.19572260584358592
2010-09-10,0.4554761265988145,0.2915050483038166,0.4097461343136545,0.21349231269492622
2010-09-13,1.0719446302369549,1.3164930761222555,0.7518897789109089,2.1875386968421053
2010-09-14,-0.12221885651808498,0.33639652364478134,-0.21085299867108784,-0.5651524576896132
2010-09-15,0.3111112484746952,0.5304879410824194,0.3748368366537226,0.39585658090536713
2010-09-16,-0.08898199432191928,0.32294852250046513,0.17585227278852478,-0.9625953704209984
2010-09-17,-0.017968624019694193,0.28649221708119005,0.09636473125919973,0.26263520473565694
2010-09-20,1.4202970178147467,1.6362335296990453,1.3018022771660833,2.6376009818415604
2010-09-21,-0.2163026803734961,-0.057605509727866835,0.08064069543616871,-0.49861825656037073
2010-09-22,-0.5367360509625598,-0.33155210307877636,-0.2311602871661574,-1.3887016441039186
2010-09-23,-0.8958228600159727,-0.12061958328696219,-0.7664292378538067,-1.5145756847707328
2010-09-24,1.89106142383668,1.8813262866156628,1.728310839795454,2.9308870467921895
2010-09-27,-0.4686809990733267,-0.5557979038493599,-0.4041823495904058,-0.18977876336096167
2010-09-28,0.2692663467693719,-0.1446283529638922,0.34436362339269966,0.9018925448837237
2010-09-29,-0.21312968317823336,-0.23678918063120874,-0.2246900733146456,0.3044180586741906
2010-09-30,-0.38128992771721815,-0.5600388872492733,-0.5036544731043532,-0.2008382945304118
2010-10-01,0.33215676294937646,-0.24277002531346326,0.3082673505609567,0.38510846325004444
2010-10-04,-0.776588260182871,-1.1595128688585823,-0.7383666782700631,-1.2181065235795212
2010-10-05,1.9007949721839306,2.2802396125550946,1.6985264569779046,2.478606576730266
2010-10-06,-0.005646623032921379,-0.9055640115039637,0.24831288594325293,0.18633057377199655
2010-10-07,-0.13486763224840156,0.32343413772253526,-0.19403987376832801,-0.46148676629300434
2010-10-08,0.46711247787530846,0.5693626893111954,0.4614564406504764,1.1551029774807469
2010-10-11,0.03158150188137475,-0.037119452562511854,-0.00010937901720893539,0.011283314540700785
2010-10-12,0.2548161105092031,0.5987187287710253,0.04643564534072588,0.20949361106269962
2010-10-13,0.6954734879834601,0.7111026782469719,0.6218239402287185,1.5304468538688387
2010-10-14,-0.4381146230298668,-0.2713862433454601,-0.04058821156104392,-0.01359743867594456
2010-10-15,0.13159900936677726,2.010896828476706,-0.3265635946282683,-0.598284567912745
2010-10-18,0.5680250494850541,-0.5033151634847439,0.6157269729900965,1.3625597090657948
2010-10-19,-1.5492662714179304,-0.9710789620088316,-1.5001639919091814,-2.0399528487355196
2010-10-20,0.8086397510689429,0.5392153151355243,1.0281698828423314,0.9269886539518202
2010-10-21,0.21924771244466335,0.16761598071527223,0.3872502087968051,-0.48701187959267844
2010-10-22,0.15558357075237206,0.632718118301225,-0.1431700558412565,0.13009569058775228
2010-10-25,0.18427815067249548,0.3661468240071019,0.1875463383897057,0.28430250774343724
2010-10-26,-0.04519490776356557,0.18297204540655265,0.007600591672707199,-0.13664421385114373
2010-10-27,-0.359835784691802,0.21856653765255812,-0.4384589693444872,-0.5518951944617588
2010-10-28,-0.09968516556771617,0.0884992974161903,-0.20339926669023084,-0.6329484475590614
2010-10-29,-0.0019023945039307322,-0.32477227749417237,-0.02138687479504149,0.2017350758375197
2010-11-01,-0.03534543159924576,-0.016881317475865715,0.0011735275731481615,-0.7262958167353774
2010-11-02,0.7469598926876271,0.9817207271502693,0.5399951181011344,2.027379817318166
2010-11-03,0.30886463224861105,0.3559256927696993,0.17899516338482435,0.26336225954192916
2010-11-04,1.8732340808302141,1.1435838571559975,1.9079025217828767,2.7157932310467197
2010-11-05,0.4359951110755367,0.011317765579829223,0.15632187341550915,0.7409221215775397
2010-11-08,-0.22895943664490845,0.04203908373123477,-0.3829219001379248,-0.24111422582079367
2010-11-09,-0.8185550705416601,-0.6695954582229179,-0.6102908799396893,-1.5350900290029228
2010-11-10,0.30617305081716856,0.38315933277533387,0.021204407890904414,1.068332834029376
2010-11-11,-0.47575713884068943,-0.727605250042953,-0.7298519119463891,-0.35508738156866115
2010-11-12,-1.281117652529469,-1.7869199666631885,-0.9001165190741413,-1.8382791837782895
2010-11-15,-0.22999596432540284,-0.49799041986594045,0.021004405729167452,-0.07233932172313115
2010-11-16,-1.6421183217281379,-1.7574561435222673,-1.637280550904371,-2.145306998155494
2010-11-17,-0.10398890455685464,0.12368978945833825,-0.2860175374136687,0.1575740148677229
2010-11-18,1.3561484724316724,1.4600232307620942,1.490574800913393,1.6168801265524229
2010-11-19,0.29623683090256514,0.06076701831854056,0.2512340605974123,0.3581761171933384
2010-11-22,-0.12913456815581398,0.7741059369999316,-0.26934849851100545,-0.0014661628895139694
2010-11-23,-1.581674368962636,-1.736092458189698,-1.3741916659030962,-1.0949741064961063
2010-11-24,1.3144618555756917,1.842927475793741,1.2284330692145211,2.0598623132529847
2010-11-26,-1.187905559219836,-0.34026920157483687,-0.8279456119993076,-0.5127406659364948
2010-11-29,0.14452404326293355,-0.5915286478849704,-0.478262788143382,-0.0014699901909947244
2010-11-30,-0.6159764993766703,-1.3198513553073148,-0.4928357568185294,-0.9106217645920086
2010-12-01,2.0396172991822596,1.970647160629558,2.1890181678131033,2.0101249582060787
2010-12-02,1.3358064794503361,1.0273024515258928,1.0455557957325388,1.1472418904400494
2010-12-03,0.2730980463769642,0.24230620931344113,0.16066077093019765,0.5466490516244015
2010-12-06,-0.17313619763056443,-0.14488061362987953,-0.2341030800943384,0.5796260618112976
2010-12-07,-0.03682612849816978,-0.05420725455850585,-0.1015316242077301,0.3812508285088626
2010-12-08,0.2978082753371035,0.26775436591864815,0.06615728934860055,0.09825959390751374
2010-12-09,0.33645951158531673,0.011966494590762086,-0.0675366792975753,0.27873845951450693
2010-12-10,0.5175380555859986,0.5589713518550199,0.28435155571687143,1.190509149912001
2010-12-13,-0.0015251206388461613,-0.4688342400790866,0.10810436345369062,-0.39972250981173646
2010-12-14,0.06558873909023877,0.10968832030465839,0.40228140315716115,-0.0543274163122834
2010-12-15,-0.5108975118038813,-0.5024890524984033,-0.18054569550275254,-0.6340572467641936
2010-12-16,0.4954843768945514,0.6904705412795107,0.31279058611820354,0.7163348479980107
2010-12-17,0.043335407853389823,0.006937894578631365,-0.1065405515337885,-0.06894995743321039
2010-12-20,0.17454166917105668,-0.023632078776557555,-0.18195308776764768,0.5505609572137566
2010-12-21,0.5511183505479447,0.4854052248929572,0.3997529157038785,1.1408712358236537
2010-12-22,0.26615436183746016,-0.10203511396140001,0.1980440438834521,0.3263717170443586
2010-12-23,-0.17679470770316275,-0.33539798884938865,0.0908729714318165,-0.1260952024364792
2010-12-27,-0.018698124460854573,-0.03447044390895761,-0.1902162869949313,0.27259971458113075
2010-12-28,0.0555978260892664,-0.2888979857589411,0.10424594400820558,-0.11045331314869382
2010-12-29,0.0336349465887625,0.14037091421509118,0.06015071358518882,0.1458282860898842
2010-12-30,-0.2352860145982298,-0.3359413488283387,-0.18723507478605644,-0.16853407886828992
2010-12-31,-0.0521142967611609,-0.4629349548689588,0.009665565151407478,-0.7437554692229261
2011-01-03,0.9927016431732201,1.4780939517749794,0.7777733755109187,1.7573869431013835
2011-01-04,-0.1244686574436381,-0.1706710984771393,0.13575696390711553,-1.623874906437172
2011-01-05,0.5053025070665352,0.8163230197641077,0.2647248378766688,0.9254119569782533
2011-01-06,-0.2983169540611175,0.22206541251911643,-0.2958162863491537,-0.5814825733282525
2011-01-07,-0.28787012643656085,-0.19946133675399003,-0.2649402926679733,-0.6348192769928457
2011-01-10,-0.20978863740513393,0.27968006520533495,-0.3836051883900192,0.19724430057686465
2011-01-11,0.22817915548750473,0.007005411335196721,0.19520161844608191,0.44630470070406897
2011-01-12,0.8571820408445168,0.6250865415616009,0.6858061985536452,0.8804018525307797
2011-01-13,-0.17779126498228529,-0.02148227850545606,-0.20827432709888902,-0.2856369797157775
2011-01-14,0.6341943929177378,0.6378918387999797,0.39752702158875597,0.8689761318166711
2011-01-18,0.12034332753064327,0.20119564155246294,0.3918001572143928,0.12431645518723458
2011-01-19,-1.0280224833823186,-1.2121373435665603,-0.12253384666082649,-2.5585719392931954
2011-01-20,-0.17286469579120506,-0.7486094245143329,-0.017482460016551914,-0.7648121878803787
2011-01-21,0.1589033322890474,-0.827979914650612,0.37198520374829985,-0.7057871089005214
2011-01-24,0.568317074298321,1.3309535089728843,0.9225319267075397,0.6997927015114969
2011-01-25,-0.00864864814149735,0.07438117436099405,-0.033273312798529006,0.4783184033861639
2011-01-26,0.30237818665410676,0.44985493046180586,-0.001329691555564061,1.3280259170458348
2011-01-27,0.16216914545732655,0.49783202601950793,-0.03489803057499562,0.2958685100798796
2011-01-28,-1.8284748954110381,-2.6752710488326064,-1.451303546199552,-2.504080224448441
2011-01-31,0.6399418069898478,0.3532407588493337,0.4754620759347522,0.29054443591117324
2011-02-01,1.555414645145386,1.7817797419632275,1.232920071404504,2.1645372811523416
2011-02-02,-0.22025353436027892,-0.22410434257275297,0.005864431719539001,-0.4237661122429526
2011-02-03,0.17587857903743997,0.10242267169648239,0.12625292795910628,0.17855702907678123
2011-02-04,0.2198326979370822,0.4758418110320701,0.20404378475722074,-0.2813140026633481
2011-02-07,0.5676850010942136,0.39797100311770245,0.536357393320971,0.9286570357440205
2011-02-08,0.40858838771711875,0.5842340196058544,0.5587093896193258,0.517835274053569
2011-02-09,-0.263895090855226,-0.2266268072878047,0.04305579111935321,-0.3788162331445106
2011-02-10,-0.027477617532717283,0.08549267135154855,-0.12386055244843008,0.16136432556187946
2011-02-11,0.5070324695038583,0.6204847954775826,0.2908380439644327,0.9580647083256957
2011-02-14,0.18093744551857904,0.1477028875984664,-0.08619579413882178,0.38763506840068396
2011-02-15,-0.3836694153600744,-0.24110768178020242,-0.4063086195711476,-0.4586430935329356
2011-02-16,0.5363508950822828,0.5265787079953392,0.42661429568476006,0.6804607420993409
2011-02-17,0.2533874083010089,-0.10937991615468536,0.21796124657224009,0.7131873967373394
2011-02-18,0.15995542733785573,-0.3016498213106128,0.552013494559999,0.18305934623450026
2011-02-22,-2.0367091418094048,-2.98475619595158,-1.4329841005618529,-2.4463500418712374
2011-02-23,-0.7333220875669458,-0.951943979757631,-0.9758380290054997,-1.5903519163131625
2011-02-24,-0.17992297217217657,0.375951338985437,-0.4009474420734874,0.24563740793176841
2011-02-25,0.9274564395607193,1.2290456621887127,0.40697231176125415,2.157431201716882
2011-02-28,0.5486895388358574,0.10088507188433146,0.7266756750955758,0.3229461802328738
2011-03-01,-1.657621955370263,-1.6517450607401996,-1.35766092842755,-1.8574339403141402
2011-03-02,0.05392720597059822,0.369412811009375,-0.061010938479606064,0.09771218771833537
2011-03-03,1.62065390930143,1.843483567070634,1.5224683703708732,1.9524913133247286
2011-03-04,-0.7387080096151963,-0.5328288039953252,-0.6882972189178495,-0.6328489784247899
2011-03-07,-0.9080706487932686,-1.4726160996390352,-0.7704320717598255,-1.6095866944628565
2011-03-08,0.7960338966352851,0.2974028236958903,0.9626647236768359,1.5316981933172764
2011-03-09,-0.15979963834002928,-0.7350386094281357,0.009065941644280533,-0.19955412592359625
2011-03-10,-1.904094431630037,-1.6433284781520416,-1.9181944703033431,-2.6352417527775893
2011-03-11,0.503842546491872,0.424729600100751,0.3291698823610851,-0.017286441035740507
2011-03-14,-0.6468156555146222,-0.4323565724468512,-0.44137265940295894,-0.7283450411699232
2011-03-15,-1.2647598866953327,-1.5532156870965155,-1.2409252981125931,-0.9778663215216771
2011-03-16,-2.0094433062844055,-2.595479872514545,-2.185647460640153,-1.3098293969136734
2011-03-17,1.1280362256996401,0.696540906657174,1.2017754500698106,0.3667020729305925
2011-03-18,0.42040569644725895,-0.251821714033208,0.7964362745737881,1.528509874225439
2011-03-21,1.500631049003318,1.859659539942949,1.4779856451862536,2.199085183451722
2011-03-22,-0.33800613931408663,-0.213906940903541,-0.11098743447478848,-0.3231845779487769
2011-03-23,0.2140229089350895,0.48846064105832965,0.5015061554273212,-0.12086859590159502
2011-03-24,0.9098199651558204,1.709665492911347,0.6944679188545253,0.4310777255270522
2011-03-25,0.24928199150803274,0.19032905723946159,0.37519377722081243,0.7138084483903941
2011-03-28,-0.3035689560927629,-0.612830280635219,-0.22683318142583636,-0.4027701396302358
2011-03-29,0.609310435405974,0.8814674983619601,0.6141507857995451,0.68414630427366
2011-03-30,0.6429289491646595,0.3996949072375485,0.5673070516379914,1.1939975405859813
2011-03-31,-0.1711565455607737,0.08097010103300478,-0.27647062234623154,0.34540383137519776
2011-04-01,0.3237316437902936,-0.07142444182823156,0.37913497205481084,0.4103834669422839
2011-04-04,0.06237534312799825,-0.3905618719467341,0.18283582237278181,0.30973854808204826
2011-04-05,-0.06088947982946769,-0.33954253739753926,-0.07952980733745474,0.18056300270519393
2011-04-06,0.248965466356097,0.14677628687090621,0.21383443537331498,0.4495827255056856
2011-04-07,-0.3060625122855429,-0.157077934042955,-0.17210785029292267,-0.6921879263272215
2011-04-08,-0.42047613388722327,-0.5686031442133893,-0.2900819250655865,-1.2099323900161676
2011-04-11,-0.37330390248470924,-0.4196445889312119,-0.043490890057215105,-1.1351454622874564
2011-04-12,-0.8179321314561422,-0.7686041947839297,-0.9871435907488485,-1.3272755004396015
2011-04-13,-0.14393427776036785,0.7084160183672645,-0.06386536886926053,-0.5331351624621562
2011-04-14,-0.025788728908639078,-0.2937172235684034,0.058252509976439375,0.4512669361347249
2011-04-15,0.2947526027150273,-0.2505178926870354,0.4101385536589231,0.941086081280093
2011-04-18,-1.1533620159905535,-0.7747487664167936,-1.1512598642831486,-1.444672969851381
2011-04-19,0.4316436723903484,0.46085923089132846,0.4096325937500367,-0.26255351361775153
2011-04-20,1.3219943209239666,2.167094876296948,1.5050040106642315,1.637990662322173
2011-04-21,0.4808627253045931,0.7674990468287992,0.4380935978031042,0.5709265523871357
2011-04-25,-0.1567327858087572,0.2096331577468954,-0.25294989877768637,-0.05345928741089147
2011-04-26,0.758730814131916,0.45189963979075587,0.8397339145128415,1.0391900064697561
2011-04-27,0.6450396284162416,0.6386079669088681,0.7712220280343558,0.5304328926413875
2011-04-28,0.3071365759928363,-0.19521968583730048,0.5703866019650154,0.44039070583327844
2011-04-29,0.213365217402284,-0.1253919273494441,0.36683109086596283,0.2579728728057671
2011-05-02,-0.18831631553069034,-0.24751399764050097,-0.03981784510720028,-1.032279805670678
2011-05-03,-0.4133145583341369,-0.5519908507999224,-0.033560479195012885,-0.9444020512532001
2011-05-04,-0.7356007746811337,-0.23010658078845442,-0.6929691169083043,-1.32692986573855
2011-05-05,-1.039349376922072,-0.6738207900354676,-1.20207589179234,-0.6526579563855892
2011-05-06,0.2682020332103289,0.1528584108757926,0.28472738211327103,0.02121755192968755
2011-05-09,0.35914490474837707,0.304833981492028,0.3574067594224271,0.9481225544955355
2011-05-10,0.7869610344687044,0.764363402884596,0.5523556162890402,1.5441204827279584
2011-05-11,-1.0978258099571665,-0.8131404828173538,-1.0565276835890476,-1.6973546535710655
2011-05-12,0.35484311057554546,0.45950026311185066,0.410568284032549,0.5839689109027554
2011-05-13,-0.8332377626500048,-1.269121052938296,-0.8146799921129626,-1.4399704151485606
2011-05-16,-0.7227885560473069,-1.8544954423786528,-0.46365148947940854,-1.2517890887717837
2011-05-17,-0.06606825492925864,0.18620119849230388,-0.584658988400913,-0.40648270641467854
2011-05-18,0.7696120343800489,0.6753077816041773,0.5327075928108769,1.1419440775826541
2011-05-19,0.1976562409055408,0.20618771845496067,0.3307338785849863,0.17904657628553122
2011-05-20,-0.8389548893223195,-0.8399753572751539,-0.7663459254885739,-0.8092807238077278
2011-05-23,-1.2864530799221172,-1.6006492105385106,-1.1511532391006294,-1.6080096927843313
2011-05-24,-0.20174066500608015,-0.7576022524876214,-0.2996138293045082,-0.5631773963302792
2011-05-25,0.2713109704889392,0.2851671878916897,0.2629074492198581,0.9223288401266827
2011-05-26,0.3866757603109733,0.509590697219205,0.02067699118786228,1.072158413188773
2011-05-27,0.30726455717435086,0.396596489457411,0.24176460140716105,0.7147824130852336
2011-05-31,0.9847320155306593,1.5146436368836438,0.9894765601234923,1.4802723217839229
2011-06-01,-2.304072397030328,-2.2547376899018747,-2.251432833574321,-3.0518516995886222
2011-06-02,-0.29543742262613437,0.02757758761461651,-0.5289425713488679,-0.33302509505981814
2011-06-03,-1.119543180298346,-1.661393888112096,-0.8805859043655354,-1.4397620176925905
2011-06-06,-1.1564454415448358,-0.9391798773098767,-0.5837445100497793,-1.4487576168025154
2011-06-07,-0.17541687495714187,-0.3010992728084657,-0.21460086530138336,0.08282460542154449
2011-06-08,-0.5086796872419636,-0.8129846944745664,-0.24565042472413745,-0.9857504685468774
2011-06-09,0.7044419952051333,0.08273944489496617,0.589241087237074,0.1460278633372183
2011-06-10,-1.4071286260596994,-1.5785802848345905,-1.4318277949549598,-1.5500129290843265
2011-06-13,-0.0822030672252263,-0.1787413505715144,-0.14326808833467464,-0.332093029724416
2011-06-14,1.1945945008731302,1.1663114706824345,0.9858091272241651,1.9449857826114958
2011-06-15,-1.820070383844944,-1.9765648510425524,-1.5002526062882102,-1.644254262731608
2011-06-16,0.07215256621865088,-0.5490177363543152,0.40494903150782846,0.3523508773352321
2011-06-17,0.27886319273333254,-0.369520045590532,0.3796599468929572,0.25280125312338886
2011-06-20,0.4913045112936122,0.46446607098574455,0.6227396483464558,0.9352642921307922
2011-06-21,1.3188233266137295,2.0510841054869426,0.8904755407276664,1.7659736564438708
2011-06-22,-0.6504707169779641,-0.7935435384695917,-0.6939088266457222,-0.7373887887902387
2011-06-23,-0.3828624864699236,0.8085528359564114,-0.5919481822143835,-0.2521042899683941
2011-06-24,-1.3230348118513044,-1.9143733298847914,-1.0781087746752915,-0.5976337089662103
2011-06-27,0.7671337535329894,1.4490284911601,0.8076573618702769,0.5890835988303692
2011-06-28,1.2695121983720685,1.4166233806621944,1.2148076300020307,1.2588394998031862
2011-06-29,0.8473401538247813,0.3941122693391383,0.6025170970039023,0.37255215264847275
2011-06-30,0.9455340491808915,1.284077816942435,1.2204079230995635,0.8628949090980242
2011-07-01,1.45343174544992,1.4559796865646932,1.371887716367557,1.4227447292164734
2011-07-05,19.99751070476295,0.500102970812519,-0.08109696658936359,-0.04176375439133362
2011-07-06,1.2294588250267178,0.5615338885088307,0.17979894453502376,-0.20085554477303358
2011-07-07,0.7401908811469116,0.31569112293507695,0.4138732100703432,0.16402376696313237
2011-07-08,-0.7565493885609085,-0.3296023216505224,-0.5196608130989754,-0.6298706612046969
2011-07-11,-1.935638946930267,-1.949729442319039,-1.2891346364294312,-2.079481157677171
2011-07-12,-0.5750376765619063,-0.8949530593888234,-0.5663090989384338,-0.41925698665350386
2011-07-13,0.2375601020658061,0.3057925127086117,0.29060132398035776,0.6539563290756578
2011-07-14,-0.7507325563157513,-1.2599619988344213,-0.4650719334815614,-1.5829592483282848
2011-07-15,0.5241347496760489,1.2426438259535029,0.2983747340204665,0.4466704292710188
2011-07-18,-0.9171404906936822,-0.6432435149699893,-0.8198446412054695,-1.6626295589612679
2011-07-19,1.4958032895223992,2.1324921211211367,1.51993906930045,1.7055671215115125
2011-07-20,-0.07365363190891934,-0.45405914586487844,-0.08955200201361303,0.05762738416106685
2011-07-21,1.3165796455003662,0.5940990678814889,1.1388951976888497,1.2834934010395367
2011-07-22,0.10177208111163139,1.0032211757252054,-0.3026520949987014,-0.24887160005346695
2011-07-25,-0.6798548868684757,-0.34468863500149016,-0.8134184776058617,-1.2335620094851723
2011-07-26,-0.4968696189252137,0.11025492815770532,-0.8388208959230323,-0.6972216418800441
2011-07-27,-2.2145530861024687,-2.766364170710763,-1.729940753382206,-2.7939885369215838
2011-07-28,-0.43147791600494456,0.016881762344010343,-0.6246045321262326,-0.36637896629563327
2011-07-29,-0.13558557070352384,-0.4789687031246468,-0.8901170681211283,-0.17976162809583007
2011-08-01,-1.216796677382252,-0.6151382846653037,-0.2161841226151697,-0.5932538124018497
2011-08-02,-0.11332933277231678,-2.6972689406017727,-2.247700687523593,-2.9695753546292982
2011-08-03,-0.04130839468011039,0.8393918794760242,0.06561419566387147,0.14690413893290447
2011-08-04,-6.986036761154204,-4.998706884526381,-4.480129111799208,-5.890919918140966
2011-08-05,-0.5966474404192836,-0.946292126981418,0.2462228994293129,-1.9287377709223
2011-08-08,-6.71920772589137,-6.1544514715870395,-5.606285371780231,-9.018388055353702
2011-08-09,4.1213162369715235,4.368108314188136,3.5291436088013066,5.931878109337022
2011-08-10,-4.444392446358137,-4.139578383554649,-4.577428447565239,-5.327841130390108
2011-08-11,4.071477575056703,3.995020806164676,3.5050086254077373,4.21875915290595
2011-08-12,0.8194033347035877,0.9358283716893283,1.3187481188075134,0.36635327879307533
2011-08-15,2.1059410257156883,1.4650801403633926,1.8957657867456943,2.912501566432579
2011-08-16,-0.8141330936107174,-0.825464755820312,-0.6241277429300984,-1.587338873722068
2011-08-17,-0.012695817284463756,-0.7046809862772495,-0.04026369514717039,0.21079792123065383
2011-08-18,-4.469216275499452,-5.120462751694922,-3.790568843335715,-5.400783916738493
2011-08-19,-1.902401277343341,-2.085371908520287,-1.82002200820871,-2.192706756871348
2011-08-22,-0.09950224032720908,0.157605864905383,0.2192304292082526,-0.2461353136868625
2011-08-23,3.1748142003113826,3.9500286193004617,2.9132404447262785,4.087678321065255
2011-08-24,1.4562767251568378,0.8192084578343,1.3712575783998027,1.6846298723014876
2011-08-25,-1.487795823106927,-1.6270660307024314,-1.4987066359011896,-2.3970838351215678
2011-08-26,1.3051752876987714,2.31724671131308,1.0608022191335147,1.748207066195595
2011-08-29,2.7691713345978646,2.661945227004994,2.219992851154642,4.658500655824946
2011-08-30,0.30703584075223667,0.6648606885576588,0.21539370264548205,0.3048561042834118
2011-08-31,0.4046339579323315,0.08135841783601383,0.4165977800720673,-0.010437476103649451
2011-09-01,-1.0755163663916174,-0.9615780778815979,-1.050336443046401,-2.4447577952254167
2011-09-02,-2.708369705697922,-2.5064543446374814,-2.3385412904084384,-4.012790814815067
2011-09-06,-0.9488350181982448,-0.1848552423394715,-1.0792079418151543,-0.6777385295962031
2011-09-07,2.5936247698224744,2.3201014040558268,2.3084673752921607,3.7159576573892976
2011-09-08,-0.969760657644373,-0.43887939863959524,-0.9572590473230549,-1.7168587418653258
2011-09-09,-2.7758830289343335,-2.386121138981646,-2.849981452632395,-2.9710821336954836
2011-09-12,0.3763675934127464,1.017955332232829,0.38394579068745416,0.6037454847642258
2011-09-13,0.8202409864475599,1.2293322730868619,0.3929510481895138,1.5975484556863795
2011-09-14,1.3273298407315184,1.331337277599876,1.191867486080374,1.580080461190236
2011-09-15,1.72701760269348,1.4385607251033923,1.667414355913091,1.3597127650118541
2011-09-16,0.6451493580774644,0.9265878673881586,0.7177304082955633,0.21835615184728974
2011-09-19,-1.039471751060725,-0.015276089168838214,-0.9669036699306747,-2.0773790321563435
2011-09-20,-0.2730768554964078,-0.5810824192627918,-0.0609535499752418,-1.6256236826541608
2011-09-21,-3.0345988567960935,-1.80506925703537,-2.540893173682431,-4.1331322250262215
2011-09-22,-3.5632407959743357,-3.540125901439926,-3.7982349172587253,-2.865850150996768
2011-09-23,0.2693783514283707,0.7578993428798355,0.04800760114406588,0.7249123754811785
2011-09-26,2.284310363754278,1.022441362178026,2.478282799603361,2.1738124364677223
2011-09-27,1.2572008324797217,1.1157032936699505,1.4664972246634869,2.0224741740750956
2011-09-28,-2.065907588905451,-1.5178258801429816,-1.6028563592491227,-3.7578798184646356
2011-09-29,0.6403529640043494,-1.3355619698401648,1.1674960385136504,2.1535782188111816
2011-09-30,-2.5056175067212774,-2.6109413193998012,-2.115120701685919,-3.076089989465736
2011-10-03,-3.0526501913075768,-2.799456123121365,-2.5410264029221357,-5.346571855339477
2011-10-04,1.971137106839755,1.8382247569399186,1.2824603217427002,6.016713948762023
2011-10-05,1.730989369059688,2.4202531860787997,1.151030239604878,0.9634472719927099
2011-10-06,1.8599510294381885,1.6348735583884968,1.6991379825545598,2.313505081095826
2011-10-07,-0.6521440299822832,-0.6724739077956873,-0.15915441332201624,-2.896096277122068
2011-10-10,3.2609619970198263,3.355134299459239,2.9107216427810982,4.145272590873844
2011-10-11,0.1486567550796082,0.7145426946725926,-0.06553004328946856,0.8243547737540358
2011-10-12,0.7767040824568688,0.38655278036779106,0.7891443032292452,1.514347574954468
2011-10-13,-0.20163882555560173,0.8704315407924178,-0.3411178166428284,-0.32917370082859015
2011-10-14,1.574842451310621,1.7064736142578487,1.3417143705244723,1.7633076499639422
2011-10-17,-1.921471153119725,-1.5764415244153216,-2.126633877617668,-3.171493028374118
2011-10-18,1.7481770647631771,1.0397867051389547,1.367274024798693,2.783309814059881
2011-10-19,-1.1808245195032931,-1.9965532502531842,-0.5968555964178373,-1.5783590364898303
2011-10-20,0.3874347110819803,-0.5877890371596892,0.2801768429743348,0.23392397700377116
2011-10-21,1.8600374362166223,1.1845018439166881,2.2776633854535753,2.1954642846054466
2011-10-24,1.3067235653312352,2.0844768539304477,1.005015185139277,2.9656093909372805
2011-10-25,-2.0396311067230535,-2.064111392177116,-1.8104272962009196,-2.8194563146521388
2011-10-26,0.8778533970439986,-0.27045097116087724,1.2452329196196172,1.415887308419002
2011-10-27,3.457232570554436,2.711547879741715,2.894980643248221,5.182138772830134
2011-10-28,0.08285493111895213,0.1890210258430513,0.2820280899132973,-0.40345981014213717
2011-10-31,-2.4616594021024913,-1.763417964994309,-2.309588319637907,-2.772946186901099
2011-11-01,-3.0742066027302144,-2.8578480083662288,-2.7271018276585184,-3.9529936199488276
2011-11-02,1.3921413931241977,0.6293379230951894,1.3357035896260625,2.363172127350589
2011-11-03,1.822403533760398,2.0228978076802693,1.8000287561395696,2.4207955497672162
2011-11-04,-0.5768743910351604,-0.5315241515291577,-0.46018836910376887,-0.6850876550065952
2011-11-07,0.5273181604316459,0.6084555752784676,0.6213767520616178,-0.08078263451067567
2011-11-08,1.2536292125551953,1.0977431314499133,0.8476771302195132,1.4616851621005877
2011-11-09,-3.7880174093084364,-3.6309591743953007,-3.2794575565890347,-4.966478355288145
2011-11-10,0.6868936719031846,-0.30117210173154385,0.721459852197327,0.6367242919749072
2011-11-11,1.8678183733471074,1.8284827728841733,2.2050607562564304,2.450668195459733
2011-11-14,-0.8985864220196076,-0.6131163206952672,-0.5264867772062372,-1.564783824514619
2011-11-15,0.39514303889224056,1.0213574885011658,0.06126596378423377,1.0452818979067533
2011-11-16,-1.7128624244937318,-1.7789507297154945,-1.6709482292600946,-1.4333693303577435
2011-11-17,-1.7601057766026913,-2.548647939108508,-1.2907394332323496,-1.3413067292795988
2011-11-18,-0.22330640455332157,-0.9220960610782047,0.13745590129703433,0.29478438199697965
2011-11-21,-1.9575859641999473,-2.009796137617083,-2.1293536408661464,-2.3435001304811847
2011-11-22,-0.5811319897356595,0.12571881917189162,-0.6493232077860387,-1.3088833110498332
2011-11-23,-2.3538897063763264,-2.433744657079252,-2.1561197007008253,-2.9277768932019184
2011-11-25,-0.38708600627807555,-0.9612335902259181,-0.4080630868811982,-1.6863106156238576
2011-11-28,2.806827143376926,3.3290266581074124,2.5322473213702126,4.084339261260431
2011-11-29,0.3020435294957245,-0.6399996800378732,0.34133297656588474,-0.18484048883483584
2011-11-30,4.0511196618623,3.6101524240079192,4.141123680871831,5.956723718650662
2011-12-01,0.1403146946526207,0.7821949627611857,-0.014317205608177036,-0.6954932844180108
2011-12-02,-0.1456678519722205,-0.3497325559689377,-0.08499714624852787,0.2505113432092397
2011-12-05,0.996530694029083,0.9937898902189023,0.5873594764073722,1.4960529097605533
2011-12-06,-0.0024297107583029706,-0.3563704934195461,0.4030269129125762,0.26786082112669685
2011-12-07,0.3458869570554028,-0.06256838255167887,0.37691076406381,0.05154423436541729
2011-12-08,-2.2412125868193913,-1.7458031481679237,-1.653225539297742,-3.392814305518511
2011-12-09,1.5049052100738514,1.424319150646657,1.4101653621197172,2.654313369309471
2011-12-12,-1.4896621644240011,-1.1570196929648886,-1.3185957431264803,-1.278311726477652
2011-12-13,-1.0877649521948867,-1.2657714614125906,-0.6929558880670273,-1.9602317659461568
2011-12-14,-1.1499867300432178,-1.6711390243608792,-1.1475650359439717,-0.9439279597107236
2011-12-15,0.22802391955224258,-0.42268652364238835,0.2610080998204212,0.9112590080997038
2011-12-16,0.10611568477393467,0.42356546647313115,-0.030454857062929202,0.8678627297134983
2011-12-19,-1.164326236677083,-1.1121971834173576,-0.9161968698103915,-1.9271438836467032
2011-12-20,2.8830913697519938,2.8032678344495325,2.7477748722007407,3.82195126414529
2011-12-21,0.2665340791227447,-1.4042851949999242,0.1448170604492292,0.8869984152325674
2011-12-22,0.8849862855369649,0.8034847130564082,0.4699529659235384,0.7944708737577149
2011-12-23,0.8645277996522163,0.7571691702671993,0.995314147413102,0.19354675550303746
2011-12-27,0.08784499948401404,0.25419338953989273,0.0026361646847677285,0.29854240573204527
2011-12-28,-1.4168541773614436,-1.2601512444909362,-1.225226961261951,-1.49865414721556
2011-12-29,0.8848853328044413,0.5639388177031541,0.9920314277361361,0.5541334424620212
2011-12-30,-0.4778528061634711,-0.3089102711698339,-0.5225064157193854,-0.6617903078266933
2012-01-03,1.4660254134105375,1.7758006046687842,1.356973004559162,1.7185558657013977
2012-01-04,0.15446388160099714,0.3863207330192829,0.1979834511450056,-0.42641856888565505
2012-01-05,0.21468690973229765,0.7557762547634036,-0.066873783516324,0.3598170543579045
2012-01-06,-0.3659021451665566,0.23299747216352024,-0.5393329203545396,-0.3322708915003631
2012-01-09,0.1224825539991538,-0.4635988259023152,0.16224024619943428,0.0982977802659476
2012-01-10,0.8334505221955497,0.6616828126119394,0.542400490646655,1.3420854499407235
2012-01-11,0.01300045134496991,0.12337319250924475,-0.1374199057254849,0.4118331638948083
2012-01-12,0.15811765080396262,0.2781448240931533,0.10061970543516183,0.2928009236025556
2012-01-13,-0.5801573795237727,-0.45256366685600075,-0.4361303408351249,-0.6371125211146829
2012-01-17,0.2896519605464828,0.7950756726913896,0.4081918983277645,-0.3315831609175735
2012-01-18,1.0485689393033555,1.2551697906872372,0.7577272425771947,1.78646024284391
2012-01-19,0.46914888026578283,0.5555118961566312,0.3142337140597601,0.289023911766437
2012-01-20,0.02659166654288936,-0.22249476763789247,0.7283054207318702,0.4055338510605205
2012-01-23,0.028647778370876387,-0.006458506569167882,-0.06948906336202977,-0.07222915590328302
2012-01-24,-0.18343801123006603,-0.26036792377834955,-0.31840705968966876,0.4766269286428716
2012-01-25,0.7337521009406541,1.1218589162167925,0.5695634413673032,0.6910138261003564
2012-01-26,-0.548256896649434,-0.4232543593548743,-0.20408868044394257,-0.1683295003831643
2012-01-27,-0.14156987454725017,0.1995233205951251,-0.6494113733148061,0.3974011666933692
2012-01-30,-0.46979330476172987,-0.05994059556383802,-0.17333667150786883,-0.7301943964524245
2012-01-31,-0.11281868849713698,0.026073878757167657,-0.2035279561421314,-0.019571802615697066
2012-02-01,0.7765918580628136,0.7088561337013459,0.5844751387542066,1.8651007679546263
2012-02-02,0.10975943877989564,0.22869424244961678,-0.11787072238752488,0.5591749823672644
2012-02-03,1.3211107473852948,1.2529181009079926,1.1587785693533734,2.082225919504688
2012-02-06,-0.06759639225743422,-0.12659078110789918,-0.11714692248279154,-0.3476227136859917
2012-02-07,0.19463670025469448,0.12202398236990815,0.1987995395781404,-0.22355420681392388
2012-02-08,0.2462164486428064,0.45258636739911406,0.013560856201770326,0.2079387049137997
2012-02-09,0.04220045168487645,0.615264074440152,-0.020403442588280835,-0.6156255571923583
2012-02-10,-0.8187978132972122,-0.791642015336869,-0.751468331818332,-1.47683717400564
2012-02-13,0.6285435970269555,0.8009288071012591,0.4704889615733695,1.0026934886045005
2012-02-14,-0.1884401265044816,0.16771130542928697,-0.001538277870523734,-0.5387194679225319
2012-02-15,-0.535302562584844,-0.7842138483952961,-0.8035419039277951,-0.9566430956295665
2012-02-16,0.9943663075977567,1.2408295664369695,0.8513360048535069,1.8296912301823334
2012-02-17,0.21816778601129194,-0.401752019068899,0.3407359986744295,0.18340261753261133
2012-02-21,0.03561588018414274,0.23776392885014416,0.1137421991311368,-0.6487731583381116
2012-02-22,-0.382347746687838,-0.5410161032745308,-0.24483962120296032,-1.1816099495072179
2012-02-23,0.3656117447858711,0.5779887515268217,0.2988834778131348,1.2032748141300318
2012-02-24,0.1301532945145732,0.24254656661354518,-0.06967548106340032,-0.43510883390182326
2012-02-27,0.1184824343545363,0.056786522042297005,-0.059706290871256784,-0.15404994729869004
2012-02-28,0.21794630518925925,0.9092778443446805,0.11761020302556068,-0.4033260876650356
2012-02-29,-0.47320425575902886,-0.548601904521859,-0.46385433404381143,-1.681539123596566
2012-03-01,0.46705218536593596,0.7016820502920554,0.14576418995957563,0.2543927724716063
2012-03-02,-0.41100772698808763,-0.18049602897815,-0.08763514162348428,-1.545283178340827
2012-03-05,-0.47637115861763113,-1.1171379645283699,-0.1484447288099061,0.23592266980523624
2012-03-06,-1.6207989873631266,-1.0720337277798744,-1.6394626004227437,-1.9384584071322064
2012-03-07,0.5807463339515387,0.5801865911937154,0.46197158219808254,0.7805613032637235
2012-03-08,0.9316106612826565,0.996001793154869,0.5342116752190067,1.058817646190268
2012-03-09,0.3624835822815991,0.3411467164086624,0.06844979947725952,1.372408389905543
2012-03-12,-0.07457893675622815,-0.07082335567940727,0.21425440162976767,-0.1497979728840665
2012-03-13,1.75245321910911,1.770176608993674,1.65984455914172,2.1510150254785145
2012-03-14,-0.0863231426791375,0.3428392572803524,0.16817172611233244,-0.7564150351332501
2012-03-15,0.5183869423341076,0.21902414596492992,0.40228804500035137,0.8225575335082262
2012-03-16,0.08744369384879175,-0.13140084161081633,-0.18879345507254913,-0.09858810245338272
2012-03-19,0.3294562980127417,0.5997105632281631,-0.016500507438687972,0.8458129316593006
2012-03-20,-0.40574311268887275,0.05026745765757773,-0.6009084237967561,-0.8653468757658709
2012-03-21,-0.28116006662400106,-0.11553301490713266,-0.4403568284888518,-0.32528362983023273
2012-03-22,-0.8227673889236129,-0.3329523484945121,-0.6887282244788465,-1.0053740102970736
2012-03-23,0.2547990956606927,-0.19790033487597533,0.1724406037957294,0.8385885879235447
2012-03-26,1.3121282429679553,1.6572622262054189,1.1860516496564373,1.8502444872523978
2012-03-27,-0.34916116083796017,0.09299319658228833,-0.3187742546761651,-0.7262164966109853
2012-03-28,-0.5891510217476391,-0.49906702255155316,-0.6241877539455409,-0.2655414417724857
2012-03-29,-0.2726189475008975,-0.5093865946870157,0.0499121744052327,-0.37249525163606234
2012-03-30,0.3108218242928743,-0.26765188464560125,0.4885934190043796,-0.4044731282057302
2012-04-02,0.7521178464677819,0.9966346055855801,0.40586321456317614,1.277380923903763
2012-04-03,-0.45534985761382063,-0.13054514685139862,-0.5567606864216255,-0.8405990072914861
2012-04-04,-1.1067332291162633,-1.4957853632085267,-1.0382648101553458,-1.5720067808506681
2012-04-05,-0.15494551079522662,0.49065858985168076,-0.21017852642112056,-0.682125423628557
2012-04-09,-1.2323236047210586,-0.8792760644713153,-1.070211343408385,-1.6149269732057057
2012-04-10,-1.841579799535715,-1.7613792656390483,-1.7874750937428348,-2.467816511318948
2012-04-11,0.6332265795270136,0.3068892852557106,0.5525385193694445,1.1598994105032325
2012-04-12,1.2605056299981148,1.053059028086207,1.3985616406084804,1.462211835466383
2012-04-13,-1.165984446927127,-1.5365131612630898,-1.0123519418357207,-1.5036230979759702
2012-04-16,-0.17832483065895913,-1.2462773874943474,0.44799248775628314,0.39259370264674076
2012-04-17,1.4559847221366191,1.9608801918608278,1.522242886549628,1.5144989296493274
2012-04-18,-0.33007686868469815,-0.2740758825482378,-0.5879155305413465,-1.0734204437191504
2012-04-19,-0.7400988520416582,-1.232734085608875,-0.6364860138642586,-0.5861248593350956
2012-04-20,0.06596239103463777,-0.40268831222932605,0.4213641085798627,0.5890534279051464
2012-04-23,-0.8750635954222373,-0.9859437586340488,-0.7799128214506895,-1.3591880802658396
2012-04-24,0.2813783264427654,-0.6556242968552829,0.48957457374415914,0.8785395428246755
2012-04-25,1.3388366772299003,2.5639751905059565,0.6883115473167899,1.2927703231913779
2012-04-26,0.62749052822662,0.4837185219852898,0.8119051013408943,0.7401443647049616
2012-04-27,0.15159779013146613,0.5631244093632041,0.17965180664273733,0.8479034867761905
2012-04-30,-0.4602564439950248,-0.811001082598815,-0.17247928683231964,-1.2164246732190944
2012-05-01,0.5833528527335451,0.1039086737048298,0.4737792362232173,-0.000987020974531863
2012-05-02,-0.32270713582656824,0.2296702001321389,-0.0944530092472553,-0.026332012184953305
2012-05-03,-0.88023047184079,-1.1867599853745054,-0.5427019218710352,-1.2865029836382438
2012-05-04,-1.7042236597586538,-2.6009238299550566,-1.3343568161636326,-1.944913223720823
2012-05-07,-0.045633470487378355,-0.042688115064692084,-0.3244658021376948,0.2168495423923876
2012-05-08,-0.5006253743047401,-0.5086200373581828,-0.662022694884819,0.14298915503361256
2012-05-09,-0.7108948848126913,-0.45883944849680336,-0.8562063390660068,-0.6050671834654465
2012-05-10,0.0859977308270538,-0.3563437759195568,0.05342491328571314,0.4670587112263436
2012-05-11,-0.3530399017235865,-0.10504307082273592,-0.30279955525278823,-0.38091171946269536
2012-05-14,-1.2039558510219934,-1.0579192417510428,-1.0496279703003424,-1.2642525540244913
2012-05-15,-0.7147728221242292,-0.47461769287714184,-0.6111657831656313,-0.29125421764410137
2012-05-16,-0.5064362665305221,-0.8155252545203842,-0.3495285874293391,-0.8515787213644905
2012-05-17,-1.5559286084342752,-2.2246961267627565,-1.2888868363069508,-2.091189480983047
2012-05-18,-0.978420096828844,-1.4458440651992581,-0.6907446734168884,-1.0694769190422413
2012-05-21,1.6040791628561515,2.629527039939358,1.0244465842221289,1.7237618086703823
2012-05-22,0.12415745864134023,-0.19251404334243452,-0.03807520871546363,-0.5022000171446815
2012-05-23,0.011562596847444727,0.12218014540266689,-0.11123202389243378,0.38754592146671707
2012-05-24,0.0981873159791597,-0.7804761492926585,0.19209112323082417,0.3158477706486382
2012-05-25,-0.3427791923506257,-0.19096742144916978,-0.6107552840243072,-0.10847758676251569
2012-05-29,1.0874665925220128,1.1148298382386488,0.9002205368754955,1.1716990302403842
2012-05-30,-1.4700216365016936,-0.9021709595151431,-1.2782388357504102,-1.804104224178131
2012-05-31,-0.3849228403868331,-0.5960655771758311,-0.35498501088213996,-0.053287358484877395
2012-06-01,-2.641282991590069,-2.8012477141866388,-2.303829788886749,-2.7497087958309843
2012-06-04,-0.243122966896463,0.5536207046792044,-0.31236291357586976,-0.6006858812784581
2012-06-05,0.6441299927397656,0.2794460913765016,0.15999221175627343,1.0407087824644987
2012-06-06,2.164977236824696,2.1803157722905557,2.272696917546857,2.2829227703293995
2012-06-07,0.13955103424424425,-0.38577245611824496,0.4754827884042013,-0.39305894457586016
2012-06-08,0.7781872676666038,0.9365487037696176,0.7340748207557323,1.1341387493781938
2012-06-11,-1.327553882666487,-1.7734289560630596,-1.166488444551118,-2.247378863265654
2012-06-12,1.0441090633658516,1.0963671925823006,1.2028593236548808,1.0480107187904668
2012-06-13,-0.6516949680791809,-0.7311094120570885,-0.5804418298881755,-1.0186555261501293
2012-06-14,0.956029711036944,0.2671052606179787,1.1444342089091546,1.1789616244645977
2012-06-15,1.0386430932107622,1.2141139067046125,0.9549133113967386,1.1516503300015637
2012-06-18,0.17364718699046716,0.8834593041424764,-0.20466672523332777,-0.14095243693941456
2012-06-19,0.8594998989420497,0.9158920804185254,0.647870033250247,1.6891137621666978
2012-06-20,-0.21062529359536916,0.003611338095941552,-0.13300083718214362,-0.18629366131761138
2012-06-21,-2.340286404069215,-2.6174320453894233,-2.030810604024898,-2.2594403664745792
2012-06-22,0.581443202057231,0.8623267694752162,0.37158350744124047,0.8996409467373436
2012-06-25,-1.6743043538607616,-2.0405006904729914,-1.1176655732143896,-1.6435303811761628
2012-06-26,0.38231723552768115,0.49617275772662106,0.16145290962707448,0.19139893612012754
2012-06-27,0.8379748827791883,0.51907487242772,0.7006167173875493,1.5260514543959667
2012-06-28,-0.3153051425291191,-1.1856351255643265,-0.21645899564617233,0.24005734909170118
2012-06-29,2.4135411826787023,3.009075744602198,2.13374746368381,2.6721930202295603
2012-07-02,0.34405110964654856,0.28382255167121934,0.005392671729662388,0.9309499117264227
2012-07-03,0.57834047215128,0.7446352436195126,0.46396460122606015,1.2894337678962875
2012-07-05,-0.49984119271013944,-0.028795418989765148,-0.39094879089232026,-0.11485772063731306
2012-07-06,-1.0626599784143151,-1.3750499664971898,-1.0494880196896221,-0.9291264575481356
2012-07-09,-0.2422737602564442,-0.3194570835351134,-0.3870760300189991,-0.6006722410430084
2012-07-10,-0.9535171872010659,-1.1081010940671365,-0.7155283968218733,-0.9282768121264751
2012-07-11,-0.09869985069261154,-0.6862104910073218,-0.4699888201080819,-0.337621161532642
2012-07-12,-0.5544567787001609,-1.0497860928313352,-0.3200166558231652,-0.5292165780040319
2012-07-13,1.5924128011728091,1.3921070682714198,1.559792267916187,1.1689274269209666
2012-07-16,-0.19256327906372142,-0.2860882890216072,-0.32618690825833185,-0.28702499569180256
2012-07-17,0.5880344012702259,0.41267047757470277,0.5151525259364524,0.16380626749197183
2012-07-18,0.7181878392156494,1.2828384846653298,0.7978253084166452,0.43124586511187873
2012-07-19,0.21759947188238848,1.0374848138729347,0.2541394151925045,-0.5250039088655971
2012-07-20,-0.9956132133660365,-1.405302496324843,-0.9892102067390269,-1.1089210522258743
2012-07-23,-1.139208891362902,-1.3351488496009056,-0.9082885876902792,-1.7802557930812088
2012-07-24,-0.964463553540786,-0.9248999617726247,-0.894608115477846,-1.4202505812542074
2012-07-25,-0.10503299612790704,-0.8084310802944257,0.36660095218166344,-0.09834529548464521
2012-07-26,1.6126918833308923,1.2664398197719176,1.670639045116916,0.8805557756927216
2012-07-27,1.8861172414967426,2.358996696849787,1.5219605974256256,2.3709895809752597
2012-07-30,-0.022205945535707858,-0.11563754677640939,-0.03334800558842041,-0.23910331161594067
2012-07-31,-0.7555640467514709,-0.10782604205646114,-0.5499493139893094,-0.7851277513232282
2012-08-01,-0.2177720279714287,-0.427260076296194,-0.3399866951554392,-1.7771745014023879
2012-08-02,-0.7407883037695964,-0.42400369429177553,-0.7976294273350578,-0.6483856788900267
2012-08-03,1.8045467732072515,1.7133423636438687,1.5428791812399771,2.2994195841887715
2012-08-06,0.22071896831290783,0.7397385385717135,0.2079112442147394,0.801768628126229
2012-08-07,0.418086316356296,0.7293836954601152,0.32085628172620795,0.5173620388181743
2012-08-08,0.06855261587407435,-0.11637157332023884,0.018663739782187952,0.2642723500844638
2012-08-09,0.023205555839990386,0.21440810049065018,-0.1321137174526396,0.3180339841418503
2012-08-10,0.07609095699840955,-0.055465780887846775,0.25410565922394845,-0.3248844346475874
2012-08-13,-0.08229482924589726,0.1752625662490243,-0.303959069254635,-0.10366360837949866
2012-08-14,-0.09298554015122994,-0.07311491114044613,-0.07241873086949005,-0.488962715291157
2012-08-15,0.05060677771487579,0.16161649455368585,-0.10090662095823633,0.7352010513095915
2012-08-16,0.6349242929977241,1.0663303683631113,0.5663416682427558,1.0029977427951497
2012-08-17,0.08988387090507911,0.36363875823559433,0.16994546371944164,0.7881488123609004
2012-08-20,-0.07065171045685353,0.05857635450481352,-0.08060533870487292,0.017739499900467064
2012-08-21,-0.3715673080337966,-0.4840398691378477,-0.5656159426706567,0.01672028852364186
2012-08-22,-0.06348014008716932,0.2807369973425375,-0.33024836070053265,-0.7169705771079504
2012-08-23,-0.901367907809601,-0.9414632946599167,-0.9479729903625921,-0.9180761514139275
2012-08-24,0.4670202643402476,0.46780998145014496,0.6469999464900383,-0.004459334318635599
2012-08-27,0.005732152734584054,0.10963422014891613,-0.23520843344608672,0.2681220256398529
2012-08-28,-0.20362609606493676,-0.11207623962481908,-0.2621651332431277,0.29705710221117154
2012-08-29,-0.013249428635885518,-0.12180614985532762,-0.036534813871609506,0.28259068473747856
2012-08-30,-0.7856078633859739,-1.1088448917265616,-0.8630791730160982,-1.0150245051812217
2012-08-31,0.3753759871200726,0.531918655650656,0.5955086704330851,0.4585076564761783
2012-09-04,-0.13414939838525453,-0.17683859035619726,-0.41905204174033645,0.8330114162909669
2012-09-05,-0.19999937959600483,-0.22733311951579493,-0.020809800561864572,-0.0233703474232278
2012-09-06,1.9649377967391974,2.0997044219978904,1.8311481018062636,1.7972424506436249
2012-09-07,0.4676518472668446,-0.13556829442495055,0.17434087897482956,0.9588540220925421
2012-09-10,-0.6639909578488696,-1.3669449422215827,-0.46537670565692874,-0.5308560442337547
2012-09-11,0.20191811285740655,-0.2742884039901622,0.4699340528528563,0.3888999395933859
2012-09-12,0.32344179908130016,0.2320895071007401,0.08377393379389926,0.5507630571291912
2012-09-13,1.5212203544506548,1.249487422224416,1.477964201846366,1.4237320650899374
2012-09-14,0.408640254919586,0.8754242975934167,0.4482321118194745,1.1262393628812946
2012-09-17,-0.42129715934718803,-0.045446285451871155,-0.35414363898577217,-0.7595973582060135
2012-09-18,-0.1674553714244726,-0.009806943760943085,0.018577900390398458,-0.3656123129020583
2012-09-19,0.007917119069441356,0.10246079696703422,0.05660634224788733,-0.32951725372186697
2012-09-20,-0.05946094998378991,-0.17756842614704355,0.0951671361059432,-0.4570297994819743
2012-09-21,-0.11089010239961038,-0.045056002975120774,-0.16230727638544146,0.34884716724269405
2012-09-24,-0.30468327775137477,-0.7051757339828001,-0.22757489811536397,-0.16771464917958112
2012-09-25,-1.0258694253519447,-1.5023334871447767,-0.7960215079897441,-1.517988266322138
2012-09-26,-0.7136045056043716,-0.9350555994151813,-0.39709814114653724,-0.6515178056346682
2012-09-27,0.897546475134303,1.2552746608707195,0.48385834842591247,0.8000567155400695
2012-09-28,-0.5978675043885292,-0.9075081503146015,-0.39957364308239507,-0.961385768718416
2012-10-01,0.1412763006514543,-0.2445371630949547,0.5144875331720384,0.34053469204683817
2012-10-02,0.14773344261923388,0.23580372586544507,-0.2360033506069657,0.18148957857012332
2012-10-03,0.30561206601449065,0.5288817161664816,0.004331735254384517,-0.370789542131041
2012-10-04,0.7645565448283617,0.24520101383495346,0.5421607225934653,0.6987918545749837
2012-10-05,-0.11922440749037228,-0.5970793507474614,0.23255137873477139,-0.039867104194502886
2012-10-08,-0.3610466334412771,-0.9917317443102384,-0.2112505278589753,-0.6212575507445319
2012-10-09,-1.0261506646450862,-1.6889818812830517,-0.8533577564735078,-1.0817200489112713
2012-10-10,-0.7749693888392564,-0.6352821389761695,-1.041125415189194,-0.3451680481779575
2012-10-11,-0.09272300112620094,-0.4921568352357508,-0.26643651915988725,0.35168183836683364
2012-10-12,-0.42944889010698595,-0.16109986551027505,-0.03725095176436274,-1.0526064545643392
2012-10-15,0.7550272228326952,0.6410349082551513,0.6895762334106841,0.47337333911894186
2012-10-16,1.0542623985461177,1.3657706490501265,0.9343633349319341,0.5678391434968041
2012-10-17,0.3788324672270267,-0.10355957222126355,0.033083115452353005,1.0958797322066858
2012-10-18,-0.2773045667609393,-1.262134820015871,-0.1396846643143787,-0.5766472378258931
2012-10-19,-1.7872191443542667,-2.503473746613053,-1.543274344152393,-1.7445984987815562
2012-10-22,-0.06931240905026564,0.34398120520042436,-0.10818786133582645,-0.042738557384244646
2012-10-23,-1.5370081171325953,-1.0821608969678012,-1.8872813072421362,-0.6684295036868589
2012-10-24,-0.433439483930772,-0.5669510332527035,-0.40300323594885357,-0.2895981675809608
2012-10-25,0.20227516947518406,-0.12371140136958607,0.16107178531158958,0.40313715801184263
2012-10-26,-0.10494003816158934,0.20740796706682707,-0.0066006329877492664,-0.4429644759047428
2012-10-31,-0.19374706091291094,-0.7108390333194936,-0.12951530948342183,0.3022318525162586
2012-11-01,1.1450235586550015,1.3207809082637532,0.9775357312729611,1.2637868604752913
2012-11-02,-0.957418860661229,-1.1257438999377647,-1.0482318068954828,-1.3625713762991365
2012-11-05,0.12058817439229699,0.5219647061333827,0.0233582444413324,0.3045650688168305
2012-11-06,0.6325695585631212,0.06478661717502693,0.9558154544857398,0.8562235160473752
2012-11-07,-2.2151150477137276,-2.4044714275177386,-2.3552863205456265,-2.8177956015226897
2012-11-08,-1.51511278587509,-1.7908948692456745,-1.1462726196260886,-1.6339442148198682
2012-11-09,0.02222751080319363,0.26511464687143127,-0.04786930110774326,0.06254229268734017
2012-11-12,-0.025749501051786375,-0.12047908742083537,-0.05339950106241028,-0.3477963719531305
2012-11-13,-0.37914125144588956,-0.7825746947073183,-0.5095988848447096,-0.7435849598929525
2012-11-14,-1.4122921863494629,-1.2944994833774737,-1.5415702651055998,-2.0123129087400677
2012-11-15,-0.3679419170131105,-0.525567822998394,-0.37514179459868313,-0.7523763454082593
2012-11-16,0.3949253746275022,0.321003728351218,0.30919122524087905,0.8109877522041051
2012-11-19,1.97172321474047,2.257973419788548,1.596239984213796,2.077781013854671
2012-11-20,0.11766917138709757,0.009672137223547851,-0.026253187801523636,0.12366796771079223
2012-11-21,0.055274902246287574,0.11426427889075269,0.303485480645097,0.42095895525607935
2012-11-23,1.294898168957428,1.4234282198064525,1.3130441198131357,1.0870097023520446
2012-11-26,-0.19552544668053834,0.42376649523062104,-0.2860733925843108,0.3131456641298524
2012-11-27,-0.6410306650650028,-0.46364964029124184,-0.8017092248718035,-0.26205615832317447
2012-11-28,0.6814094269728671,0.720191702235966,0.7210635146945898,0.7079024135111937
2012-11-29,0.45065611037449826,0.5375656827975653,0.2940694523428825,1.1891279832893686
2012-11-30,-0.044332249900028875,-0.2558840759911207,-0.031057190882591137,-0.03582051749442006
2012-12-03,-0.5494656617400594,-0.2829142829265322,-0.5009115556699307,0.0533709982379735
2012-12-04,-0.26506411445387074,-0.19879902065698646,-0.1999963726597248,0.13547758195186352
2012-12-05,0.09712916447126234,-1.216289967516611,0.5836150827030193,-0.050316571875835256
2012-12-06,0.36867150935537507,0.6257969439003637,0.3488307744058457,0.2537839297733857
2012-12-07,0.23665216627616467,-0.6874166929173385,0.579581342351825,-0.009454930395186925
2012-12-10,0.04840158038525238,0.2681038631492056,0.1319801379195314,0.47841352149266075
2012-12-11,0.5916389555316341,1.1944523156912012,0.5394831799621669,0.7928023394854755
2012-12-12,-0.006618325633517878,-0.28414967821205256,-0.049709329728201246,-0.4710498326310551
2012-12-13,-0.6623932144715619,-0.8594384998847583,-0.6128769334067631,-0.667852772104578
2012-12-14,-0.472653610427508,-1.0845519383681979,-0.35963370843394016,-0.04066618742988297
2012-12-17,1.0870105118413358,1.2122934354987407,0.7079362150241826,1.3432295289006044
2012-12-18,1.07911198678255,1.432194766249917,0.8538589330400519,1.3108955952738959
2012-12-19,-0.7762824233840716,-0.49706951366865,-0.7658022664803469,0.2241177845205422
2012-12-20,0.4286645602281111,-0.14883704054365096,0.32377480286115057,0.4921876717215652
2012-12-21,-0.9170864597081019,-1.1142918993016073,-0.9102890731984715,-0.32555915230170185
2012-12-24,-0.4400517275011949,-0.35810539709699785,-0.511148249830066,-0.6619342889840109
2012-12-26,-0.5096627603392164,-1.0039298451754652,-0.2504973441257406,-0.5762788010138366
2012-12-27,-0.20016672129440496,-0.24741739077646663,-0.18186350001746576,-0.15582326407652214
2012-12-28,-1.1692042004605072,-1.0733171233035304,-1.2731409484405631,-0.8414916970196439
2012-12-31,1.5279222211242025,1.922039887356059,1.1342116376156772,1.9196627698095747
2013-01-02,2.519822586404877,3.0683491681155584,2.3385990848503737,3.142573098724139
2013-01-03,-0.17824025428605092,-0.5057260559348943,-0.0956778840324278,-0.15465330513068098
2013-01-04,0.3816900564778326,-0.39902414593349683,0.26165543036645095,0.5318091789380462
2013-01-07,-0.29769270310957074,-0.03977293576934639,-0.3985271585557945,-0.522167549377919
2013-01-08,-0.3862177158070277,-0.32772501589813274,-0.4970641063985121,-0.17731538177344996
2013-01-09,0.14520525853054989,0.24773377020342519,0.37155285470806243,0.19873196490478012
2013-01-10,0.7476938394783925,0.5247633431783265,0.5910278075263742,0.2802986921580454
2013-01-11,-0.021931637978729015,0.09269033971163843,0.11615025311460306,-0.20421489345656477
2013-01-14,-0.14007288359594483,-0.5375069295179997,0.09090968134009952,-0.08426562878637882
2013-01-15,0.01610899550937501,-0.5628935722195529,0.17513187076026449,0.22236134149571016
2013-01-16,-0.052942787267111886,0.33372584172166914,-0.19564577607435682,-0.22231523225471037
2013-01-17,0.552439477308629,0.3604089441237745,0.5534763854234309,0.8349937095213588
2013-01-18,0.18908599069938464,-0.2849380987065648,0.3793061626170125,0.28244799401143356
2013-01-22,0.5131485120172883,0.10676163869338584,0.4465714885143924,0.800922702567928
2013-01-23,0.12842765659312919,0.5411388893216592,0.4673578267597453,-0.2782738163667354
2013-01-24,-0.017317400563830097,-1.4521672068081184,0.3258364917702908,0.1292613133508756
2013-01-25,0.5558517480689935,0.4866915511811808,0.5125991570080185,0.34412619822814844
2013-01-28,-0.1512392754378289,0.14759382825531447,-0.11247334369956885,0.31613588340242704
2013-01-29,0.289361655316383,-0.0988694190989102,0.44379368658195634,0.13049965798587437
2013-01-30,-0.40458983512353935,-0.25292033865464714,-0.3108615983187916,-1.122085120374639
2013-01-31,-0.3320449596785825,-0.32428367090310667,-0.42474876954759944,0.566951620931936
2013-02-01,0.8969229167961105,1.040474006876861,0.9703535863699684,0.8481233607417594
2013-02-04,-1.1236176572507817,-1.7981738096996984,-0.8974090987723056,-1.223759397680649
2013-02-05,0.9038899888368115,1.3529323993886768,0.6158770673917,0.6929498910143574
2013-02-06,0.027398274092483133,-0.410556522337262,0.03484436295706285,0.43201757444652655
2013-02-07,-0.19331125587408818,0.00485436186583621,-0.3605218333560128,-0.3801181473518257
2013-02-08,0.46677059594561854,0.8987587432970854,0.2757493019822393,0.5604964928154315
2013-02-11,-0.09173703035655717,-0.06657515082690282,-0.20519581433780595,-0.05871273563915388
2013-02-12,0.08418061099590378,-0.5134970445407389,0.2668056789630123,0.5607837523586952
2013-02-13,0.04950614998892136,0.28209424735596644,-0.27109677521110653,0.385786306769468
2013-02-14,-0.004370971266223961,-0.1561589838730573,-0.1544710396373041,0.16594220417645453
2013-02-15,-0.18546772601330408,-0.4014273076774796,0.001244476475153411,0.03036927382460677
2013-02-19,0.6857138807902013,0.6279565048534118,0.34855277607032226,0.8400068974262476
2013-02-20,-1.3004144922863623,-1.630700694168236,-0.8132243076370341,-2.0181599910235146
2013-02-21,-0.6978441227647119,-1.1898817109547573,-0.40400978663117465,-1.0608948559563136
2013-02-22,0.891378523618431,0.9082859124248631,0.8138792113173703,0.9841020290829359
2013-02-25,-1.9489014085818983,-1.3008625008435526,-1.5591175292515396,-2.173430952882773
2013-02-26,0.4955004908743904,0.20061817319910621,0.6851924172117384,0.34811239930669413
2013-02-27,1.2411671073702313,0.9850538425174076,1.2802487031054197,0.9997780607096189
2013-02-28,-0.17746007595001725,-0.21796785517368877,-0.11581511016942016,0.07622586164912293
2013-03-01,0.24052836731881452,0.31626016106377947,0.1752539916996203,0.3260407330430377
2013-03-04,0.47446247562625404,0.3591377271329424,0.23404978279734967,0.07646388058025587
2013-03-05,0.8524338875593498,1.392607566850081,0.8493126810285515,0.953724895663326
2013-03-06,0.08965260796241453,-0.3170991828913575,0.28160094480962616,0.20390219248153651
2013-03-07,0.14429545810410874,0.21253392159486195,0.20719099877410554,0.4417190643513708
2013-03-08,0.3614074526526662,0.029855211837536644,0.4322053613332335,0.7056571284643213
2013-03-11,0.34762517835466616,0.23001308224975728,0.3336697623559244,-0.07236297204293793
2013-03-12,-0.25523981071680246,-0.42803674165697425,-0.0005550964583836103,-0.25532802904394686
2013-03-13,0.07003796614871663,-0.21752842194043798,-0.008509756221304919,0.3490680906689744
2013-03-14,0.4662642933405518,0.2452252372271023,0.5283928998856916,1.0729001811228602
2013-03-15,-0.16616034239879413,-0.3520099271263027,-0.18415493961099597,0.16528742852119974
2013-03-18,-0.6249876737917395,-0.31944884434866977,-0.4892294334367791,-0.6101844942927244
2013-03-19,-0.3383909520584389,-0.3159013162928392,-0.04871485348311297,-0.4511601701776411
2013-03-20,0.6267624288799607,0.6190986373026941,0.35202445914443525,0.7314654694350968
2013-03-21,-0.9100490195332489,-1.2147865906727562,-0.6654398368627988,-0.7966580119871488
2013-03-22,0.7023140347758363,0.8439230990368007,0.54547096995591,0.0440226311279282
2013-03-25,-0.44321175856567213,-0.4254740880686265,-0.44777553837723116,0.15354732707111807
2013-03-26,0.6745218375045356,0.41031089678330684,0.6662561066157299,0.1861526382033982
2013-03-27,0.006683231584495544,0.09216601312924483,-0.2093358640509546,0.1627018873234815
2013-03-28,0.2067878417803128,0.127725732323687,0.26775627753026243,-0.3508519870013312
2013-04-01,-0.42880613193933814,-0.7523921355598444,-0.05370625505597071,-1.0956020483619677
2013-04-02,0.4355954953982331,0.7153637359960584,0.5784591938668234,-0.6951989981524401
2013-04-03,-1.05361037530005,-0.9624129036113056,-0.7670936506800446,-1.5798782494639612
2013-04-04,0.27445036052413324,-0.08656677430202048,0.27870734402601227,0.6337143391054197
2013-04-05,-0.5006366897694438,-0.9086155388000515,-0.3047099168560217,-0.08894149477769817
2013-04-08,0.6007959306914644,0.4221125442407358,0.2749445775209518,0.9165052432994364
2013-04-09,0.3001433771834834,0.5835649008060871,0.3731569355528956,-0.32488041866654943
2013-04-10,1.1792722757413034,1.851021407157821,0.854623843964289,1.657021081417207
2013-04-11,0.2619864276187087,-0.10640506423213524,0.38079711633622493,0.08886236083256911
2013-04-12,-0.2616050837497242,-0.11661018754005789,-0.013941153227028064,-0.48392678880500817
2013-04-15,-2.4204798759691597,-2.0824601172256507,-1.8492105901885578,-4.018732508810722
2013-04-16,1.2961279098362772,1.1665066144180223,0.9422302740124219,1.3900605585976655
2013-04-17,-1.503639772182378,-2.0173418869599624,-0.9436151066085704,-1.985885491338404
2013-04-18,-0.7221140625696547,-1.5157421341532462,-0.6382808053457725,-0.34879578508158393
2013-04-19,0.7712751410940394,1.243893573858537,0.0027345235780882465,1.0493733758112547
2013-04-22,0.35708399573653254,0.88483069281893,0.051752846339911174,0.14116069086398084
2013-04-23,0.9530441065895698,0.8417497764353342,0.9730199336392853,1.6087979606383513
2013-04-24,0.0440124505439102,-0.08861482867758803,-0.29172622983696217,0.7303686471622267
2013-04-25,0.3175783205800624,0.41622777882225553,0.0746563904157728,0.34474077910083556
2013-04-26,-0.23038129459863577,-0.4198858957957408,0.03581885944408978,-0.6716426873397345
2013-04-29,0.6182950762977181,0.8399608030034236,0.6915114988606526,0.751354278387034
2013-04-30,0.19048700198346524,0.6643763433859399,0.12762269919280067,0.6374945543340701
2013-05-01,-0.9682724863653696,-0.5620432355229076,-1.0065190584039174,-2.5535640240062922
2013-05-02,0.8196799513696614,1.137809447838974,0.7871108458699682,1.4210309462369015
2013-05-03,0.9394408159903171,1.095179482755185,0.9287431687032809,1.5731061928290726
2013-05-06,0.23428829430040882,0.3448844220338043,-0.03719055405322382,0.7089850663412067
2013-05-07,0.43014411487989973,-0.15489757169080415,0.5071930674253876,0.8739591949455927
2013-05-08,0.44115859065418,0.4229137809932261,0.32411953425448486,0.2857097907965961
2013-05-09,-0.3225201660440354,-0.22054102066871376,-0.17949848808913038,-0.4588689224277931
2013-05-10,0.2396652986851842,0.5084154370613653,0.17600104694406377,0.5064073067776391
2013-05-13,0.0035075252413802605,0.032811605653608675,-0.2270028525435368,-0.40704213120003324
2013-05-14,0.9583572780137706,0.42109453268172303,0.7473334716308242,1.0545377560907965
2013-05-15,0.5289626414695877,0.14845439195040136,0.3923456781248516,0.3158326240084421
2013-05-16,-0.495867698683016,-0.18061418238166208,-0.3045879638088222,-0.3720839948389621
2013-05-17,0.8552280546858864,0.837581847930209,0.7167683430805504,0.898611905434221
2013-05-20,-0.026989559399642947,-0.19443985325087876,-0.12815565070165252,0.5103170361971487
2013-05-21,0.062343103022413776,0.0012181079881561224,0.26551229892055056,-0.1021733425595582
2013-05-22,-0.7804352044316937,-0.9525317951052462,-0.5335852041420518,-1.7090002249015845
2013-05-23,-0.37132814674103953,-0.3213491277211713,-0.14536954200590324,-0.1243331723719987
2013-05-24,-0.18636137018309643,-0.16075723057313884,-0.003331337584486428,-0.031755242744304385
2013-05-28,0.5290633434106653,0.5674333992043653,0.6535432588754325,1.1524381694499364
2013-05-29,-0.6915939777701892,-0.5353140834428686,-0.7031747949755113,-1.0229276213908884
2013-05-30,0.26514684009406364,0.41131524083642246,0.0484302246036489,0.5373494614335277
2013-05-31,-1.5325269140987408,-1.029981364070231,-1.4322277143679374,-1.2290125629705353
2013-06-03,0.37749731986493285,-0.00653492444594253,0.7610289972327502,0.8482348094640257
2013-06-04,-0.4873784262150975,-0.5551429758460371,-0.46418990486721406,-0.8563537293209103
2013-06-05,-1.4947326991683059,-1.410066830816846,-1.5154007324056582,-1.4406020220969227
2013-06-06,0.7273138886904833,0.3005460932441405,0.38267303910194134,0.8960322828823593
2013-06-07,1.2390645480910587,1.2792306028386644,1.3552783960235724,0.6203950557624014
2013-06-10,0.02935023594777111,0.020625076140104438,-0.015170093074968367,0.64398678738517
2013-06-11,-1.1361310656497536,-1.0966150448560075,-0.854174043402331,-1.491843111889348
2013-06-12,-0.9339307893220794,-1.2856807143095148,-0.9187001504413098,-1.0981342057674333
2013-06-13,1.3956970537889628,1.1284447524894785,1.1051434911697944,1.8871797091683489
2013-06-14,-0.6297124345572706,-0.7156858574510276,-0.6841517855730058,-0.7771079716188097
2013-06-17,0.67051562188502,0.8342592475198223,0.6252011119496245,0.4386093451072746
2013-06-18,0.7551380840763526,0.7525780918418952,0.9033995107703686,1.1898977847762715
2013-06-19,-1.4183048297068506,-1.1637000026120172,-1.3567965629946606,-1.4044389272727977
2013-06-20,-2.667703449424409,-2.5721263360032296,-2.5131923282726234,-2.7331090770685504
2013-06-21,0.09802793345404495,-0.7515963012483364,0.088173287088184,0.17857617990136093
2013-06-24,-1.2971915381775647,-1.0774174944571138,-0.9498688438756141,-1.369558924861033
2013-06-25,0.8262139154613085,0.5732627269232335,0.5832705008301223,1.0589337312934508
2013-06-26,0.9506603378156288,0.8348762900240537,0.9992700555149946,0.4085626366430216
2013-06-27,0.598381362416443,0.39079444126832685,0.7868842784706598,1.5870105892946522
2013-06-28,-0.45662224881407143,0.08320625700445433,-0.7867396022303124,-0.23452738499520087
2013-07-01,0.45595120575642706,0.4698160355662143,0.3152330869910455,1.0328423514862233
2013-07-02,-0.14492160417958613,-0.047844903981725695,-0.31673386295313816,0.16634113132986472
2013-07-03,-0.04583537932708606,0.2868437845176693,0.29261577162631563,0.10830713399640195
2013-07-05,1.0130817325208816,0.6782296833598106,0.961621550662685,1.1517204820025422
2013-07-08,0.5642955407433307,0.07729197267271407,0.5983884950417134,0.45737761933841437
2013-07-09,0.7128157667250484,0.5551122434169921,0.4891704467707978,0.9619554838185673
2013-07-10,-0.0057564840569521575,0.49560123250167354,-0.09139280535092237,0.17771792066017483
2013-07-11,1.25924210854583,1.8497257933345383,1.0271524179839617,1.008377335478465
2013-07-12,0.024105905343857523,0.39717350270248686,0.023180648331031967,0.13274128957298187
2013-07-15,0.2977711061071553,0.13405218090252188,0.05398714005026885,0.6466028451917823
2013-07-16,-0.43785711542630523,-0.2212822968684613,-0.26558828430459497,-0.22110170206930724
2013-07-17,0.15999897414674935,0.1343392662118088,0.05850051261800249,0.32403667409216513
2013-07-18,0.48228319970889255,-0.3369328644748092,0.4565866628997622,0.9202727262195102
2013-07-19,0.16392158309627447,-1.0995831413252053,-0.040288333858442646,0.11203992391140223
2013-07-22,0.17945525052459876,0.21335806261717,-0.02062449160730819,0.44933274206621254
2013-07-23,-0.29260169464121977,-0.8699841916402805,0.08002668179212495,-0.09390029033497589
2013-07-24,-0.40687830936160885,0.25041675397485513,-0.179370217298251,-0.8338463697663325
2013-07-25,0.14601489459002906,0.5255550087271584,0.03037689139708275,0.685567792249436
2013-07-26,0.005878616010310159,0.435080578246854,-0.052838505402875935,-0.6306422473787048
2013-07-29,-0.37138171454412566,-0.2732452124523381,-0.2857402495192719,-0.865089208464089
2013-07-30,-0.0907569242018371,0.4326900989163882,-0.07806763381440109,-0.1299067826989565
2013-07-31,-0.030123912966616484,0.07778740713389706,-0.20338424574607927,-0.20143734128066149
2013-08-01,1.0686394493559201,0.9141990053619311,0.7550760086457744,1.0016625109768071
2013-08-02,0.15508463263821617,0.5019458455525938,0.18345578092600381,-0.13449780967877195
2013-08-05,-0.21362051605282292,-0.026117690137060792,-0.3455902278560566,0.09355532081434818
2013-08-06,-0.6789861273926558,-0.7151389403828989,-0.6919276862943257,-1.0424427544000283
2013-08-07,-0.41840035434637446,-0.3047759107809601,-0.3905325079523181,-0.6142824773945591
2013-08-08,0.2675680838422738,0.3772360529848484,0.10769199095719034,0.30291153223126493
2013-08-09,-0.35860840996274135,-0.4977038707017015,-0.522486586837411,-0.2530517428761947
2013-08-12,-0.21430854910052527,0.11113467372353603,-0.12858988960992368,0.3860666292626387
2013-08-13,0.1974798607706849,0.43616516331035055,0.14150774239410435,-0.3434486777316578
2013-08-14,-0.5614029844437933,-0.4470024590898434,-0.7678256598704041,-0.40961577543693223
2013-08-15,-1.542772755453952,-1.8503132993040872,-1.6048259679480414,-1.7911398906354234
2013-08-16,-0.47540378728271376,-0.20800320086451338,-0.338559021038511,-0.6778281235094422
2013-08-19,-0.7373206115454015,-0.30583724184517913,-0.5231301022512341,-1.288279238688279
2013-08-20,0.3794335836533367,0.32651261293804834,-0.1284641106176706,1.4077490689606418
2013-08-21,-0.7222722448787533,-0.4641556765090487,-0.8014530601787845,-0.8795873051295989
2013-08-22,0.8047916409473246,0.8283846452753797,0.3508222447207019,1.3355023309872853
2013-08-23,0.2770001577268758,0.5721299050129535,0.2627054361333002,0.19166386864837814
2013-08-26,-0.4246008944811723,-0.03598504251526986,-0.46437077489272605,-0.16991164655927887
2013-08-27,-1.7423156537920668,-2.192618940795311,-1.2444366537389109,-2.2329052554949436
2013-08-28,0.24372534161041443,0.2611471770827956,0.24361249940130092,-0.039154378120789965
2013-08-29,0.10133977897460678,0.6195892750735122,0.08928291845492084,0.7050740780141269
2013-08-30,-0.4196087644600331,-0.7575410997916074,-0.27891788955675145,-1.6580250594958548
2013-09-03,0.4166358904684872,0.5059323965474652,0.12994766398297866,0.30595147897864183
2013-09-04,0.7388605673056775,0.9576790420777231,0.5832571928967071,0.6448818113607953
2013-09-05,0.0876350987544571,0.09699726949034411,0.01929708898741608,0.24231026534674144
2013-09-06,-0.024116833955140984,0.024917936896515683,-0.16220600814575514,0.15988851512909752
2013-09-09,0.8722340344348541,1.0551006221947643,0.870924726939234,1.4277869829767114
2013-09-10,0.708610215038248,0.42645636639431944,0.8451894101937214,0.8467459060932042
2013-09-11,0.27761455253596595,-0.22002781300910496,0.900040749495211,0.041268092482377366
2013-09-12,-0.2202199914407307,-0.07568530732043059,-0.12656460765519864,-0.6123140251159949
2013-09-13,0.13889128982356364,-0.02024557188054074,0.42897372608436896,0.2674041964791898
2013-09-16,0.5330208302391994,-0.32944040156041954,0.759011799973852,0.3453545304266198
2013-09-17,0.4621587323484437,0.6487727057092568,0.2534323350687381,0.8821763969252563
2013-09-18,1.073345239395044,1.089560836567488,0.8818478067848362,1.0397243963965728
2013-09-19,-0.17269877353069363,0.1928625562495604,-0.2552234010399646,-0.28093656929710575
2013-09-20,-0.8006073671684498,-0.4635197313970436,-1.2801326387975536,-0.2914190844421719
2013-09-23,-0.6360238228169689,-0.38106949136447615,-0.48843188383547664,-0.10245240092253191
2013-09-24,-0.338526828158754,-0.138320574996198,-0.500795253409064,0.1883744219471166
2013-09-25,-0.3986164008930564,-0.46989223992911355,-0.4908255278543512,-0.15347875317549547
2013-09-26,0.29357179900967295,0.6499843952002584,0.28348293627282667,0.25266503099741916
2013-09-27,-0.519827087766077,-0.2154823316117814,-0.4886953392519648,-0.4815578515776591
2013-09-30,-0.6481775485035849,-0.3582261543420012,-0.9389719385918961,-0.0680088693384946
2013-10-01,0.6408577389037977,0.8477332470225194,0.2779135646944535,0.9030165967409887
2013-10-02,-0.14355295919452546,-0.134878586871548,-0.42372374661999307,-0.5219772958506294
2013-10-03,-1.0089678622648057,-1.2914791770628264,-0.9939474422539203,-1.1276960499350421
2013-10-04,0.6328934019226069,0.7120434477458365,0.39926067374832663,0.4186849004187001
2013-10-07,-0.9103716781518986,-0.9184343075094139,-0.9307661068018588,-0.9246470627193022
2013-10-08,-1.3015303596485819,-2.095132576669151,-1.1951838028931423,-1.2458324436043737
2013-10-09,-0.03730975682449102,-0.4543895027846361,0.08373836129715156,-0.14542984453752233
2013-10-10,2.090699513319161,2.0034658519874875,2.146015378190492,2.1388873664251746
2013-10-11,0.7045743644329387,0.806007000519814,0.8207660608002074,1.699965250579026
2013-10-14,0.34992834413884916,0.6508684637255293,0.3878411155797158,0.2644602221242637
2013-10-15,-0.7661918971881628,-0.44927176766849475,-0.8949812885372522,-0.8529196245616959
2013-10-16,1.2494303705675942,0.9851004560815178,1.2231825398660423,0.8404901032468314
2013-10-17,0.6952310013415762,0.5543438170214802,0.0348579502302629,1.0928562129160464
2013-10-18,0.5922876807445896,1.497381532507048,0.08170905192088948,0.9236333461409713
2013-10-21,-0.08928436143728898,0.07850248710076638,-0.1320331997199681,-0.17473149031799012
2013-10-22,0.5058982145997946,0.05146327444143006,0.4280834329100651,0.31873601701169685
2013-10-23,-0.5010338058217239,-0.6638004402138263,-0.36532885346997973,-0.3529201730060231
2013-10-24,0.2381738458940441,0.3214381727117917,0.5466721391227096,0.35982083181550173
2013-10-25,0.4182233114761293,0.6540766614454895,0.3966781720508881,0.24352924785244823
2013-10-28,0.10835509307101734,-0.03662777725415055,-0.04103180419133358,-0.02775357931208216
2013-10-29,0.46577333753825867,0.08068168497791949,0.6520303224165774,-0.037761773451834
2013-10-30,-0.5014454499129872,-0.13947128303041034,-0.37804244340620824,-1.0865363509329893
2013-10-31,-0.39148393465174747,-0.33902236386829054,-0.5504672939452695,-0.7928442085943932
2013-11-01,0.13338161673653093,-0.09125230911969853,0.3573466777666513,-0.3847310536615155
2013-11-04,0.3214468452058519,0.0825655524344226,0.14741689255901605,1.013786440314469
2013-11-05,-0.3935691964652223,0.013845214317231166,-0.19758053650040608,-0.5376917004669661
2013-11-06,0.4288017619726875,-0.13265685570374292,0.7696043159860991,-0.1839525087464128
2013-11-07,-1.2609967070825827,-1.9073154461049273,-0.9406032297179668,-1.568023261174058
2013-11-08,1.2283028702312742,1.2231515970582216,0.9747168301747178,1.4955530128836607
2013-11-11,-0.0010757873351583437,-0.21867892209711873,0.14410557297385407,-0.19153990912285374
2013-11-12,-0.24658216742087602,0.08462838041917713,-0.24124230364572552,-0.1243696268764943
2013-11-13,0.6947114330531126,1.0889726403907842,0.3730618676615502,0.6868258392697936
2013-11-14,0.4408501483700539,0.2292500036874246,0.3012134090062617,0.19383073350037594
2013-11-15,0.3992989599238741,0.12191829331148135,0.5026451429481956,0.2267223377403057
2013-11-18,-0.37839309154038525,-1.042041244574131,0.07893534015263881,-0.5789740253419964
2013-11-19,-0.25653522917292715,-0.3492556464186394,-0.07125054405977313,-0.5228263386801284
2013-11-20,-0.384290765545678,-0.32873608163607054,-0.4569110408003759,-0.15785848341863834
2013-11-21,0.694293775454796,0.8872855172111038,0.5952107268051433,1.4736939471991417
2013-11-22,0.4504706346281343,0.45544241393983886,0.32006609498151944,0.5713083601473812
2013-11-25,-0.13800317158406494,0.16696166641000837,0.014636857032583411,0.12983662138011373
2013-11-26,-0.05657609147318533,0.4211126173271763,-0.052913372250032606,0.5103480712971875
2013-11-27,0.14483314311514384,0.5911625153559739,0.08506289123427409,0.6872150025922588
2013-11-29,-0.14684220559429378,0.5007980466091719,-0.1237896882380308,-0.05964812701928171
2013-12-02,-0.35348714825403993,-0.39587949699782543,-0.5499831146116774,-0.9838850990094181
2013-12-03,-0.5188448907841497,-0.184196834799997,-0.6730750156470373,-0.6015389010757769
2013-12-04,-0.14200391207568505,-0.056799776677569636,-0.2650176982897411,-0.352211533389476
2013-12-05,-0.5224320112885648,-0.23731129457951372,-0.49567049661215096,-0.010822596052114664
2013-12-06,0.988216658685217,0.5863344949283289,1.1534968821799512,0.7490934193627394
2013-12-09,0.289229589436,0.3996106216491515,0.08998797360285099,-0.002872862179286506
2013-12-10,-0.43063357666585705,-0.15786361042512412,-0.3957303412394294,-1.0160871072718631
2013-12-11,-1.2255682910413916,-1.407882565029709,-0.8900353860152589,-1.4792026762615662
2013-12-12,-0.45033191809264406,-0.3820152499902869,-0.7476415916168033,0.1357281926216538
2013-12-13,-0.14443284069737977,-0.2813242675466368,-0.011714064980366964,0.1577743484671916
2013-12-16,0.56621742979694,0.45347128921921376,0.7867415401641146,1.0932145850810473
2013-12-17,-0.34137807526372704,-0.24858467475900964,-0.049488445546910245,-0.14371482324646567
2013-12-18,1.6180994045079593,1.0725794771316868,1.7801180744192573,1.4034328287610618
2013-12-19,-0.04518882296873214,-0.24657863450855913,0.1601901168049038,-0.8145654840326157
2013-12-20,0.5335243145915901,0.952976482837688,0.22098743057039488,1.4192305982406639
2013-12-23,0.4276103072618163,0.9321223523113188,0.3718906172937377,0.9194231438929018
2013-12-24,0.1633210206594621,-0.03941807663322594,0.3505251343023161,0.5336573241116045
2013-12-26,0.46407638940724266,0.2730847572948188,0.7267145231837412,0.00486989974773648
2013-12-27,-0.008313564554713129,-0.28116464866592866,0.01200204124742607,-0.01693738897097368
2013-12-30,-0.08085230624027916,-0.23022538938325562,0.10003867728267896,-0.26352410842116464
2013-12-31,0.419635398825219,0.5690959871720241,0.4098400716036376,0.21417127101557049
2014-01-02,-1.0122890701445828,-0.8565504450181818,-0.84628825208605,-1.163914135967409
2014-01-03,-0.1506422321154913,-0.8562676144933609,0.067896208654441,0.13086621565463688
2014-01-06,-0.32693002293372375,-0.44130596738507666,-0.28895965586649985,-0.7038481644800542
2014-01-07,0.5405071616356244,0.8186213760258321,0.5872344865078589,0.6035097984343399
2014-01-08,-0.029848309716509314,0.14528680330498506,-0.4317298598073217,-0.27189583894814673
2014-01-09,-0.032186433120197575,-0.4467431467493252,-0.21144515645327475,-0.32110221309080555
2014-01-10,0.21275896471403155,0.21737488323828244,-0.10356711528207838,0.2980607631789564
2014-01-13,-1.4209977305509829,-1.6092122281272263,-1.1686162198890861,-1.2976543335065034
2014-01-14,0.9508755868937245,1.7341169826102667,0.6001977018759888,0.9335744997388513
2014-01-15,0.4796481262604147,0.731643616214946,0.6320917431786537,0.6425558599599211
2014-01-16,-0.1720306096033441,-0.0429250781268239,-0.41545063942810134,-0.08236001028791207
2014-01-17,-0.5299336624364339,-0.6787059793388256,0.15687235369761648,-0.39710227762703915
2014-01-21,0.2485461893457989,0.6868806700035399,-0.26984562787913174,0.8109056862903673
2014-01-22,-0.05196762127977532,0.1378855202848831,-0.35720290867930954,0.4561880782092298
2014-01-23,-0.9163965615618385,-0.47298800985071743,-1.1682676461379036,-0.8304618920295677
2014-01-24,-2.305808720802389,-2.1606361930580023,-2.12130667432002,-2.4061042248427107
2014-01-27,-0.6914565500856249,-1.1802311840365098,-0.42801184350768684,-1.2858015724708063
2014-01-28,0.5332978212898807,-0.15100959133514025,0.5457823059210682,0.5959454745596194
2014-01-29,-0.987057607925182,-1.135255068734844,-1.2041496123400952,-1.3822491578246947
2014-01-30,0.922658046747786,1.6697318893291642,0.5619493690200598,1.1419785522127244
2014-01-31,-0.657596079404655,-0.37308597536688237,-0.9874782112148388,-0.8775987063913716
2014-02-03,-2.407451214460105,-2.466833205208833,-2.236474062320626,-3.075864022253666
2014-02-04,0.5022703233781878,0.5275756527718117,0.3020542786198648,0.5167337647425974
2014-02-05,-0.17759469821106902,-0.3525963703266421,-0.055610528807256046,-0.7240524234041946
2014-02-06,1.2563491218726386,1.1849315792181865,1.1693364331689138,0.7502906947719874
2014-02-07,1.2384065965271636,1.743106872145034,1.0784157261118525,0.6228236918452764
2014-02-10,0.16289040630343693,0.5329637155551822,0.039592594154814004,0.07765205824488292
2014-02-11,0.9981156309359966,1.0409162451100638,1.134446270437905,1.012636072823441
2014-02-12,0.05148732143353193,0.1668699933203304,-0.16381852688564125,0.3706447278061244
2014-02-13,0.4217515993747972,0.6360013152849179,0.30848634713623346,1.0162826207459017
2014-02-14,0.4886204943841687,0.10568175452693171,0.7481909736561698,0.4119814503053385
2014-02-18,0.12497312599974923,0.4593972910904916,-0.12534365998292207,0.9116043435661678
2014-02-19,-0.7770943134713997,-0.8120010678590059,-0.6548069418071176,-1.2508286875757872
2014-02-20,0.5070733538535417,0.35578767952096946,0.509476491918765,0.774220043679881
2014-02-21,-0.1583704214398943,-0.20317390816960798,-0.20220057550879897,0.20429375678824999
2014-02-24,0.46879349687413885,0.4246987784608087,0.5710217003926795,0.8514700824197494
2014-02-25,-0.06956089136235216,-0.17630090189710124,-0.17408705203517644,-0.1427511931151179
2014-02-26,-0.06436537153664336,-0.18177797845428856,0.05166329529884109,0.46997636472674165
2014-02-27,0.45082800866640904,0.5473180241598334,0.4123039387746581,0.534523421991477
2014-02-28,0.21266014110193082,-0.1803854115505536,0.2804313665653531,0.1371534724216817
2014-03-03,-0.7395996265002869,-0.8068583516001782,-0.9697583316738175,-0.5190530165316163
2014-03-04,1.2612402159815732,1.1067774258972305,1.2717256367961982,2.218982846111056
2014-03-05,0.09591110828287079,0.22828942291475962,-0.17991639398812043,-0.15457536190394963
2014-03-06,0.1612608374259779,-0.18411827384054105,0.30100720503908807,0.17243670518416637
2014-03-07,0.002880957560911293,-0.5685099247385783,0.1690483801930562,-0.15331605537789786
2014-03-10,-0.08765666139185517,0.023786213248770033,-0.2271034761589439,-0.24489925604397686
2014-03-11,-0.5847428592565327,-0.5454212586844229,-0.4847478128064328,-0.989892918008286
2014-03-12,-0.06623678902929714,0.2624953832125534,-0.13962900065973632,0.23418487178109043
2014-03-13,-1.230237438084821,-1.538713707476672,-1.4978563719819291,-0.8821945181972075
2014-03-14,-0.4307298368380683,-0.8582143757458764,-0.42074881330547653,0.27087926529255013
2014-03-17,0.8198317956073541,0.7404405533602203,1.0690218864360719,0.49227847131070035
2014-03-18,0.7304271441875342,1.173081679074214,0.5961233894106247,1.1437716235368804
2014-03-19,-0.6047392236614465,-0.6148241453886283,-0.7512504585895631,-0.6940824046260341
2014-03-20,0.4771217728818299,0.1537226895114382,0.5650289157268495,0.2642903671487935
2014-03-21,-0.40246093598003563,-1.2675811009857119,-0.1641953984863299,0.058100815371544164
2014-03-24,-0.4759402176732829,-0.9668626759821914,-0.20874286222302602,-0.6614579265882687
2014-03-25,0.421221793929291,0.2363247755223218,0.531427095332611,0.0546634944131248
2014-03-26,-0.74828411943243,-1.3524984320469902,-0.6069015441817482,-1.9260253283194209
2014-03-27,-0.2787933825547167,-0.6526108729080865,-0.0943226823076612,-0.3676552847097614
2014-03-28,0.4132219527070887,0.09474601892032265,0.31542766970684094,0.1904112935776512
2014-03-31,0.7824365667520038,0.6402021731844589,0.7988208020250055,1.5088375508087142
2014-04-01,0.6282129008570297,1.6749520829119682,0.4437399252096296,1.0865557939715618
2014-04-02,0.2526528388921947,0.16120952041985745,0.18851909593665445,0.5004459825696943
2014-04-03,-0.18091680267901922,-0.8624342439502674,-0.04500822447831469,-0.6343822497792749
2014-04-04,-1.2200537300047867,-2.7650176110121163,-0.993526059078008,-1.9516226085907495
2014-04-07,-1.1764902557988342,-1.0608696613228539,-1.0882350257930957,-1.308511723192114
2014-04-08,0.2586386058197476,0.7369941136686897,-0.048850597103639634,0.43055175209948227
2014-04-09,0.9758652503140972,1.5823415412030926,1.039126494656717,0.7677072239619456
2014-04-10,-2.140202843212246,-3.1885317548560153,-1.6258297155516708,-2.2469585070318705
2014-04-11,-1.037793838765656,-1.2968826213834261,-1.0172424679446523,-1.2987978063780232
2014-04-14,0.6676856406285954,0.629242253629712,0.8266082398205672,0.27030484388675546
2014-04-15,0.6761074324649072,0.281134416904057,0.5748980445496316,0.5621423447223803
2014-04-16,1.0107409556855584,1.271637602458423,0.9693216832684518,0.6583947476859695
2014-04-17,0.1305293410447236,-0.0248210299048034,-0.09469099507751887,0.6188635867209353
2014-04-21,0.2615209541273979,0.639690955535237,0.16236122363414215,0.14042875842721908
2014-04-22,0.393986958460325,0.6945518657225855,0.35563518837917607,0.761177434527814
2014-04-23,-0.3023255469651856,-0.9653085039780455,-0.12173913718287778,-0.3991274963811833
2014-04-24,0.16108289265264425,0.8828943374679811,-0.033832286812926216,-0.24542740994700743
2014-04-25,-0.9018006761179799,-1.727781779588214,-0.921061895232544,-1.3925413071372177
2014-04-28,0.20903986597675783,0.21432598155717272,0.4385296622446416,-0.6026008173377173
2014-04-29,0.4358814939577237,0.7219258285402053,0.5318576496814007,-0.1475892882559009
2014-04-30,0.28757358837328495,0.20892122425674484,0.24842738104102347,0.5237128327430942
2014-05-01,-0.10004683024257732,0.22211026408808707,-0.18297262787549815,-0.3489942543481029
2014-05-02,-0.2229525875076845,-0.2888230593147484,-0.3439677181510948,0.1554904139525342
2014-05-05,0.09328347124816402,0.407348620066948,0.023872677433963596,-0.30990951403043376
2014-05-06,-0.9366520305269928,-1.4002879634042198,-0.8290994263240968,-1.4160175911766935
2014-05-07,0.48810972327929236,-0.40295876244247747,0.6240567901570458,0.445573415233689
2014-05-08,-0.11007322070686654,-0.1406134522381728,0.21655023647494115,-0.7645402849321072
2014-05-09,0.10618873764960876,0.2976363133768516,0.1771432413892859,0.6937747138185278
2014-05-12,0.8718034457343121,1.5428971729177243,0.6159038585755635,1.8372165633720594
2014-05-13,0.029755958163274338,-0.017662758751962604,0.078331527669039,-0.8165584320372858
2014-05-14,-0.5006727031043283,-0.5787517634924009,-0.6335336346730531,-1.7315136793068848
2014-05-15,-0.9786108716079567,-0.9057634255982983,-1.1019852737041809,-0.931307398190774
2014-05-16,0.1856620484656154,0.4857863370624005,0.13211797922760582,0.326813997917083
2014-05-19,0.29797182047244675,0.5915955624005808,0.08736389617838178,0.825312045000326
2014-05-20,-0.7151686692942221,-0.46462646831236976,-0.9047833295303803,-1.366916156516643
2014-05-21,0.728242701447995,0.8143651028518424,0.857697331157452,0.2699710322623663
2014-05-22,0.22567665049706018,0.3923083486287753,0.07740291938663696,0.7834778350823918
2014-05-23,0.3064730930647408,0.6284428043742476,0.3011442968478258,0.9088725116857289
2014-05-27,0.5501875162957965,1.1495986922397248,0.3789447021020886,1.3670754304004944
2014-05-28,-0.1480753382831328,-0.4005473304980894,-0.30641773690638385,-0.5628138474719907
2014-05-29,0.46198322958873766,0.5516539204515275,0.3333911280557875,0.29344782824062565
2014-05-30,0.10602584919860078,-0.07805334018094466,0.07477009390924419,-0.3587341903536077
2014-06-02,0.06334542930937662,-0.17564917706002667,0.1152657242438675,-0.36925556209473476
2014-06-03,-0.10311781138024328,-0.12224400251539,-0.16239456840694216,-0.2951413008485497
2014-06-04,0.11965261643735324,0.2688085118705526,0.024725669501793224,0.1633128858799383
2014-06-05,0.5742781078897663,0.7372825444548914,0.531277858889279,1.9759458563030974
2014-06-06,0.40823003368580923,0.4818318920937097,0.482168132477512,0.9993732424991499
2014-06-09,0.07316214840407056,-0.13784091023663442,0.09952049865587688,0.7447827262221751
2014-06-10,-0.05002660799698943,0.08814534000472826,-0.02865064337044646,-0.2975720902616444
2014-06-11,-0.40877661445131636,-0.11237114533669512,-0.6454609310259519,-0.6150387223419298
2014-06-12,-0.8321139077206156,-1.0426003026231436,-0.7627028508354475,-0.7007361142293076
2014-06-13,0.19420732721731204,0.15872189992279426,0.15849402849774968,-0.1359693900777072
2014-06-16,0.03600744303620835,0.003636952145971706,0.00688990495795154,0.10878289160608717
2014-06-17,0.20194954744550953,-0.04199954823619938,0.10480423679173906,0.6490583543530415
2014-06-18,0.666151353833315,0.4693099131882801,0.5351679165634391,0.644288765888376
2014-06-19,0.09823074749973768,-0.12941062227751943,0.07703757692228934,0.029783752849041143
2014-06-20,0.14677096047204577,0.030964454686368242,0.10439314076186747,0.263721413499226
2014-06-23,-0.09255237034463554,-0.06966415400604827,-0.10286357253843069,-0.3648341341312092
2014-06-24,-0.6725217731921342,-0.1923118056417787,-0.7583850524261411,-0.9963028782946918
2014-06-25,0.31813159674953706,0.49241902671017307,0.18249251211419523,0.6789405526212305
2014-06-26,-0.1450285971316019,-0.040626633065786025,-0.1756911071648659,-0.14133227358292388
2014-06-27,0.1180911768188009,0.3370468346034051,-0.028743181368711818,0.5727571680496333
2014-06-30,-0.13901503595795683,0.06107906606044178,-0.21707057353498116,0.31820980950776756
2014-07-01,0.577033300760691,0.9764224660324434,0.6946322779670809,0.9383959570039712
2014-07-02,0.06219255744106416,0.1049509799239783,0.1142684458472273,-0.560786701292366
2014-07-03,0.44391540957581904,0.5699125287882794,0.5038473987792134,0.5208873555561077
2014-07-07,-0.4045575570311856,-0.372771839910505,-0.28619575801970637,-1.4335087150905341
2014-07-08,-0.7110055570924649,-1.2935905281070694,-0.7464757662551686,-0.8558967821429457
2014-07-09,0.3406928389921876,0.6173357027093052,0.3704304798087634,-0.06030981191447113
2014-07-10,-0.4447374633926736,-0.40331646956891753,-0.431820034656362,-1.046913321776927
2014-07-11,0.044501240806942594,0.5416987499230974,0.08894446001921942,-0.46560675939477814
2014-07-14,0.4212961442419009,0.5031908376003259,0.6090748285197559,0.32691358092795925
2014-07-15,-0.22739394589135695,-0.39227253968984205,0.019649709101924664,-0.6692200539741302
2014-07-16,0.31445460518865803,0.3313843986698259,0.4179609136729905,-0.22661919220172477
2014-07-17,-1.1841669145298277,-1.3928316453449512,-0.9615732402081767,-1.4896154874883938
2014-07-18,0.8913429864507665,1.446020636877869,0.6184674705001321,1.1643555995792252
2014-07-21,-0.24747347964542074,-0.21193210630567336,-0.31135533217674255,-0.5209094144926092
2014-07-22,0.35714970702860516,0.5352880294968804,0.286592967075026,0.5176438468628968
2014-07-23,0.1570999569981003,0.5475169560474836,-0.1971045960728663,-0.16678697665333173
2014-07-24,-0.08184547723822465,-0.2191616808852584,-0.0999089683675455,-0.32627980990959554
2014-07-25,-0.5359735139863689,-0.48721648655832783,-0.7776280414016445,-0.9803053295257291
2014-07-28,-0.07347569645157186,-0.10614849813719146,0.022337917482923797,-0.480260402989093
2014-07-29,-0.4921435171171213,-0.2685955666427371,-0.4507055476810819,-0.22616127419351148
2014-07-30,-0.10379338884358681,0.267486053269371,-0.27979667400180275,0.06480612856996555
2014-07-31,-2.091700896053094,-2.159398478139159,-1.9723984791687816,-2.0109743549005694
2014-08-01,-0.49080977129423686,-0.5629972851489831,-0.5910000063492824,-0.5096124119791161
2014-08-04,0.6236098323005466,0.5516590224772131,0.39297322499280646,0.6411644695593679
2014-08-05,-1.015304773167872,-0.851020536638919,-0.8766615304880483,-0.3993951881887336
2014-08-06,-0.1119557390638834,-0.22975615313403,-0.033962695462164474,0.39662097714004413
2014-08-07,-0.6060420831068385,-0.4100802115865214,-0.4910309084713356,-0.5413632136511969
2014-08-08,1.049929418135865,0.5999632691173865,1.0526854995819526,0.866033201730343
2014-08-11,0.3039339644158688,0.5696092722524704,0.13319661532261975,0.8084403578191542
2014-08-12,-0.22341691900965338,-0.14926823284632,-0.1334480306379731,-0.6755982154465476
2014-08-13,0.614611186753439,0.966292440879179,0.5065054728433366,0.5242000933053254
2014-08-14,0.41389138177721824,0.44424474172706785,0.33792138314019693,0.2172971165835797
2014-08-15,-0.06690309698858707,0.4169573639586965,-0.3406220262463038,-0.20669636139115882
2014-08-18,0.7249757713507539,0.6417010393505922,0.9519165297373612,1.1843979979878143
2014-08-19,0.5065637527963099,0.5171412310320366,0.4979764294498917,0.37391946595131387
2014-08-20,0.2358121344603974,-0.050922055014469406,0.3307293642174011,-0.2703027469606357
2014-08-21,0.2509245105723491,0.1463967478451054,0.3368304894467018,0.4021052785096179
2014-08-22,-0.2131081927855411,0.07496347055588468,-0.2584796870606103,-0.1188115886158357
2014-08-25,0.40962379468871213,0.24083334430090597,0.36777754269926477,0.13568032342886396
2014-08-26,0.045423270101795976,0.03912081637132258,0.15875252804167064,0.6592628605365567
2014-08-27,-0.11746621388371882,-0.07525947810477523,0.038066224839024825,-0.27854398649779244
2014-08-28,-0.10932783628321367,-0.18791847977817985,-0.2794006528172046,-0.4309171972496703
2014-08-29,0.20413279056528477,0.27115706167673825,0.03854443172362826,0.3627353803804639
2014-09-02,-0.12619187880188593,0.18300941039711585,-0.24016080822734276,0.4495878450709678
2014-09-03,-0.1585194832574141,-0.7168108413651604,-0.020528886221257092,-0.5908774929714219
2014-09-04,-0.17108949614331506,-0.15544461610369534,-0.06775050055169249,-0.38802693933030397
2014-09-05,0.3689984971704846,0.4017021178983657,0.34383435663083817,0.2574047203199723
2014-09-08,-0.3097023769040936,0.11813557844078547,-0.18121073905916274,-0.10769940579461851
2014-09-09,-0.7382374608790286,-0.9435898883231144,-0.6445413924903018,-1.1022110669739997
2014-09-10,0.28729258220395293,0.7200858453767081,0.249038749534679,0.21398331473913682
2014-09-11,0.04085368451642023,-0.1752444161507925,-0.1558752023582931,0.5893717838825612
2014-09-12,-0.6682626983829139,-0.6131653917700162,-0.4386358386125115,-1.1316677591926363
2014-09-15,-0.1515147980150003,-1.0799573391044146,0.20448044146384317,-0.9451542675317395
2014-09-16,0.7385330014899373,0.8312317885901218,0.5980334472744597,0.16665842964538885
2014-09-17,0.09253058473618622,0.08301933272968405,0.12229615988406176,0.05993232996579502
2014-09-18,0.4611546339234073,0.6640541668963653,0.5797581494145057,0.3653195674507394
2014-09-19,-0.11791354805217567,-0.12140610032300488,0.07008650449066976,-1.1563301371168557
2014-09-22,-0.8311907539193302,-0.9916449079680077,-0.6516491072062438,-1.411947786615283
2014-09-23,-0.6845572749197787,-0.384633567494906,-0.7694425332633843,-1.2054168195467503
2014-09-24,0.6537703700113932,0.928708033150081,0.7992590891351364,0.24519447848633152
2014-09-25,-1.6529090222032887,-2.1746273645117706,-1.5374584792319534,-1.4476217080680522
2014-09-26,0.6337073759322738,0.9041545970646525,0.8302245430349048,0.5038373360418175
2014-09-29,-0.19883065881438694,-0.19216935452886663,-0.21196871021779407,-0.29493555093967205
2014-09-30,-0.35010949835591537,0.052379928084210936,-0.24316122186484318,-1.4836980741701495
2014-10-01,-1.4413271686308973,-1.7071342234414764,-1.4581874188488149,-1.1967691388106934
2014-10-02,-0.15796396174804309,-0.1677962214529362,-0.1785912306514335,0.46145670197277633
2014-10-03,1.0130495485438706,0.8590245937374664,1.186011159604833,0.5986711570140419
2014-10-06,-0.08580591388763305,-0.2261695324846423,-0.05166744921364063,-0.4269419917405796
2014-10-07,-1.6289561652994866,-1.5100564441735307,-1.6815517368208395,-1.586231809453049
2014-10-08,1.549010930610049,1.7365389475996265,1.46424377793141,1.7036352843943503
2014-10-09,-1.9835138865752973,-1.65718047135846,-1.9339553702481935,-2.3759513522370046
2014-10-10,-1.3435660159929774,-2.716247576160612,-0.8859366708822238,-1.1268540943261438
2014-10-13,-1.7313689801294876,-1.6884671226802495,-1.400057285247358,-0.05208404497716275
2014-10-14,-0.035463067419755134,-0.1965978033503203,-0.17171508995825258,1.1150295523138278
2014-10-15,-0.7439917241837474,-0.7575254367983535,-1.1094283953051682,0.6769343539454533
2014-10-16,-0.23273619829180434,-0.8156969064384311,-0.2945956727083445,1.0674443357834908
2014-10-17,1.1117321244364704,1.1837734932238673,1.5726312738918728,-0.2965476050703658
2014-10-20,1.0426516838494315,1.5031125349856906,0.22819039654415202,1.0619639727281085
2014-10-21,1.8521120374368008,2.496519869901474,1.1814428251828801,1.2901026715019848
2014-10-22,-0.715088131245577,-0.5747143730722943,-0.9368917227438647,-1.1620346776808455
2014-10-23,1.0248582689699726,1.3500616940548649,1.1673592656998437,1.244652138255341
2014-10-24,0.750501135705151,0.7691471538807939,0.7907435355933518,0.1942353196687312
2014-10-27,-0.14539139476422874,0.04969956207182787,0.07363158291011114,-0.07356395208508948
2014-10-28,1.0550130281348165,1.4111735252711948,1.0543343882961906,2.5726453087803307
2014-10-29,-0.19821782163272889,-0.42868982726787064,-0.1932358535553045,-0.10647589441871107
2014-10-30,0.5916408322186419,0.13269705587952413,1.2446017792294553,0.7675219290116323
2014-10-31,1.161208584576661,1.3612538031783208,1.199069413384548,1.378447917001939
2014-11-03,0.04165331912744257,0.2758353799165047,-0.12879414007838827,-0.12415637828016221
2014-11-04,-0.4289560435699772,-0.4287341074666727,0.02322088150250591,-0.5696772338844607
2014-11-05,0.5651336729162811,-0.07028001042255881,0.5516762629452117,0.4234533636297096
2014-11-06,0.3884455255536191,0.27973335269871796,0.398374797592384,0.18475317283557302
2014-11-07,0.05324602030294573,-0.16394495776063778,0.08529544685061169,0.2357451402408658
2014-11-10,0.2505812013899776,0.26739999938068537,0.1788841325867438,0.30492503731050047
2014-11-11,0.03957309185926561,0.22680612396633837,-0.0326901982324673,-0.026352217525980492
2014-11-12,-0.18126747120996667,0.07714115081172708,-0.07472933694897582,0.3900211200248396
2014-11-13,0.016976667218213407,0.32053185962809305,0.16612169381789837,-0.903692708849435
2014-11-14,-0.015998751411854167,0.2505726947061229,-0.11904168031694015,-0.22981168602565938
2014-11-17,-0.036573892671670646,-0.4000133800855148,-0.006849882824146142,-0.8658409699566558
2014-11-18,0.5368542588952695,0.6763246115658891,0.1961641377140198,0.3313111535117623
2014-11-19,-0.23341912256277564,-0.5541121983269287,-0.07424509791119055,-1.1655260154072016
2014-11-20,0.1325639163935988,0.3694538752442571,0.1551450893724814,0.9455471813495988
2014-11-21,0.43095082000744045,0.08282551125380687,0.44685618281782163,-0.04776606114694659
2014-11-24,0.2789553543061199,0.7363686483235873,0.04831398536274201,1.0159861679375466
2014-11-25,-0.18229623827398858,0.028134665384990293,-0.10495578391587813,-0.0370846897475257
2014-11-26,0.18452063179755096,0.5513511399070006,0.02194531357410956,0.21772998820882714
2014-11-28,-0.2917198844892179,0.3665202117503473,-0.05792657968327946,-1.566118026748822
2014-12-01,-0.7678036694828336,-1.2182313857655507,-0.3289826096300623,-1.5156517579553124
2014-12-02,0.5629585797730015,0.33211640174944795,0.5262048204023869,0.8265882120487963
2014-12-03,0.3419352894259953,0.11262775906873632,0.16489757758649393,0.86926898515789
2014-12-04,-0.16647080724423427,-0.14002938630360007,-0.12079692521453875,-0.4594178388445023
2014-12-05,0.10230957603246543,-0.088435756818436,0.28191292725808687,0.5768110009938681
2014-12-08,-0.7298547716717252,-0.7917236934689083,-0.6231054824824305,-1.189234547028763
2014-12-09,-0.15680044831837142,0.20627290728088632,-0.361262405316763,1.4640229666582958
2014-12-10,-1.762463326788312,-1.7416775804235765,-1.628650554704633,-2.1533065327853023
2014-12-11,0.3756558898286366,0.31239452626883624,0.24155150833142247,0.14675807390934384
2014-12-12,-1.6802077844058427,-1.1795525183223827,-1.8326455929725984,-1.3710078671769748
2014-12-15,-0.9041735846266392,-1.253378841223958,-0.7792266127080096,-1.1216956267558977
2014-12-16,-0.8904800203354651,-1.739391332703635,-0.7123144129220645,0.025494907833906483
2014-12-17,1.8396269843991695,1.671524489254112,1.5942669767920732,2.7557305907789797
2014-12-18,2.4762957056785586,2.3446533322506955,2.4536582388388393,1.4197029428369898
2014-12-19,0.5953010142729775,0.5036077448162094,0.26778136743371705,0.4731588633670809
2014-12-22,0.3363071049256511,0.1713020615666216,0.7781717609752604,0.35642718476247526
2014-12-23,0.12184028313133512,-0.3989432484228649,0.3826547139410531,0.4762834801302346
2014-12-24,-0.025251469970935594,0.03915659831050981,0.019153337324783713,0.1745772756285264
2014-12-26,0.2512487145068155,0.6124462894422524,0.08248620921748866,0.5120668857698358
2014-12-29,0.054357471905098126,-0.11990914845299448,-0.1459381782940738,0.5808816502087326
2014-12-30,-0.6136881918230386,-0.7738005303055483,-0.3763407176608272,-0.5134634762114962
2014-12-31,-1.074426293770276,-1.1418824841302204,-0.9462091321077912,-0.8221532749947982
2015-01-02,-0.1834778351863141,-0.44241147479492854,-0.046345861016247214,-0.5922593961868848
2015-01-05,-1.8690094514290845,-1.558530050841451,-1.8965366548663694,-1.3983801644537046
2015-01-06,-1.1645647172318945,-1.5648745731348515,-0.9389324201281815,-1.8929302816434928
2015-01-07,1.1575969290363852,1.1620738876676873,1.165005389962718,0.8045301702987675
2015-01-08,1.7567232428773678,1.8608134811873935,1.8522698477709758,1.492387696788832
2015-01-09,-0.7674112056831102,-0.6447161042800936,-0.9006094722540254,-1.1475394983991067
2015-01-12,-0.9177243851589001,-1.1756197914566853,-0.6805545043298618,-0.5781025077711777
2015-01-13,-0.39054993570966395,-0.16088253774305433,-0.2285256869973993,0.08057002897925611
2015-01-14,-0.7001108526011524,-0.6669465397914881,-1.120413892787075,-0.43305613942228405
2015-01-15,-1.0575237580866068,-1.4641160791830892,-0.7498297174400905,-1.435667619671818
2015-01-16,1.2216820929326875,1.0422142971571902,1.0406738789367518,1.5350590670606659
2015-01-20,0.1987148646552422,0.7427892457881954,0.032680091582827225,-0.8110377874273096
2015-01-21,0.4413826334136789,0.4210457527193567,0.16188736448708677,-0.19198040989811682
2015-01-22,1.4150880017374774,1.755039876041655,1.411705696349679,2.0448852948131133
2015-01-23,-0.5658606359862813,0.17762441856512112,-0.7809201298140913,-0.4434598487104479
2015-01-26,0.09596928775862124,-0.25422358660154815,-0.0997872420228432,0.6568229946118829
2015-01-27,-1.3947283777037194,-2.725225382434856,-1.716769309429309,-0.4754006772123721
2015-01-28,-1.4218522495203496,-0.7001819019171649,-1.2848535861582162,-1.9564832970343742
2015-01-29,0.7736432001109383,0.7551866824521776,1.2033113856057,1.2855716439185185
2015-01-30,-1.2774134181129697,-0.7976180117788262,-1.4138032132027356,-2.1814869987974603
2015-02-02,1.076777887594173,0.7198308071178126,0.9833177326283357,1.0373644507373219
2015-02-03,1.433346517199503,0.9148429759814967,1.765798338530373,2.0217356879518675
2015-02-04,-0.3350766723505911,-0.07896584633422606,0.10680375785850076,-0.44527545345930053
2015-02-05,0.9371138962649769,0.7924185753606571,1.1546211326333822,1.254962691525297
2015-02-06,-0.27823454472477865,-0.6210913720374251,-0.3067410716810645,-0.26978706398358926
2015-02-09,-0.521235691985574,-0.412127957758574,-0.6068866395690353,-0.8789112278537549
2015-02-10,0.9571791348775915,1.4118284982880274,0.6997551975438044,0.1784792993719572
2015-02-11,0.026847289722515356,0.30130633989747063,-0.04964175818182271,-0.33356739214398434
2015-02-12,0.8679641577141364,1.0624966523579256,0.5372523542213873,0.9701531476590177
2015-02-13,0.36183051536936517,0.7799313613338948,0.2230162114482807,0.461593499955425
2015-02-17,0.08745008007735902,-0.0009291886932634302,0.10017833181568053,0.05765944747649679
2015-02-18,-0.045867244088707376,0.06276423570891139,-0.14006066415284557,-0.10000386402224623
2015-02-19,-0.15284832330241221,0.3896747483513521,-0.31027374014370995,-0.26290601909312816
2015-02-20,0.49078763770432865,0.5426133443339204,0.7705600984443306,0.04877244334207968
2015-02-23,-0.026690997529117334,0.06765622210580652,-0.11141955557602243,0.18406260091428991
2015-02-24,0.18874020323896135,-0.02269247774985017,0.4273975174988645,-0.033347112021453865
2015-02-25,-0.10810689914547705,-0.30406522270950664,0.0862143016477504,-0.10197013757020248
2015-02-26,-0.18075477873224796,0.4301178951212411,-0.09485122121332062,0.08414248009121829
2015-02-27,-0.4467893199207876,-0.5537765165258547,-0.5177755651815772,-0.4228871710002573
2015-03-02,0.5385567243751076,0.7946082699980959,0.7760266764882983,0.603712709134644
2015-03-03,-0.4404946075345428,-0.5257672286444665,-0.4558878966110716,-0.44291537801748915
2015-03-04,-0.5189578601756404,-0.48687610000472165,-0.6742684272959734,-0.6917689515943833
2015-03-05,0.002985187608527534,0.04060078815720913,0.12252208523410561,-0.12408455767790519
2015-03-06,-1.4764909114152813,-1.2280811798858735,-1.5806199600620476,-1.4107397907102401
2015-03-09,0.23161308695177846,0.10548211815443423,0.6081476607289941,0.39226406371197353
2015-03-10,-1.6569265279134706,-1.931009349151734,-1.840134247240668,-1.153200290985875
2015-03-11,-0.4192233582750192,-0.765870031772928,-0.3411013011657731,0.5031469520484758
2015-03-12,1.1834941298954302,0.5202600247741163,1.4183725823956894,1.8370601861223663
2015-03-13,-0.5689241493916227,-0.4433926253049142,-0.7465748556376017,-0.22690407081096542
2015-03-16,1.2040524718543437,1.1417606141135992,1.1553517644426863,0.29376084150879184
2015-03-17,-0.26404372058946723,0.14096443625125885,-0.6648593267076965,0.2572366796695833
2015-03-18,1.0374118840971014,0.8214002908962843,1.1100098738850788,0.7051384700291168
2015-03-19,-0.42542615624928815,0.12616497478157518,-0.5989526896837793,-0.10792694057056225
2015-03-20,0.7341923458972407,0.5015534580211941,0.8040252765390046,1.0602227075165898
2015-03-23,-0.2011619149502258,-0.23625869402267127,-0.04629941061175254,0.16943139832618614
2015-03-24,-0.6384139867367876,-0.45343415949566884,-0.636175187008422,-0.12254560758992661
2015-03-25,-1.5971588258824285,-2.449681127287074,-1.7333401472958607,-1.8251612922682372
2015-03-26,-0.36489204484264526,-0.504874425799567,-0.36060675749899573,-0.31732481994725636
2015-03-27,0.14154172426420625,0.2593476554849321,0.14134734363262233,0.2744966025259863
2015-03-30,1.1451690425570067,1.046662368486016,1.4351480378701966,1.194774135615255
2015-03-31,-0.8522366429071137,-1.0676686492793408,-1.06296494116752,-0.19307483453791666
2015-04-01,-0.49969116076756626,-0.6699119298979059,-0.5880671440638023,0.024974960612446473
2015-04-02,0.2643252666947149,-0.07535464446658191,0.2956923410817062,0.40397644561376034
2015-04-06,0.6442841790795403,0.7392926029566814,0.6486223051631566,0.4451447509475774
2015-04-07,-0.29399169176414697,-0.22913303885564798,-0.039746907722156555,-0.8204809749934306
2015-04-08,0.2658232417097365,0.7136355163215703,0.10564293446163711,0.39712197869494514
2015-04-09,0.35130859400361525,0.5284900287838928,0.2469965454448652,-0.6551091043415788
2015-04-10,0.509820441622724,0.3471839241400882,0.5220017241737446,0.352789751549918
2015-04-13,-0.49757976826782563,-0.31262754907152157,-0.4745552451593411,-0.009115832960435194
2015-04-14,0.07176684076280943,-0.4186700824120798,0.2343447914258914,-0.11878017615502927
2015-04-15,0.4288362508536468,0.5662025320499525,0.41930069642947676,0.6769762457293178
2015-04-16,-0.08810653402420486,-0.22156432788765895,-0.07244653834981873,-0.2467232650094177
2015-04-17,-1.218504598386616,-1.6566563341169775,-1.6058715965233268,-1.6299680639210832
2015-04-20,0.7641566921270915,1.314536960685109,1.0070575112974582,0.7927662911046129
2015-04-21,-0.14865777704196897,0.3531193550482792,-0.44605148230624037,-0.27010089006777493
2015-04-22,0.37261574024993543,0.4350665989883125,0.3781067127996142,0.07864732970662143
2015-04-23,0.21279433000060977,0.30744600567017705,0.09499655135761882,0.29394430190040877
2015-04-24,0.1573819825046171,1.2567141854393455,0.05782937668356049,-0.244051705394345
2015-04-27,-0.5145110615989367,-0.3620500755345473,-0.30046057749270993,-0.8217812248903025
2015-04-28,0.22590473397399644,-0.2853712448319552,0.3324729809130663,0.8370118519706933
2015-04-29,-0.4569680876207199,-0.6950496733376902,-0.4342202082677885,-1.0447777919463825
2015-04-30,-1.0721584578491659,-1.6870439428304322,-1.144855107441553,-1.9754382155996895
2015-05-01,0.9706487874651204,1.1734815566015442,0.9189693363833373,0.16903235905536113
2015-05-04,0.26792654097118507,0.10596345153994291,0.2733197541965254,0.2076434004690507
2015-05-05,-1.2122489424598186,-1.7129562612167593,-0.8410796979975073,-1.092191875455118
2015-05-06,-0.5622125243645278,-0.8127109071939602,-0.5625677294919378,-0.06690139674417711
2015-05-07,0.3424324949932847,0.468814442892836,0.38509441770824154,0.2536661089510335
2015-05-08,1.2700349125659778,1.1636407203289156,1.4676461998637584,0.6556120901712836
2015-05-11,-0.4451997591408484,-0.37871187290261527,-0.41599437707375925,0.011659543613669008
2015-05-12,-0.42097547570527905,-0.5701800964784758,-0.31294788781098565,-0.27930532277586806
2015-05-13,-0.054658629957256316,0.10102567374332479,-0.09255250439542312,-0.16975365278500282
2015-05-14,0.9621031811141019,1.3519240076099535,1.0028542616028626,0.9950048874720041
2015-05-15,0.083839314330419,-0.04595768116827395,0.11808329020850511,-0.18835178535097816
2015-05-18,0.25776001244529084,0.37331658867741535,0.09775915010535893,0.8634933932731629
2015-05-19,-0.11738359173863354,-0.21499413607739404,0.009034053863968036,-0.13827041311477017
2015-05-20,-0.12179670526571346,-0.019904122360016346,-0.18101372623549083,-0.07191889131990822
2015-05-21,0.20409166371840703,0.4116139863533538,-0.0653874499894186,-0.17292532723462595
2015-05-22,-0.31063660269646204,-0.19954401442329164,-0.35656218406712986,-0.6149417403251208
2015-05-26,-1.1747004959207543,-1.271379486462731,-1.1286040477579236,-1.116765120938489
2015-05-27,0.804753689576081,1.4457266240850717,0.5512473655591729,0.9396862517440361
2015-05-28,-0.17075193913044254,-0.3157661741126173,-0.2288615070363944,0.017225277474335315
2015-05-29,-0.7013817081321096,-0.6945554962056587,-0.7134607101074322,-0.7114536073218262
2015-06-01,0.09928483330682862,0.20071192684963235,0.07449627049630361,0.23590429489557832
2015-06-02,-0.17321327914806908,-0.41451242042114567,-0.19985016418207366,0.2692071943914691
2015-06-03,0.18611446496525938,0.1960895996935022,0.29124630821436326,0.7764392479275775
2015-06-04,-0.9036064999238212,-0.8517434220579592,-0.9743957791483435,-0.9882685440659923
2015-06-05,-0.2922128442394514,-0.375820188132745,-0.42557838580009727,0.30119189659609963
2015-06-08,-0.7483627258379537,-1.153941328715968,-0.5454280927416206,-0.47213920733764164
2015-06-09,-0.06571145282921928,-0.28265115031036003,-0.07356989683858614,-0.22689745174464335
2015-06-10,1.139208809561751,1.2680840667039581,1.2839008468221533,1.3313414794468137
2015-06-11,0.32454917950032125,0.11413231709762481,0.24839544796052468,0.24873989101876193
2015-06-12,-0.8604917676010718,-0.8848578736969707,-0.8263094244670814,-0.34138670923239955
2015-06-15,-0.5273043881149233,-0.6471885497290328,-0.7139128927395795,-0.5331721766882614
2015-06-16,0.45233520145244177,0.4113761070826293,0.5512301746824437,0.6665357213479786
2015-06-17,0.12663803413855956,0.20153371730223005,0.1695279463052488,-0.40562136023448636
2015-06-18,0.9519177965339144,1.378148890666276,0.9635601469052406,1.0144482551707679
2015-06-19,-0.596201753580669,-0.5460183122675085,-0.5585102304331453,-0.05461709344977095
2015-06-22,0.5413595755282435,0.6165953849433612,0.47123054551624993,0.44168763581620063
2015-06-23,0.062162468844714894,0.015459747075944885,0.12777840224032605,0.3900692637828568
2015-06-24,-0.8121192593542433,-0.6029582061761862,-1.0366427657787567,-0.6885527292724215
2015-06-25,-0.4626956049965377,-0.3560853099633463,-0.5513710408375057,-0.2949300355103809
2015-06-26,-0.07004683729700412,-0.8012362940822682,0.23394624119424584,-0.06240509548042643
2015-06-29,-2.1536777320047955,-2.4481593238568125,-1.970330523861378,-2.344526270206512
2015-06-30,0.023801294700369013,0.1656515024302691,-0.031234037262509368,-0.24851491861400904
2015-07-01,0.7427924090031326,0.684124080075135,0.7509827572006111,0.2917902790370343
2015-07-02,-0.1354683960922055,-0.015576998924069933,-0.15598602383465598,-0.7110494451830425
2015-07-06,-0.3960379367157819,-0.32578815823699786,-0.33308817761140036,-0.20814580038660743
2015-07-07,0.5416553994508038,0.13459421482296222,0.4488817837951744,-0.10663193994945591
2015-07-08,-1.6927710516745986,-1.803664677298713,-1.4814344792386835,-1.1680291679960066
2015-07-09,-0.048988276500879224,-0.24250458057084615,0.03324806328461302,-0.11959107944650499
2015-07-10,1.2558683494263327,1.4323003181241618,1.1876787403846552,1.1061660338175126
2015-07-13,1.0916073483541155,1.7072713867332943,1.2355218780274644,0.8276814026976309
2015-07-14,0.43943697175855206,0.6301235155957589,0.43188051034452357,0.46954205551476114
2015-07-15,-0.09985195311052242,0.05531682845684825,-0.06274345670967867,-0.6467800231083275
2015-07-16,0.7097910143122694,1.3208001886340957,0.33735977423130425,0.276892135905846
2015-07-17,0.0222426609663149,1.3751148338937582,-0.24386749226008142,-0.8076696156365822
2015-07-20,-0.05459344935354529,0.2176461030317811,-0.02764147684746253,-0.8643558451953229
2015-07-21,-0.4787166305460411,-0.133589906240285,-1.0605901824147095,-0.44886826705557237
2015-07-22,-0.38366672647917954,-1.3077163006878776,-0.5439152208571701,-0.033960051059824525
2015-07-23,-0.6096616812141318,-0.49728252710438614,-0.734442464199445,-1.3807963663442393
2015-07-24,-1.14853005264163,-1.1301076133454444,-1.0081171535156555,-1.5675581949790158
2015-07-27,-0.7150679196135763,-0.9778494003044483,-0.8385635947828428,-0.7608286000264664
2015-07-28,1.1211952473955482,0.7216151628252498,0.9843391434798451,0.5508613734242455
2015-07-29,0.7178592046808223,0.3408923600986823,0.718187790450133,0.5976159779568084
2015-07-30,0.002997770312396099,0.421555544668739,-0.0446742418253973,0.07070894629597992
2015-07-31,-0.2696703540566532,-0.2253308129130367,-0.3888634830301629,0.19308468139956658
2015-08-03,-0.4432958586828452,-0.43031673199301046,-0.6048688972274375,-0.6574113144266356
2015-08-04,-0.28709889771901015,-0.3142703257084313,-0.3523547078727134,-0.432150523779678
2015-08-05,0.2833423892918744,0.6510932007525185,-0.128231507517452,-0.09253623226839601
2015-08-06,-0.9216572571861644,-1.7309165490578375,-0.7677941891799598,-0.65302415563854
2015-08-07,-0.29994842432217306,-0.24991187257261413,-0.35159226783944036,-0.764024234509095
2015-08-10,1.2125080149822767,1.0175203176488459,1.3280059834093316,1.2212358407879413
2015-08-11,-0.9213064488704656,-1.3091533589763085,-1.1713131932827028,-0.5278239470039533
2015-08-12,-0.053026508300756475,0.1917542586151451,-0.15147807976778904,-0.5185205089835838
2015-08-13,-0.1328075449693666,-0.27996305884972245,-0.0072236508410177536,-0.32640584805923456
2015-08-14,0.27707972309700346,0.06952372912710772,0.3502355281710305,0.8484225930111209
2015-08-17,0.48800250516031685,0.75164438731364,0.35734285538782756,0.5832855476007269
2015-08-18,-0.34938595435583075,-0.5927065024742332,-0.2272950176027435,-0.5779460619930092
2015-08-19,-0.8656222419758834,-0.7493971726827802,-0.9873087216704288,-1.1310098514420714
2015-08-20,-2.1957850811186197,-2.958573257116176,-2.2027010218772216,-2.056681209322567
2015-08-21,-3.3564137870193393,-4.673459906834527,-3.346166423530878,-1.1329487869835384
2015-08-24,-3.371872614944244,-4.230171934426786,-3.881767735812468,-4.024670663938854
2015-08-25,-2.5131920288831675,-0.6878393572935891,-1.5255539389858048,-1.5024145728919343
2015-08-26,3.6408119179380978,4.648556477509966,3.7484015888335085,2.2241177495531312
2015-08-27,2.446372992757188,2.6731528775351308,2.4637674326469554,2.0458823267920305
2015-08-28,0.08807322478116897,0.053821536767368894,-0.028538172294394065,0.7547989785461937
2015-08-31,-0.9516128314834943,-1.340384351605643,-0.7877947204097705,0.09488220846999595
2015-09-01,-2.993318070981767,-3.313729688703692,-2.9680211241175636,-2.821491301637787
2015-09-02,1.551997129230656,2.5329949219600523,1.5964913766672613,1.125105680409418
2015-09-03,0.15843703461080688,-0.5320924693837992,0.22041923604347313,0.24679071929703433
2015-09-04,-1.6351280090107152,-1.2376575688451659,-1.7289946174023114,-1.1259278325970465
2015-09-08,2.3107063924337377,2.5652283262019346,2.216137068901716,1.7231061971228094
2015-09-09,-1.2890016488298115,-1.100543685952902,-1.3397318517267176,-0.7866088664616464
2015-09-10,0.37038167950797884,0.9140172078914622,0.28327090996912063,0.08101128906105273
2015-09-11,0.4374401790232559,0.4638282900037235,0.6107754042186939,0.2875359430234287
2015-09-14,-0.45571770858455113,-0.3489937150615227,-0.3900055054081817,-0.4696714806388624
2015-09-15,1.1499224990439445,1.0642616505783122,1.3054471860856216,1.008613938255356
2015-09-16,0.8687380232240131,0.5493392219665596,0.8917308368394795,1.1479678810098055
2015-09-17,-0.23375327483800395,0.0041374379030415034,-0.3960553387957495,-0.1910623861600953
2015-09-18,-1.780032375123488,-1.554642039683431,-1.847626076877556,-1.6427255197480046
2015-09-21,0.3596851095592409,0.11089465598824677,0.5905353421986275,0.3797042656540056
2015-09-22,-1.3146955405642924,-1.5622304550411887,-1.067619243740955,-1.3289502882719981
2015-09-23,-0.2843604764728316,-0.0579025588958762,-0.4218470102598477,-0.42504919060104573
2015-09-24,-0.4468064466438908,-0.49102996015602124,-0.5557640321090532,0.07041079946620278
2015-09-25,-0.14338635854357676,-0.9864350156696889,0.6014221301524427,-0.5696499909849068
2015-09-28,-2.582753130921413,-2.908868583492373,-1.8765781478315344,-1.9004400741706848
2015-09-29,-0.11291520245700781,-0.7010692744375013,0.13936220044146067,-0.6410983051730702
2015-09-30,1.8374316114428253,2.2236172024773264,1.4820450678131996,1.1228129694400428
2015-10-01,0.3069305684425683,0.4254214264532191,-0.05583354658419895,-0.2639359269241417
2015-10-02,1.381390285433774,1.6407231691942632,1.1310225098864166,0.8643732108383931
2015-10-05,1.7705241503347537,1.3797571113244556,1.8389255875049104,2.6601014098078464
2015-10-06,-0.3048936611307855,-0.4701341933376946,0.12941886247402115,0.07134026811653182
2015-10-07,0.7645218364594107,0.5304747334950575,0.6943936318265735,1.5918176320735895
2015-10-08,0.8543760256441292,0.34214747058124967,0.8074343902257093,1.4808284080930367
2015-10-09,0.10114416465102945,0.40493514404921604,0.20372078031204355,-0.13212474128559434
2015-10-12,0.03821865578516616,0.15908927888219332,0.24202729530296332,-0.12793451091407904
2015-10-13,-0.7626847139801098,-0.7147404515882763,-0.32329683896529526,-1.0644525753903864
2015-10-14,-0.5289858915800629,-0.2483570906416151,-0.9767644895785936,-1.0640342736491724
2015-10-15,1.3534368030371002,1.471153648520157,1.143747647865893,1.7395976327620788
2015-10-16,0.4704472087952518,0.3719313906611955,0.4424992899957889,-0.24979982167974285
2015-10-19,0.007228175133768978,0.523419108493367,0.06526722427737261,0.004896332239709665
2015-10-20,-0.2127281450811832,-0.6193850678055715,-0.14577290597400866,0.4484374263205775
2015-10-21,-0.6861562231824412,-0.70052893132574,-0.33938893226741274,-1.5195616634834654
2015-10-22,1.6158091594921231,1.9255707490623142,1.8182544639547258,0.893479556128671
2015-10-23,1.1200600295074783,2.7763241632316427,0.9692519224478316,0.5271826036132992
2015-10-26,-0.3264870567072588,0.008223439917883997,-0.18575838650278426,-0.7834474327857694
2015-10-27,-0.28444252887569704,0.1335157165211201,-0.31190146381129524,-1.6382812422160684
2015-10-28,1.0497286852019363,0.7389268942857553,1.0581550946677927,2.4932184580760643
2015-10-29,-0.0707246589339674,-0.21383207337394586,-0.1440484027328492,-0.8469555286200531
2015-10-30,-0.4923096601055063,-0.5245436524484199,-0.5594146242918714,-0.8296645158018878
2015-11-02,1.0666645064293097,0.9947590368835455,0.8386356924411416,1.6480565848081983
2015-11-03,0.25990335880637194,0.2817680211255276,0.49019987982339086,0.5397694611193746
2015-11-04,-0.33873783221521936,-0.05566369659837468,-0.2967518180544783,-0.1542086409386793
2015-11-05,-0.20015964135235895,-0.37609806590116346,-0.09984736031607913,0.2447123843289149
2015-11-06,-0.12475983384410448,-0.023505207843161444,0.21394522994633633,0.495937929144357
2015-11-09,-1.002245890782697,-1.153273437954049,-1.033479608537004,-1.2951478008187094
2015-11-10,0.11752231353296483,-0.3814413703551958,0.05121683508891357,0.31236291986860015
2015-11-11,-0.4462985582283763,-0.21861372883393132,-0.3493981886128831,-0.7693833698206511
2015-11-12,-1.4964226862717094,-1.0949042711468868,-1.512677774410387,-2.023887083422536
2015-11-13,-1.3025760335498466,-2.1545346830156014,-1.3196864867067442,-0.9233567619930951
2015-11-16,1.3809260596811717,1.2727241598798702,1.2554812624598994,0.9990119232262992
2015-11-17,-0.04148223522393384,0.02365694122142785,0.09246138522969971,-0.553976515905222
2015-11-18,1.5068577538165766,1.822708411886091,1.3510706262698773,1.3834249226093287
2015-11-19,-0.09049282827874898,0.045193577998542143,-0.004961523737014743,-0.21823245464451627
2015-11-20,0.28915316809777447,0.5925569253782933,0.44738531411330273,0.45994845068460904
2015-11-23,-0.17279627274005743,-0.3586433282201896,-0.1967198756974272,0.4290113197919836
2015-11-24,0.05002174065324895,-0.18391863178856,0.038591244631552876,0.7131535757476666
2015-11-25,-0.07315962426867745,-0.010562669593178267,-0.033554059339736694,0.47519757313708605
2015-11-27,0.04064620361226447,0.03558445356847814,-0.1343927385800853,0.2914955697024063
2015-11-30,-0.4893056213915173,-0.35635532623837146,-0.5047370612175548,-0.1653930950566168
2015-12-01,0.842147090587635,0.8629010311672617,0.8597892640534179,0.5124170588278666
2015-12-02,-1.0282416020956102,-0.6570204696715151,-0.8700485816962052,-1.4191319507070206
2015-12-03,-1.5486672558251904,-1.8435634784026669,-1.549101173051398,-1.5500523475540264
2015-12-04,1.7740968632844112,2.1452264768925966,1.9564443367138011,0.6366578775984191
2015-12-07,-0.5403325829703657,-0.43740536964098303,-0.5458938542271053,-1.55235347641199
2015-12-08,-0.7889481404167038,-0.08421716336086314,-1.036526373797267,-1.19919196113503
2015-12-09,-0.9473400854453781,-1.6987601232070924,-0.5725670126860763,-1.0275277416268729
2015-12-10,0.18592210376537807,0.3537717561626314,0.4228644408173086,0.10771759684254983
2015-12-11,-2.007103525380419,-2.403028934198393,-1.7841636837332735,-2.0784923191517195
2015-12-14,0.3373606643934115,0.5914074523208301,0.44283066714572744,-0.8024612282866513
2015-12-15,1.019818935400123,0.5430600450134124,0.9133939147605735,1.4888585027705117
2015-12-16,1.42649100382518,1.4351345199549734,1.2548378913739564,1.3268213350904547
2015-12-17,-1.5174992518429744,-1.4974854831243025,-1.4134225013357729,-1.0197519526288223
2015-12-18,-1.969389466228529,-2.109952179694858,-2.281403841568651,-1.6697299076361685
2015-12-21,0.6233367888722446,0.8799796441417572,0.5293121346480725,0.4283629761896653
2015-12-22,0.8749974136018288,0.566739732860188,0.9628371556801143,1.264160036126691
2015-12-23,1.219363775417195,0.7053349809434089,1.0621725667833504,1.4010605522529314
2015-12-24,-0.1481666553640941,-0.04380003831855917,-0.2712345530685486,0.15637985608736826
2015-12-28,-0.3246458947406892,-0.1770358111935742,-0.2236980123631302,-0.5515589200871098
2015-12-29,0.9851074365183452,1.4592586029895187,1.0423537410119537,0.9258636245627284
2015-12-30,-0.7364651691083892,-0.9461177445267944,-0.6527925931461764,-1.0205926458341952
2015-12-31,-1.1042030256057442,-1.3535076636114614,-1.115441374007487,-1.4755710603521017
2016-01-04,-1.53179542010825,-2.280327235421011,-1.7031379634659178,-2.120076848694214
2016-01-05,0.03307893442132315,-0.34815819587960806,-0.07914320122794818,0.290397426550285
2016-01-06,-1.3393672460690886,-1.0909708191116771,-1.5239117082178202,-1.2277259264225393
2016-01-07,-2.600177801703637,-3.3756677957162013,-2.508660617845546,-2.8434641185240133
2016-01-08,-1.2834771982766215,-1.0350247031311246,-1.1904714451079905,-1.7876471939996366
2016-01-11,-0.04433793460101956,0.12934221000596416,0.22341279298591474,-0.14636664442096828
2016-01-12,0.7370944675004684,1.0737227254253079,0.6922038173414172,-0.3138428661014481
2016-01-13,-2.547073974561934,-3.545172252800152,-2.2377420895175963,-2.917701651185521
2016-01-14,1.4476729824116854,1.930785376392865,1.2208489871238404,0.8435605886817875
2016-01-15,-2.170732039414207,-3.208951788101448,-2.3716875350276814,-1.6821041854444332
2016-01-19,-0.06528429096326177,0.013422372493632262,-0.05019845639823928,-1.27891895609914
2016-01-20,-1.3228270685530685,-0.41604501121995147,-1.5658252930481589,-0.12499588918454496
2016-01-21,0.3077542462189886,-0.12909892888564228,0.5141539679645895,-0.25189798625661697
2016-01-22,2.0537983347904025,2.824399036515692,1.3632484141597931,2.3248113623729765
2016-01-25,-1.557784928591332,-1.5549045967392414,-1.330054113094192,-2.5310147001746017
2016-01-26,1.2288965114933978,0.7595058796463258,1.633041447454438,2.386607929853807
2016-01-27,-1.0801283057485966,-2.5336917804040384,-1.3153122213648323,-0.7241796804915823
2016-01-28,0.4327347410720332,1.2769765788625196,0.6593210016136438,0.5798326333940709
2016-01-29,2.3537857971979883,1.9550072077036984,2.446340233648646,3.066644136330295
2016-02-01,0.04660971362195651,0.33305145937373376,-0.002610684237598443,-0.5087141135771023
2016-02-02,-1.8825390261188348,-2.2664758891318098,-1.8811785464638207,-2.114775618208422
2016-02-03,0.42270572870737033,-0.662020716551599,0.9609889304601704,0.2416740264814636
2016-02-04,0.1968936232999225,-0.028696316147959425,0.5704238426689148,0.410236650536158
2016-02-05,-1.9642313457376095,-3.5896495464905365,-1.3057643985907645,-1.9285527615938938
2016-02-08,-1.4419672699537547,-1.6453546447407943,-1.1779097666306497,-0.8888879373167036
2016-02-09,-0.141185742235694,-0.487247645883084,-0.176062209041082,-0.8799378772453443
2016-02-10,-0.12635568104066733,0.29975705369460504,-0.6486555073627052,-0.09449893007986317
2016-02-11,-1.4505458625473995,-0.3076602667946317,-1.7466995550900792,-1.6236666949569967
2016-02-12,1.8278332867966014,1.2880017579408516,1.7926991136843158,1.793673872276636
2016-02-16,1.7454110979435344,2.2507034396027694,1.4760516602660907,2.115161958337193
2016-02-17,1.608338946076258,2.2025009128386146,1.5720765114262254,1.0528380611833394
2016-02-18,-0.3887309470047946,-1.1469581269881286,-0.21118789752753217,-0.11348871696914922
2016-02-19,-0.1166808865979743,0.22405380875027353,-0.2000214920629274,0.17578933734616592
2016-02-22,1.3419514735675158,1.4849638832464171,1.3190184764249884,1.0053959006091306
2016-02-23,-1.2491940459725082,-1.673688911642469,-1.1007544603696404,-0.8353950047464218
2016-02-24,0.3173462364883778,0.8111437087482148,0.19018819791588382,0.5317195161279566
2016-02-25,1.13331682050556,0.8737439088857447,1.2456679461430655,1.177729167346719
2016-02-26,-0.20808821880770967,-0.13488452377813834,-0.3050438583131018,0.4022864633505674
2016-02-29,-0.8947335123001089,-1.0215178858118399,-0.8424954966722263,-0.27627165789393354
2016-03-01,2.2077993772225333,3.0163155053248945,1.994159413361753,1.9148235986235345
2016-03-02,0.4908956069475089,0.034317896377090935,0.27896194249333406,1.2842946573487388
2016-03-03,0.3285226731083044,-0.25655467996762726,0.1886372234221204,1.144442481589697
2016-03-04,0.2919491740041039,-0.05485783924692064,0.33907391839862683,0.5518862123513854
2016-03-07,0.05402959088543375,-0.6944046735364215,0.3822890103387905,1.2408973651912083
2016-03-08,-1.1365244417827463,-0.9017611211538069,-0.657815444468669,-2.343633740944172
2016-03-09,0.41527077697489967,0.5432511765719571,0.1685724374612093,0.48250342382254535
2016-03-10,-0.007969666109751389,-0.2413000112402379,-0.09404769832729395,-0.5977900350401893
2016-03-11,1.5513510051951624,1.6470287263043384,1.227881753287627,1.916982195202925
2016-03-14,-0.14175102976428985,0.11672370879272698,0.09408021557946013,-0.5030213798814498
2016-03-15,-0.22348935278220478,-0.11555653380564539,0.08679426039121832,-1.2431169297557692
2016-03-16,0.5233440940585712,0.8307813002984838,0.40634410544788174,0.685271931115568
2016-03-17,0.5540683447988993,-0.1341402771043615,0.8429405536001774,1.704387365214468
2016-03-18,0.38438940082988754,0.11782524832385013,0.7026795623282219,0.7725756382651662
2016-03-21,0.13563716398504963,0.3482605977469165,0.14136449354365466,-0.35374378501822246
2016-03-22,-0.11068533258928359,0.23297048437139703,-0.2746463405869785,-0.3572949232166095
2016-03-23,-0.7662398238469444,-0.9392434508722565,-0.542994950236286,-1.919210825129471
2016-03-24,-0.11670992708620431,-0.06536599776362058,0.019706166222443477,0.21214795250274449
2016-03-28,-0.03751759944316854,-0.2423230231891066,0.054906675863201575,0.08381565283724508
2016-03-29,0.868053222332522,1.5149834200227617,0.521261900251201,2.3693272427246144
2016-03-30,0.34610910955893565,0.3731722448577611,0.4086363914605884,0.0692916427828776
2016-03-31,-0.2529345278698105,-0.19548021003877752,-0.182058273593073,0.060445135918673294
2016-04-01,0.5822339820196754,0.9519159521704239,0.533375715385324,0.04470346599306291
2016-04-04,-0.3576523531931177,-0.4405363853137629,-0.32411712130116704,-1.085089388250583
2016-04-05,-1.0851475922694478,-1.0586440952406726,-0.8288591027665446,-1.3202271062477473
2016-04-06,0.9584450783079065,1.496116561791933,0.5439945981925541,0.49060532711272076
2016-04-07,-1.2521356109179378,-1.5215549019066446,-1.0171926554430166,-1.3883260015911207
2016-04-08,0.14401894374205493,-0.20765445619495368,0.08614605138499393,0.567997415666288
2016-04-11,-0.2930085628640261,-0.4608256867562329,-0.14984488905751964,0.13306974082391818
2016-04-12,0.8540205060622498,0.7288791736596278,0.8833743064088392,1.2069237289303265
2016-04-13,0.9957769713836323,1.2249950224438952,1.064298534741547,1.8453850204054247
2016-04-14,-0.022086670793205285,-0.03873583142537239,0.10083493820379277,0.010324049643952633
2016-04-15,-0.16103690602333398,-0.3202696875096763,-0.19978718966669728,0.15880307928169207
2016-04-18,0.6178224409139341,0.4293107133335614,0.5290537645916625,0.5078256938581271
2016-04-19,0.29567976926626577,-0.6757763537122974,0.26763525554153816,0.5870054009375784
2016-04-20,0.07166673276010876,0.01561477116090755,0.2102601554171915,-0.03938509960095503
2016-04-21,-0.5876546046179877,-0.08082620636221122,-0.6543353722518365,-0.9679977802474233
2016-04-22,-0.12583280826481896,-1.6514521214120124,0.01393286059217197,0.9014478774612572
2016-04-25,-0.2039037867887624,-0.07014303044731075,-0.17090979945771242,-0.5863147774944563
2016-04-26,0.08682930093059216,-0.6028579631089759,0.03332002460344485,1.226825694226159
2016-04-27,0.13462338969973026,-0.9023385072319863,0.22748775163376878,0.46078145148285365
2016-04-28,-0.9128148807454484,-1.2826768143119367,-1.171950924087182,-0.9007327585564722
2016-04-29,-0.6661593429278388,-0.6959811027109764,-0.4477845049351772,-0.7731054341758867
2016-05-02,0.7012142745126277,0.8130600009958222,0.6059855162897896,0.8244508154084157
2016-05-03,-0.9151745504042127,-0.9957535334118187,-0.8031336883013975,-1.560702077462977
2016-05-04,-0.6600979185670185,-0.7621326888034159,-0.655502432756442,-0.5078080722465514
2016-05-05,-0.1379663930366032,-0.1634996692238909,-0.0369918478419676,-0.4939774507423581
2016-05-06,0.30783191060841963,0.44259542048894857,0.41933583225466614,0.7898067766994631
2016-05-09,0.016945377992194602,0.2046212538126706,-0.2285087445544333,-0.20101732852904916
2016-05-10,1.1577300612796873,1.2602529545430758,1.1743202602200995,1.0092994464371192
2016-05-11,-0.9377000101521689,-0.941417329072866,-1.1925330695645973,-0.9147143521598826
2016-05-12,-0.12066919888111588,-0.5973499980381973,-0.10213138045443546,-0.48346360981229713
2016-05-13,-0.9172741614043821,-0.46165636821674777,-1.0746577841232203,-0.8745750593320869
2016-05-16,0.8194350133002849,1.0683184066832894,0.8543204159867533,0.9533918157547836
2016-05-17,-0.9596743738090506,-1.3161042542250805,-1.0130954019289284,-1.6269953893122118
2016-05-18,-0.07493089837710781,0.24188046873580893,-0.13004920742492,0.2518163913259258
2016-05-19,-0.45253945998873135,-0.6515995601647572,-0.5894395511928221,-0.9416091569159902
2016-05-20,0.5499007777124196,0.9876631572826485,0.2972064453091839,1.4363230442911241
2016-05-23,-0.22882224584929128,-0.2514269743934718,-0.108929092799563,-0.2921475256053167
2016-05-24,1.2319272393776133,1.8991283860211807,1.1682989108191044,1.839711487345338
2016-05-25,0.6391326985175613,0.6625964684349623,0.8193794950517579,0.6186434199026337
2016-05-26,0.019220022182485266,0.2692611627266578,-0.12599429665735914,-0.14492646697467218
2016-05-27,0.34249926816171833,0.42287370657270557,0.17595293388066507,0.7826753249534456
2016-05-31,-0.26123195434424196,0.09427215472882321,-0.5362538528114362,0.06321775929991258
2016-06-01,0.09097519759910547,-0.1299517162260818,-0.09055316002040305,0.5670893301167929
2016-06-02,0.23796418821445908,0.10312779710813365,0.2186368761393368,0.40694902316658105
2016-06-03,-0.3435934812735548,-0.5576959033258153,-0.20577091379943294,-0.44172405865942976
2016-06-06,0.43752315602052205,0.26815272669558,0.5820097452538275,0.9242639206767387
2016-06-07,0.11758432629535326,-0.318072071638936,0.092830418530598,0.3275586299804405
2016-06-08,0.28146437045958367,0.097002188894891,0.33316006435021955,0.8589988415246722
2016-06-09,-0.1865134687657021,-0.24951507156392028,-0.13747161282618603,-0.5466432357076431
2016-06-10,-1.0113272654599168,-1.2286114380905704,-0.714234973601768,-1.215696617578037
2016-06-13,-0.8820456489979277,-0.95790718252749,-0.8254761094494177,-1.1223682577484588
2016-06-14,-0.3119293550462314,-0.1313592419569253,-0.4149330613259739,-0.5851582132404353
2016-06-15,-0.23744920797118851,-0.4098830631331456,-0.2711988100325751,-0.09861256113035168
2016-06-16,0.21352511339234415,0.1870995395516087,0.45799847896229606,-0.061099616968673345
2016-06-17,-0.4031497716080138,-1.2402650077073452,-0.3267490104246052,0.10945198344723236
2016-06-20,0.5672545631789783,0.5347822445763328,0.6641873065651127,0.815030597315304
2016-06-21,0.2613191629554562,0.24673849789458654,0.14823854202901382,0.05492241427503916
2016-06-22,-0.2169533487200233,-0.31864713234193304,-0.3217247215554703,-0.5621165692593806
2016-06-23,1.212574400442998,1.3092293898924205,1.2140946701150117,1.828629870945422
2016-06-24,-3.725248119215808,-4.253074115306878,-3.4345087022304517,-3.7040278008893663
2016-06-27,-2.0072602053642723,-2.252226166114606,-1.7582855112298632,-3.744003902086857
2016-06-28,1.6636448190646913,2.0002675959665552,1.4809852936546806,1.2876025175090298
2016-06-29,1.676423428212449,1.7190650752294787,1.652152039922388,2.121193805500485
2016-06-30,1.3667905858924267,1.1449814649687482,1.3451758086064034,1.9447599134184093
2016-07-01,0.23000174585219157,0.48787713630756846,0.13071959828522392,0.39695249759167534
2016-07-05,-0.7896536362093929,-0.7018392069324366,-0.6662431889960753,-1.765416733160217
2016-07-06,0.508178928998625,0.7095798216571076,0.362300062355246,0.5280031429642088
2016-07-07,-0.134574687049485,0.20990923035246556,-0.16988270685230902,-0.11104979281411996
2016-07-08,1.3879419514909117,1.4272733758342822,1.3177924842877617,2.2819685615600576
2016-07-11,0.34803611345613,0.5356797177562369,0.4627810968360035,1.2922480408854014
2016-07-12,0.6697589275928915,0.4304763455234577,0.6228294800779774,1.6756701204187305
2016-07-13,-0.04008280821045225,-0.29960814002473524,0.12343358824066783,-0.213903176638745
2016-07-14,0.525131872578481,0.6115070623280807,0.7085738735982782,0.16040690905591753
2016-07-15,-0.16125094779682447,-0.20814976754663578,0.058682067523329065,0.2770025095282812
2016-07-18,0.18586448793560562,0.5767536846009224,0.034139685395434695,0.11944016755612057
2016-07-19,-0.1740408973239757,-0.4585809711699449,0.08629202248756423,-0.5524918056565437
2016-07-20,0.3694102901761167,1.0952637583291547,0.17018588059622994,0.2877442682717199
2016-07-21,-0.47287189709200084,-0.33216238641647217,-0.48610716212252786,-0.4912010350834457
2016-07-22,0.34678564737426754,0.3018430370122652,0.2004081395608439,0.5255295235281038
2016-07-25,-0.3274693763080017,-0.07786466758817706,-0.45834834390795964,-0.21426557559496817
2016-07-26,-0.06014472097403448,-0.015149961029596704,-0.1970579292118078,0.48378299521001145
2016-07-27,-0.19571461300117787,0.5755829290259903,-0.07914751917265091,0.0012255829974694502
2016-07-28,0.018355199692069973,0.23455104517610492,-0.14495244411634847,-0.4447067832648025
2016-07-29,0.08835152833801009,0.13464254307250106,-0.19342822680602634,0.19126778744426862
2016-08-01,-0.174184132618803,0.4124942071457059,-0.2333780459172271,-0.3904111713222393
2016-08-02,-0.740811948189201,-0.8839329503822124,-0.5671885817115813,-1.3513887206442137
2016-08-03,0.20482800913198862,0.2319786346477296,0.15601665086827943,0.8930484777318062
2016-08-04,0.021896074030019405,0.1836449236482075,-0.06948777500492383,-0.0480675723226667
2016-08-05,0.7495087678495286,0.859068419049071,0.9851125495352564,1.6939299326517194
2016-08-08,-0.09133799501543456,-0.16417189978642943,-0.06871161867667662,0.08692354667198973
2016-08-09,-0.0014143169247954127,0.15357195409302882,-0.03228927272235868,0.02132306688953082
2016-08-10,-0.3220914872892098,-0.3560829056030314,-0.25458299567213105,-0.7130011409560724
2016-08-11,0.3882984474863166,0.33282414781412106,0.5781493812707259,0.35156609124711174
2016-08-12,-0.12335158326265551,0.01063827171020728,-0.20379598040920927,-0.11110430110471325
2016-08-15,0.1977423813207803,0.324106574373296,0.24378344637442975,0.9720631686543274
2016-08-16,-0.5892463399447417,-0.6485389535930964,-0.49399064989700936,-0.6896208537757156
2016-08-17,0.10645778087985268,0.07532483745419967,0.05108173299030851,-0.19256108144397865
2016-08-18,0.16440996436611324,-0.06175653516698616,0.08813999819150717,0.7148361921061847
2016-08-19,-0.2177773410867102,-0.12278915446727683,-0.2991070283017023,-0.09549649700699446
2016-08-22,-0.0880282953451949,-0.03955401338966097,-0.19364083781045455,0.09774541152174475
2016-08-23,0.11796416636822721,0.0685300366224477,0.030622984055465263,0.6093116487050042
2016-08-24,-0.5835716316657662,-0.7496547800382621,-0.4089017885753944,-0.7000069837429984
2016-08-25,-0.14520110905116052,-0.2672977369069763,-0.23640342360422517,0.3026957141456976
2016-08-26,-0.27922395915600395,0.03195419799746739,-0.35738407359474245,-0.4089650989749902
2016-08-29,0.4000616114595804,0.016060721447092308,0.5109849034215431,0.516665553643964
2016-08-30,-0.19037234209700676,-0.38023088585854237,-0.26784075090548404,0.18307754862734166
2016-08-31,-0.3713585434582421,-0.2143702196693246,-0.36576715186625136,-0.5174275057159679
2016-09-01,-0.08237575433781469,0.13984686135407737,0.03503736859279169,-0.3161082352029146
2016-09-02,0.3775937338713562,0.23669402291691893,0.35148887421615155,1.0296340405106847
2016-09-06,0.2428805946893129,0.5453528860100469,0.21050561187848058,-0.11718074834971759
2016-09-07,-0.05842046986114458,-0.02008913599289791,-0.09750718406698777,0.7107384883495498
2016-09-08,-0.32769849632097764,-0.6958065419345766,-0.32765120760042077,-0.2224504515597002
2016-09-09,-2.4840706977017213,-2.647635873242851,-2.209713608571103,-3.1203738624966393
2016-09-12,1.2394536980207165,1.5786844119315948,1.1530152726797644,0.9473229550343227
2016-09-13,-1.4598592188408135,-0.9443692081420831,-1.3841699319975689,-1.969617459397983
2016-09-14,-0.21030229701038372,0.3161906782926273,-0.3380377659727011,-0.584624884688733
2016-09-15,0.8881187518562687,1.4242392710491645,0.9082258666260195,1.0275317736803096
2016-09-16,-0.42661504076940077,-0.1016241250502248,-0.4944245039010664,-0.16735979544728802
2016-09-19,-0.09798674628610714,-0.5517537499326604,-0.12507321232883595,0.5925734960973181
2016-09-20,-0.05986898444276301,0.09028484720675474,0.00505770072594236,-0.4937296684306526
2016-09-21,1.0649128897850386,0.8863814877729842,0.866993850890254,1.3927086701202513
2016-09-22,0.6042085920707596,0.7422117409841322,0.5275854580054178,1.6284202529657088
2016-09-23,-0.6074107688024322,-0.7273235520019415,-0.75629001332393,-0.6716843063417108
2016-09-26,-0.9053079609804442,-0.9626043908264004,-1.0094813376264644,-1.1101236459829606
2016-09-27,0.49488843172221186,0.8293187358331938,0.6271551983342086,0.06936825224182887
2016-09-28,0.45995654390803414,0.10331350515916551,0.6104758409371343,1.0469072958883172
2016-09-29,-0.947733984654622,-0.7750070146906257,-1.0930125925586345,-1.215876984457645
2016-09-30,0.6220890450644763,0.5943116529028691,0.7802783929469319,1.0008005856599134
2016-10-03,-0.2677594218994478,-0.20392782869813184,-0.2846466403750056,-0.4365739317973429
2016-10-04,-0.5933702984084142,-0.2481432013359507,-0.5417703043701376,-0.6016287847686721
2016-10-05,0.32362420113809565,0.22407723660183568,0.5296413373272943,0.6894365933253206
2016-10-06,0.03240026406068994,-0.10854661952624262,-0.07221439014321188,-0.1439294236885281
2016-10-07,-0.4036894879821489,-0.3034342222933633,-0.20827880014506284,-0.9179402915642417
2016-10-10,0.4415637614395853,0.5311568433770583,0.43363041566828925,1.1590366612170846
2016-10-11,-1.3406794350139135,-1.516732930415269,-1.137865189962882,-1.606492867804532
2016-10-12,0.016997417116261862,-0.21750423565302657,-0.016137023247365045,0.09026353957265137
2016-10-13,-0.3929959806490354,-0.45474600474654014,-0.2875861796363669,-1.0058358982294175
2016-10-14,-0.0193065527939284,0.021056062606051695,0.16398538135690083,-0.26204784776136214
2016-10-17,-0.414177038620793,-0.3538558223200866,-0.3205806902481631,-0.1277254651343579
2016-10-18,0.5221568019034952,0.777538219079275,0.3401759800676459,0.5374425432575666
2016-10-19,0.21525282949764607,-0.08887769455937451,0.19135770252102696,0.6739789040229563
2016-10-20,-0.24041088219728557,-0.20061339313814447,-0.2651321488120025,-0.33410728215197955
2016-10-21,-0.030844231426097046,0.26465577056602096,-0.1539514825165735,-0.24298235177139535
2016-10-24,0.33754215765468704,1.086789792718512,0.35847228221275984,0.638513967449541
2016-10-25,-0.4200690853279133,-0.4116514564018173,-0.3429658877807348,-0.6924385818185129
2016-10-26,-0.27957125528509436,-0.7679136487325766,0.09924044209175395,-0.6978392540260407
2016-10-27,-0.3053252910280308,-0.5194216179644243,-0.1727568816632334,-1.023351951868205
2016-10-28,-0.36318136493155245,-0.7136778138476862,-0.09326311721775518,-0.5488923817887433
2016-10-31,-0.06513039759956189,-0.1810136693752069,-0.14434679419841656,0.4009711252962206
2016-11-01,-0.813969854929752,-0.8637221349843189,-0.648648523453249,-1.2949383146821205
2016-11-02,-0.6909988930753918,-0.9207294753237465,-0.49820300528830413,-1.2456321432631106
2016-11-03,-0.5462728592589434,-1.0898240246551525,-0.22175912386390978,-0.31011448158110877
2016-11-04,-0.18608258187192356,-0.44607833834978083,-0.2803754221472176,0.4407182586791716
2016-11-07,2.0956944818479637,2.2313743745518195,1.986516565263796,2.2916594784427766
2016-11-08,0.5072271199351146,0.6519362490810213,0.48077510341233776,0.2893515491133418
2016-11-09,1.01116305697462,0.4049963277734382,1.349618547962732,3.035457690414914
2016-11-10,0.24268468511736974,-1.6575789595242716,1.1968835139131975,1.947943774244917
2016-11-11,-0.15395399036169305,0.06696305609418911,0.312239145939476,2.5862005588689203
2016-11-14,-0.019449642722715932,-1.1288115235884304,0.07374645244051406,1.6707701651422924
2016-11-15,0.7663514727301511,1.3191311820837577,0.2806277672269586,0.5236125593841447
2016-11-16,-0.2308331142284416,0.4866828999635382,-0.32864972924479247,0.11386316719855337
2016-11-17,0.3821170805047953,0.5876459606066271,0.08225341371752894,0.34778042163219636
2016-11-18,-0.2857341938571532,-0.45984100930769467,-0.24346902993747724,0.5268805354693311
2016-11-21,0.6600643177403125,0.9170774113236231,0.3951289364300946,0.49412076784738024
2016-11-22,0.15887268775562963,0.22569327590144672,0.3299371744405284,1.2201487017431363
2016-11-23,-0.021607577258629065,-0.49559471543081,0.2649894972333103,0.5342723841953003
2016-11-25,0.3434067456196953,0.26414474011393585,0.3546793675332376,0.3509303396339224
2016-11-28,-0.5079926551617986,-0.2962178257688194,-0.3027132917903612,-1.1344957087493004
2016-11-29,0.10945011150763606,0.24725412020976778,0.06354769790913291,-0.13712576994180606
2016-11-30,-0.3164301645315814,-1.3031922134357736,-0.041574711476448714,-0.0967815890471968
2016-12-01,-0.40788313774238116,-1.8128363673039132,0.3297684613297937,0.03570221577069058
2016-12-02,0.049837520586532694,0.15361642200010595,-0.07859793329004183,-0.08038470102316855
2016-12-05,0.5235166737238419,0.671310111132827,0.1834331002254714,1.7719900655245302
2016-12-06,0.2255484592389038,0.12176841040001816,0.10974452499775017,1.0435489490660024
2016-12-07,1.23192832966464,1.1613338531401058,1.4933085725551956,1.1865030684959355
2016-12-08,0.2951906278066432,0.17478109402468836,0.4030795467610543,1.7180953079068852
2016-12-09,0.5427169351147441,0.7042306072321796,0.6657481016574546,0.2993172271413016
2016-12-12,-0.1409198713786259,-0.4943890092147353,0.21706923175563494,-1.0245793117539272
2016-12-13,0.6171015860231079,1.2106089842970666,0.5659022228208225,-0.08322550338707618
2016-12-14,-0.8601526688847376,-0.27385742011232433,-0.628795972847809,-1.589879857481115
2016-12-15,0.26578764216227224,0.04486097349740492,0.20264317170056964,0.6352975691172751
2016-12-16,-0.23768005955977825,-0.44641844937495967,-0.08583074403189299,-0.27265319524518333
2016-12-19,0.14242881887507058,0.31832972023467215,0.15945174303893128,0.709788776264684
2016-12-20,0.3099842395760976,0.284134162750706,0.4102195931440986,0.999507515487578
2016-12-21,-0.2940160611158634,-0.14557439046300347,-0.18578268226246902,-0.532950971638604
2016-12-22,-0.23919459563297435,-0.37356125179349386,-0.16760097984491698,-0.7186439356783938
2016-12-23,0.04642259746837331,-0.019529279945602315,0.02542808760360444,0.21570813205965783
2016-12-27,0.13575369657491687,0.41715072970583245,0.0017717699686845625,0.3643669491849923
2016-12-28,-0.8575263031120766,-0.8867389653715383,-0.621836621900125,-0.9740683445377218
2016-12-29,-0.147236977490041,-0.25646464708869243,-0.14486459266389404,0.01688747397758035
2016-12-30,-0.4357974807980352,-1.1317747411568526,-0.3419922420303779,-0.44903538554551287
2017-01-03,0.7075428800011342,0.7956345691685609,0.5515079065629095,0.5664693448519325
2017-01-04,0.5347424555092285,0.4639212969927236,0.28765920162365066,1.5354470274440715
2017-01-05,-0.1387426229194077,0.4662736247638225,-0.2794892240150333,-1.5565607206418577
2017-01-06,0.33079836552751635,0.774662005221967,0.2688865476132388,-0.3986495254048787
2017-01-09,-0.40901127492168576,0.2488065785619853,-0.4361800366432459,-1.3999167895659168
2017-01-10,-0.13073180584455857,0.11145911985440135,-0.2526490975868102,0.9799189462815198
2017-01-11,0.13010225610644147,0.13955190812513493,0.39561367277549425,0.25589567235932337
2017-01-12,-0.2476699281307704,-0.21418967663124241,-0.31262193147339923,-1.0871230747770533
2017-01-13,0.13807350785142836,0.2535003657643228,-0.09206864236036558,0.5330887009704461
2017-01-17,-0.441381840002056,-0.42072026569200976,-0.3791546741072166,-1.4218563348208109
2017-01-18,0.1491071435837237,0.10751457065587648,-0.16247792990674745,0.27964785270734893
2017-01-19,-0.4238096722675543,-0.16408153963800837,-0.45042082139822315,-0.9191225883724902
2017-01-20,0.23097782978027154,0.09715940363620909,0.404934559286271,0.42709224591985095
2017-01-23,-0.30070998574275765,0.01324961373490842,-0.15623306414199814,-0.3830790932604293
2017-01-24,0.5338031514559336,0.5733337117955244,0.5078917975376861,1.5026966197956497
2017-01-25,0.8023515349471525,0.9263939331353138,0.7477753309932735,1.0612497760610613
2017-01-26,-0.11144843812894929,0.05217615847714705,0.15921844575696004,-0.2952015548085064
2017-01-27,-0.20775634827006312,0.11881278441640995,-0.06959831010488493,-0.5557200702220189
2017-01-30,-0.6930222790379776,-0.8666591565575307,-0.6661499449099575,-1.6256543120500517
2017-01-31,-0.11142796799556445,-0.30152431941217805,-0.6162860554560715,0.3117523559396679
2017-02-01,-0.07884851873333774,0.5361544304897743,0.016705527259407202,-0.1314802879743996
2017-02-02,-0.025227851499906792,-0.20564794623494217,-0.07340760710110919,-0.3255862873935592
2017-02-03,0.6302222424062511,0.2127256398152293,0.8821001904978254,1.4972429555473656
2017-02-06,-0.18600036114381574,0.06806573172146041,-0.08298834478323139,-0.7357241992578719
2017-02-07,-0.0660099414039825,0.282808053549538,0.14375359994652057,-0.6132021836091539
2017-02-08,0.04978128265872102,0.09071473764877681,-0.21651147520747804,-0.45479958126960585
2017-02-09,0.49493919515410123,0.2701399322265413,0.5083680842730419,1.1752537866536377
2017-02-10,0.350646621613993,0.24899187123735037,0.45463919076674075,0.8312755563887568
2017-02-13,0.5075183866496383,0.49595584888045074,0.686243877073827,0.41264603677883294
2017-02-14,0.38999155197838903,0.29168080833174753,0.457029188110952,0.4335084750451218
2017-02-15,0.46523274138822135,0.5319370563980403,0.497644409283393,0.33794340427342506
2017-02-16,-0.10223586996816783,-0.09244807074663344,0.019297520222285945,-0.2841790676943029
2017-02-17,0.060212598016737104,0.3506250910790292,-0.027004834054129352,-0.297956453143558
2017-02-21,0.5075338978165731,0.39824129520951124,0.5171543514301018,0.7492387260239584
2017-02-22,-0.09690305573713284,-0.026514434154965086,0.13515384807862565,-0.3752917929264562
2017-02-23,0.009420378242151958,-0.4500270881223965,0.13677979221224024,-0.5203588155123999
2017-02-24,0.10189581419865812,0.13509247603284852,0.03193490765436005,-0.366606763265403
2017-02-27,0.06571183385116944,0.029925699426480032,0.0229098832919878,0.6206559670627948
2017-02-28,-0.333939947422938,-0.4116343366309988,-0.18458402726540313,-1.5929610233439953
2017-03-01,1.3167843895083042,1.0129679253651562,1.4197786011171147,1.9557255862927925
2017-03-02,-0.603474094943047,-0.527758554538532,-0.5062183336746401,-1.511681780578834
2017-03-03,-0.02281194736773544,0.08869125479336525,-0.06022029036465906,-0.3164148091375343
2017-03-06,-0.3794292362275086,-0.3203418498717452,-0.30334346151993546,-0.7410414535887784
2017-03-07,-0.3936985885883816,-0.27074889439041416,-0.20676929842428998,-0.8018343578573643
2017-03-08,-0.25626064998648884,0.0802127743257614,-0.3830542545849423,-1.0476427835746245
2017-03-09,0.004815354759040796,-0.029821349287132273,-0.06735307118420517,-0.7234218843305196
2017-03-10,0.28233320441718124,0.3312423083250732,0.1611341922513068,0.1328239527600201
2017-03-13,-0.010246309989332916,0.07571470372719605,-0.15543244413734872,0.2508073882535454
2017-03-14,-0.4508017894542985,-0.35520827332984095,-0.28648858963172946,-0.5682561518824248
2017-03-15,0.734561357864983,0.510259662304329,0.484166944223384,1.3446632388094357
2017-03-16,-0.2079031354669746,-0.14145980558094634,-0.1061385039759026,0.3491455564619772
2017-03-17,-0.21671894958045165,-0.14564830204810497,-0.15393442410470903,0.4166942959461217
2017-03-20,-0.25369244945391334,-0.013745905120298677,-0.09997546688238881,-0.7163868006606342
2017-03-21,-1.326198177215229,-1.5914678153945938,-1.1820360231183062,-2.9583654142161517
2017-03-22,0.10176715071168171,0.5375656312224254,-0.1306362959938204,-0.44925965150231595
2017-03-23,-0.2421535434834669,-0.3753333153853776,-0.1007174924919011,0.657588848645636
2017-03-24,-0.11973537350539228,0.09869889404585351,-0.3572740875620256,-0.12593807906144022
2017-03-27,-0.20624546267906785,0.045736349938584706,-0.2945037541383878,0.020751056425154256
2017-03-28,0.6125751220990088,0.4858418946393937,0.6510818207301727,0.9008053115607548
2017-03-29,0.10369813835719914,0.4067333572933482,-0.205728473563791,0.31734132853250174
2017-03-30,0.20123539756039352,0.04970701462227216,0.2442494263530505,1.018676190981391
2017-03-31,-0.3034738866079426,-0.15844025935365325,-0.35066655683312153,0.15803713964300478
2017-04-03,-0.23674924806419195,-0.17840604659023765,-0.13830700513182875,-1.1412322583776837
2017-04-04,0.024513845698463224,0.07751931952410678,0.15585522752585068,0.0021261190324525225
2017-04-05,-0.401327209005345,-0.4930440782399375,-0.24579463070086327,-1.28723184230074
2017-04-06,0.19673164807773852,-0.02668903275846038,0.025840179753529792,0.9264123879849254
2017-04-07,-0.17382026644525717,-0.16018696134078073,-0.10300490569503706,-0.19535929172814342
2017-04-10,-0.009351151453009993,-0.06166705315628644,-0.03292948971065545,0.16227752341695004
2017-04-11,-0.18373828266193903,-0.5278494023662783,-0.0862204893037648,0.8828108275892699
2017-04-12,-0.5016469595047145,-0.509875970752666,-0.34461574709485965,-1.473897933091312
2017-04-13,-0.6857460812003637,-0.48637792464515944,-0.7097308238397356,-1.3719713855633022
2017-04-17,0.7348545249565528,0.6961183355485585,0.7918058820313438,1.0035988812826502
2017-04-18,-0.35710891300736225,-0.20873662748445984,-0.552404423393902,0.06274951917283507
2017-04-19,-0.2769853158631442,0.02982606754062969,-0.6889081692984345,0.07109512387125742
2017-04-20,0.6781067250988273,0.6793446474123664,0.739502675365495,1.1944080135445563
2017-04-21,-0.32473778594623853,-0.08780932765281253,-0.14583260568424278,-0.08158268020944073
2017-04-24,1.0028723867527112,1.1033639306212757,0.9837200401858257,1.2363679338476392
2017-04-25,0.5594144380452313,0.6840785945479873,1.1254330394513943,0.9472916788690702
2017-04-26,-0.04355319487604334,-0.16118448239597225,-0.06905214456899993,0.7578605969068549
2017-04-27,-0.004530423867302166,0.5151483875673231,-0.040797794746335436,-0.5469910540059532
2017-04-28,-0.27886528980860525,0.08046281086264966,-0.2378694655908409,-1.6290499721864482
2017-05-01,0.13458172944712493,0.8014441408883929,-0.19012709068633366,0.3445411744967843
2017-05-02,-0.07979871038693534,0.03798151411126119,0.0642469598365867,-0.7656877319986999
2017-05-03,-0.14597051228265978,-0.39158792875761494,0.011476852883519986,-0.45509419636255577
2017-05-04,0.027737401068284,-0.03897500582728468,-0.07366186161855079,-0.42870546851065205
2017-05-05,0.32532407959412546,0.27262647563925385,0.21008442705796546,0.47553790069850016
2017-05-08,-0.06754981726780582,0.12600193796734466,-0.021725514038585622,-0.2827155367408657
2017-05-09,-0.1659460365110862,0.2533684709534283,-0.22376515124538365,-0.34743676541641727
2017-05-10,0.07615537289779437,-0.05033310073343511,-0.23156736533494496,0.4075855963778423
2017-05-11,-0.2862330909851851,-0.18955516247356868,-0.19397491944279377,-0.8472108730657897
2017-05-12,-0.20213433041862883,0.12189248113445476,-0.15389202420636083,-0.7649696698357662
2017-05-15,0.418725219007668,0.21972658687745444,0.34469890522788393,0.622307051350148
2017-05-16,-0.12731812494697903,0.3452438673356494,-0.04623274585665795,-0.05147295105829427
2017-05-17,-1.8442643009427593,-2.6823369546381315,-1.8531983902909208,-2.7477942755634723
2017-05-18,0.2294444500393317,0.7230752486388802,0.13296538228132881,0.1119046705210186
2017-05-19,0.5589254213406485,0.2945079754653812,0.6410158297470984,0.41877057591158623
2017-05-22,0.4936106070450562,0.7974190899061698,0.4283225614254755,0.6769333719304941
2017-05-23,0.1501590287368056,0.02000336626210525,0.16386297833822397,0.533881889849418
2017-05-24,0.1627324434291546,0.3797579879767608,0.31194536335171036,-0.22532124929954722
2017-05-25,0.4462598570710949,0.7577269714232759,0.31775226426189507,-0.08867067580626874
2017-05-26,-0.06331217618527421,0.12960258477561618,-0.05604965845897326,-0.14717995127551642
2017-05-30,-0.16945361206846485,-0.011803538258387078,-0.30843738066725995,-0.9360709288693605
2017-05-31,-0.1235718215178544,-0.13422257526582881,-0.1667716858156736,-0.33901189634167284
2017-06-01,0.6902209507212673,0.283522550648458,0.5765030153943931,1.755834998483244
2017-06-02,0.3035994415472717,1.0599745778408014,0.2687494626456229,0.33597187832481173
2017-06-05,-0.13417858632187088,-0.11692167909534455,-0.14572277581307713,-0.5454172248757027
2017-06-06,-0.36527200780316355,-0.47733521148028074,-0.284729553331548,-0.3041970472285153
2017-06-07,0.07027765011759243,0.2840471040185848,0.11008929575725074,0.0884765835927034
2017-06-08,-0.031967329501274136,0.013059652597105245,0.0011344566374370327,1.5544748372245376
2017-06-09,-0.24244977560416714,-2.646305424429769,0.34813311726009694,1.3509326444514111
2017-06-12,0.028082851989368947,-0.560426981275028,-0.12165312670229991,0.09185051696437993
2017-06-13,0.44756205733791177,0.6986125811287334,0.4052851312338735,0.3680246174218209
2017-06-14,-0.165028032223357,-0.5276497509502072,0.18726310927209683,-0.7405471844326595
2017-06-15,-0.2220438853521684,-0.4952585523057098,-0.08200936781124182,-0.5066800371215652
2017-06-16,-0.06068946682803525,-0.5175392476745433,0.06640842188888696,-0.44917314833965016
2017-06-19,0.7812824864310716,1.5850796279714545,0.6481848803463025,0.23722643174002966
2017-06-20,-0.725550303974054,-0.8624073647481333,-0.3150286226409613,-1.252989152781856
2017-06-21,-0.11403744719379029,0.908947292426058,-0.324795073133842,-0.9724321427610348
2017-06-22,-0.16634958705916564,-0.1474289213248789,-0.14960838000997054,0.10521692549699149
2017-06-23,0.04113057313248608,0.2845957595869124,-0.08486683205709862,0.4091082747421957
2017-06-26,-0.03887201803754778,-0.5774106220573141,0.004785389193474751,0.3768794305214511
2017-06-27,-0.8316256475351761,-1.9137803954825323,-0.4997802593943551,-0.36523396510405276
2017-06-28,0.7848791179935162,1.329063603812119,0.6279709453290515,1.3275386947461705
2017-06-29,-0.8948144061042765,-1.8456803631332732,-0.8046336898320425,-0.12068797301265312
2017-06-30,0.0770709039295503,-0.0772838421748997,0.20200629351160296,-0.4195164340949677
2017-09-06,0.31525369741257214,0.2221278869079003,2.124769790321095,0.2797492554110268
2017-09-07,0.04308411832749557,0.29673703334419566,0.053911494261423165,-0.36893104871603954
2017-09-08,-0.20196396617976534,-0.9041372999727241,-0.006176353946598656,0.0521357953279219
2017-09-11,1.0104873654577644,1.0674368556178702,1.1477412444162605,1.1563885739682358
2017-09-12,0.3375513689256867,0.20139989211961984,0.31237088492676157,0.8901603161162134
2017-09-13,-0.009381984612079446,0.06523163917360408,0.13007143555363682,0.4384354436066459
2017-09-14,-0.09514979111398648,-0.6785400956437628,0.16718500365493338,-0.10409988863534086
2017-09-15,0.10653832413954646,0.286775803573647,0.2793642202668795,0.362876793425247
2017-09-18,0.14490019396064707,-0.21644540484991381,0.25227867944381305,0.5794467790199642
2017-09-19,0.05534857699603731,0.10611802999650503,0.14948851734608526,0.11297551487130449
2017-09-20,-0.02027541828832638,-0.3936223792673902,0.1533148251071461,0.4607177551991013
2017-09-21,-0.3230537318689178,-0.6903772411351186,-0.2706983673433613,-0.1357653758421241
2017-09-22,-0.04812722390662845,-0.19666971674861938,-0.09697560197537057,0.4211444452771871
2017-09-25,-0.2804729794522753,-1.1683920164172212,-0.2965345309941454,0.5313626159809672
2017-09-26,-0.0002962811578002822,0.15416403892881636,-0.10661927558783627,0.4803855523997322
2017-09-27,0.3106119098628882,0.7715977477490523,0.1975139113563318,1.6961357639219303
2017-09-28,0.02469217517780002,-0.1500147497642612,0.11607233859235952,0.28860690434000374
2017-09-29,0.3163344359814737,0.6487706906751467,0.07363841724803084,0.06583150581975979
2017-10-02,0.3628954020009202,-0.006532387284463537,0.6314193700357074,1.1271760886663091
2017-10-03,0.1793653969228026,0.15448603980726652,0.36590904312780653,0.17436267054674245
2017-10-04,0.08397472458821095,0.03665061896704184,0.07563420022414376,-0.5482928779246581
2017-10-05,0.5389938308058925,0.9033330076469172,0.4617108698582558,0.3373856042458386
2017-10-06,-0.1758372714124994,0.05718924287436218,-0.04481157207013508,-0.39736798730492673
2017-10-09,-0.23650433919668773,-0.20181532622356216,-0.11212665502719782,-0.3686398973029406
2017-10-10,0.15869214443778248,-0.013162228569008547,0.2534575607919979,0.44739977059948344
2017-10-11,0.10692745939630326,0.2223595955102156,0.1550815501283034,-0.17677069442039062
2017-10-12,-0.19898994465364042,-0.2610298285777981,-0.17373126021535185,-0.22973310697689903
2017-10-13,0.03546590564296544,0.28788231311208334,0.07414900107321444,-0.15041601709176766
2017-10-16,0.08294188346849495,0.252058387608431,0.3249680529740419,-0.12826843216039868
2017-10-17,-0.002984021353553558,0.06300770920827364,0.15257325684815037,-0.4330725597256714
2017-10-18,0.04343080419827555,-0.1860020456322998,0.6601624452363424,0.4303273497144349
2017-10-19,0.016213665732456535,-0.41180334892643605,0.03607964658323219,-0.1132174952849927
2017-10-20,0.44268414239675846,0.20768380659292496,0.6763340957600257,0.2870229706394302
2017-10-23,-0.37145374038292917,-0.7064153501995377,-0.2219634746864911,-0.8369701315508571
2017-10-24,0.0856075731336945,0.08721983047785725,0.6631233257072615,0.09819810813402566
2017-10-25,-0.516769521637196,-0.42973413021550816,-0.4635730542306183,-0.4437530550922601
2017-10-26,-0.04423943617798039,-0.42077595462177975,0.21865624930283073,0.11373398874727343
2017-10-27,0.8295434085518383,2.8017511115406086,0.13174709575347218,0.5382615684010131
2017-10-30,-0.4864365617748953,0.0868399508305194,-0.4738892122150999,-1.3557917453461266
2017-10-31,0.035113555322012255,0.2780741079756419,0.032196447027507194,0.4111095647294152
2017-11-01,0.036204275872905464,-0.1307129855009257,0.1821069774598103,-0.5270454528323488
2017-11-02,0.008053394006015367,-0.24922702774156522,0.3309827060154508,0.47443303483501686
2017-11-03,0.273947238121661,0.8850641104789309,0.07246400262886218,-0.5890844879597145
2017-11-06,0.08971835797340105,0.25512127331013595,-0.010830257261017967,0.1560156465215962
2017-11-07,-0.16017300150593117,-0.04054940197250104,-0.03609873291800904,-1.4605291736064192
2017-11-08,0.12450405377310897,0.3320671285536264,-0.002813296943222996,-0.22446566433317497
2017-11-09,-0.45697301441607296,-0.6223530891206779,-0.5041570575852123,-0.40781820598612767
2017-11-10,-0.12910571859217224,-0.1250295026507139,-0.2552974114613213,-0.1377155705326591
2017-11-13,0.012190257895396489,0.008639620407951382,0.010890309206485038,-0.04094961724858729
2017-11-14,-0.2982266441993694,-0.45960116150532027,-0.17522320483256498,-0.2646417336365944
2017-11-15,-0.5769905735718893,-0.5668708727016195,-0.6461368797511811,-0.36309329599566736
2017-11-16,0.7330136330584247,1.1367742312400353,0.7059452429768315,1.0753401381446075
2017-11-17,-0.33571384105474544,-0.45559879645042417,-0.4355234176921228,0.5318021790923233
2017-11-20,0.06591414066370235,-0.19547511237613058,0.21054099372349333,0.7078087120826677
2017-11-21,0.6112479733498969,0.9953367195353542,0.6677221599735769,0.8827106477989584
2017-11-22,-0.1281095006606445,0.057750574532716065,-0.2844094151116285,-0.039238641978378175
2017-11-24,0.13710102857505965,0.2620433010878427,0.04939089530628575,-0.2879720666662331
2017-11-27,-0.1076962649726898,-0.13308919910319222,0.05463954140381052,-0.2108524816391929
2017-11-28,0.9398707279383969,0.17043269204190958,1.035041942096197,1.7363125413450462
2017-11-29,-0.05360935081476053,-1.7861265024713466,0.46023909369368965,0.9617062811691063
2017-11-30,0.8892479177551366,0.798025435722956,1.4012326563391944,-0.1555418048798447
2017-12-01,-0.153989588300326,-0.42322301906854987,-0.07428872644178765,-0.2538360701579873
2017-12-04,-0.21005025078753511,-1.235106889395359,0.1650763010745446,0.06584884429853444
2017-12-05,-0.3840161955404849,0.004344559785728307,-0.4532666567488359,-1.225704093194366
2017-12-06,-0.07441324882998449,0.330717900968735,-0.2377248327602977,-0.7333988509369598
2017-12-07,0.2154165305250702,0.2289822484698394,0.21278582697283793,0.26209591796604337
2017-12-08,0.4785243046388902,0.3575156775073086,0.4409102446588882,-0.0655707972648134
2017-12-11,0.2771105127451501,0.7175387512546199,0.2197716689941341,-0.18176161520333556
2017-12-12,0.10234491290337974,-0.22250041089566602,0.43279932150022904,-0.11343783243982346
2017-12-13,-0.04267421726290623,0.1473973263649584,0.322412424910912,0.14723601508012565
2017-12-14,-0.47577694497880313,-0.14117235074593856,-0.33801125886878025,-1.1895897423841848
2017-12-15,0.7428241240069178,1.0414581037247388,0.5196413889265352,1.3121637628903724
2017-12-18,0.5609154993585835,0.7524282539645155,0.5221278935067145,1.358276225150311
2017-12-19,-0.40342886636093045,-0.6705918783957828,-0.1824516196058668,-0.9792898072949244
2017-12-20,-0.12640809938070155,-0.1790175695348581,-0.14650710693594493,0.1212823418644606
2017-12-21,0.11236599576048774,-0.09516319016220323,0.15677674069277878,0.42790320727361386
2017-12-22,-0.07810494912738584,-0.1984500071946038,-0.1461690926842035,-0.31517530426355683
2017-12-26,-0.18306605916558127,-0.6366733506394765,-0.08511786998046271,0.036016685751420474
2017-12-27,-0.016189073867531115,-0.08199010543196121,0.06709807271322357,-0.28070419685686876
2017-12-28,0.1519719229228947,0.03575067042331706,0.22338567697452566,0.31776353283923114
2017-12-29,-0.4372826744407705,-0.7003619330437656,-0.5140776833062773,-0.838046735518586
2018-01-02,0.6332428778189418,1.6303815522049383,0.34812042096203993,0.7636659227092004
2018-01-03,0.5356920950275337,0.8510102712966552,0.3356122839844684,-0.17752825301440103
2018-01-04,0.37996028383794345,0.1162317975694267,0.5717803235634624,0.17510633342880286
2018-01-05,0.6342989656754466,0.9502966125380063,0.8664085942583483,0.09591891824997398
2018-01-08,0.16030178204577447,0.3526047664838551,-0.04090061309703051,0.3259112960557783
2018-01-09,0.1316594402895081,-0.08697905835312084,0.321208557365106,-0.4087035863842591
2018-01-10,-0.17530769576946495,-0.2910313380650275,-0.06951819085888754,0.0199814419575498
2018-01-11,0.6423856330332753,0.5867247273870346,0.7464737427515926,1.7935577516188517
2018-01-12,0.6096070031378686,0.6656210670821592,0.8824338340711753,0.33437787944025327
2018-01-16,-0.33427268489832257,-0.30874834030494597,-0.009938450358728337,-1.1215124901426208
2018-01-17,0.8843135235388278,1.0104670071216808,1.2037075042732124,0.8385463876683728
2018-01-18,-0.16722530505983405,-0.0006894132757053646,-0.3442524318169345,-0.8963491753508427
2018-01-19,0.35356174013872316,0.22333543425813598,0.12036329874571818,1.057978018693674
2018-01-22,0.7299146697477015,0.9561737191922258,0.4825148395006626,0.2842897330516421
2018-01-23,0.18819279510006248,0.7521594747976835,-0.03297116596980053,0.11213057561453156
2018-01-24,-0.13887921075912102,-0.7630340491863485,0.07191622931522836,-0.6394647836852735
2018-01-25,0.014715975295068809,-0.09155298278859052,0.5177136590755161,-0.26268744530320104
2018-01-26,1.1136856077917006,1.4662882780461064,0.850908265959961,-0.004465413843591261
2018-01-29,-0.6812800481979526,-0.5162937465372794,-0.6745308396728427,-0.8970440828663125
2018-01-30,-1.1631398258495962,-0.9577939509165976,-1.5001658275397067,-1.0179465811149242
2018-01-31,-0.12296658129251184,0.22577889669243517,0.11699862927648746,-0.5521045711193828
2018-02-01,-0.16919113185818904,-0.945531252572595,0.12908788687218686,0.20646730017594878
2018-02-02,-2.248761814981953,-2.0723433901553485,-2.6028056803055573,-1.9353768572749679
2018-02-05,-4.512785428378467,-4.27664284635602,-4.950423603977555,-4.12976474537317
2018-02-06,1.5727637126752103,2.216651963861402,1.9367013724237339,0.7889155530866321
2018-02-07,-0.4774833415789518,-1.3122463679430951,0.07166708404119823,0.22892072258370808
2018-02-08,-3.894105761420953,-4.355330603747882,-4.294645177965492,-2.8203276415379883
2018-02-09,1.1598672607145992,1.3729707160758313,1.038271640013345,0.854334892559856
2018-02-12,1.4865946689735285,1.6855326083228355,1.7616553157948205,0.8961186546628017
2018-02-13,0.28165747369892474,0.5334286343146812,0.21497673462482209,0.15098492719159723
2018-02-14,1.259570179960855,1.7855727113156914,0.9507804934457673,1.3938098623929884
2018-02-15,1.2355226800190964,1.7818558142087355,1.2096122357253563,0.8601721475447459
2018-02-16,0.02564493282145417,-0.4721323685244183,0.08727476450246029,0.5052871900594017
2018-02-20,-0.6904733352024407,0.1305842878706075,-1.0721237021526535,-1.1823046694072699
2018-02-21,-0.6478274038765979,-0.45642203331926623,-0.8080123425987202,0.011522171040028895
2018-02-22,-0.01275013650660664,-0.16984225015701765,0.5431627006428627,-0.3716292026522377
2018-02-23,1.5762714643367828,1.9837600095683317,1.4186206741403569,1.2664466856861132
2018-02-26,1.1514085726080148,1.3054125464331972,1.5839948105215917,0.5536159663058129
2018-02-27,-1.2282510877839343,-1.2277185626246812,-1.1149560094994773,-1.6691304712380697
2018-02-28,-1.163449785275663,-0.7677832024702371,-1.6452869130486936,-1.9777240629543047
2018-03-01,-1.6373980538505761,-1.8382875056071302,-1.8569139127543617,-0.20993086628285884
2018-03-02,0.30304785760381253,0.6784503432180766,-0.47824454763064694,1.0444491311090436
2018-03-05,1.0532233501260033,0.9371011083703842,1.2708127916237606,1.0864632158548104
2018-03-06,0.28492071818633535,0.3948093352164859,0.09224221370197708,1.1096447516925356
2018-03-07,-0.12875603260150026,0.13385213238331,-0.4158665676587512,0.516346713709723
2018-03-08,0.38077551538951226,0.41458686420367163,0.2855365062188968,-0.5779470330805546
2018-03-09,1.7077464819629784,1.8607670874847226,1.7445733649251318,1.5705987597338449
2018-03-12,-0.10818668267491746,0.5256582411211976,-0.5771609708852573,0.2564761685101836
2018-03-13,-0.792895798145733,-1.5117778712509113,-0.8318640791576419,-0.5480002659718674
2018-03-14,-0.5969606956551871,-0.143720364961228,-1.0805893744485924,-0.7711850230353391
2018-03-15,-0.25358026391352906,-0.2718988024797434,0.3315816456552673,-0.4731243388729908
2018-03-16,0.0675023696762452,-0.36522004050481144,0.3005155295140701,0.7340578566211368
2018-03-19,-1.4177278082776377,-2.2146436134341134,-1.3824363782028801,-0.7948395054978565
2018-03-20,0.04365363130082717,0.17202013107189545,0.3492789593603485,-0.4421329306043904
2018-03-21,-0.22049225805292136,-0.51580048067586,-0.16443333475258132,0.5713152161737431
2018-03-22,-2.628742809205117,-2.597989389721951,-3.0558949754709204,-2.2391021034037784
2018-03-23,-2.4081176857321824,-2.9447084664498746,-2.0467479072352237,-2.4894920918297703
2018-03-26,2.5446075437864697,3.4428677471595726,2.6913922866858204,2.0136224325397323
2018-03-27,-1.642438068606941,-3.2561000824382966,-1.2952813734211321,-1.4642225625451153
2018-03-28,-0.404326174085317,-1.24917076998243,-0.1714257120056064,0.28149501465973303
2018-03-29,1.2144245446238076,1.6980940031339118,1.045823298259008,0.7221010430254466
2018-04-02,-2.1852720419380502,-2.976303855445987,-1.9027943519706696,-2.0689301275847636
2018-04-03,1.1034720592920706,0.9520530284758353,1.4645820916818846,1.2066222593009743
2018-04-04,1.0967353112262384,1.544798234626352,1.047649545565082,1.280562041804046
2018-04-05,0.7552211208743606,0.5322509425054208,0.9741373177363998,0.8586168585974422
2018-04-06,-2.2534710011854253,-2.55293438365754,-2.3465536052960885,-1.7785174618311386
2018-04-09,0.27709487834358226,0.4846598071420388,-0.02084334106314889,-0.5442558213067034
2018-04-10,1.532823028165777,2.0745774861065702,1.752721299549994,1.8385479842379093
2018-04-11,-0.5274386473290177,-0.5972774574940558,-0.8573533493484538,0.15212626662689496
2018-04-12,0.6858080636291429,1.068258673530024,1.061410813998455,0.4178411760868954
2018-04-13,-0.2871897718436521,-0.5591703434066236,-0.4491724313448917,-0.2474289443338007
2018-04-16,0.7211415901677991,0.6649575656062647,0.7706012015977354,0.8114134249221647
2018-04-17,1.047161081423557,2.0684916583982,0.8756624196769823,0.649830593738635
2018-04-18,0.026370802216445263,0.14506388933396752,-0.17990330754278383,0.21527698767109896
2018-04-19,-0.6515863328522867,-1.0187783359077673,-0.42959748991494473,-0.41000808386276183
2018-04-20,-0.9301560693079556,-1.7035712489681012,-0.8791603047144382,-0.41988548601461256
2018-04-23,-0.11464105951071955,-0.38508548640828244,-0.1445722855800319,-0.004631395147859749
2018-04-24,-1.4156037803650545,-2.253107014971376,-1.78983073377326,-0.010353027663369756
2018-04-25,0.07130082322093992,-0.08926472124203391,0.06508456722683761,-0.2331727609252143
2018-04-26,0.9905410602201501,1.9780724803513474,0.989445722657358,0.3045471529465962
2018-04-27,0.052339045774929704,0.007961512989267915,-0.05143059268481126,-0.14636540031955084
2018-04-30,-0.8526403329657313,-0.7853443222493939,-0.6885317566399216,-1.0503758951741093
2018-05-01,0.06700800690924673,1.0087822688338814,-0.3508208402200397,0.2146342313727591
2018-05-02,-0.8065131900526203,-0.7344150616703881,-0.8313935289399962,0.23578120363381364
2018-05-03,-0.35715365080205774,-0.16303350430130037,-0.0959367280041574,-0.5935988364912986
2018-05-04,1.230809494247525,1.7910619515970434,1.358554247814496,1.2860866690564332
2018-05-07,0.32327059497449817,0.8056429078159918,0.4168785645388353,0.7325884375924215
2018-05-08,-0.07339431453564921,-0.16690298975646362,-0.03911036512244858,0.4477799630215632
2018-05-09,0.8918324175945673,0.9993909379932567,0.6919301033949138,0.5016155058969691
2018-05-10,0.9186911989851185,0.9781627788796907,0.7977937035972736,0.36931360125262386
2018-05-11,0.28576157526850193,-0.14020979006856685,0.3578872758391303,0.05437095664087291
2018-05-14,0.011615864230789037,0.11260169791370454,0.24687019357804282,-0.42037122163475116
2018-05-15,-0.744479316755202,-1.186997663226841,-0.8020567245846079,0.07002204637818046
2018-05-16,0.29271581080871806,0.5246214155875121,0.13813871561220342,0.7955682588098973
2018-05-17,-0.14599727261208165,-0.4959006740148817,-0.2584047624733693,0.6698352893274484
2018-05-18,-0.32935249736794237,-0.6291747840203598,-0.06823884440319417,-0.04070709884233617
2018-05-21,0.6965724657488775,0.4658428475298184,1.1734439740346934,0.9950717459838982
2018-05-22,-0.2692043954971598,-0.14694549526844702,-0.6653581409622623,-0.3639174760584184
2018-05-23,0.1595361022130497,0.7177489508275329,0.0897597656742752,-0.0039780243694026995
2018-05-24,-0.28355010701782707,-0.14018039379855796,-0.3509471954083969,-0.12264233329256657
2018-05-25,-0.34002658534521035,-0.009464577955324016,-0.3225929658537469,-0.351652081470662
2018-05-29,-1.2531778908483002,-0.5586312767791803,-1.6648268915297573,-0.3528070587825114
2018-05-30,1.1082796301005877,0.49653684038088763,1.0491757963477875,1.4266838675030387
2018-05-31,-0.5747056442839935,-0.09371181922330998,-0.9719465115723017,-0.8115763461497214
2018-06-01,0.8333615930891759,1.3923157060966307,0.7473320622103127,0.4244153147523451
2018-06-04,0.43861750959880624,0.8325221688788875,0.7182385588029415,0.6548561924833318
2018-06-05,0.020837445328637433,0.26073548534539115,-0.07396107774148242,0.3081943724140028
2018-06-06,0.7457618533635533,0.49288255774275447,1.3151267000553526,0.5654366149949506
2018-06-07,0.023830328366939574,-0.8131562555612649,0.4513662035707223,0.02676474484076688
2018-06-08,0.27629819492971336,-0.01954357336940767,0.29541906581936767,0.015111594907305854
2018-06-11,0.0952341181288141,0.2007576439215773,0.001656595796776985,-0.09601561679736523
2018-06-12,0.05460324798954763,0.4256149084692399,-0.0652452679970463,-0.198672210457979
2018-06-13,-0.4039765920207959,-0.10919157823641917,-0.5387252934044129,-0.6564014990008945
2018-06-14,0.14034856542778434,0.8833829652796586,-0.1991402403791016,0.11423616155743972
2018-06-15,-0.23869073162773302,-0.4778274491704432,-0.427623567882699,-0.15238912050500758
2018-06-18,-0.2896938016267723,-0.16853395239484528,-0.4935226927565489,0.45664537846477005
2018-06-19,-0.499925458285875,-0.4326735150355072,-1.2535056761332346,0.20289667202109174
2018-06-20,0.02227249835438383,0.5174029063218948,-0.33213978029346397,0.6241499604101138
2018-06-21,-0.7302576641961147,-1.0309151465882032,-0.8815943269326008,-0.75883267476043
2018-06-22,0.08348880211255556,-0.3548345572813006,0.38741543618509783,0.09684194327943407
2018-06-25,-1.3970333781225392,-2.3475316284837904,-1.3369076400766966,-1.1161796890287714
2018-06-26,0.09632293327366158,0.262318099235057,0.0020327717201973072,0.31799954645941697
2018-06-27,-0.9043383912949622,-1.4927583261566917,-0.7218786734032407,-1.3227199461391823
2018-06-28,0.4920510260098034,0.751299316753943,0.3374925839975378,-0.06963190515414902
2018-06-29,0.08942773751964353,0.1818477797026485,0.19992303027285632,-0.31398675036345197
2018-07-02,0.1518528273736974,0.5929176238368207,0.10566553708364673,0.5080607042747289
2018-07-03,-0.44789086843310466,-1.2639795582989584,-0.611893475038117,0.3047441018092466
2018-07-05,0.7310502919440218,1.1199552894441422,0.6634136205984894,1.0855430020874999
2018-07-06,0.8074188547651697,1.4533886819278088,0.40546915827144675,0.7341860791006806
2018-07-09,0.8321704235587287,0.8146649387201158,1.2410977139123498,0.712230270315749
2018-07-10,0.3717950156876404,0.06381318873661161,0.6195123473465041,-0.37342709903233984
2018-07-11,-0.7446416186542952,-0.5263041824998057,-0.8804380378681844,-0.925499602756805
2018-07-12,0.7576789836831413,1.5626534826523397,0.7745812152332574,-0.22249409408130147
2018-07-13,0.049031748886449185,0.027732990213964893,0.38640605954021434,-0.2649744156707049
2018-07-16,-0.1449678520366674,-0.2841511482963259,0.1492964183163288,-0.4587707821210992
2018-07-17,0.3493421682049096,0.5455953802265661,0.19525021129783915,-0.10975123566702115
2018-07-18,0.14878230927248717,-0.2672016587967492,0.2699841248521089,0.26147750928425295
2018-07-19,-0.42236212696601033,-0.5715739681270061,-0.5648071295879337,0.6697170153705941
2018-07-20,-0.23420781847123948,-0.1657479919460967,-0.13007964452587367,-0.4288237464279363
2018-07-23,0.1326994273396143,0.22046113487095825,-0.08454167994423176,0.15340707403925755
2018-07-24,0.41885484291598374,0.3090017460574625,0.7160453291383085,-0.6479344870482295
2018-07-25,0.8524862003747669,1.357668483265968,0.7073976032828675,-0.1936341373538158
2018-07-26,-0.28283065730317564,-1.5746672627669818,0.4144095191598236,0.6214053060310267
2018-07-27,-0.7079278645451677,-1.3969140700068365,-0.29860975605310225,-1.437009042649529
2018-07-30,-0.5570301226598464,-1.4931735635456398,-0.5805121011457758,-0.019552632731265437
2018-07-31,0.3963132856891334,0.5427564430663232,0.34538811055675056,0.5713860934248443
2018-08-01,-0.21352498817082174,0.3764689308175314,-0.33923394671362667,-0.1304242360522532
2018-08-02,0.4300534167599484,1.2277798192665508,-0.12420028044403955,0.3314120864511135
2018-08-03,0.32581868214218446,0.1857939207552115,0.4440588497231764,-0.24927503598601747
2018-08-06,0.34593914361449357,0.5345788043353636,0.14830444474186497,0.28757739534516985
2018-08-07,0.25103371509102435,0.271819507526285,0.4306915014886282,-0.02399273474204354
2018-08-08,-0.07818150200231194,0.05976866554929867,-0.1887289282510379,0.16986211523649275
2018-08-09,-0.23431669830747615,-0.1667747082429579,-0.37304691383618055,-0.00531148701269063
2018-08-10,-0.7647824758086004,-0.8873056115996237,-0.849910318185298,-0.5080630206140727
2018-08-13,-0.49082260841757286,-0.2551095384760337,-0.5992596117701109,-0.5363050287403885
2018-08-14,0.5285007292653222,0.48626162670406575,0.3600433451143199,0.8706977773927372
2018-08-15,-0.8000902530839913,-1.3141265615398787,-0.5783864091288036,-1.1346238265831645
2018-08-16,0.7340262035226579,0.22638114487243263,1.5002589900251107,0.8031299683539065
2018-08-17,0.3878615326676038,0.028690553850182137,0.5261947745036398,0.5635120864456671
2018-08-20,0.17954509255037,-0.12725147413379004,0.32735893877457733,0.23088117614799036
2018-08-21,0.19839078949406458,0.3004906850281606,0.22954228788634476,1.0787115827752054
2018-08-22,-0.13705557547746738,0.29063608849669403,-0.39362867898726067,0.012165874530767756
2018-08-23,-0.2305877638877294,-0.265431432659198,-0.3856041807992194,-0.53990149643959
2018-08-24,0.5207640174069585,0.8146778144499189,0.4473027357800421,0.24066996342184396
2018-08-27,0.7353551905883304,0.9347516248109259,0.9734696869030465,-0.08856675013793353
2018-08-28,0.04367670381540478,0.12638514149298763,0.07630110799281418,-0.10115410157526948
2018-08-29,0.4543017880749681,1.070333548211621,0.16672142161497755,0.012415188934779414
2018-08-30,-0.480004002810807,-0.2702391859987665,-0.5868512323456321,-0.25747968091793594
2018-08-31,-0.11927815021143034,-0.003332880167011054,-0.19404219875367537,0.055850993497361195
2018-09-04,-0.25352518212683134,-0.5390165620463936,-0.10733382918830936,-0.6135580506177162
2018-09-05,-0.3218847868047535,-1.3815655993506075,0.05114604328424187,-0.00424547324791235
2018-09-06,-0.33975432000564443,-0.9660054589405982,0.06415377771046547,-0.5904968941461131
2018-09-07,-0.22757281371625712,-0.4559184772558399,-0.3103158257287814,-0.3544374988344711
2018-09-10,0.08861991973053979,0.22878790209422029,-0.29965431660629854,-0.10308460324908057
2018-09-11,0.23926480324981447,0.641567781752739,0.3559796697342139,-0.07385493360547332
2018-09-12,-0.031678608773649274,-0.3787126482745705,0.0818168763286142,-0.2060562145536362
2018-09-13,0.5366980815226067,0.9987264509377741,0.5248516622082827,-0.14446210605042017
2018-09-14,-0.026793976747072325,-0.35980090888053035,0.015415453029935248,0.4118924221329348
2018-09-17,-0.6071386516181007,-1.5347124874013776,-0.4170894759014534,-0.6181396089470419
2018-09-18,0.49224691831148204,0.7320397765690153,0.6663582032348003,0.02235416464467871
2018-09-19,0.07756211189427224,-0.14138996062501508,0.6126652720810685,-0.1251200603115955
2018-09-20,0.7773357209319801,1.0695134084992843,0.9520206939007223,0.9398933390164373
2018-09-21,-0.12339996365197278,-0.5833830732568677,0.32798738137525657,-0.35633090417841207
2018-09-24,-0.3569951755720887,0.2422101772211491,-0.6844646736911455,-0.7732565936566254
2018-09-25,-0.227037978015149,-0.004353797016387023,-0.3826310436307758,-0.19348862090235364
2018-09-26,-0.40351834982452117,-0.0546906940500799,-0.4894320416445563,-1.1088932116034786
2018-09-27,0.18451752389535014,0.7260493236958044,0.1287967297340933,-0.14043410557859515
2018-09-28,-0.0755035284615345,-0.11679383081310232,0.01352660320763184,0.31505256928602743
2018-10-01,0.26826966764463567,0.11695331380455985,0.6697392830762778,-1.299387972641099
2018-10-02,-0.03918005106301052,-0.2387646364668884,0.5027680048683844,-0.4872203522248332
2018-10-03,0.0010767032338954083,0.06675205513271801,0.1904691394500592,0.7616290234301998
2018-10-04,-0.8707918297501595,-2.0210833248860336,-0.8015754002101017,-0.9992803167218409
2018-10-05,-0.616723128725171,-1.3257172163286914,-0.7420411030937528,-0.7093274657960406
2018-10-08,-0.08758459953519725,-0.7560622091271587,0.072540165315016,0.323199401942421
2018-10-09,-0.19380922933419503,0.22540154218195776,-0.23521214513244593,-0.12259390681778742
2018-10-10,-3.31453186621178,-4.619064992687819,-3.2688961354207033,-2.3648156986660065
2018-10-11,-2.4650632935387593,-1.4976490331692134,-2.399207828563112,-2.5175484879887278
2018-10-12,1.1488037073005009,2.4701481653347246,0.9729482540871066,-0.7338615762999019
2018-10-15,-0.5805055232771579,-1.2526227302347988,-0.3285451129725692,0.6573887939310562
2018-10-16,2.0395960649624434,2.769807092591644,2.037985433278128,1.93699909099433
2018-10-17,0.07304586599809942,0.043454880419835244,-0.26073060078422494,-0.15426510264355905
2018-10-18,-1.5410178646382073,-2.4319991791931024,-1.3870011472762132,-1.944688216312065
2018-10-19,-0.16632152527088537,-0.2409154343979671,0.14898653360877734,-0.7566078377560498
2018-10-22,-0.49932022128675174,0.42598542770182585,-0.5033850254876061,-0.58596158774306
2018-10-23,-0.6591181458154517,-0.5036687698057765,-0.6107981403572689,-0.9998013710620384
2018-10-24,-3.179521913086508,-4.792796505835898,-2.5246664275989263,-3.433279333531409
2018-10-25,1.6182510731156963,3.2254009875837917,1.4732244410423934,1.737852931887721
2018-10-26,-1.8211769022558568,-2.688314978567923,-1.1584293167654403,-0.971024078048782
2018-10-29,-0.6794925442382809,-2.1815926217081167,-1.1114056733933635,0.10477097501330568
2018-10-30,1.3917329693401934,1.4914313869652318,1.661080257025478,1.7444015076448485
2018-10-31,1.1016367314207594,2.277643950449808,1.0515896129724844,-0.0750053887404675
2018-11-01,1.0292948204292216,1.287123976651933,1.0400121511711915,1.4071606607067875
2018-11-02,-0.6376973471182955,-1.5988235952891163,-0.45629019375536006,0.34916377423246253
2018-11-05,0.47805286286561927,-0.34279222503294676,0.6830514764514461,0.4719628248445548
2018-11-06,0.6550150275438478,0.7122773891391744,0.7224514775076895,0.5317977810291794
2018-11-07,2.087787566727852,3.030214404826652,2.096972808601545,1.148026983088012
2018-11-08,-0.14304534169762317,-0.6178531998975325,0.11220095207455341,-0.19783654429391265
2018-11-09,-1.0441314670215633,-1.745446213670574,-0.833283616703005,-1.426365604569867
2018-11-12,-1.9716358026633296,-3.184716693760717,-2.414930978093259,-1.4667899536765576
2018-11-13,-0.3746537125264263,-0.1450231484603851,-0.5983945401285901,-0.4145382303824041
2018-11-14,-0.7834904976475734,-0.9428114166125462,-0.883495256866668,-0.785042788061159
2018-11-15,0.9209085689508496,1.5911609171964682,0.7224586442761145,0.9965295988853898
2018-11-16,0.20996921783265143,-0.4347587217841776,0.4719229296968382,0.21352244700686282
2018-11-19,-1.7188107804498802,-3.3364091458030747,-1.574249979714835,-1.070410228234274
2018-11-20,-1.9876468907529592,-1.9580288827051076,-2.3543959441362814,-2.082575191031443
2018-11-21,0.13846260823948287,0.4999767508116791,-0.189805168479898,0.8599400524242341
2018-11-23,-0.7742348595189684,-0.8779102013438763,-0.8042633694394395,-0.23415895990328187
2018-11-26,1.4902877399798609,2.1445487409409445,1.3475242088557884,0.8541710080534003
2018-11-27,0.34926646880139484,0.3074033043395175,0.48242495656199136,-0.5559281288294438
2018-11-28,2.2427819140198735,3.132447041210514,2.437659639355981,1.7599899841330302
2018-11-29,-0.17838271558079066,-0.29416948666780357,-0.019305275562099863,-0.3118573224307096
2018-11-30,0.5315312845919157,0.6698134610508379,0.7097089061354838,0.27673095326156005
2018-12-03,1.2906902440454935,1.6849657424246967,1.1297929364248875,0.6244247806074491
2018-12-04,-3.3007257275275985,-3.9341136179927556,-3.137865549735213,-4.076600817707756
2018-12-06,-0.38793998235807325,0.4776419379831469,-0.5623543238657129,-0.6816095467460813
2018-12-07,-2.4874955927425453,-3.526075906857589,-2.34198377458436,-1.5200484159415513
2018-12-10,-0.004976032740872327,0.8398534540955024,-0.04942597046811323,-1.016057194219795
2018-12-11,-0.03916932125030582,0.21112372787008188,-0.23170887213700742,-0.10862109494666047
2018-12-12,0.3911990206353853,0.7699025022806388,0.5446014968379065,0.5932351256534892
2018-12-13,-0.08596932213625993,-0.042226505040430545,0.2689466718210194,-1.2651455900966768
2018-12-14,-1.8905098065905226,-2.5004754068461494,-2.0454426667685808,-1.448171358450934
2018-12-17,-2.1863096146504266,-2.489050825982013,-2.330241012715102,-2.2118876928961844
2018-12-18,-0.2949194190411658,0.38979674067067877,0.1828063450111695,-0.4315243961276084
2018-12-19,-1.5845707278260122,-2.592557835103836,-1.5019313802707586,-2.086201447269402
2018-12-20,-1.7598134514939734,-1.5766467946412568,-2.1339012171184955,-1.42649403816138
2018-12-21,-2.2923206114902412,-3.4025495353061572,-2.0285574673015394,-2.3606121565271083
2018-12-24,-2.812818315709675,-2.6969865776006365,-3.071038807166979,-2.416005687419908
2018-12-26,4.656248834914733,5.758455487811903,4.618493636932438,3.8447477749403536
2018-12-27,0.9731783976981514,0.5136651892543932,1.40689217766226,0.45320193290610145
2018-12-28,-0.11042534947703406,-0.0016224531861447067,-0.327300577632097,0.36920385220539537
2018-12-31,0.7544402003530385,0.7212138236729502,1.0375550146858308,0.39426793180398556
2019-01-02,0.12325091200127358,0.37692809873185584,0.13036415154779246,0.8572947952794487
2019-01-03,-2.512608203778262,-3.41518598640659,-2.942100501384,-1.2211738239196368
2019-01-04,3.065949651961731,3.936825824295975,2.9904967912747966,3.16876031769675
2019-01-07,0.9000095023515984,1.1954086359657785,0.594465570416028,1.3502357380247842
2019-01-08,0.8724762224464377,0.8498008046973099,1.002919429445093,1.4455180042649265
2019-01-09,0.4584169117583145,0.7715527482912248,0.4000940771137985,0.8062568241941304
2019-01-10,0.2959440603718868,0.21361370218396328,0.47256400979791646,0.33431396548465486
2019-01-11,0.007681995346076189,-0.419594737509483,-0.0347284183937443,0.07214139079749984
2019-01-14,-0.6691768461770016,-0.9687214944062551,-0.40979257040334965,-0.787580507170713
2019-01-15,1.060530850589644,1.824890507228048,0.5949905360337757,0.4666759607976968
2019-01-16,0.18887918634819464,-0.09753298303438593,0.5515072465990007,0.8365957870508196
2019-01-17,0.7109830072654477,0.7282011139172749,0.6516034070999359,0.7161411142099616
2019-01-18,1.3020874520199128,0.9378719264589701,1.365294394885256,0.941746683164469
2019-01-22,-1.3235027555646481,-2.024478747415385,-1.182591812203498,-1.4026373997810915
2019-01-23,0.08420970948458639,-0.006832086960909478,0.5743394708375852,-0.30869258572819924
2019-01-24,0.033223843392442734,0.5879826360110255,-0.057513407474589884,0.5731174328217223
2019-01-25,0.7251272610815874,1.079950252923926,0.6568099630181787,0.9949656309712079
2019-01-28,-0.7976674153587524,-1.3030843685120428,-0.8611643792839572,-0.24285177652418208
2019-01-29,-0.24234797453523288,-1.0772560841394536,0.10007684031961898,-0.13254319782150226
2019-01-30,1.5509944118889065,2.4371836085233523,1.7611211862494005,0.8431878955613639
2019-01-31,0.8915332326158472,1.4798185316825045,0.005076378649507662,0.5273637717108703
2019-02-01,-0.05476631749664526,-0.5155147053316214,0.12800073060599051,-0.05307248230388087
2019-02-04,0.661073849334376,1.1508356246484805,0.6702432263302559,0.9486843369138758
2019-02-05,0.3646170992440967,0.8077353764086107,0.6603166149566361,0.10855419350628606
2019-02-06,-0.1677089742757677,-0.33912047215807695,-0.08769715366545242,-0.21420818369203315
2019-02-07,-1.0311762731474996,-1.4253750140903156,-0.9320191608031457,-0.4697225308267612
2019-02-08,-0.0008354096270665745,0.05250488942774914,-0.354768016468185,-0.3043193129999662
2019-02-11,-0.01902236964977143,-0.21663978387317567,-0.2770964432358294,0.6909898664860382
2019-02-12,1.1813943383433299,1.3351633450088822,1.3888757921524597,0.7721611252592033
2019-02-13,0.35872657717021955,0.05484083196058036,0.5263079581908383,0.4989433482880959
2019-02-14,-0.2626707553741678,0.07983405320859904,-0.43505047977490097,-0.07468119863143308
2019-02-15,0.9710002178501906,0.2917366471733487,1.6331813287683783,1.390298073847961
2019-02-19,0.23157574898473865,0.2169394908173176,0.13289222749374566,0.5890617368584424
2019-02-20,0.13132701134805005,-0.09551409748884326,0.1811418819027516,0.6108720845525146
2019-02-21,-0.4078042594263474,-0.45182549840646546,-0.43358690653984605,-0.38294079082715465
2019-02-22,0.5311440326769481,0.6227427185670241,0.6253277370423309,0.5507478936307744
2019-02-25,0.1033971275109713,0.30126360141461506,0.22877950569193797,-0.26778626917028353
2019-02-26,-0.12855714406472804,0.03609702796424634,-0.16646622723349438,-0.8760267520632546
2019-02-27,-0.12050393467614522,-0.1507244725746057,-0.34219775293643007,-0.12025190874680466
2019-02-28,-0.2867596422531395,-0.34888033171223504,-0.3555945866636506,-0.5434348698756748
2019-03-01,0.5428743675606476,0.5759853558638867,0.3586536182763597,0.4681790101861609
2019-03-04,-0.41375302454091323,-0.06513947802952266,-0.8310291360123975,-0.49560053658309305
2019-03-05,-0.2701227720743191,-0.08014783675489565,-0.18447565462749263,-0.6795246217625133
2019-03-06,-0.6822563652120083,-0.6743160978665519,-0.5650567936237868,-1.9178376705403464
2019-03-07,-0.9259327512841639,-1.3310441811737324,-0.851633029857394,-1.242070687042739
2019-03-08,-0.32039447807855337,-0.2816521568557705,-0.18971407675924457,-0.24283476920197145
2019-03-11,1.3533488308740564,1.9449010489701681,0.7344625488180258,1.4884289515463507
2019-03-12,0.3290028574799312,0.46960728779191496,-0.4163537285233624,-0.018651390237935585
2019-03-13,0.5715694454104489,0.6204956984250518,0.4617776788713518,0.25420154822604013
2019-03-14,-0.09978107835806915,-0.2538837986691269,0.006156510280985478,-0.42415055330989115
2019-03-15,0.4305986475387408,0.8438090338460542,0.4915384846124577,0.10985608508337434
2019-03-18,0.30801628888770116,0.16873208555371705,0.2296852894694525,0.6385231143325375
2019-03-19,-0.03703452788230059,0.2615228407614761,-0.15375612825954618,-0.9836581466408393
2019-03-20,-0.3652081845931154,0.30118108905125135,-0.603011916994759,-0.9788999832454494
2019-03-21,0.9874337206042154,1.4128675416801308,0.7219850343094487,0.7410689690093605
2019-03-22,-1.9844192602187758,-2.2845869247996675,-1.8104981825945488,-3.380520005604745
2019-03-25,-0.21904129684613366,-0.3418767272347456,-0.08958744610590796,0.1991787170524274
2019-03-26,0.6440521142020353,0.34690689554120147,0.5015406688593173,1.1833361515417302
2019-03-27,-0.5531028877611994,-0.7116246909561503,-0.1436908069033323,0.09285937951100322
2019-03-28,0.30214637133184613,0.12784091646344434,0.3128286441783705,0.6859987033816265
2019-03-29,0.5869964469649842,0.6867875530455965,0.7988936919874194,0.002217577314996954
2019-04-01,1.173168125235623,1.2798532032400438,1.282489935593592,1.3103537245140622
2019-04-02,0.03812624608019692,0.36016422546371096,-0.28630982825684204,-0.4493753995333096
2019-04-03,0.06743350338931645,0.4719335353822238,0.054880556775266875,0.12159649783924183
2019-04-04,0.17845671931949272,-0.14393908962509472,0.5748593726999338,0.8667591330329046
2019-04-05,0.4509003093395716,0.4675997268538095,0.1546007772465102,1.0094139544632694
2019-04-08,0.013292292653577634,0.1650102132227766,-0.37493485838068125,-0.14395399656099145
2019-04-09,-0.5976548570931178,-0.4769732267615342,-0.811920432416769,-1.3271525252564118
2019-04-10,0.2313953658495681,0.39484476695216913,-0.0778160494119325,1.167813190534747
2019-04-11,-0.1368649983695892,-0.3711322989454721,-0.14064301044409677,-0.07749490729276703
2019-04-12,0.6248421495317337,0.33759766386285694,0.9830324945852073,0.5359978274955403
2019-04-15,-0.05957598263906015,-0.012111016789300426,-0.065164587260261,-0.49997830675376026
2019-04-16,-0.008344679010719114,0.2625451551404976,0.19523662674757464,0.37328695278578605
2019-04-17,-0.32698500575348444,0.2556114728359893,-0.05491345766767894,-0.42716333819517155
2019-04-18,0.11043757157716202,0.04169907950689561,0.3667137982457109,-0.4585062428691279
2019-04-22,0.05310511124272269,0.24295945715276246,-0.18922825739451596,-0.8383243874199674
2019-04-23,0.8129183192758405,1.169838055242477,0.47079041260619886,1.3346570074602182
2019-04-24,-0.2994049082999045,-0.41617589273603683,-0.2817886405265383,0.19050591555943105
2019-04-25,-0.1411227668728634,0.2972268652927825,-0.5785907286035599,-1.1060226302418215
2019-04-26,0.3720400549104711,-0.03672242582190549,0.21573449148270912,0.7692760845843543
2019-04-29,0.09590490274811359,0.1004615234961187,-0.007431193215415667,0.4328118534475761
2019-04-30,-0.018102955147423397,-0.885099595805806,0.0891948573904929,-0.31757537672228275
2019-05-01,-0.770541356229772,-0.38336086258744434,-0.6260985307978247,-0.7766387872108825
2019-05-02,-0.3476645226743711,-0.5808452796201344,-0.5599400160698395,0.11598496770269798
2019-05-03,0.8716569732218012,1.4598457370936715,0.6565942268973959,1.7986896769087353
2019-05-06,-0.4709328003063406,-0.7139117747315148,-0.2798798069545574,0.06290793615036064
2019-05-07,-1.755748469493414,-2.0593783487870283,-1.8662176851024697,-1.7324833836794769
2019-05-08,-0.30414838290617946,-0.4396908298468803,-0.1494539216659569,-0.7818807121797442
2019-05-09,-0.3606381975619637,-0.6438856028085413,-0.5577266465550376,-0.3124993445985349
2019-05-10,0.3969722563842786,0.00044087677953205673,0.34356521801986023,0.364534356557584
2019-05-13,-2.572667889706733,-3.6103843222432994,-2.4219044218066297,-2.8735390807427805
2019-05-14,0.7256957061853717,0.892988312831161,0.6353178813792532,0.9402432200947298
2019-05-15,0.5428961259481581,1.3053475030741282,0.4614791885075641,0.10795650458683664
2019-05-16,0.8622543944921527,0.9271010732759599,0.7921961781415694,0.411941430902107
2019-05-17,-0.6687045412306132,-1.0603567980709854,-0.39130720277373227,-1.3575118633536112
2019-05-20,-0.7355449690503963,-1.7878162497302004,-0.3866646411105876,-0.7862643117650341
2019-05-21,0.8350478867933205,0.9514395396628239,0.7268197742423532,0.9260924041311278
2019-05-22,-0.3401521512946392,-0.5192137071889062,-0.39421373475629784,-1.0822896172066512
2019-05-23,-1.3001586815607402,-1.6369737179588064,-1.187988204647735,-1.9886861425726754
2019-05-24,0.09955284655414587,-0.19642089031527546,0.2632384710211406,0.5833453426078794
2019-05-28,-0.9944085605835544,-0.4662504016517267,-0.9548609553798191,-1.026897330226527
2019-05-29,-0.8146899843779567,-0.9769070943699308,-0.9937533447150931,-0.7180058981318264
2019-05-30,0.14955148737901436,0.2764495811426445,0.06282020430533287,-0.7016414266483304
2019-05-31,-1.403424686395574,-1.6991770892025362,-1.4476803192926684,-1.3101713283324647
2019-06-03,-0.4199084727734518,-2.3978236909589477,-0.13668878485438204,0.5976316702901422
2019-06-04,2.1344733768359365,2.6966154599215715,2.044240238093225,2.3114523895307593
2019-06-05,0.908282159665778,0.7170335006440015,0.8984899855238325,-0.2236652398505444
2019-06-06,0.6618887635792107,0.7898168532733871,0.7093897778189077,-0.024966347731561783
2019-06-07,0.9575988707687093,1.8633584933897371,1.0000874493273837,0.1649068812668437
2019-06-10,0.4192286168779891,1.1192769484465135,0.2962932018577427,0.434463744797412
2019-06-11,-0.1161590730127065,0.060693691126907756,-0.12748015997379067,-0.11437074528727492
2019-06-12,-0.25616064339682726,-0.6705910336898357,-0.2318017750533386,-0.22734580559017373
2019-06-13,0.34648776296249917,0.49758868869836315,0.33798257622260985,0.8966792467611082
2019-06-14,-0.17532905158299178,-0.5211598309593818,-0.10099160303982446,-0.6471598547778257
2019-06-17,-0.004597602605168262,0.527864838335845,0.051756888077642726,0.02805129588138342
2019-06-18,0.9447655672237012,1.3339966694119607,1.2826519551004074,1.045089445516832
2019-06-19,0.22046343901576584,0.36108565807983983,0.18322653373443282,0.320743883774829
2019-06-20,0.8835653314832739,0.8605239439562961,0.878208596648591,0.362676221779737
2019-06-21,-0.1451806510816573,-0.1811737747354851,-0.11163214502468338,-0.6066145688015264
2019-06-24,-0.19917930039856813,-0.08513142791344534,-0.03426793109214889,-1.4831419911107928
2019-06-25,-1.0417678259241638,-1.8053871715346517,-0.7053380517410806,-0.3690985011084188
2019-06-26,-0.2188694711834835,0.3447502677102256,-0.13442273882450978,-0.3844992468179216
2019-06-27,0.2711102280700055,0.26919838544434693,-0.08108962732378984,1.5656394538144505
2019-06-28,0.4103374954883694,0.011871353558525588,0.1844108566265258,1.1103296406558834
2019-07-01,0.8739546207342739,1.248932865420999,0.4102867926563376,0.442685631182907
2019-07-02,0.22186405395056633,0.3064825415383346,0.2203819223573408,-0.7506095552081247
2019-07-03,0.7502877829839926,0.6796387994403859,0.6302229126602195,0.5584905318884953
2019-07-05,-0.1543088684623584,-0.26188247599258785,-0.18842459498570632,0.4963682142880268
2019-07-08,-0.6437604280328572,-0.8168824135367285,-0.5107622505179701,-1.0413396722765103
2019-07-09,0.05277714464358779,0.3939672837645578,-0.13899191094207236,-0.1448467911962442
2019-07-10,0.3824952709084962,0.8783198903771198,0.214654163109129,-0.03756646765541524
2019-07-11,0.16620152715357084,-0.1610555897520468,0.7946827276408059,-0.6333631768562558
2019-07-12,0.45117549704599935,0.5645813194953316,0.9347924045098677,0.8382270357139934
2019-07-15,-0.010115922748288313,0.28866880756306024,0.10502662390114417,-0.9549383078490425
2019-07-16,-0.3973042633796444,-0.569955745356346,-0.11976590881853716,0.19650916186264136
2019-07-17,-0.7572479126274151,-0.5900383153050437,-0.48807595139532745,-1.1086606885861499
2019-07-18,0.2777147278113581,0.0110023666331997,-0.0446224570933144,0.10423260149003546
2019-07-19,-0.6204374594584252,-0.8243654567499945,-0.31130149647617195,-0.3346350716972362
2019-07-22,0.15787891037434595,0.6754539325246297,0.006782400118874793,-0.4175433095461988
2019-07-23,0.6394665704698853,0.5598276975963095,0.6005885420208098,0.9416753213501412
2019-07-24,0.425749988512584,0.637372965002961,-0.3152489941985495,1.614721700677494
2019-07-25,-0.5956858861984673,-1.1000382881125845,-0.6002014151217072,-1.2508382843862818
2019-07-26,0.622811133908699,0.9135424746277125,0.140565415132524,1.0909215642223997
2019-07-29,-0.2764673825382016,-0.4693116637282445,0.028765458389808388,-0.7248355680922328
2019-07-30,-0.28507994678745446,-0.5064289386925659,-0.10676299340582461,1.1557701784555343
2019-07-31,-1.20682618445838,-1.504618063692561,-1.3051617693384776,-0.8886150408151214
2019-08-01,-0.9937472068955281,-0.6532487784269525,-1.1650931735127705,-2.141285398644373
2019-08-02,-0.878228563182667,-1.6442977580202593,-0.47536806098260653,-1.0885899041596117
2019-08-05,-3.1349388464800345,-3.6973861118808538,-2.989826437154163,-3.0408442563268308
2019-08-06,1.1523471473010924,1.1429606656301587,0.9822035395928721,0.41923963409738346
2019-08-07,0.07663422828417678,0.485741011795048,-0.03099459227866677,-0.0480637773464284
2019-08-08,1.841515229874805,2.0453888208547366,1.326849445813023,1.9953655725877597
2019-08-09,-0.6811175861652702,-0.9794024268513202,-0.33785240239580666,-1.3021473539481616
2019-08-12,-1.2865628883833986,-1.2398379328936664,-1.5491592750991707,-1.2808461208143334
2019-08-13,1.363356188893642,1.9830413727870284,1.3001129586609834,0.6268027518104471
2019-08-14,-2.99081300848832,-3.071631331800134,-3.0453480285523638,-2.873253818327063
2019-08-15,-0.010305581539467756,-0.36085632567030473,0.11259762322033223,-0.7252497794729664
2019-08-16,1.4451325291316859,1.511266765856902,1.2129530646756415,2.265633946930548
2019-08-19,1.1691575678120305,1.5231972152791786,0.9513094344503346,1.2066920933340384
2019-08-20,-0.7810800867114547,-0.825256358216862,-0.6738753312824036,-0.8033987588432503
2019-08-21,0.7017453488530424,0.7658730415066235,0.82333431020416,0.6550090336608035
2019-08-22,-0.048346682865152216,-0.3705204858773726,0.20648407186970283,-0.056443050812373906
2019-08-23,-2.6492060085475995,-3.275654981827204,-2.4326506179702982,-3.272352327262947
2019-08-26,0.91488456110631,1.3056690386536498,0.8711119279522805,0.8770700942319071
2019-08-27,-0.427973363795122,-0.2886196452724802,-0.44848381525214975,-1.636258298757359
2019-08-28,0.6215063776233392,0.26816965363533063,0.9165256552239546,1.135558376218351
2019-08-29,1.241401110186613,1.4720010716522676,1.2569283924167995,1.8760970521345437
2019-08-30,-0.05140163649272557,-0.2700293257255476,0.17259520162622996,-0.15421314866892735
2019-09-03,-0.6249889324377655,-1.032426088050885,-1.1142142201209628,-1.2717858623993692
2019-09-04,1.015994005261819,1.2916138172331357,0.7774686422562752,0.7851245424253148
2019-09-05,1.2447891645493003,1.72828579286286,1.3964852473972236,2.055798166886723
2019-09-06,0.05455926969587663,-0.13406031939080887,0.27072634688790376,-0.2323303940232872
2019-09-09,0.02338089936250668,-0.24672841230835477,0.1229666395650558,2.2161357324410864
2019-09-10,-0.12611747129460332,-0.4017707947093555,0.20712694236461854,1.617959043217805
2019-09-11,0.6666229018831515,0.8490118870616116,0.83286798312592,2.0527872771826865
2019-09-12,0.31970998873200396,0.3573103403354021,0.17682555219881196,0.22376054787016994
2019-09-13,-0.1046645250078091,-0.42362275080131195,0.09958037086454405,0.30769846627851205
2019-09-16,-0.3708602343138259,-0.5334541774219053,-0.5635458777267361,0.39823092101712226
2019-09-17,0.14466276719375692,0.34496156914952303,0.028815027493345524,-0.7978500147267658
2019-09-18,0.020880201941386477,-0.1292455441871893,0.10760690452299387,-0.6904867170691179
2019-09-19,-0.06580186662202867,0.09196796344654415,-0.2346311930632889,-0.6522776778693133
2019-09-20,-0.5647205286990014,-1.1693165702310055,-0.6688461151015275,-0.34934224385872115
2019-09-23,-0.12135340463554875,-0.08267639529747503,-0.03748072715368146,0.24100069906452998
2019-09-24,-0.861233266769065,-1.4517184327320325,-0.5706651156258524,-1.250360853995696
2019-09-25,0.5224255718585946,1.0241876128893126,0.5542618015103885,1.263445070546391
2019-09-26,-0.28648853384787365,-0.4637897480687313,-0.326539517038217,-1.0276595669907314
2019-09-27,-0.5944283717248491,-1.3254327417395146,-0.31992029165411606,-0.4391394738502692
2019-09-30,0.3874075770688892,0.8460155953247399,0.30804549902929973,-0.2777166349033924
2019-10-01,-1.249597920198701,-0.9021693811647078,-1.3109405601992614,-1.819586859680942
2019-10-02,-1.9464205637142178,-1.8931111116476365,-2.0293645101423103,-1.19404929199956
2019-10-03,0.5992179450839381,0.8689569871804538,0.27980627706131556,-0.08583553033780067
2019-10-04,1.317813171675013,1.3768830781349277,1.4049477207832985,1.0268703742767251
2019-10-07,-0.4229650773888214,-0.3195584897750709,-0.3304346266313016,-0.09209393106990349
2019-10-08,-1.6301313292972586,-1.6159691699335987,-1.2872104554768098,-1.7130880296526696
2019-10-09,0.761116822035433,0.8235487012178562,0.5873237668285773,0.23892048371080032
2019-10-10,0.6511940696424395,0.7159023343653996,0.5713791455468276,0.5155451001717211
2019-10-11,0.9875814934025654,1.2133379399869044,1.16781058410208,1.535448828096717
2019-10-14,-0.13075172274295915,-0.04836780044513012,-0.09516886524222247,-0.3775974652708347
2019-10-15,0.9192150061621668,1.188340899814545,0.8249715972031555,0.8667474805847992
2019-10-16,-0.19128759662550118,-0.3030262829753543,-0.09079668411308131,0.23863175178349721
2019-10-17,0.21349362620314422,0.17100674698593432,0.02244366759909125,0.8985544623036288
2019-10-18,-0.510277801177806,-1.0687533084427836,-1.0069810541332893,-0.11423548384877807
2019-10-21,0.5713642483442734,0.7297301097612896,0.09234943749731668,0.878650608696826
2019-10-22,-0.39188681103451406,-0.9314132638014229,-0.20265511667144537,0.4468914094373091
2019-10-23,0.21951361624008386,0.08568462173710459,0.11591528786848035,0.36350122647560373
2019-10-24,0.11709876802582764,0.8801682160279809,-0.13668315109672616,-0.5576941498429935
2019-10-25,0.3163398735210286,0.6810806088097511,0.49074228501371686,0.46623290985283394
2019-10-28,0.49684208439008826,0.9124127656863306,0.4610454438157084,0.6246016199689389
2019-10-29,-0.08661221424796209,-0.8412305042784369,-0.10642394000147687,0.3165469391925464
2019-10-30,0.25526297684056926,0.404499537147997,0.3737511446780976,-0.5979031027242337
2019-10-31,-0.29369882359769156,-0.025016161169353,-0.5201425762194888,-0.6293492863234448
2019-11-01,0.7990575584832681,0.780837049854128,0.9953700186423375,1.4540362305811672
2019-11-04,0.380234791148828,0.5669305304643071,0.43557561586031707,1.006268317848135
2019-11-05,-0.16396424826140665,-0.012960957660715894,0.07719848682562988,0.08239685033666083
2019-11-06,-0.0421290881566551,-0.30476302828706925,-0.03674873267621743,-0.599268343788202
2019-11-07,0.30482388814682726,0.2664893676172911,0.6247917055768571,0.22365550241694476
2019-11-08,0.20894070125794156,0.34022600800306024,0.022889157813878562,0.023237875946410587
2019-11-11,-0.2647745180365905,-0.2190443886113738,-0.027180256587418114,-0.43019029946356635
2019-11-12,0.14088990710821475,0.19819337960004713,-0.04165842713411373,-0.1345626142571882
2019-11-13,-0.039242000348724715,-0.06438798929857571,0.27295269051240495,-0.7133284002068945
2019-11-14,0.10553669707222807,-0.143388919667104,-0.01755830035651934,-0.0028476508436080586
2019-11-15,0.648689736111442,0.6481429233041394,0.7375672862109192,0.11087412855248284
2019-11-18,0.06182599160073594,0.02926472359514877,0.12177332413543186,-0.4171111074840442
2019-11-19,-0.09100649912032463,0.07502112919266087,-0.4129338791377857,-0.002221916356329387
2019-11-20,-0.4837099200843922,-0.7295446797213353,-0.5068886965676858,-0.5454213019341647
2019-11-21,-0.24386019085370308,-0.3424740360166333,-0.2681653730342416,-0.5884019125710866
2019-11-22,0.14779887723946303,-0.042468023957996676,0.3369270472126314,0.1370469212689207
2019-11-25,0.7260156302609629,1.105890701022822,0.6644948558659054,1.8062450091472495
2019-11-26,0.1591791944101868,0.10932407904190693,0.1604728684710865,-0.2339810816972707
2019-11-27,0.4154351088160275,0.6364386580234634,0.12508676641587066,0.6526720831207034
2019-11-29,-0.45439193696331354,-0.5609539889884579,-0.4703168818822082,-0.8009483333883755
2019-12-02,-0.9337658332941308,-1.139252891177911,-1.0336704169249602,-0.8863492670320221
2019-12-03,-0.8035747897117427,-0.9393925054727593,-1.1301894760856541,-0.6460954270789485
2019-12-04,0.48242563404555483,0.33400955725813897,0.4090995770677549,0.6412968807316042
2019-12-05,0.14648836496241782,0.11081866317534615,0.08990569476595811,0.18082054503956652
2019-12-06,0.8472536808613198,0.9746479550177696,1.1606325177132273,1.2340989666017523
2019-12-09,-0.32416977618266213,-0.48786908012311403,-0.3462620700569789,-0.06528747614024315
2019-12-10,-0.1986426929924365,-0.1766383335596014,-0.1813701151770607,0.07208000088443679
2019-12-11,0.20325588968715,0.41728790123980214,0.05057645134338012,-0.04595812784376396
2019-12-12,0.7943075346816784,0.6518655563218816,0.7390422187323147,1.0638714065491832
2019-12-13,0.03337805050647845,0.27252659338921914,0.0013924199135688254,-0.6365285012294245
2019-12-16,0.6232440749485341,0.9142583690817965,0.3056085302393974,0.6410073318414923
2019-12-17,-0.051089160071128695,-0.0324538100921135,0.051329441012440954,0.6392870573208883
2019-12-18,-0.07135468323019575,-0.02282362411345043,-0.15412245428695637,0.39523039627056367
2019-12-19,0.3316642108208046,0.5198539060320148,0.42554908501792815,0.2148598780716856
2019-12-20,0.3991262197360439,0.33375559201730814,0.2624330376561207,-0.09680241126698848
2019-12-23,0.10847837449695834,0.19949177826686104,0.3000846409521889,-0.04127048388755725
2019-12-24,-0.05628229713467248,-0.025536193072734553,-0.15762396561799424,0.0507786523701448
2019-12-26,0.44523366690097077,0.7806665397355157,0.2997280507684174,0.020870819614644875
2019-12-27,-0.07512938690102478,-0.16559033493618833,0.049939703939645516,-0.4993827354353597
2019-12-30,-0.6133597566952891,-0.7334322707169887,-0.6850658797567567,-0.07883946817162363
2019-12-31,0.11688097558758717,0.05062177887552907,0.15995867107773704,0.01025778444783644
2020-01-02,0.8900380531233109,1.5725839456274944,1.133207322428833,-0.10347862527544253
2020-01-03,-0.7682971549161487,-0.94417424038769,-0.7838127418069526,-0.309374673191304
2020-01-06,0.23867556336851078,0.5217069609314281,0.1061271328994759,-0.1600991002263368
2020-01-07,-0.3332579315981253,-0.10715535343665458,-0.44732047958302407,-0.5214059279929175
2020-01-08,0.4234530273182875,0.6279066310735639,0.46855495866593316,-0.0644056143909496
2020-01-09,0.6374078839131488,0.7799548029669755,0.7219852598546834,-0.2706305560516762
2020-01-10,-0.3086002221888545,-0.2903227522999098,-0.4631318031825917,-0.613783419653214
2020-01-13,0.5753408521026988,1.0342691903113312,0.185384115849755,0.575835108741235
2020-01-14,-0.22898752124649524,-0.5026301472002727,0.05180374489754717,0.09961852885968236
2020-01-15,0.16775796186275493,-0.04136956941570892,0.2760885639002011,0.15873574261049866
2020-01-16,0.7892261746864719,0.888396474468141,0.8997555955224567,1.2143512635023197
2020-01-17,0.2830457497731733,0.44281821124841225,0.17430078790269005,-0.3341160869570075
2020-01-21,-0.24288479811540037,-0.11121029607026318,-0.5616362529878455,-0.9873513331818529
2020-01-22,-0.09197253428231543,0.14128416059748783,-0.13617908173590249,-0.350021460968159
2020-01-23,0.024646178872401864,0.20761737435521738,-0.15495541028858154,-0.027121704031820723
2020-01-24,-0.9804315711592615,-0.9508137376774985,-0.6588635386076329,-1.43556430557192
2020-01-27,-1.7157796652248283,-2.202524422713105,-1.6497540174018241,-1.374870217495965
2020-01-28,0.875350329289737,1.3517241271414115,0.506544417585549,0.316421221315911
2020-01-29,-0.11645948742168769,0.07431039535990795,0.03062033671592394,-0.677528246568779
2020-01-30,0.25112982247093507,0.2718040341227449,0.378614043873725,0.09110729538034576
2020-01-31,-1.8854852038584589,-1.6606530668852346,-2.138109388932075,-2.1355519709127857
2020-02-03,0.5312140273735703,1.2906969102778776,0.3012599528884573,0.6987730363807989
2020-02-04,1.4341328271260814,2.1475395234588603,1.3897623211760204,1.1055830229108954
2020-02-05,1.1489350423427411,0.3125401307509167,1.6863361003473845,1.9161200439152941
2020-02-06,0.38072192111358305,0.8929247284850089,0.370425598561857,-0.5244392973211965
2020-02-07,-0.5761249178349663,-0.48745093973655057,-0.976622304890398,-1.3181044803484245
2020-02-10,0.6097935517331388,1.0628894626655376,0.45852482614527307,-0.020419613825452376
2020-02-11,0.12192879276568219,-0.06980562080538333,-0.026437890886220367,0.7624311297466706
2020-02-12,0.5557508465518011,0.8699046731088342,0.8564183707077833,0.5823753405781998
2020-02-13,-0.12143669970542191,-0.17735314307553016,-0.41099592116317707,0.23796398871030178
2020-02-14,0.056772849916184503,0.17815662827499365,-0.18942224834144794,-0.598781287360965
2020-02-18,-0.3198544554185211,-0.06920344735563048,-0.6210275724696565,-0.5080838090899087
2020-02-19,0.353169286038871,0.8106634280053,0.2812248063713966,0.2619874485174767
2020-02-20,-0.4780858432502945,-1.0259533229784752,-0.475880014391733,0.6027925449107293
2020-02-21,-1.1349721683793745,-2.0555102603660385,-0.8722054944425054,-1.0017827956511696
2020-02-24,-3.4414270730797254,-4.05378933963416,-3.6777297199330947,-3.021884791104823
2020-02-25,-3.35920409001223,-3.0616602737409244,-3.475255460605936,-3.692481253255187
2020-02-26,-0.6408503282887069,0.19645698312023224,-0.6908316599984504,-1.6950081419877232
2020-02-27,-4.7150534178445715,-5.286059051875942,-4.587246321758206,-3.8581808400510957
2020-02-28,-0.7880367826722516,-0.2577851138015596,-1.7518691751463924,-1.8872293643719589
2020-03-02,4.092535499780747,4.80440083451457,4.834442913222341,2.709234358140344
2020-03-03,-2.6833179694399805,-3.097158482298805,-2.690119677337079,-1.9200115366323935
2020-03-04,3.8365310770262977,3.894996165322267,4.12090595404928,2.0611713134430287
2020-03-05,-3.1308939739499615,-2.936341026887339,-3.3374766676076124,-3.461871382758177
2020-03-06,-1.991645182503749,-1.9589895648065672,-1.3395461255997843,-2.5745687141415194
2020-03-09,-8.263552253498256,-7.361080948139488,-8.16398642481796,-11.019656616684953
2020-03-10,4.480246820157899,4.805319800569787,4.228481095433563,2.404541731084895
2020-03-11,-4.796690466911126,-4.337111089255387,-5.742454669538273,-6.539629165178713
2020-03-12,-10.514835224863551,-10.011750505243443,-11.061747790110756,-12.747979591968335
2020-03-13,7.467677036937098,7.400635011909772,8.229998742410187,7.466297078073011
2020-03-16,-11.142082015185629,-12.461282281128742,-13.227807943239618,-13.40839501431385
2020-03-17,4.430323104108514,6.585829659714369,4.012756044284044,4.599869234896975
2020-03-18,-5.091060844102573,-3.185398132345605,-6.227425047535745,-10.774779630383996
2020-03-19,-0.20934457816238283,0.25734605458362714,0.4130408728767413,4.222978034273984
2020-03-20,-4.633629700696163,-4.199626208576817,-4.727430956909978,-4.88653038595135
2020-03-23,-2.8831817537292657,-0.22331982538707518,-3.3918106981955383,-2.4296487773600384
2020-03-24,8.287533735121311,7.080414577026866,10.459631553337404,8.137299696690397
2020-03-25,2.142110618580311,-0.1719190507332241,3.150975395572128,2.698767458313724
2020-03-26,5.8304742853509355,5.357159276416933,6.291740381011892,6.230066214303976
2020-03-27,-2.6954806955196275,-3.24034849676961,-3.770803943657791,-3.287453960484342
2020-03-30,2.914001567237607,3.313158889322457,2.7577054364239157,1.0979041056707035
2020-03-31,-1.3673087941541147,-0.8419559161121122,-1.6696634678360913,-0.42671704844619524
2020-04-01,-4.85911727636414,-4.548850664936263,-4.803881591531964,-7.249890854665311
2020-04-02,1.9786720500483381,1.6938720002814787,1.9251747915314636,0.4433385956307885
2020-04-03,-1.3895579135857568,-1.4189363563738269,-1.578339331511716,-3.5154748344037916
2020-04-06,6.343522952860564,6.754879780588335,7.2668184108574625,7.3920854635663815
2020-04-07,0.41789014532741336,0.2261585664732798,0.31678161895790946,1.1303156233095928
2020-04-08,3.240779612471888,2.0927546641133628,3.2735133377571604,4.4176617709556885
2020-04-09,1.6833586783183099,0.23345127415795006,1.4002176248642773,5.755901817172398
2020-04-13,-0.9162930602213981,1.0189358320680675,-1.41378608526132,-3.3028974239525626
2020-04-14,2.7901079736366454,4.074685837453574,2.238434100496321,1.0836604157784455
2020-04-15,-2.1298984361903974,-1.1352524429566622,-1.8325827476202994,-5.247253555076113
2020-04-16,0.2920067137838174,1.6687420801360582,-0.044806610587790285,-1.7623928931291015
2020-04-17,2.535818941727844,0.853046933458725,2.8655230437004042,4.291887204874407
2020-04-20,-1.6646218445817005,-1.1086903447263,-2.341380096098866,-1.907767938760896
2020-04-21,-3.2928619714901424,-3.997896401683273,-2.948627204796834,-2.1045813580746735
2020-04-22,1.9534437225039356,2.654494449789306,1.7626695795945677,0.5052500624999031
2020-04-23,0.06280054888722723,-0.21619439002165483,0.2812463673663293,1.2384635500641574
2020-04-24,1.2865199930489122,1.4853077700708301,1.0173725158531755,1.160650357373626
2020-04-27,1.441382703773388,0.7653722570362405,1.5166117818214044,4.65311834314247
2020-04-28,-0.47782928975745187,-1.9487281921316635,-0.12771443226631213,2.643568788488692
2020-04-29,2.5534035105505355,3.3903535882951843,2.1587377676819615,5.04642854792685
2020-04-30,-0.9047692216627741,-0.08755712601044166,-1.108190428670629,-3.6380761798077565
2020-05-01,-2.760042460892533,-2.9556695686823256,-2.694312483314486,-4.266419587499032
2020-05-04,0.03105117939432392,0.9396497848715062,-0.11431676210202457,-0.625649753831756
2020-05-05,0.803840740586455,0.9938048865960383,0.4991155802266127,-0.577999031761821
2020-05-06,-0.7038144997975891,0.5699497846268071,-0.9451693943487357,-2.1632653572283935
2020-05-07,1.028262859099708,1.1177992020457264,0.7357478897476626,1.3930554286520862
2020-05-08,1.5893191167110845,1.2991119976408594,1.8579164310149214,4.3469231985412
2020-05-11,0.03144435998113169,0.8655061954579514,-0.4035189292191922,-2.0541897498092396
2020-05-12,-2.054608127637628,-2.1940257136574464,-1.9695770091040168,-4.26470363635208
2020-05-13,-1.959630215986685,-1.4269936935244543,-2.3658067414614123,-4.448211698303871
2020-05-14,0.9702334625639091,0.9081354407967404,1.4069494939848637,0.09094121905770636
2020-05-15,0.4665291740657264,0.6297141753521972,0.32021685395252175,0.9323994433484742
2020-05-18,2.915262660589889,1.7690101940871386,3.703893472479108,7.408437281880819
2020-05-19,-0.9062019276540821,-0.1735008355844626,-1.4088957382642673,-2.214947149443295
2020-05-20,1.5903474607572083,1.8497982193658495,1.376613945713863,3.4520703457725563
2020-05-21,-0.7435421308191552,-1.1726220476720066,-0.42042145802511127,0.1600523993000968
2020-05-22,0.12403396079569701,0.2515344928856254,-0.09517343835549351,0.12474792241358801
2020-05-26,1.159077345296584,-0.37266373686746834,2.0943089291868016,4.089973575932137
2020-05-27,1.538613747551908,0.5653539864328573,2.305137946300653,4.4758067093754725
2020-05-28,-0.09382603444185374,-0.08602531407794761,-0.44679962953489516,-2.5370608693791707
2020-05-29,0.4357273467532657,1.4003887209291217,-0.11229683331219112,-1.26833258116296
2020-06-01,0.2801576279801906,0.1684436768750904,0.2536992554508778,0.4662122153021726
2020-06-02,0.748023551074005,0.5842744247531654,0.986384699426835,0.9405634743751585
2020-06-03,1.3238381809348012,0.4173332907148841,2.0556824785760384,3.5310056754085384
2020-06-04,-0.21394701402229718,-0.6773867110483794,0.1410381756692985,0.9319631131064056
2020-06-05,2.4936477563116473,1.9025844527387286,3.085288394406633,4.8407184384547355
2020-06-08,1.3162213153670532,0.8393068465682707,1.8599266247605408,3.065377548358264
2020-06-09,-0.6917921045925952,0.7561093622938914,-1.017567561442267,-2.4025545386741016
2020-06-10,-0.6932758988869852,1.059173752913133,-1.170766124953738,-4.297348532064488
2020-06-11,-6.099061176183291,-5.22303668024508,-7.294603452136377,-9.05887484625085
2020-06-12,0.6397197034529862,0.30420018959559086,1.2892687646960006,2.116831269987183
2020-06-15,0.90639483946871,1.1159289414991322,0.7076865780742506,1.790941660680001
2020-06-16,1.874961187525127,1.6527645007216905,1.9958891984051437,2.683350165767982
2020-06-17,-0.35430386667355057,0.3313954091317198,-0.568458714919145,-2.5556281871047144
2020-06-18,-0.0410853675774604,0.17993268821506153,-0.24241335954759086,-0.29372244213422627
2020-06-19,-0.6965534105617999,-0.13604994962521638,-0.9029796231245503,-1.242562805145837
2020-06-22,0.5042435999112752,1.0421180056593928,0.470900896555959,0.2992646290921992
2020-06-23,0.39945691691609764,0.7691890319845731,0.4762183752087946,0.07617851208228942
2020-06-24,-2.6345218341805783,-2.139488640406464,-2.7813060326422465,-3.8701658124152365
2020-06-25,0.8240421884474733,0.7213386564783962,0.9315099041252184,1.4139863741280367
2020-06-26,-2.433315862754374,-2.453691897222353,-2.8513541778062357,-2.545538389263412
2020-06-29,1.2235222587166832,0.8416719107549386,2.0372744626805432,3.9658678554668345
2020-06-30,1.2985927265882315,1.9112382086893887,0.9648175369793575,1.4263011670181498
2020-07-01,0.6991721616163632,1.1387797279150664,-0.3061004919404904,-1.827073879044248
2020-07-02,0.49609774757113956,0.585049498936004,0.2592613407509356,0.0032638333512124973
2020-07-06,1.4469442889363302,2.318685107416306,1.6922716057486142,0.7809318153727951
2020-07-07,-1.026546810887931,-0.6968210233840201,-1.4670531720286932,-2.816228128271004
2020-07-08,0.6108344684481706,1.1789016407587412,0.5066088355961154,0.08900794076875829
2020-07-09,-0.6418793753326278,0.7449168125558849,-1.4266130943655295,-3.1002716674134043
2020-07-10,0.846629201466577,0.5143819314907984,1.240890275656537,2.6640544966476862
2020-07-13,-0.9166978174116766,-2.1345254189508114,0.049918644689200334,-0.5009139473688416
2020-07-14,1.2910105169109973,0.6808873825131371,2.1409956131894794,1.561127793019812
2020-07-15,0.9968673121866168,0.25639649446291224,0.9948929435950724,4.205268774924276
2020-07-16,-0.38273770147539454,-0.7410322736966423,-0.5411115143153212,-0.43050222399660953
2020-07-17,0.2575684838389357,0.009457518865589681,-0.2805142634256218,-0.15125144850642896
2020-07-20,0.7348890531631612,2.6755377044270525,-0.04285227989795119,-1.7068440025081708
2020-07-21,0.10829028572786425,-1.181252862962516,0.4990379437514021,2.712413521832928
2020-07-22,0.49108781297238385,0.2817910095009826,0.56539931346239,0.004680504688022183
2020-07-23,-1.1701586855136121,-2.6862044502488183,-1.2786469798785007,0.872536744092109
2020-07-24,-0.7903083990135842,-1.123512629446736,-0.8367900746324526,-1.6628956247948734
2020-07-27,0.6753934265918722,1.6280879054641748,0.3940651034975933,0.4052192553675364
2020-07-28,-0.7298113062412225,-1.3922283294278004,-0.8344489192786875,-0.39458471059327344
2020-07-29,1.1173738590777484,1.0272065819745757,0.4944937811362192,2.530952383287741
2020-07-30,-0.4112026040981859,0.4043373763829677,-0.9006225744521132,-1.1822344113660153
2020-07-31,0.6722521479361854,1.60705552674109,0.3110810336151005,-1.2034956605306093
2020-08-03,0.6360811442602595,1.263855492902777,0.8475904051059677,0.9945983066135825
2020-08-04,0.3060068197039847,0.30915917498790396,0.5765132594569828,0.8223679106869357
2020-08-05,0.5825792909639519,0.20874454207982313,1.3701796837746578,2.2025200899641764
2020-08-06,0.6722828206177205,1.3081553759609337,0.7408413036863835,-0.0008368240334105242
2020-08-07,0.05768106651528403,-1.185300251874302,0.1759801625760456,2.366763060277741
2020-08-10,0.22764182471690458,-0.5092985421238257,1.236971549122323,1.9531257171152816
2020-08-11,-0.7872102214433314,-1.9332045153916413,-0.275763117124489,0.21154620362520163
2020-08-12,1.3411664662162741,2.423124525611896,1.0165528534484733,-0.004710027409362945
2020-08-13,-0.1896838968539161,0.1762750439386509,-0.26883388311744183,-0.9432760298772089
2020-08-14,-0.10735872718769765,-0.21365292616146225,0.01945043155788112,0.383441383495007
2020-08-17,0.23434282440342669,1.0600831250128937,-0.36158626498398416,-0.2598276581953446
2020-08-18,0.11210772007447585,0.828441505163482,-0.3415297250922773,-1.7913927270899246
2020-08-19,-0.4993793024020666,-0.7836384521420989,-0.3922677474285904,-0.3650822556061156
2020-08-20,0.19676198378299264,1.260340148709248,0.07765059766687794,-0.8944705877464387
2020-08-21,0.2755051753766408,0.593376432708997,0.6373649127102765,-0.8809494362161948
2020-08-24,0.97380600765088,0.5957032289678591,1.3433394228597535,2.210346763084976
2020-08-25,0.3310552486783679,0.770404047014495,-0.1909133252878023,-0.2920379552092426
2020-08-26,0.9307395459942474,2.015246340785086,0.21513378962527527,-1.2094911996207005
2020-08-27,0.15756823896084823,-0.40660651266374837,0.4978642118203912,0.681924429908067
2020-08-28,0.5842714825616349,0.44468256783506843,0.5316273239332319,0.6553613687791555
2020-08-31,-0.3862736759894174,0.7437439435972503,-0.7936795206287892,-1.6476348270886632
2020-09-01,0.801043475781587,1.5462562895013625,0.6263785785876523,0.8438145770497659
2020-09-02,1.3598987735672103,0.8622825037578116,1.5320022968030576,0.7887721866436794
2020-09-03,-3.4406905099287233,-5.1732725610403065,-2.7471838676759783,-1.7631797397713795
2020-09-04,-1.041783688418458,-1.5578170257770427,-0.7743241032485422,-0.0884625592144023
2020-09-08,-2.8532452284456897,-5.0776638187808505,-2.3006609392562227,-2.2105381759370553
2020-09-09,1.8327483572989716,2.7257942294660524,1.4668635981163753,0.7429925441621339
2020-09-10,-1.7336417783142792,-2.073763204420904,-1.398697493179903,-1.4532567251870085
2020-09-11,-0.12154645397939445,-0.8470884569961148,0.3119961345190315,-0.6460449103200168
2020-09-14,1.3079385727345472,1.683046878094887,1.2148818709422773,2.1416844473605035
2020-09-15,0.46451075420920235,1.3513067524263507,0.0024570942261130527,-0.08116026991100056
2020-09-16,-0.47735894831805276,-1.7044952561449442,0.047801073325650215,1.0642998332385412
2020-09-17,-0.937281481825122,-1.6501404965603013,-0.4946907222504146,-0.6341638777646811
2020-09-18,-1.21214953359042,-1.3818634713989049,-0.907057842894491,-0.6449888997123164
2020-09-21,-1.2482048559028698,0.23993996705911225,-1.9494230918710884,-4.453905833021422
2020-09-22,0.8401555591215161,1.6520127664829845,0.3416723461561805,-0.09225717424516644
2020-09-23,-2.4532243466285926,-3.208577987068673,-2.024023064312084,-3.4546451197832457
2020-09-24,0.11118180263271274,0.3075701274888601,0.04428753394181098,0.062757889696365
2020-09-25,1.5180370916076626,2.184102437706699,1.2894562859511742,1.1535587981785766
2020-09-28,1.6402717831332936,2.021469791937132,1.5097678227959326,3.0893502041368053
2020-09-29,-0.5734429637628927,-0.487715837543383,-0.4852602928694219,-0.8856192504555012
2020-09-30,0.6841066726286151,0.5914247185717992,1.1209985624331855,0.20389544389491782
2020-10-01,0.6499879679720914,1.5621636914563064,0.1799487534137001,1.576286082584724
2020-10-02,-1.0820939546738186,-2.9700413764300277,-0.5942492773545478,1.4779329398012424
2020-10-05,1.696580783732866,2.006335722111132,1.6161032631808634,2.4965355613707443
2020-10-06,-1.3864178063291352,-1.8379503570100693,-1.2626258199611038,-0.1986304337822122
2020-10-07,1.5771590008138254,1.5622514224320931,1.7458850298437352,1.9294441711980959
2020-10-08,0.9386651331751262,0.5264333272297594,0.5305934692733801,1.7497397108055768
2020-10-09,0.8507984396308848,1.4537758317074811,0.5111285137115698,-0.04955544998026186
2020-10-12,1.5681025707506355,2.9600945996993304,0.8486570574861476,0.7617522188477083
2020-10-13,-0.724889621721202,-0.08177691082952884,-0.61276155084462,-1.6548395299157295
2020-10-14,-0.7527285642397481,-0.9503463190878053,-0.688016807450811,-0.8572415645668874
2020-10-15,-0.23708081869336622,-0.7875014940937521,-0.1594369827403257,1.315718647011024
2020-10-16,-0.14795493987996894,-0.6688209025252078,0.33338242940192697,-0.30489311603831476
2020-10-19,-1.528715241099891,-1.6953930636985772,-1.4160505480823342,-1.1041284350553224
2020-10-20,0.2307216979132005,0.04661698962011088,0.2553365184587908,0.6234143925465461
2020-10-21,-0.23226838620575388,-0.16356226895182932,-0.3568640211585548,-0.4517097483298069
2020-10-22,0.46310361351404217,-0.11514681790202343,0.46438632516585754,2.007268204273484
2020-10-23,0.2871130361669601,0.11051401996032909,-0.12803553257987646,0.7872205825863323
2020-10-26,-1.919652851572087,-1.6219480346779604,-2.3836904478040095,-2.483361960046795
2020-10-27,-0.552988570322602,0.5380092958157514,-1.0214239936704488,-2.0072075130610387
2020-10-28,-3.6245465925400135,-4.154639038725516,-3.6154078131911236,-3.5666505268960185
2020-10-29,0.7177680015324273,1.4525884853999793,0.2356746002592604,1.2885031893602252
2020-10-30,-1.1301245734922474,-2.712037370787299,-0.626006968649262,-0.7418037692604558
2020-11-02,1.0738064479987572,0.14199208381273037,1.5427330093154947,2.380917648526486
2020-11-03,1.7892608991798686,1.6963629917769376,2.1281438156682237,2.8092927976469997
2020-11-04,2.269475187651272,4.39160172042298,1.42029626479064,-1.9874745086167824
2020-11-05,1.9639991296470825,2.5882024723164516,1.9409067280939647,3.003717901367825
2020-11-06,-0.09009441819798661,0.05428596563780414,-0.26902705455026776,-1.5349263113200098
2020-11-09,1.2083241131739217,-2.1215778984407603,2.8441717755046536,6.685911802813624
2020-11-10,-0.040538519068740425,-1.7426365440755622,1.0819231317557962,2.919061636770736
2020-11-11,0.8213548578292167,2.2187357830546377,0.03761538501126255,-0.9284468483463992
2020-11-12,-1.0247108137344703,-0.564266550781226,-1.1401527288068845,-2.1327765858205234
2020-11-13,1.2097610336875078,0.7190123098407704,1.2099250795904681,2.5276174785768166
2020-11-16,1.225852013020219,0.7337401614818004,1.6028216707752252,3.3772319457928925
2020-11-17,-0.5116398540705943,-0.33444629263784026,-0.5031771599615942,0.4072358020393442
2020-11-18,-1.3066765196942907,-0.8595000506366038,-1.2502604719274466,-1.2897871106483603
2020-11-19,0.2720571664594442,0.6163737918644273,0.03273255465667524,0.4412995100654088
2020-11-20,-0.7679989859731736,-0.7896237886342448,-0.8033723405611585,-0.31940868210342077
2020-11-23,0.4746593108521651,-0.1386618689248356,1.0036857688261365,2.335909296137286
2020-11-24,1.5887337823403016,1.3479004866256186,1.5668269829140868,3.2526014499287372
2020-11-25,-0.1245710996282208,0.5999647379269054,-0.5328417863345299,-0.7126114273419943
2020-11-27,0.1826588145015003,0.7930962995813416,0.022237443453414565,-0.5668579543809757
2020-11-30,-0.5270367468690959,0.1050859141580266,-0.9739023747056185,-2.968178364765344
2020-12-01,0.9723818322349392,1.1509642220459793,0.49951284818598474,1.2357200604293936
2020-12-02,0.12375185225953918,0.025444979236666776,0.13120501162124337,0.6022251089859674
2020-12-03,-0.08454549234571235,0.048597176389684846,0.23947710938548694,0.5386982014929834
2020-12-04,0.7951684016635202,0.3237559335340103,0.8017346151289926,2.7572673098939675
2020-12-07,-0.23789829905897542,0.5085166199233677,-0.5021302944602177,-0.45968762629646187
2020-12-08,0.19916984867504317,0.2073429306744277,0.2582471865749224,0.9538070952382578
2020-12-09,-0.9714422785742146,-2.377895805990573,-0.3901347568860097,-0.17889264278647732
2020-12-10,-0.07411385163463326,0.32633209866389257,-0.25599459679653636,0.4670930748077939
2020-12-11,-0.22008661969633786,-0.35946467802764176,0.08556230943616927,-0.8792085396042316
2020-12-14,-0.4823706541683572,0.6601004219742175,-0.6275841352484351,-0.5237864339384378
2020-12-15,1.1755678230376616,0.9106143608474944,0.9940485218081456,2.576518101275701
2020-12-16,0.13652723338234954,0.5019663223166345,-0.1506048733089916,-0.5601575725029925
2020-12-17,0.5035971453428345,0.553633802840089,0.43076912847021565,0.8489899088693073
2020-12-18,-0.46292736333836804,-0.3863217242829916,-0.45162042760945986,-1.3155971960217712
2020-12-21,-0.4346419693296427,-0.28595885697633194,0.055779564400196074,-0.8096220958165307
2020-12-22,-0.24578463467995504,0.19037447589477519,-0.695823970042251,0.23270552852370308
2020-12-23,-0.0581198485792212,-0.6491217637164631,0.24428343467696995,1.4806227713312512
2020-12-24,0.3424122537946027,0.35055264735665587,0.2169315725306377,0.06879239952647706
2020-12-28,0.8292890024753246,0.9314651250873128,0.6554330546713778,0.23792517322530565
2020-12-29,-0.21808658789515412,0.03199341629327768,-0.24205292019935773,-1.7529170433029437
2020-12-30,0.06858438813496964,-0.08403237906158424,0.17684288284322014,1.0701072732403536
2020-12-31,0.4092549808406541,0.14578912871869576,0.583364770868746,-0.04763877079588977
2021-01-04,-1.363857507703871,-1.4570996974304131,-1.2357007062161243,-1.2986497301226758
2021-01-05,0.531145264206954,0.6645648085950729,0.41698011108222344,1.9067289007442365
2021-01-06,0.5240111521004505,-1.498150500451149,1.3974111646063834,5.179041805396541
2021-01-07,1.5020337834660262,2.36828300701156,0.7528695882461106,1.193320933426513
2021-01-08,0.5882741231493338,1.2150935829834917,0.1890454378063794,-0.9092371406588419
2021-01-11,-0.7354956442953771,-1.5383331616691758,-0.35447178161838433,0.14517989771947779
2021-01-12,-0.08173070633084503,-0.26411674049340744,0.11668097372170448,1.8861820418110942
2021-01-13,0.19015260133726875,0.5621188531863213,-0.06266407172243046,-1.0127588209849887
2021-01-14,-0.3796186980086253,-0.6115636550703398,-0.25154808988533445,2.033986669917361
2021-01-15,-0.87932584919562,-0.9430347377194064,-0.6831104637204815,-1.6160749662711213
2021-01-19,0.7326945061416905,1.351494776804182,0.34178478122731537,0.7232037550731888
2021-01-20,1.2880270019024858,2.1975674667919725,0.7682813936042995,0.4252638770332696
2021-01-21,0.05328452738393562,0.7329998855662789,-0.07608361327879823,-1.2228821534091519
2021-01-22,-0.44113500374209824,-0.37731750907133954,-0.6551917976343384,1.0736077271129638
2021-01-25,0.23097340664106344,0.6664461066565822,-0.2601965459398957,-0.3029925388601197
2021-01-26,-0.2136676358598757,0.032068225777953555,-0.13281882102455872,-0.48950296949288885
2021-01-27,-2.5622591882663537,-2.934794316445666,-2.134268326450431,-1.2941326999209186
2021-01-28,0.6378477947023369,0.38370687202343184,0.8030989209902493,-0.7742848485800404
2021-01-29,-1.9739527612980838,-2.141169527023266,-1.968777503241124,-1.238830632001496
2021-02-01,1.4188615773617381,2.2535383067388,0.5441207691055144,1.9663453843613508
2021-02-02,1.3448866978702076,1.4996804652097007,1.5202623804387247,0.59999317937712
2021-02-03,0.12836952093403498,-0.3941601023950799,0.17749054037511583,0.6795071510463958
2021-02-04,1.0611213583493166,1.10744409485675,1.0133894318825039,1.9276476304980612
2021-02-05,0.3774311234333661,0.28114910076766775,0.3074643316756831,1.1764093471395065
2021-02-08,0.6705975131242344,0.5894037901645276,0.7177924508634093,2.6322830303363816
2021-02-09,-0.11476267290239542,-0.10210021689977326,-0.05053964551561503,0.28904981133390567
2021-02-10,-0.09219979511218597,-0.31300409875087065,0.16025374668959755,-0.39937492618189535
2021-02-11,0.12272364027180971,0.4837300661189422,-0.03672180931062863,-0.08665059185503542
2021-02-12,0.40241569713651587,0.45609628664177376,0.01780376958555424,0.3235367127311267
2021-02-16,-0.1563701348647883,-0.36927805378516076,0.13596078689339236,0.1613048712424947
2021-02-17,-0.0337598561058819,-0.5685348409087576,0.256531429362596,-0.6104187836993545
2021-02-18,-0.44291781664524316,-0.48190892960231296,-0.37647579357968597,-1.5842626737765892
2021-02-19,-0.2579169604206016,-0.5333033804216556,-0.06123237418727309,1.9036934959940897
2021-02-22,-0.8978785468625542,-2.7566685195249363,0.0062509224601206975,1.1175631669874826
2021-02-23,0.12511869664655614,-0.3501105514508458,0.0838827206519317,-0.15518262959751342
2021-02-24,1.0831120802852063,0.7460260126297205,1.3360466551871453,2.722767067087836
2021-02-25,-2.4555736659238447,-3.597412064972598,-1.7429370426111708,-3.226782453043218
2021-02-26,-0.6096726006488434,0.30298247963760516,-1.5953523796168316,-0.7587241160087907
2021-03-01,2.1782912758323008,2.7273663763777436,1.7309135123893242,3.197377563256376
2021-03-02,-0.7780827901613504,-1.671940265367003,-0.4287038583866613,-1.2309509732795605
2021-03-03,-1.367597078527029,-3.009422443819949,-0.43419582115605687,0.48477440981195075
2021-03-04,-1.3256361307508617,-1.753514015551426,-1.1394666437932766,-1.7385890610865893
2021-03-05,1.735262978278708,1.3635652133606007,1.7681207864346997,2.5413936358549583
2021-03-08,-0.46767887223360133,-2.888663496147848,1.0361548764715547,2.2988385291891293
2021-03-09,1.459397510940056,3.878954730746594,0.17933768793916127,0.6093520547399354
2021-03-10,0.5184573922206744,-0.42141184474747284,1.3505106432313903,2.388367209689508
2021-03-11,1.0158814097265063,2.2710084496310716,0.6273666336734623,1.2773498293481078
2021-03-12,0.0740511676746678,-0.8894222637078082,0.8568374819846821,1.4029964661101608
2021-03-15,0.5962480890413682,1.049465149119439,0.5666452189291512,-0.0010394429494323953
2021-03-16,-0.14989320585358495,0.4999006008017847,-0.3906566672666681,-1.8729064067165364
2021-03-17,0.24421155442123915,0.3125643842031336,0.4838398342789866,0.6436413881387889
2021-03-18,-1.5416914340353067,-3.1863250323487584,-0.49947144170697755,-2.3105384127190796
2021-03-19,-0.19655010350636815,0.31860331551226195,-0.7048241885789961,0.2724531089431522
2021-03-22,0.6318864165531869,1.6834342087238652,0.18096909639325798,-2.0116798445802515
2021-03-23,-0.8198324125824902,-0.5124923775135611,-0.9746049901043246,-4.061906383149929
2021-03-24,-0.6286035470878061,-1.8075336933168287,-0.13318891555040757,-1.747180013607649
2021-03-25,0.5020583221766759,-0.23794567006780443,0.5846051010851184,2.46194185551266
2021-03-26,1.5352190188219417,1.3974301104336466,1.3516371285781619,2.14499341355557
2021-03-29,-0.0075484003434906286,-0.05591747522855389,0.34580525973696397,-2.448794180643571
2021-03-30,-0.25447139883075814,-0.5248907181281511,-0.299941443796208,1.6244575663991419
2021-03-31,0.2398595996487754,1.3777441023825774,-0.38872883292095367,0.25140749632456794
2021-04-01,0.9744517165694422,1.5435812731051097,0.42702327585854033,1.1684427126203007
2021-04-05,1.3630394660424572,1.8825188879769306,1.0615535701965801,0.45658505391446347
2021-04-06,-0.05843629125616504,-0.10522334334033662,-0.2869127526723264,-0.35224693778800487
2021-04-07,0.01956818893440518,0.13810336423946984,-0.05201563251800996,-1.329051944179085
2021-04-08,0.42331773914033854,0.9535554106409555,0.13333018615741096,0.361401441232029
2021-04-09,0.6213247804180242,0.4945875136320991,0.8001562543939228,0.01794522770463855
2021-04-12,0.03797151849086194,-0.15844457575767731,-0.14449195326503722,-0.010396945719395704
2021-04-13,0.21341942070897685,1.0646647369305842,-0.2812708647854358,-0.9306687574775081
2021-04-14,-0.43713357217745574,-1.3344672351236069,0.07080493163752924,1.1152439823449145
2021-04-15,0.9927014200968303,1.415864682419517,0.8594523295683527,0.21930932140120551
2021-04-16,0.34269078360198896,0.07960999461054474,0.5097824024618307,0.3634183523013311
2021-04-19,-0.536165995789241,-0.9722592056101763,-0.3883574389165804,-0.8859409322518794
2021-04-20,-0.8051503058518581,-0.823242569116633,-0.8127519972010357,-2.633759963405572
2021-04-21,0.8550874780585491,0.7391173006353433,0.8553025171438517,2.006713825527413
2021-04-22,-0.9827140970360628,-1.2922369791532704,-0.970564275989742,-0.8039102182072251
2021-04-23,0.9779590654436525,1.1210229354732992,0.5699849493188953,1.8464270169899357
2021-04-26,0.1574638926359621,0.5504908298903249,-0.21261609693307343,0.7394101012998074
2021-04-27,-0.11587709977557348,-0.5633197326316395,-0.08350110555250942,0.30111164513225075
2021-04-28,-0.08048566220156445,-0.430913199094892,-0.5262251193549426,0.22641474718894322
2021-04-29,0.5470340416871351,0.22663345508218657,0.6133044092960106,0.0031519809249073993
2021-04-30,-0.6579061801435115,-0.7172567318639768,-0.5289443459765578,-1.2480495782191703
2021-05-03,0.11415151497454261,-0.644440751595578,0.6167595571941968,1.129566392055631
2021-05-04,-0.6493126088961879,-1.8682611509151594,0.07134836470495434,-0.3911232416780098
2021-05-05,0.02356058567675291,-0.3787965335588762,0.302541753734039,0.09013005730011679
2021-05-06,0.7573360074819008,0.6841771463434575,0.9206582698937169,0.7151513655286775
2021-05-07,0.7146337981272751,0.7716451489836826,0.6784589639897564,1.084838280734697
2021-05-10,-1.0359610871295746,-2.6152149600590766,-0.12507229611659806,-1.700361368040439
2021-05-11,-0.8908522638575201,-0.16506450132253242,-1.3497080954960732,-0.763581631414892
2021-05-12,-2.3513909798096204,-2.8277104994118596,-2.1861660331511157,-3.429359036969471
2021-05-13,1.0413408712942296,0.5875620108838693,1.140418768317814,2.188443933789668
2021-05-14,1.5060927613617905,2.1228154364851495,1.0870293452205386,2.2143958389622953
2021-05-17,-0.27972739954280285,-0.6697809222908264,-0.1774676469790425,0.6534455761046173
2021-05-18,-0.9363885611478204,-0.773852722805721,-0.8471212690930304,-1.212591059424627
2021-05-19,-0.3688433584422246,-0.01902091360133934,-0.5675421245254034,-1.1129741562521158
2021-05-20,0.9633645401427866,1.792403802632176,0.4659346308969881,-0.08026022501523782
2021-05-21,-0.14319953631981944,-0.6395007034034715,0.3125821274989121,0.4401446413609791
2021-05-24,0.9573414924257779,1.60325749117826,0.512846774591133,0.5587847699019024
2021-05-25,-0.2681102185590276,0.06518899067376879,-0.27272257781319503,-1.4208698671294908
2021-05-26,0.1182903224046679,0.2537713165964098,-0.04084766199171656,1.8060677778324832
2021-05-27,-0.07785116755197746,-0.5061835778236439,0.3130701248668797,1.335150038505738
2021-05-28,0.15134059799902289,0.24363733399565812,0.19000016955742713,0.01743346552217906
2021-06-01,-0.12544474422379043,-0.40253363447763457,0.11331615235310745,1.7628337601607569
2021-06-02,0.06173810894172492,0.08966892037702712,0.013478197140071715,0.7180095205897146
2021-06-03,-0.42224699608464655,-1.137175320418923,-0.10163278608093732,-0.7761482861541957
2021-06-04,0.8815250319525347,1.6160289771101266,0.502377658530806,0.021294899988334243
2021-06-07,-0.15711491478314482,0.21402389427689206,-0.4039546166263006,0.991341023348855
2021-06-08,-0.12477738818539402,-0.0982249556124927,-0.21884692335084702,0.8696888349147787
2021-06-09,-0.22670512865348916,-0.0926878530976903,-0.5023789211078402,-0.6229055068330238
2021-06-10,0.3852088577907467,0.9183397079916682,-0.020909228394009813,-1.546216173811649
2021-06-11,0.10771422572702086,0.1703333093604348,-0.016168509869460203,0.8694363329422015
2021-06-14,0.1033922599381972,0.8320350986529332,-0.347038668580547,-0.8859057322795445
2021-06-15,-0.2649179092820311,-0.7704767855269707,-0.35484846745815085,0.1800584294706788
2021-06-16,-0.6524788634801786,-0.4811757525326776,-0.8620275852248914,-0.16888298065998392
2021-06-17,-0.16305196417929302,1.0970609149611792,-0.7329705468515886,-2.2642166246444573
2021-06-18,-1.4666663031488787,-0.9273961722841004,-1.69245140858511,-3.0907337813303912
2021-06-21,1.227899270826503,0.4395023563815043,1.5637524851483646,2.1460043564466957
2021-06-22,0.5543045456174779,0.9166280182205155,0.2693784482553392,0.47949332753244384
2021-06-23,-0.17465579758196093,-0.0331325956164738,-0.26523347233117334,0.14311547139835581
2021-06-24,0.49244372200110437,0.49880998839745844,0.8654576837299226,1.3239481302391074
2021-06-25,0.3301603545529823,-0.17245637029650465,0.7096847226721555,-0.21235695552493092
2021-06-28,0.21804403683567983,1.2027585476220082,-0.40574097430658995,-1.3078017730443683
2021-06-29,-0.0634906888985748,0.23693547409862276,-0.09069791850465421,-0.9427199818884413
2021-06-30,-0.00428625199097607,-0.25598609786205273,0.5424548027346483,-0.023376420202182835
2021-07-01,0.5152415357068809,-0.0046003902135765135,0.3838881796303159,0.9507170813586012
2021-07-02,0.7244609133326904,1.0829361715946402,0.41002741156065137,-1.1807903579715717
2021-07-06,-0.192798765277782,0.3699141171992982,-0.6164879694296547,-1.8081807277307713
2021-07-07,0.22251452909040478,0.08017612417495806,0.17117843227149016,-1.1857941724899455
2021-07-08,-0.8630296966827732,-0.6739013412179886,-0.7845866548145831,-1.1811102848147537
2021-07-09,0.9201386867642402,0.4808237789239034,1.1770507169891566,2.090882655323178
2021-07-12,0.35434229483247826,0.3567297031343726,0.3981111823090442,0.5109397686366869
2021-07-13,-0.3721408983946558,-0.06068625503035127,-0.3278801099030683,-2.016294506637686
2021-07-14,0.08194593186797676,0.09442055306112733,0.07281307841595867,-1.2425405190738046
2021-07-15,-0.4082709446957212,-0.7759427823547668,0.10713176242832653,-0.19779911698111818
2021-07-16,-0.8613934515748067,-0.8908116352968869,-0.8924645037019148,-1.5796754836968487
2021-07-19,-1.5936113291227822,-0.9426853556206969,-2.2075186183879896,-2.3626504625956994
2021-07-20,1.1974075542847056,0.9174064181499567,1.3846112318548982,2.6561757016979906
2021-07-21,0.8029208592135956,0.7179267688573594,0.8719160016741504,1.755985361208038
2021-07-22,0.19921883458981607,0.6177616707002754,0.07399797756610632,-1.8649468701722813
2021-07-23,0.9982964678948913,1.1055548312796262,0.6553652686010323,0.2581662373108706
2021-07-26,0.19087540186725038,0.016609401851789975,0.19035964036522005,0.7877990816643919
2021-07-27,-0.5300232300818996,-1.202151616594744,-0.3033040594092679,-0.8582414444504703
2021-07-28,-0.08274105385753691,0.3028353656092575,-0.3961622897031185,1.03537401588259
2021-07-29,0.27433952822457186,0.018871479383346323,0.32612695986371915,0.8739607572439736
2021-07-30,-0.5136100994956564,-0.5961935090292234,-0.43598169130729075,-0.6481902861790416
2021-08-02,-0.2917409047628269,-0.0998453010212919,-0.3461400762405247,-0.8141568169947411
2021-08-03,0.719876829634835,0.4938258726820687,0.7270959856614507,0.7310193743931903
2021-08-04,-0.515612680919389,0.09364620648430172,-0.9280550087077034,-1.9609998187447755
2021-08-05,0.5085549157722458,0.49224941753195184,0.649328680651807,1.5554394310464579
2021-08-06,0.09646382177390404,-0.5233487641587469,0.3847215489121488,1.1222819370381891
2021-08-09,-0.10477248267895015,0.13047714918966763,-0.30906351333290805,-0.6590439873938774
2021-08-10,0.05296136718326107,-0.6198525873935947,0.3986929139705796,0.7051773348719246
2021-08-11,0.20829601926428623,-0.2378750376240485,0.6129921011011981,0.7791401469683603
2021-08-12,0.2822260950709043,0.3125292473029925,0.057305337567222996,-0.2295788051377717
2021-08-13,0.13097202521856188,0.27189770830671983,-0.0034872541402059948,-0.782601376930655
2021-08-16,0.1709478462782804,-0.04818024878591891,0.2552340462599188,-0.8391664389339824
2021-08-17,-0.6961224611195762,-0.9449259788139931,-0.8184503072277671,-1.1652256037063398
2021-08-18,-1.2193226080033686,-1.0988305149152082,-1.2004917925885796,-1.221325809744237
2021-08-19,0.002603554161749261,0.30846529070767337,-0.3145738237311976,-1.289728993820647
2021-08-20,0.7234105764751699,0.926519685057379,0.5872864426348711,1.5615069084027196
2021-08-23,0.7977381377543965,1.3903330884046925,0.5611350497436686,1.3450431250819024
2021-08-24,0.10571870780848197,0.22530324915242428,0.04792226704238516,0.8890992917550143
2021-08-25,0.13396759527095942,0.019609396035225074,0.048374423107033035,0.5188916011679315
2021-08-26,-0.6469632446823963,-0.7261867761836716,-0.5877809287254975,-1.1476443652597303
2021-08-27,0.8043591952416423,0.853325272086327,0.6144457707787758,2.5717937477209922
2021-08-30,0.36116139874583864,1.0152309367591061,-0.20266321128574444,-0.628351343688867
2021-08-31,-0.20328168822509077,-0.18366288572556116,-0.18055677607896095,0.19047641230385054
2021-09-01,-0.05023837531836611,0.04750200971085769,-0.2173117908258127,0.32072492919994267
2021-09-02,0.22120971774937148,-0.15912190549589333,0.30085104365309845,0.39741835103460005
2021-09-03,-0.054003090014800983,0.23719740122654254,-0.22509890828908855,-0.4497422847530906
2021-09-07,-0.4440974068089038,0.031171704689665763,-0.8371309858665249,-0.6244852124638646
2021-09-08,-0.2633233444635063,-0.5045906265847213,-0.3289207612302688,-1.148907362334116
2021-09-09,-0.48706980491375107,-0.4411746305682758,-0.4839138967720822,-0.2137151740170945
2021-09-10,-0.9131176363787105,-0.8984973793171015,-0.8768075947521106,-1.1671664065109342
2021-09-13,0.14402723373811932,-0.20307629751091177,0.6622326403329482,0.8277427154203378
2021-09-14,-0.5707657141262673,-0.3388961115781099,-0.8211044448005644,-1.4392844113170742
2021-09-15,0.7270482808155971,0.6222148206276437,0.5780172984069422,1.0594282338614933
2021-09-16,-0.20568090525748056,-0.011784313324248646,-0.20573374748972323,-0.5603930857944401
2021-09-17,-1.0552812258559399,-1.2924732453826768,-0.5445082289949165,-0.16301562380684814
2021-09-20,-1.7984535040130296,-2.2079210823245834,-1.865028223525742,-2.0475760956407543
2021-09-21,-0.24281801170534767,-0.04682993616822961,-0.2901627751475091,-0.35692181065130557
2021-09-22,0.8786564097095297,0.7963400699937027,0.9377425840032788,1.3297973870971551
2021-09-23,1.1891751114619762,0.8722153062645903,1.4752815307038354,1.8408396666250806
2021-09-24,0.19168043143823837,0.09102093204558863,0.14649765224435535,-0.09853326617574888
2021-09-27,-0.331074061809692,-0.8668527577322102,0.16235820936578121,1.8991504979288918
2021-09-28,-2.1247609563118015,-2.9738222495207634,-1.68858965657486,-1.4898861677724593
2021-09-29,0.05172324991924929,-0.31253857564544785,0.1649847317534262,0.19580932584131822
2021-09-30,-1.2661072723703597,-0.45535317132382885,-1.6018700448141348,-1.036486894530672
2021-10-01,0.9736261562256192,0.40672315957222593,1.2240305972050103,1.6187706884973259
2021-10-04,-1.2691932401573096,-2.141082229777463,-0.8832760024009286,-0.009092324726323195
2021-10-05,0.9248301425620568,1.213596802060444,0.8166335155152843,0.18523010585037042
2021-10-06,0.42153545771357354,0.5900009401357746,0.331935103287155,-0.5653529528886887
2021-10-07,0.80966308288235,0.8515447726318136,0.9317202134930939,1.1990074285352257
2021-10-08,-0.22052819938405493,-0.5497474812610808,-0.032175947869806175,-0.2967180230438956
2021-10-11,-0.7768484031824526,-0.8389992630796477,-0.761628904536108,-0.5765049052209745
2021-10-12,-0.3663805494240594,-0.4868462037986794,-0.44027871734100504,0.23630796209891275
2021-10-13,0.26116424340966415,0.6687321147446804,-0.07695659097365617,0.1256682251337866
2021-10-14,1.5933672790171687,1.7116681742785447,1.4802459572373101,1.2069180725958641
2021-10-15,0.7846540768146342,0.6150261480646916,1.129460191556513,-0.20007852173626883
2021-10-18,0.3132392683427617,1.0029866019660238,-0.07002297656534259,-0.13506039709944578
2021-10-19,0.6548340913471968,0.647702050897587,0.4586270910053347,-0.038643113403471874
2021-10-20,0.36478893566727133,-0.18943882454041752,0.40508780131622396,0.8882186487682057
2021-10-21,0.21689539832485122,0.5367157390964975,-0.049569216640236544,-0.050102501973736155
2021-10-22,-0.17476499044539381,-0.950083130213164,0.14507053068011136,-0.20260018799594934
2021-10-25,0.5038350112770595,0.9563419195534626,0.1659809388897754,0.912433942586611
2021-10-26,0.0011267021210729505,0.20151945618940592,-0.025033818643957248,-0.9322721285765851
2021-10-27,-0.4931695807905651,0.15254992463943806,-0.7879317886762396,-2.0746895705981823
2021-10-28,0.8331165553697057,0.9734547560642827,0.555192192994999,1.4149917581405838
2021-10-29,0.12849739128285503,0.40087077131547394,0.1980907488854895,-0.2427430434830061
2021-11-01,0.12554557679782224,0.265437023260455,0.23095542798521163,2.426137967060026
2021-11-02,0.2890390155574222,0.30307968365757604,0.31269522941694017,0.4643534753151771
2021-11-03,0.596851217109345,0.9992702585882134,0.2902087447441952,1.691846273935648
2021-11-04,0.38103971462605635,1.1649791499484095,-0.16366858073425644,-0.5530583873735908
2021-11-05,0.2758356148975566,-0.010626959543811126,0.48545220950578816,1.8247135522137536
2021-11-08,0.013517817178451186,-0.22235739652050876,0.24760748871214738,0.21518797096848263
2021-11-09,-0.35363657215657585,-0.7489208366520163,-0.31208706596713814,-0.7364973247928364
2021-11-10,-0.8722124344512701,-1.5705928251101149,-0.7176873221433813,-0.9964524253102715
2021-11-11,-0.05867938330266265,0.1559947170531072,-0.5153367055814239,0.61075628138984
2021-11-12,0.6266445302313501,0.8868539462430667,0.38843770900969443,-0.21570577646111339
2021-11-15,0.013499825631026422,-0.0964526903980383,-0.05017106466500587,-0.07357059273454147
2021-11-16,0.31340224773271175,0.6132174326138371,0.08050747416323496,-0.20045943303594793
2021-11-17,-0.30887559064264847,-0.04123201037578261,-0.6390118967677917,-1.2084661612165566
2021-11-18,0.23157426846684342,0.903838584068669,-0.2746279060699773,-0.5123690035109626
2021-11-19,-0.28731780176400257,0.424427250499603,-0.8511809248034254,-1.1213055915983179
2021-11-22,-0.4221219721108187,-1.3244840206205402,-0.09312703743328021,0.3699666260897442
2021-11-23,0.07074735721804888,-0.5493765607928247,0.508089327177127,0.2357102715831181
2021-11-24,0.2627915550357726,0.27441420814497625,0.001341616103323149,-0.18038041722828613
2021-11-26,-2.3189862443808873,-2.0028145786367912,-2.618512265335307,-4.027546438249077
2021-11-29,1.0032718021906875,1.919393882510979,0.4540568904856026,-0.6427975315095509
2021-11-30,-2.027655330839645,-1.5765481298240611,-1.9071539447203223,-2.4232985852879114
2021-12-01,-1.339677523726968,-1.914477334821249,-1.5527787077075537,-2.274417340764516
2021-12-02,1.3984429767663449,0.5662341221294797,1.6842839697224903,2.8572251733642275
2021-12-03,-0.8459103166563271,-1.7854437872730713,-0.09914444226400584,-1.1651614824265604
2021-12-06,1.163636822680696,0.7526374634337645,1.8552799019157489,2.1403591951176937
2021-12-07,2.0779661879813447,2.9796771946912837,1.4841286328335168,1.4374857945122699
2021-12-08,0.2730110965554507,0.4368883129927201,0.10283170173891427,0.5200121200855141
2021-12-09,-0.7619438569443239,-1.5762742210577292,-0.08511550842185392,-1.7534584268992173
2021-12-10,0.9229072457914325,1.036776812712722,0.6135556061164673,-0.022195916593010748
2021-12-13,-0.9281367868279452,-1.5121282500557052,-0.9167079845975813,-1.5861310398745492
2021-12-14,-0.795729408043846,-1.166436296153234,-0.4079563128389976,-0.7055055465696237
2021-12-15,1.460995362050286,2.136418893792814,1.0250423069593835,0.909767786660391
2021-12-16,-0.9053367427457251,-2.6554080507201547,-0.08452190974998494,-1.108418968306961
2021-12-17,-1.079094727070271,-0.5337969649609411,-1.4960493569304059,0.12176922405743142
2021-12-20,-1.2877293132394168,-1.2028548137864339,-1.4215219176455922,-1.6460016650616036
2021-12-21,1.637475114525359,2.044663377141301,1.4810452970566836,2.7807064860968014
2021-12-22,0.9761040570754463,1.1546637076090382,0.756734854671563,1.0502626081214776
2021-12-23,0.6062523874169884,0.7085547344974343,0.5286559977514937,0.647592839560282
2021-12-27,1.3648318881846553,1.5730050008333523,0.9447364843293354,0.98229804421744
2021-12-28,-0.09225078613171214,-0.5091282834951515,0.2526565122936637,-0.3377707901505721
2021-12-29,0.08981767135849757,-0.07583016901881678,0.2252848436668365,0.13386224900589588
2021-12-30,-0.3329935253268549,-0.3718322713258202,-0.27817327665390534,-0.3009139647613754
2021-12-31,-0.33749811801330176,-0.7303173364814471,-0.23007537153790003,0.009993372387821081
2022-01-03,0.5042322617159631,0.8575709614689757,0.6245593658891726,1.1647772563941772
2022-01-04,-0.08530204159957314,-1.3842131150742998,0.5725174518090059,0.6898774936763458
2022-01-05,-1.9270372175832664,-3.1352257612453,-1.0393660054753733,-2.177055158870029
2022-01-06,-0.16850812552270894,-0.16894736441685726,-0.5115230430548818,0.7534223573742322
2022-01-07,-0.5257293382518442,-1.2416913177787978,-0.11250278392184138,-0.5370481144647095
2022-01-10,-0.15139731550725696,-0.014038697257938687,-0.4565770011884369,-0.38784626596541333
2022-01-11,0.8039631893464065,1.3639330610637594,0.41564762225496243,0.6076836129702203
2022-01-12,0.2072277157090132,0.299282990365069,0.0575962971776168,-0.4654646030724416
2022-01-13,-1.443616675944487,-2.613880444154505,-0.5425180373556465,-0.282907232391057
2022-01-14,-0.049992464174903814,0.5196996042804051,-0.6074025627932531,0.5437182960357169
2022-01-18,-1.9117647885722566,-2.675325797763389,-1.6310204725687116,-2.506705432381051
2022-01-19,-1.15561725390836,-1.2560727159860092,-1.0722898659657254,-1.7205595471957968
2022-01-20,-1.2433433343905393,-1.4633983475337828,-0.9927305424901677,-2.1606885039718384
2022-01-21,-2.0940937162649695,-2.9409301312874105,-1.3874789905947404,-1.5998440224771815
2022-01-24,0.27701055261100954,0.3061566471631368,0.18970253953947352,1.6395102550935485
2022-01-25,-1.306041532990755,-2.456168684464386,-0.2297121245449163,-0.5394296667404868
2022-01-26,-0.28038201988295636,-0.21913192270602405,-0.3682259864418243,-1.2080404308839094
2022-01-27,-0.5656637412816887,-1.1044623408809657,-0.07127180974304159,-2.12500391073135
2022-01-28,2.4167884025308015,3.0312605437568445,1.629290590371494,1.2550324382943452
2022-01-31,1.7861122092568138,3.1244478424554805,1.1691818245314063,1.828836642707731
2022-02-01,0.6053725145601643,0.5988417537660616,0.7092883707898615,0.8064026657041216
2022-02-02,0.9447821690149232,0.7726773880507303,0.6169446953644732,-0.6144371977762052
2022-02-03,-2.366885244043117,-4.165182321162854,-1.466433702453792,-1.497237183666189
2022-02-04,0.3335832535842782,1.109133695291963,-0.17023630813498541,0.07668447656806249
2022-02-07,-0.41246983770399603,-0.9450435342930092,-0.054256832455226195,0.23002548421977712
2022-02-08,0.7545410944818061,1.0287731753522593,1.0116388397949312,1.3530789071661768
2022-02-09,1.432639193050146,2.0517570466387003,0.881429867735116,1.260231198032608
2022-02-10,-1.8416660641884643,-2.3369323599437806,-1.514716276611419,-1.2358115952543753
2022-02-11,-2.1490090394843526,-3.3888639676697707,-1.585023907428765,-0.5536069958960301
2022-02-14,-0.4650699353084453,-0.04573245559178879,-0.590758441521272,-0.4743562188336068
2022-02-15,1.505186100577485,2.311888454375781,1.15533047403276,2.252447173909295
2022-02-16,0.06734901780935634,-0.09420798783283879,-0.17225417039323965,0.3967932507085258
2022-02-17,-2.226650658700054,-3.1112872605922703,-1.8764113697072649,-1.821097172313496
2022-02-18,-0.8008949961200315,-1.3277548365706322,-0.8164920426427034,-0.6893764004802868
2022-02-22,-1.1713512635910854,-1.1510597180946291,-1.4905163187542747,-1.3841678516339
2022-02-23,-1.9459502975294822,-2.7860366116785196,-1.5422388634606887,-1.5823574162319898
2022-02-24,1.3559906054455653,3.1337904547124453,0.17053117702738066,1.3684249350216429
2022-02-25,2.060358178216617,1.3793072004337428,2.377873094917859,2.3851587284386526
2022-02-28,-0.1480973244114558,0.35421846655037215,-0.3705182036426124,0.37238543644016
2022-03-01,-1.6619263256770787,-1.6688197675121397,-1.9022179070911636,-1.997310153062947
2022-03-02,1.6562129489951032,1.475090730890936,1.6100122023253325,2.492804066443348
2022-03-03,-0.47607056593963654,-1.4728119461534543,-0.2237256168596053,-0.25294587120515305
2022-03-04,-0.8547921681440517,-1.5309374311015884,-0.5790502826434508,-1.065234871547217
2022-03-07,-3.065035365772146,-3.869379120342056,-2.4496548149526602,-2.144064945311317
2022-03-08,-0.9751666437465059,-0.6850590410465874,-0.7375868360668093,0.2706682337666618
2022-03-09,2.5132455782338363,3.3746859314835387,1.9166058320132433,1.9663098558905572
2022-03-10,-0.40254519869458794,-1.114930679669423,-0.27748738535940054,0.32024638651210313
2022-03-11,-1.3657991827729634,-2.1905898244992015,-0.7891375190778227,-1.1031608945346105
2022-03-14,-0.8113053547167093,-2.053427306629544,-0.040683069955840666,-1.035499076882328
2022-03-15,2.1598476009770615,3.0385983868042397,1.8273808791945705,0.7753549590237047
2022-03-16,2.220069097963471,3.637766124798541,1.5889356907901862,2.20987961905067
2022-03-17,1.1900551412033746,1.1597028587249794,1.1710406539912055,0.7823801097186918
2022-03-18,1.1081155343771973,2.025133446509081,0.8059664395238718,0.3551548491947205
2022-03-21,-0.07702353810848689,-0.3368590246636357,-0.6182844210604006,-0.32168078409719614
2022-03-22,1.0597838201103171,1.8286158131425572,0.6085887132208073,0.49330754797833004
2022-03-23,-1.3433027660361774,-1.545522962997727,-1.3298728938096576,-1.4710581212768867
2022-03-24,1.346961478170985,2.0453336928457793,0.864679945813509,0.7065625839363121
2022-03-25,0.4605199473844452,-0.1537461899484206,0.4366868414407615,0.9215594333844448
2022-03-28,0.6716293178165107,1.4738843541599966,0.23194145521293086,-0.28435912808425307
2022-03-29,1.170223330597102,1.609809004703338,0.9104506101243174,1.9704552556282675
2022-03-30,-0.679608522108347,-1.1830281396424929,-0.22612598433188053,-1.7901230200397578
2022-03-31,-1.5753440459025583,-1.2982944644225283,-1.5921164313216896,-1.126921181428278
2022-04-01,0.07193285967711452,-0.38902663611175303,0.22605681852418047,0.5839085022212606
2022-04-04,0.820874596655254,1.9621550032037598,0.2968514824815659,-0.07794870283896323
2022-04-05,-1.34139257682751,-2.3439438741585654,-0.8679995696793102,-2.3354553651217143
2022-04-06,-1.0811479170403397,-2.2812324811714846,-0.4888452083269719,-1.0814143858209733
2022-04-07,0.43260227589413974,0.14203582339647558,0.22206071837336985,-0.6004949841239925
2022-04-08,-0.29305955326897215,-1.47925139003744,0.38177977710152083,-0.37319747874297193
2022-04-11,-1.7390958638095786,-2.4406181959358744,-1.1838946418695526,-0.7207848815739935
2022-04-12,-0.514680050104511,-0.5725318273641404,-0.35912087634470224,0.31533079725027013
2022-04-13,1.0516695428573328,1.8912665921708858,0.9558826951354356,1.814086833569969
2022-04-14,-1.2972311306766442,-2.383070104713884,-0.33480455354510896,-0.3559549905144764
2022-04-18,-0.013606789996276056,0.01746071538698627,-0.1388060614335383,-0.2546205311979951
2022-04-19,1.5380631889466654,2.1186024001613584,1.400924682767335,1.7395760809192353
2022-04-20,-0.08747086872705351,-1.5116771277665007,0.7287583688436624,0.6821860424757341
2022-04-21,-1.4883556130489082,-2.091508408519242,-1.0152492549955277,-1.8307287991019487
2022-04-22,-2.877878515422769,-2.768524095917214,-2.9304599321819444,-2.590613486692587
2022-04-25,0.30894863534640077,1.0089136280736826,0.4621582353409322,-0.23208224966716293
2022-04-26,-2.9802570693863375,-3.9311143294975968,-2.3873642972127747,-2.567604952841452
2022-04-27,0.08010859728285863,-0.2990956128719634,0.0022333199525289005,-0.4442369916177584
2022-04-28,2.4621930974883717,3.3997368454709056,1.8286157352030408,1.8542120841019216
2022-04-29,-3.7562289542849396,-4.6356672429771955,-2.7886737690373122,-2.826178156959419
2022-05-02,0.3615430483583044,1.4453420399338148,0.03926548787618031,0.07654926302372836
2022-05-03,0.37505644731392224,-0.00907831670325819,0.177095975867647,1.487512845207393
2022-05-04,2.9316028379091943,3.2367754665795077,2.708802125205164,2.584499377612327
2022-05-05,-3.5041372058499567,-5.12382896143264,-3.041831094634003,-3.2674233522989944
2022-05-06,-0.8121228906082373,-1.4078424027947996,-0.535040067123325,-1.3549164021499138
2022-05-09,-3.3118363296235547,-4.116071582222865,-2.011434778413653,-3.5547377246498186
2022-05-10,0.06126224726105739,1.0462481073304033,-0.37091143547576655,-0.6378037640162455
2022-05-11,-1.7253652667098038,-3.1385380825886338,-1.1010432380592277,-1.7202269577319282
2022-05-12,-0.19263305131941696,-0.34438492808872306,-0.4013144376463215,0.602504131679575
2022-05-13,2.256539973488355,3.493257628118116,1.3832205724018733,1.9469352130743942
2022-05-16,-0.41596754265932834,-1.2306422040843128,0.0777370973540748,0.22945502815774765
2022-05-17,1.9874065410493749,2.493617542515873,1.288211331843702,2.859346405790645
2022-05-18,-4.133372262314841,-5.094405725419075,-3.6383561969313067,-3.1179230784424607
2022-05-19,-0.8760938984987443,-0.8069643614748675,-1.0189824432118444,-0.4953888566687808
2022-05-20,-0.07451263518354558,-0.48755508132568426,-0.03927136223040706,-0.29284445605970083
2022-05-23,1.8110560113916572,1.5621286176619529,1.930193826386091,1.4544657208539522
2022-05-24,-0.7048484019413631,-2.132436584078576,0.238110896861143,-0.8427889812570509
2022-05-25,0.871073924868841,1.371280663797284,0.6095787768810451,1.8121874006946392
2022-05-26,1.8987393039157723,2.638057602891002,1.5535192096337578,1.8167900630465745
2022-05-27,2.44450788818165,3.192172154480463,1.7761026663384505,2.3453731273216594
2022-05-31,-0.5514644160777763,-0.27872329517840433,-0.6725878820750713,-1.0496033394357558
2022-06-01,-0.9248804518811209,-0.8635896990151377,-0.657760141819293,-0.344607272268869
2022-06-02,1.758126989033534,2.5660287239727837,1.2304714554464655,1.625938615182248
2022-06-03,-1.66395877700187,-2.6803121570487587,-1.0455928816995814,-0.605634159418204
2022-06-06,0.18631864075112398,0.20862673116713581,-0.05560096104990837,0.4866249595161065
2022-06-07,0.8928917221872975,0.7508041385055846,0.7634697558694853,1.4724564176254222
2022-06-08,-1.1151207897448938,-0.7878858168205959,-0.8239360445646398,-1.7031200371401793
2022-06-09,-2.5205057091903713,-2.8407522001806194,-2.048336485269335,-2.035226217586175
2022-06-10,-3.1457230527065017,-3.778969127529441,-2.9250057810092214,-2.5551619327485793
2022-06-13,-4.09591794182428,-5.00465458306201,-3.0228690082597085,-4.82275826863857
2022-06-14,-0.4914445683471408,-0.03781529915657053,-0.6267820373498432,-0.5506095612712412
2022-06-15,1.2761744741368717,2.315548165906428,0.9138022175622013,1.0373337823873596
2022-06-16,-3.4124150458871014,-4.188688504583431,-2.4704909047748767,-4.615439318271244
2022-06-17,0.045101852850816554,1.054342427466326,-0.2807441873645816,0.041786382682277357
2022-06-21,2.3400593185405882,2.3437710493754014,2.037213314198608,1.489833939855311
2022-06-22,-0.10042023848865049,-0.1118752488072107,-0.07448346832054424,-0.5347004163117659
2022-06-23,0.8919851726851431,1.3877880125880437,0.5512550937418534,-0.1436452825145252
2022-06-24,3.0908404649818406,3.3043588189894,2.6222545029454323,2.6338385112998957
2022-06-27,-0.3029654363594246,-0.6953580182837531,-0.11815504000419853,0.46970287445682746
2022-06-28,-2.1526666871238467,-3.1885298797387853,-1.6638279009824608,-1.667681269159434
2022-06-29,-0.20770548254347246,-0.06202111684862399,0.16238692052914494,-1.2109300078185867
2022-06-30,-0.8501054182052566,-1.3222679593370676,-0.8043066454902044,-0.5367661719096076
2022-07-01,0.9226082224620662,0.5331151387589493,0.9262163423012271,1.273086617855921
2022-07-05,0.19420813607267307,1.6476017968726535,-0.38715138325487675,0.3226329670191083
2022-07-06,0.1865151608398452,0.47849804355143377,0.08643455408699291,-1.0182487935754772
2022-07-07,1.4458646443938132,2.053281282190556,1.0775782179578322,1.6909995335214578
2022-07-08,-0.13364323618777163,0.06284724869476101,-0.17914416590098076,-0.17993494451373915
2022-07-11,-1.230149091873184,-2.2556325026981767,-0.6022183113640107,-1.7859442818733382
2022-07-12,-0.9411501874952061,-1.0502473353746993,-0.6483138496685086,0.12138202111705224
2022-07-13,-0.6670396087283021,-0.3528112029669169,-0.765179728390776,-0.4020090100496359
2022-07-14,-0.35770279183530146,0.21688677389579497,-0.5553765181006712,-1.2111819630164282
2022-07-15,1.7916852427989394,1.6727596766502881,2.0419990246123696,2.029662795034672
2022-07-18,-0.7838086498026249,-0.8304828278016025,-0.6073589244590697,0.031884333034828835
2022-07-19,2.541458931407998,2.9117675915727386,2.286631629108144,3.2131085996346105
2022-07-20,0.6975780275433968,1.5842850009839242,0.24254096483701668,1.4201626806135221
2022-07-21,0.9161368689082804,1.320850381366727,0.40421321448185576,0.06316959540062433
2022-07-22,-0.957572014861549,-1.833784251448071,-0.4653767318226517,-1.284745566004012
2022-07-25,0.051948152096471994,-0.6598376658042365,0.23018534078216052,0.6427562274512033
2022-07-26,-1.2370506987734973,-2.0620706191683404,-0.7329143386308683,-0.4835364061839307
2022-07-27,2.4746562504364653,4.01949578499413,1.3021453850268996,2.075772158631472
2022-07-28,1.2168126202017429,0.8950971704053415,1.0041559247980647,1.1757998905908957
2022-07-29,1.4515949670064283,1.775769861576396,0.950695167043214,0.5942318800877765
2022-08-01,-0.3037095116405888,-0.10876073745686171,-0.15695490665757858,-0.012237047257502943
2022-08-02,-0.7687688018489748,-0.4104785814280372,-1.3188807507829678,-0.6809323148407826
2022-08-03,1.39415363769568,2.512049071885682,1.1173211568264105,1.0590051806286902
2022-08-04,-0.0937318062100936,0.39675645601047704,-0.25358764952966717,-0.2755337136538191
2022-08-05,-0.27648667432535184,-0.9190157045259736,0.13039931252579784,0.45168456239376553
2022-08-08,-0.16579112866496204,-0.3945977863244078,0.06967756806273517,0.9969412505514291
2022-08-09,-0.4670791208216043,-1.2325336715883206,-0.2128711711483933,-0.8937952074162967
2022-08-10,2.0541736054634026,2.6868930242041147,1.604878358952107,2.351563246070633
2022-08-11,-0.011554374950712317,-0.6166219744247607,0.09566322539265135,0.5769061140432822
2022-08-12,1.6314486948789837,1.8578427457810374,1.2133105989333715,1.9781588989091814
2022-08-15,0.4117884187596193,0.7544562342657082,0.4594414695970321,0.4222361532988371
2022-08-16,0.1463069136370919,-0.30581488539769297,0.6677330897926417,0.15616658372877776
2022-08-17,-0.7226627152932131,-1.1712498807172398,-0.4827780762200177,-1.6525131852927806
2022-08-18,0.22337446933355593,0.1613778421937111,0.0015630334162786627,0.2672766944497502
2022-08-19,-1.4371319918885752,-2.077091687957475,-0.9275446282571354,-2.101446514626251
2022-08-22,-2.1885539121550446,-2.7798860290032894,-1.9902622723849754,-2.388974080393245
2022-08-23,-0.4203352547843191,-0.26998421353719987,-0.618117882740898,-0.1664723025822475
2022-08-24,0.20181061548273677,0.1334998734099965,0.09747891270242973,0.39869686396812964
2022-08-25,1.345313896320788,1.657165113787083,0.932261354838439,1.504638285007466
2022-08-26,-3.4669829875955385,-4.248077974823331,-3.0915223810344816,-3.0574722620575807
2022-08-29,-0.8998413137042077,-1.229296588324692,-0.8064564845079318,-1.1759160955493528
2022-08-30,-1.1902021391949629,-1.2597380093916177,-1.0054997913304662,-1.4500328865791712
2022-08-31,-0.8927738965115642,-0.7300650499705709,-0.9862632322786297,-0.8409158694448298
2022-09-01,0.1717059583287876,-0.11317989047077925,0.34759006842748397,-0.9714654869304097
2022-09-02,-1.0670706018362695,-1.4710138939362418,-1.0595225359743636,-0.7263321906684889
2022-09-06,-0.5278385699990737,-0.8737011103246928,-0.6901069533777379,-1.3883176325404212
2022-09-07,1.710268474474299,1.8787656169520706,1.327770887648027,1.818721122066013
2022-09-08,0.64314448473161,0.46299222746916513,0.6196433855655081,0.5814342159218909
2022-09-09,1.5199951190728163,2.110427998389055,1.1585337710459094,1.9459381017587931
2022-09-12,1.0379307207437891,1.12353530461875,0.6970640426190693,1.2546572361653012
2022-09-13,-4.47083118486282,-5.695696228880945,-4.054077585368619,-3.829200870672916
2022-09-14,0.09934492215000701,0.5032788758209659,-0.18555379177329584,-0.17484464699783414
2022-09-15,-1.2128530658275385,-1.8210570103768249,-0.575442339867114,-0.4778718579754077
2022-09-16,-0.8665282289782128,-0.7249362187311214,-0.5175791022289652,-1.0977690041517874
2022-09-19,0.6801972717853997,0.6693632891472305,0.5891616647764334,1.0558136700365062
2022-09-20,-1.1988441606476132,-0.8631621277519498,-1.034678309397812,-1.354413668310182
2022-09-21,-1.8974890076914672,-1.9538599129174616,-1.8328419601660515,-1.6235303790896767
2022-09-22,-1.0297767348343028,-1.428057015041506,-0.5136021438720919,-2.1505775750012943
2022-09-23,-1.740989452297613,-1.7295708538312373,-1.6411788585441314,-2.436335513657121
2022-09-26,-1.1752385744877967,-0.5871665971876943,-1.273818377796609,-1.910414358139258
2022-09-27,-0.4192242193354822,-0.13445398197034863,-0.5594229898127058,-0.36290356345082775
2022-09-28,1.8258732142370016,1.8340027343512035,1.7696704412207602,2.5419471253545383
2022-09-29,-2.0798613811550726,-2.9360684352856525,-1.4970679816992456,-2.43287177420296
2022-09-30,-1.671526557092276,-1.8330924300761458,-1.8362135505033508,-0.7967470544832843
2022-10-03,2.4042314185992457,2.1006062327362995,2.4614141544051917,2.3308182776184245
2022-10-04,3.171965415019828,3.1340640881758275,2.9131623957226833,4.049186698953469
2022-10-05,-0.14914262789384142,-0.0007632549792442253,-0.057431140420771964,-0.8885014450771401
2022-10-06,-1.0914888033448873,-0.8604493120576905,-1.2143738288520447,-0.7884562129851495
2022-10-07,-3.0010403459010373,-4.054514134239014,-2.2772747914325673,-2.6784368703149983
2022-10-10,-0.9299754987475441,-1.1882316469050913,-0.45001810788354685,-0.43900722698509703
2022-10-11,-0.7254715322127689,-1.5041564593205516,0.0980407349609706,0.38204933074241404
2022-10-12,-0.38009393657956425,-0.09906941058367363,-0.09423240654321341,-0.16792173939363492
2022-10-13,2.5274664880746442,2.2286150038287222,2.758360681023821,2.7203816462471724
2022-10-14,-2.1924737777768004,-2.9759084618708553,-1.2080852652947565,-2.1045377386354747
2022-10-17,2.415222823756124,3.143681225549685,1.7425245492216572,2.71657982462654
2022-10-18,1.172160677271242,0.7567541497991583,1.1499323009589695,1.2017934338920258
2022-10-19,-0.6866102066816103,-0.38020760401892356,-0.3162256816969715,-1.5479343627858126
2022-10-20,-0.928391687399102,-0.6064091964273679,-0.35548278163583313,-1.5755729330987203
2022-10-21,2.295067077051636,2.2315968738022436,2.3870530709907287,2.088520499982857
2022-10-24,1.2916799705028206,1.1520494495075282,1.4424339633447194,0.6393164141531409
2022-10-25,1.6141912278622983,2.0619196585665285,1.0964641271249946,2.320432850286136
2022-10-26,-0.8049028743005987,-2.2964985878404462,-0.03554083937344195,0.38755262820371705
2022-10-27,-0.5560861897344432,-1.895202883065358,0.6027730296514343,0.5018281253638759
2022-10-28,2.366402707340173,2.9905912451012395,2.62948383757646,2.336320635297972
2022-10-31,-0.6479715004519028,-1.1155727819630714,-0.26302603876106123,0.2651177772773507
2022-11-01,-0.5343028555450983,-1.101199597554809,-0.3305318477432368,0.07449914275381463
2022-11-02,-2.604603250381441,-3.5866871972924064,-1.5973700313731165,-3.032074386811007
2022-11-03,-1.1460373301620965,-2.1044883824378653,-0.5263502491589727,-0.715904808751184
2022-11-04,1.3445280879864394,1.4966564023102917,1.220098816463302,1.7475562381977523
2022-11-07,0.9486876547005962,1.0497378010354212,1.3273753833492752,0.47848322861846043
2022-11-08,0.5615726202938737,0.7263302429383396,1.0588499369063897,-0.06675558852174208
2022-11-09,-2.092734177669098,-2.33658680837277,-1.944756924830187,-2.3015679551382804
2022-11-10,5.158344447795023,6.951312476837119,3.4483741308014957,5.275371585863853
2022-11-11,1.0394152783720068,1.8279485522911392,0.18000099195976127,0.7965127952365574
2022-11-14,-0.9336379287123281,-0.9835005095191685,-0.7639045942261777,-1.2295896600246465
2022-11-15,0.7435920578753888,1.246681434287594,0.07773317039093063,0.9816360581203295
2022-11-16,-0.8576784143953786,-1.4914455766078853,-0.1979812389872017,-1.8041694577661336
2022-11-17,-0.3336940295027257,-0.28395245281660475,-0.029357163887464403,-0.7751417107841994
2022-11-18,0.3675684602156594,-0.07917940753761389,0.5504246245181721,0.48066657684775926
2022-11-21,-0.3919494085598765,-1.0793097261673759,-0.13805105366742162,-0.2073561920600989
2022-11-22,1.2829680914285935,1.3470660062770814,1.1348807411014659,1.0411812100162448
2022-11-23,0.6338608231186291,0.9604961691908168,0.3071552070189065,-0.007329782118401238
2022-11-25,-0.07902703278782797,-0.7374011907668623,0.3866478001154532,0.17238153937641745
2022-11-28,-1.641594301604259,-1.5328124903337386,-1.465158576304007,-2.0444302815915045
2022-11-29,-0.32699305272698276,-0.9187030022633148,-0.12215746563737687,0.41616747832006906
2022-11-30,3.0300834236284455,4.359229140285518,2.1198781889752465,2.3058221775229923
2022-12-01,-0.03625946221354232,0.10570433082819164,-0.5222958872619252,-0.35189710712414307
2022-12-02,-0.22926678152974786,-0.5200707373820959,-0.04281357162104721,0.35651791354184303
2022-12-05,-1.886430086012568,-1.7982225074977884,-1.453737403981423,-2.7594469980362124
2022-12-06,-1.5867215894192548,-2.2375321884107477,-1.143275890024458,-1.1654125541300424
2022-12-07,-0.3074246510225818,-0.5475971193654746,-0.08747599684639919,-0.6050957781664869
2022-12-08,0.729865398362601,1.0897341267784966,0.5287239754041375,0.60053309216912
2022-12-09,-0.8049952017765177,-0.7167065823039245,-0.9414669615321767,-1.1468623732787173
2022-12-12,1.3054019215197668,1.1084181322551847,1.4436765450134965,0.7494695976198442
2022-12-13,0.793248859383881,1.0636255182563314,0.373537474770984,0.38242817908500193
2022-12-14,-0.7048758787938822,-0.8200486368976001,-0.48738694277046013,-0.7519020618488762
2022-12-15,-2.5745094920302467,-3.5313661083868557,-2.3527764983232395,-2.3920945315531936
2022-12-16,-1.367884084206809,-1.1527764028818208,-1.0202231345296817,-0.9978017778760095
2022-12-19,-0.992146945988146,-1.5896078758105732,-0.5739608585126134,-1.0555869129964779
2022-12-20,0.06378242676894975,-0.16913811949194102,0.23959928038373696,0.3016296629553463
2022-12-21,1.4308451223313308,1.3602004528024036,1.5713964158314635,1.4324733546096957
2022-12-22,-1.4035337240591204,-2.4781110858063995,-0.9911659171050982,-1.0174198540546548
2022-12-23,0.47190484897050683,0.11487378752423003,0.43544411877230127,0.49478239910075944
2022-12-27,-0.4163723289493548,-1.4986812119190944,0.11956000746911219,-0.37539334674128344
2022-12-28,-1.2720338366755284,-1.3856757080984923,-1.1092035065748889,-1.6379575953548262
2022-12-29,1.6530711675189593,2.26213179556953,0.9394301548350188,2.161972443075726
2022-12-30,-0.3129119165923031,-0.14620399338823312,-0.25311386764153115,-0.40532701067654
2023-01-03,-0.49914178657421016,-0.7830233465258043,-0.10547886888305556,-0.3613443182419751
2023-01-04,0.7010054996410887,0.3933022820439499,0.3689105487027194,1.3409925618019645
2023-01-05,-1.1945380313614664,-1.656349794410778,-1.065351351287505,-0.9769941983634355
2023-01-06,2.157890019441834,2.5735899638805937,2.002993717195756,2.111494063381441
2023-01-09,-0.011501893735918652,0.6397834857954795,-0.25430234379069505,-0.06935618268914506
2023-01-10,0.5830359211001824,0.7325251018368606,0.43742756335829847,1.0980419097378415
2023-01-11,1.2023193933934904,1.6362071712039492,0.7602320729003911,1.222331733412599
2023-01-12,0.33452011076832844,0.4740048425092487,0.6093863934048249,1.6644707559517873
2023-01-13,0.3242384418289585,0.608065875971733,0.29893796849813503,0.47592543844669494
2023-01-17,-0.22653321154606282,0.13915914901474324,-1.1752013663076402,-0.22638738362533622
2023-01-18,-1.7459448456887694,-1.4866528239981227,-2.0045810049264654,-1.9009382154823953
2023-01-19,-0.9219595937245124,-1.2190254434489638,-0.943025780046793,-0.8952397729169917
2023-01-20,1.7340001361548687,2.550975739482842,0.9099163359269431,1.534738530473415
2023-01-23,1.1542616422137315,2.111292125839315,0.7266015406316642,0.8786105198760438
2023-01-24,-0.16442838386558398,-0.28482066766265646,0.25455911383621277,-0.15834089066674228
2023-01-25,-0.013132679907977951,-0.27775202133900956,0.003681597795510111,0.29051215796489166
2023-01-26,1.026888438980437,1.85098260656504,0.5594095632039591,0.4377094660670529
2023-01-27,0.18071719402513275,0.9071332726782823,0.04697951885480196,0.5664669951723453
2023-01-30,-1.3737640716889585,-2.1549555595540304,-0.8616830950062224,-1.195718490968047
2023-01-31,1.3748293983169548,1.3884736647199791,1.024045534186079,2.4077681331096414
2023-02-01,1.0323786905966947,2.048067987202621,0.021818179499005653,1.225220211851121
2023-02-02,1.3500938232852793,3.389620337030728,-0.23094699415412479,1.9265997971322097
2023-02-03,-1.2342786242465948,-1.9919669566506102,-0.5615466959206026,-0.47905995566943016
2023-02-06,-0.6784630987993165,-0.9492757059222814,-0.14953969132392395,-1.376821467205938
2023-02-07,1.2559432391667082,1.9868533205529104,0.7793588081247724,0.4939668856535988
2023-02-08,-1.1506996822893922,-1.856182710682831,-0.6437445243896063,-1.51396085420278
2023-02-09,-0.95544957804058,-0.9813476432608934,-0.8076439512907148,-1.6489941325648088
2023-02-10,0.12262631475310543,-0.7840592856522155,0.42320546283824334,0.1338514389369749
2023-02-13,1.150057371599535,1.5401510467724266,1.1153054916660903,1.1144330303627226
2023-02-14,-0.06386589121600078,0.6879455134615469,-0.4480409316275503,-0.28560847945760853
2023-02-15,0.19922037752574845,0.6369365142788839,-0.008599165161097391,0.7878707991803071
2023-02-16,-1.4828255428033508,-2.0098037572691303,-1.3459835616354177,-0.811350385846036
2023-02-17,-0.3822275327728639,-0.8620984891388126,0.262458001572627,0.18111085358750828
2023-02-21,-2.057390737393357,-2.468162620044896,-2.0582995186887314,-2.7560719788568586
2023-02-22,-0.30141374788790687,-0.09659926516875483,-0.4166856339368046,0.06614987229007147
2023-02-23,0.4122251284049985,0.7171328182872685,0.25236435850767336,0.4262906805834036
2023-02-24,-1.1307571176952484,-1.7764996235687351,-1.0610537784590994,-1.0214174491269044
2023-02-27,0.22903277783667764,0.580749371924914,0.11156607825430977,0.17701419406087154
2023-02-28,-0.44134795751763484,-0.2398441482599468,-0.7474514645055151,-0.0815113434350112
2023-03-01,-0.5158676675465371,-0.9532216546189192,-0.10983652769971569,-0.3178587041832027
2023-03-02,0.723703653151598,0.7360734004030413,1.0218008848653524,0.19115803149036031
2023-03-03,1.5965019250626997,2.0274058077375994,1.2080814941212574,1.24835740469239
2023-03-06,0.05060091838819869,0.08305633689774732,0.10842215576811677,-1.652423704452566
2023-03-07,-1.5783871560023044,-1.2883466614173098,-1.7701240633805126,-1.4157167933826749
2023-03-08,-0.060714730834808106,0.28994923894054275,-0.3811296442299875,-0.17665081710504127
2023-03-09,-1.9532613964713184,-1.879489952722166,-1.7401080372353925,-3.1560093055379093
2023-03-10,-1.6068492330576256,-1.5808481182238354,-1.2138447920684974,-2.865355423057144
2023-03-13,-0.28036552203285486,0.6007927107189396,-0.3748629516642455,-2.4852469958504986
2023-03-14,1.5375422160315408,2.1718130049068125,0.9818911127900403,1.455097635958839
2023-03-15,-0.6935501936346706,0.45688442172125965,-0.9284602096515934,-1.6950870985061126
2023-03-16,1.5911885369795595,2.450032165188041,1.017937982776578,1.1157426341607584
2023-03-17,-1.2154579933837606,-0.5288895400729813,-1.2229863946089876,-3.092563298604678
2023-03-20,0.8182182794716298,0.2187173746008996,1.0553940211773565,0.7701218301662998
2023-03-21,1.2986659630360189,1.3975267520814985,1.0065366278212966,1.9993933244775937
2023-03-22,-1.7478820144505909,-1.4262313961034896,-1.6630145717151594,-3.1236588832245493
2023-03-23,0.12594177195588413,1.0188309661728436,0.09254443409079327,-0.9908070184071569
2023-03-24,0.5590885487716815,0.27007079927905453,0.36407220950793145,1.0077047996744026
2023-03-27,0.12518427202402027,-0.7554410121226449,0.5469954837677821,0.9900463790189599
2023-03-28,-0.2322394591237867,-0.5865517650981653,-0.10200770480348065,0.04196585160486217
2023-03-29,1.386151905052198,1.7174202285597828,0.9544075110737011,0.9570995370938272
2023-03-30,0.5730562634701538,0.8889527565401047,0.429249532891782,-0.3038124078447175
2023-03-31,1.3548891355372155,1.5829212277666254,1.213728221026367,1.6737844079848152
2023-04-03,0.3565227895800404,-0.2833605732101197,0.9749679182490467,-0.15617205369907552
2023-04-04,-0.5230925578358366,-0.33047377619979074,-0.5405719316997224,-1.9320805113947372
2023-04-05,-0.35935998607224906,-1.088767646821791,0.15540745162513206,-0.8123416024226805
2023-04-06,0.346291925111552,0.6144629460663598,0.00015197135634419275,0.13184203763873065
2023-04-10,0.0169277591780468,-0.16103314631691173,0.22943617395300514,0.7611773053953776
2023-04-11,-0.036039097675565235,-0.7332645200156506,0.2568732614032137,0.6760092275901524
2023-04-12,-0.4361760668166686,-0.9476385594224896,-0.12033601721561014,-0.6870653736858758
2023-04-13,1.2773179382196116,1.8625594973897366,1.1112766701027739,1.110237770136468
2023-04-14,-0.2721015148637386,-0.23895339349838143,-0.41801547057411437,-1.0802089802654402
2023-04-17,0.2743980512181752,-0.008854422076903068,0.20716605492355467,1.0821180182003833
2023-04-18,-0.007131575304313048,-0.09356144713252613,-0.08039243104937163,-0.7207987400385375
2023-04-19,-0.0575121900063546,-0.1309229410661156,-0.2708510604654456,0.4285017390314806
2023-04-20,-0.6531132653769643,-0.8922047678588119,-0.4178006892961644,-0.8222156065833998
2023-04-21,0.007043237494529522,-0.0013012959323375484,0.01751622165959535,-0.16482437638994388
2023-04-24,0.03665383306702384,-0.2983803877689839,0.15357075526667935,-0.21976185482735067
2023-04-25,-1.6442576950079428,-1.9750847642265486,-1.0496873096878199,-2.500871781740834
2023-04-26,-0.5338323858767952,0.4865309337195275,-0.762198087548089,-1.117313890876148
2023-04-27,1.8107393204785627,2.529343425381507,1.4422398629427602,1.3435408448306432
2023-04-28,0.8484420059537137,0.6625097821764452,0.818514182811455,0.8659820926906507
2023-05-01,-0.12002971614919838,-0.15055299758221558,-0.15633536720744962,-0.24908640391737277
2023-05-02,-1.2059109228396538,-0.9734871217163552,-1.1496265451087124,-2.424800166032574
2023-05-03,-0.8139154210994191,-0.7962688241043329,-0.9134853932992797,-0.0059521697798873285
2023-05-04,-0.871951859055026,-0.5191481717079656,-0.9901400406682447,-1.2867137355193317
2023-05-05,1.7179935214989355,1.9529180174729939,1.5382480098105835,2.3736567987198107
2023-05-08,0.0268657983387089,0.21316685835939164,-0.1342060691982089,-0.3058458962065461
2023-05-09,-0.5090897452974817,-0.7242948771819228,-0.24508557290114735,-0.43761153302138917
2023-05-10,0.3849874998034665,0.9829295156202517,-0.14344905547960116,0.17856668062150627
2023-05-11,-0.27104193507708607,0.20682256792791193,-0.7505207001148858,-0.7254434524649302
2023-05-12,-0.25514933480505714,-0.5096095923448205,-0.1530256806997848,-0.30526466490347315
2023-05-15,0.2752353504050103,0.43953253407416026,0.09605465641780822,1.1004742799133769
2023-05-16,-0.758155409446766,0.0023674548243463323,-1.0792305695557676,-1.6391923602597154
2023-05-17,1.0748116725909764,1.0482622544731628,1.1029747725996633,2.6643162971372005
2023-05-18,0.9168239724167154,1.776736571827573,0.34302933967266047,0.4914867324919963
2023-05-19,-0.19258072273881324,-0.3064710356416735,-0.38203480847651405,-0.8241221123391719
2023-05-22,-0.03927708243844491,0.23169986177026364,-0.5039293561459898,1.15124657231115
2023-05-23,-1.273360842146898,-1.4428199415085783,-0.8255934668159395,-0.07402546999382696
2023-05-24,-0.8380577121462416,-0.6583315393650395,-0.8508987888904594,-1.3220766526715557
2023-05-25,0.7637071509726062,2.2811469126190924,-0.1837106370245675,-0.8986036435166487
2023-05-26,1.1724978728297424,2.3891319981645323,0.8866750639281712,0.8009015610067969
2023-05-30,-0.037858341228249354,0.3750354697486885,-0.20430473320507678,-0.32971001231374647
2023-05-31,-0.650915339958877,-0.6608078569513719,-0.4990838400605267,-1.3965548486673998
2023-06-01,0.8610891459866323,1.0475971749304875,0.3999327322029015,0.8538162350250719
2023-06-02,1.3724155790613723,0.6591607951714842,2.0466987661262013,3.930038952452783
2023-06-05,-0.15509548531176115,0.0701177943927083,-0.5080525556621498,-1.4694230782123268
2023-06-06,0.17080356936572624,-0.0962151822504545,-0.03817758078282005,2.9273212684079444
2023-06-07,-0.4855349914803363,-1.8683781290479808,0.1645181762730213,2.268527958238879
2023-06-08,0.5940064867373179,1.156732704949929,0.5193267898347226,-0.4390272366746214
2023-06-09,0.1825814672582162,0.3281839225683465,0.14924354613297172,-0.8070536204584846
2023-06-12,0.8339703512585299,1.6068791222656855,0.5010713333751317,0.07408315761020778
2023-06-13,0.5872833339954039,0.6862378990629612,0.37502372708253495,0.9921234718191136
2023-06-14,0.05171941276128135,0.6433010444221128,-0.7420143243162046,-1.2141412117930215
2023-06-15,1.1296864505355868,1.0456368928519884,1.129707483999372,0.7013889385027507
2023-06-16,-0.34222284868016234,-0.6731136702574719,-0.29663948794256545,-0.7840577784057049
2023-06-20,-0.5959586380417654,-0.2317177727636991,-0.7906284909133177,-0.7816761641677182
2023-06-21,-0.6486635512778633,-1.5248727902577293,-0.41518095987595194,-0.5033397419243566
2023-06-22,0.29932924135107275,1.077498866093546,-0.05804325145173271,-1.1162697442314835
2023-06-23,-0.8316856288286882,-1.1040346243699253,-0.7050763788439823,-1.4680820289829857
2023-06-26,-0.5212104395360684,-1.4642772271201734,-0.13546964603110767,0.225841022613047
2023-06-27,1.0265912804323416,1.6135370228236139,0.5962555611734801,1.4578062044744309
2023-06-28,-0.002154091154150918,0.10118711153949839,-0.25217136637220666,0.31092630019118733
2023-06-29,0.30699390962525963,-0.3143364892504823,0.7063693461920297,1.327444790052021
2023-06-30,1.1597856576698091,1.4782951901634187,0.8518495418084882,0.09251597872892227
2023-07-03,0.12090393038147033,0.2023359021770903,0.03903943021414227,0.8247442674355185
2023-07-05,-0.253810717431157,-0.1132503155738594,-0.46718604260323393,-1.305749200279179
2023-07-06,-0.8529315657425741,-0.8662783796633443,-1.1399605926707004,-1.857966404636503
2023-07-07,-0.38723845459985773,-0.4867132454327857,-0.6857965530667296,1.2296267409927322
2023-07-10,0.09916581144486442,-0.1470865239129933,0.49021649826735203,1.2770782147951683
2023-07-11,0.616398765561279,0.41952893233849275,0.9484208080083623,1.2043956010193746
2023-07-12,0.8025300045843535,1.2301417613923267,0.28226868044290593,1.3310874529383154
2023-07-13,0.7148131784633733,1.5887378555096339,0.0645861121371615,0.6533249011965687
2023-07-14,-0.1481821767503671,-0.14296590235337361,0.24240213031118912,-1.2957090859910079
2023-07-17,0.3201696303174816,0.8796295097527894,0.21617412046047133,0.806074657898435
2023-07-18,0.6288339217595418,0.7164813647420732,0.976940827695057,1.4446820752589231
2023-07-19,0.20572244667039286,-0.05849196069918013,0.3326905019135011,1.0491589946162376
2023-07-20,-0.7096703603183083,-2.3921025213098615,0.43840776101234646,-0.6877806995366067
2023-07-21,0.03747111170375872,-0.302652590017222,0.08011251069780521,-0.3665419344090146
2023-07-24,0.3918859804021102,0.08546267780882397,0.4888662327129318,0.5166525897639518
2023-07-25,0.23506434472979423,0.6072411102500296,0.06063295379310642,-0.3591674330906395
2023-07-26,-0.051465053176720954,-0.42407016800525843,0.17602192485573068,1.1735141114599152
2023-07-27,-0.7424090145987912,-0.32985976335996625,-0.7178724916884481,-1.3778861061943801
2023-07-28,0.8784654515739062,1.6845086065153634,0.4217725309375044,1.2096274495847263
2023-07-31,0.09931341540730873,-0.051183476313915774,0.21627502396317744,0.8736801621930321
2023-08-01,-0.342796292111054,-0.31162123096951305,0.15860101528645568,-0.3239075459743418
2023-08-02,-1.4484520286096663,-2.285957817079346,-0.990637252170951,-1.1080466583790438
2023-08-03,-0.3951620848680527,-0.26994432367185717,-0.2720007020630968,-0.25307305642330313
2023-08-04,-0.5415114764469409,-0.5868911713872202,-0.47512253399396415,0.007495228513999634
2023-08-07,0.7632899104594031,0.721790890356407,1.0743832714007682,0.3291478438089349
2023-08-08,-0.41621657310987636,-0.8717211013961039,-0.394371037704736,-0.39789967996119235
2023-08-09,-0.7604923260784496,-1.1997268597467292,-0.6277969438335657,-0.6729662307314825
2023-08-10,-0.05484138530526232,0.059513939888112544,0.08119999864438665,-0.7657787820073174
2023-08-11,-0.10960810257637553,-0.7224413513636561,0.27755941868013834,0.17420454516851328
2023-08-14,0.5031026650612879,1.0569896501226606,0.05608735049434557,-0.5966629280332247
2023-08-15,-1.2342676445180636,-1.1578871547046687,-1.0868002463507904,-1.6690741774307338
2023-08-16,-0.883315207988502,-1.214422582762413,-0.6451104188089858,-1.33114845464929
2023-08-17,-0.8551581565184238,-1.2072038031694905,-0.8997575928311784,-0.7790746590446395
2023-08-18,-0.07155250040730966,-0.26734441953242,-0.027293532457842273,0.2160821759547253
2023-08-21,0.5838819265656787,1.4925189329169388,-0.14473306881132947,-0.4882948613339108
2023-08-22,-0.3587065856290438,-0.2618709731507084,-0.5999882118391582,-0.7950604627099309
2023-08-23,0.9929212483448299,1.431391661063054,0.4238157771383271,0.8725166203023742
2023-08-24,-1.4561126830483382,-2.258260713603966,-1.1425586019094807,-1.0315257931054937
2023-08-25,0.5869096859532813,0.632267168203315,0.6153749752940352,0.03605113613733055
2023-08-28,0.6197018281325448,0.6904211993329056,0.6393937913827614,1.0319731633479148
2023-08-29,1.3816318057593804,2.095524807064866,0.811130199963317,1.1913633236812877
2023-08-30,0.3747291429878804,0.4905230138770979,0.07286206391195874,0.13173541863111948
2023-08-31,-0.21094314368556322,0.20858141366234495,-0.5544572436155955,-0.2209140631299041
2023-09-01,0.06454825215005756,-0.24968880817544029,0.22013641530642086,1.2347661001336157
2023-09-05,-0.4950042371434028,0.034726175862199726,-0.5961880325794071,-2.340395341243336
2023-09-06,-0.7440342832855195,-0.9842509813012928,-0.6388676992527472,-0.6958535536035246
2023-09-07,-0.43923659689057964,-0.8458735539986293,0.06319143616110826,-1.0166882151944956
2023-09-08,0.11730650556689502,0.07706528379696925,0.2227845587168389,-0.06307730733968239
2023-09-11,0.5922491738287771,1.0984302961142733,0.21648163127139927,0.0973847841173434
2023-09-12,-0.6191407861472776,-1.2052939260267765,-0.11133917911190769,0.05730417003237753
2023-09-13,0.04457896630040703,0.2926335942195266,-0.24570327481491838,-0.7408765468266474
2023-09-14,0.7905779464612411,0.7165804654322823,0.8958378228680471,1.6341018191166383
2023-09-15,-1.2514252312296508,-1.791072646474282,-0.8382733913349698,-0.9870944711755485
2023-09-18,-0.03405558748211146,-0.004084312523892242,-0.05890084885500378,-0.8436695978546465
2023-09-19,-0.2603332802183212,-0.29922061069562067,-0.3360208967925142,-0.3236786453772535
2023-09-20,-1.0257826151225624,-1.5678068081002257,-0.30871764798720625,-1.0293634769543702
2023-09-21,-1.7319895814229687,-1.935055482378866,-1.1044535276998797,-1.427868975851261
2023-09-22,-0.36458774185320536,-0.11880942637327566,-0.4015627154111281,-0.5276862518106472
2023-09-25,0.3247144321926616,0.3629578336661223,0.06474518558410068,0.6452539367510632
2023-09-26,-1.5542300639195052,-1.6149522273352435,-1.2095792821596272,-1.5402548975773587
2023-09-27,-0.09508622268917394,0.08149601157220557,-0.3133373710371289,0.7773003271689495
2023-09-28,0.4663821777863308,0.701597074104761,0.26479041419457655,0.8112677480185108
2023-09-29,-0.29354415194349154,-0.019401640490770672,-0.5102250425211324,-0.41437805532892885
2023-10-02,-0.14303445458694597,0.7049893562739573,-0.31829176349004024,-1.9131837951385107
2023-10-03,-1.4329020306001674,-1.8755080996138096,-1.364736622972032,-1.6933774334826324
2023-10-04,0.5660212693926948,1.200807425213052,0.2384024229976639,-0.2561192239483535
2023-10-05,-0.09901906850613115,-0.39566864212781566,-0.06500726217998563,0.194785192111959
2023-10-06,1.1009379494338298,1.5678982677888158,0.798041075180227,0.5005458123242448
2023-10-09,0.619031051206447,0.45053280426307396,0.5826302521926295,0.7545493372538491
2023-10-10,0.4797573732853553,0.49387843785582075,0.3683738879114853,0.9995984052889675
2023-10-11,0.35336198967599425,0.6279411530253595,0.15289348518967588,0.1642656579802061
2023-10-12,-0.6680437191614346,-0.43609710258053036,-0.563023315508591,-1.9596591107047343
2023-10-13,-0.58820958619471,-1.3682756037846402,0.04294234984929399,-0.9467751135815886
2023-10-16,0.99717146949633,1.0680516422155364,0.9195230715167928,1.3741705796504684
2023-10-17,-0.03669922103668418,-0.3808734651282515,0.03575042435330725,1.1922559687999699
2023-10-18,-1.4139518751272353,-1.4169970522838113,-1.0425720103777916,-2.1149831052001997
2023-10-19,-0.9798272247904873,-1.0652302250234014,-0.8199816438836202,-1.4981803941128826
2023-10-20,-1.3553290663744142,-1.6266444797179183,-0.9474757915783624,-1.3994410860286994
2023-10-23,-0.2974903833710029,0.16813659928936228,-0.6630499474058933,-1.017844474661468
2023-10-24,0.6374683906477377,0.8332074393553346,0.5235065671293672,0.3328495465033517
2023-10-25,-1.4912777403447988,-2.5527921421085296,-0.34406228191902216,-1.2332565551031618
2023-10-26,-1.2638016274000796,-1.9893902215271677,-0.7789357538962803,0.6269306345425416
2023-10-27,-0.5836829188552837,0.3475902924065125,-1.2028488611689672,-1.3831270477062527
2023-10-30,1.0574320256163035,0.9468425122323942,1.4397451618334325,0.6772980276198141
2023-10-31,0.6511542163946935,0.46833335874984183,0.4410224629989874,0.7848498836405898
2023-11-01,1.0094023621410444,1.662995016594526,0.6166815713787374,0.6082681105999085
2023-11-02,1.853900346816916,1.7184258723279957,1.6466821604283266,3.148192352459869
2023-11-03,0.9156002384819104,1.1448845102871084,0.6732481445299012,2.717882163002804
2023-11-06,0.17709990807669024,0.3206286002838131,0.05465465893262718,-1.2860589177754251
2023-11-07,0.27548769511259186,0.8840645524905678,0.15050287648803032,-0.8046592551563999
2023-11-08,-0.015969017579955475,-0.02655728011753232,-0.18413189069905667,-1.2414982593089523
2023-11-09,-0.8548511184255605,-0.8536274821327086,-0.7168681336662576,-1.6672287162984554
2023-11-10,1.4338581879859513,2.097303706525939,1.0556735714576766,0.6298121772497605
2023-11-13,-0.11955130714373108,-0.3613134187265842,0.15799429689952788,-0.049295468355589546
2023-11-14,1.8577164548669602,2.0602964202089877,1.3676802313441074,5.400786678800899
2023-11-15,0.1474721651792877,-0.014357158175830054,0.4342264628057128,0.42963534674442283
2023-11-16,0.14564217062231272,0.04318965049303476,-0.1065131743592281,-1.5557610367949943
2023-11-17,0.0863064226170121,-0.042030681939315945,-0.03874745002807767,1.3911988274673786
2023-11-20,0.6423166611693814,1.0744185795465375,0.4837312388467165,0.1420970346282768
2023-11-21,-0.23708113077266146,-0.6491867816211531,-0.18473797574797268,-1.274409268018113
2023-11-22,0.33354371109829384,0.3374554867693514,0.47420900803926347,0.5053224011166355
2023-11-24,-0.0007464317090360786,-0.22079080621838407,0.3052646862423096,0.44727559091362534
2023-11-27,-0.22819484114777142,-0.15132052186817385,-0.18042575163983357,-0.34681985223409906
2023-11-28,0.024502260639402668,0.16874861818672543,0.1814130361228255,-0.3018704040361508
2023-11-29,-0.12870537878404767,-0.1737531243845633,0.00887123833492396,0.49609569263285586
2023-11-30,0.30662976406707126,-0.3447347348793587,1.4003025516510326,0.29064569100669446
2023-12-01,0.6459349141641351,0.3136251718324377,0.929087418389018,3.317742507430574
2023-12-04,-0.5916938133798086,-0.9856609140207646,-0.13609036124676735,1.1247208906376105
2023-12-05,-0.07220620535034175,0.16138629101175908,-0.24561484877432582,-1.3800499404400195
2023-12-06,-0.443555324124494,-0.6604020961654794,-0.22763306417063695,-0.20929256797784196
2023-12-07,0.6558910705624473,1.277565480403184,0.10122966259937284,0.9099393728821107
2023-12-08,0.34064101694997073,0.3300383305672152,0.28401942368158783,0.5738537095384236
2023-12-11,0.34220825914155983,0.7685470434500492,0.39607035698684484,0.005966804418474971
2023-12-12,0.40495142939537654,0.7220492383470567,0.4481941743420776,-0.47621893391131653
2023-12-13,1.327204610158089,1.2143173726764447,1.3677360612947176,3.764744740141366
2023-12-14,0.2749862234267093,-0.1392147566189302,0.4166998878651893,2.834457307898352
2023-12-15,-0.20209158194505972,0.40297974418164645,0.12905317307962455,-0.7424948931331101
2023-12-18,0.5297978592146375,0.5587555764138643,0.00289924464564237,-0.04796764720999212
2023-12-19,0.5333445562925014,0.43053025733184225,0.5947677601012709,1.9354110183264763
2023-12-20,-1.4592942636910458,-1.5934701023824316,-1.3101349325580813,-1.7784102232781713
2023-12-21,0.8293338097401959,1.0180026475143746,0.7588738766241185,1.540804788265707
2023-12-22,0.1534912101437898,0.07227005504532837,-0.055535464885005346,0.7327709354447095
2023-12-26,0.3508888470571161,0.5126124470527962,0.35499974275730245,1.2952413287999651
2023-12-27,0.11960915083568313,0.10695628314871823,0.2617500186925492,0.07605255724267368
2023-12-28,0.0021059215721717928,-0.11128584404250327,0.12471173583069053,-0.2964981638728563
2023-12-29,-0.34368484339813177,-0.5048405627262645,-0.08836799776044052,-1.5927844515917575
2024-01-02,-0.6101072631494033,-1.7736231642967475,0.03926222449387813,-0.4407052016240302
2024-01-03,-0.8672410067312695,-1.121966662789849,-0.7704270457417137,-2.6474374481740885
2024-01-04,-0.3935939595176242,-0.6159694495542228,-0.03144358270898228,-0.3819670250077618
2024-01-05,0.04405261805960847,0.01837403763885727,0.022002656877346538,-0.35854160559495485
2024-01-08,1.3590972134012267,1.9668969383386248,0.5365857020660919,1.3470180224589072
2024-01-09,-0.21710259289870615,0.09866573899001943,-0.4887757721627204,-1.345804148429323
2024-01-10,0.4800009193715583,0.5573531413257902,0.3612597483695565,0.03088320607962848
2024-01-11,-0.10059695382757027,0.1296749739663428,0.003700076404989025,-0.8792714401121582
2024-01-12,0.0004040810175952453,-0.030884845071917702,-0.36255957895214586,-0.21321451843840372
2024-01-16,-0.4664836640058777,-0.12276076458679946,-0.7142618536297736,-1.7644436099178709
2024-01-17,-0.6565786695162736,-0.6995057577467778,-0.34674175367614035,-0.9995146681230188
2024-01-18,0.7847085634770395,1.3011828976187805,0.4766620508057383,0.6706314585425666
2024-01-19,1.1760593877206509,1.8851111569852255,1.0080095758316885,1.0163306344755074
2024-01-22,0.18083889363826772,0.07970282787466533,0.3512742955254792,2.0090975340754333
2024-01-23,0.2076020511444543,0.3294420951471896,-0.3118828775351285,-0.5622919010284537
2024-01-24,0.06457291088153949,0.4597694993553622,-0.3218634042261693,-0.740015958283353
2024-01-25,0.4431407683462354,-0.008950464043617101,0.546092879803814,0.8508381757612271
2024-01-26,-0.1636775443961287,-0.6625356325001699,0.1431605599822586,0.1520211582344041
2024-01-29,0.7479481331292688,0.9476887401035721,0.5662140564377757,1.2691023176643648
2024-01-30,-0.1269244232859834,-0.7461085090569108,0.3206864181402169,-0.6305201933168532
2024-01-31,-1.6501275878018669,-2.0157322795947357,-0.8168798852857784,-2.7504210621654965
2024-02-01,1.203678520862977,1.0774870285508906,0.9121118742067388,0.7592107427139889
2024-02-02,1.0270943009569482,1.6390084375176552,0.35091961468594446,-0.9017202191131021
2024-02-05,-0.4035878184007952,-0.2076697037124066,-0.7712690891603423,-1.660282321275143
2024-02-06,0.16124361467188816,-0.34097026478307224,0.2334458070174484,0.49631679594208716
2024-02-07,0.7743087836877176,0.9366753985593118,0.37202734389428516,-0.39450259688809275
2024-02-08,0.02252275012634891,0.11783448668816518,0.10045873859116888,1.2516922385813138
2024-02-09,0.4646540716729948,0.8589150444180049,-0.22218901071237035,1.0889733828148793
2024-02-12,-0.13174787129447257,-0.5171704870089789,0.231256874766055,2.007939393902287
2024-02-13,-1.4535248547022344,-1.6787378753154725,-1.3930443633395884,-4.172042314509736
2024-02-14,0.8478171047723164,0.9861347486301999,0.328396844346815,1.865136173835366
2024-02-15,0.5639913863343126,0.1624807574637306,0.8111969519415225,2.5353323392913203
2024-02-16,-0.5200975386011477,-0.9793708578826729,-0.3706898106408887,-0.9884960363640312
2024-02-20,-0.584309778799441,-0.8331878716137857,-0.19741282278998018,-1.1864318016078008
2024-02-21,0.020020191869037196,-0.49034504078915875,0.09099604689586109,-0.163438634815384
2024-02-22,1.99564122846773,2.81428935472513,1.1428848521671402,-0.04796495732183352
2024-02-23,0.0774441411243734,-0.33612596950005486,0.156440712548754,0.14330152547250347
2024-02-26,-0.44491226556987934,-0.13934684423102184,-0.23281394418748533,0.06599769627500712
2024-02-27,0.08233930579346072,0.1230814166150659,-0.3129652982669985,0.9518584141927526
2024-02-28,-0.22916440882752398,-0.6539734608021721,-0.1498283522948435,-0.7190844315787879
2024-02-29,0.32673634899453075,0.7667960897126148,0.09623625859522357,0.8916509512793594
2024-03-01,0.8308719353006581,1.3730915046680225,0.15630531522616076,0.6282398629202238
2024-03-04,-0.17163809265353913,-0.45746915139683153,-0.32183700074048244,-0.6852754307191721
2024-03-05,-1.0703906036610906,-1.9157013752771597,-1.1138660655308201,-0.3265408947296449
2024-03-06,0.3771281675080418,0.46642089615472937,0.07671381053282973,0.31573202442779374
2024-03-07,0.937538607764105,1.3938224474496876,0.30315905234565216,0.7321745038721842
2024-03-08,-0.6668267745448515,-1.5563379868959368,-0.24646975499788298,0.08013316529022385
2024-03-11,-0.15106108102062296,-0.4674716620690399,0.0735551719543984,-0.5078281454799703
2024-03-12,1.0364697663802325,1.3517135844990387,0.5997095544327596,-0.4677960557986121
2024-03-13,-0.1793708725068057,-0.825271342108383,0.07522838054356693,0.13138269526663116
2024-03-14,-0.26883542489213025,-0.3374350828318769,-0.4073647292849244,-2.0082594593607555
2024-03-15,-0.7391191592565289,-1.2836799840462614,-0.5401205836196414,0.4288797784683271
2024-03-18,0.4584236355835637,0.8065010516595528,0.09428633000504756,-0.6627781142577366
2024-03-19,0.5231491597767977,0.1655831274464176,0.7971630310053094,0.831386135726017
2024-03-20,0.8907153422071364,1.128279768497234,1.0183398163896533,2.1207877902766312
2024-03-21,0.29113380879757955,0.4187720841160742,0.6755651600194421,1.2442529611353668
2024-03-22,-0.22116704919103283,0.06844776594137414,-0.7695594585922331,-1.4522765961296136
2024-03-25,-0.3664795502452009,-0.47420236923221804,-0.5181746140486504,0.008191154640025108
2024-03-26,-0.3065952538630786,-0.4725660552236823,-0.18264931427859715,-0.5065977580615088
2024-03-27,0.7771352886262962,0.24313934094759615,1.1707774468218257,2.4203155579388382
2024-03-28,-0.0319491784396448,-0.2232214324866793,0.14930276703180753,0.6669717742360857
2024-04-01,-0.21752933181948506,0.13970267740090436,-0.6333132711105784,-1.0705186468093444
2024-04-02,-0.7328045997627799,-0.9910561118004478,-1.1031841487752028,-1.8079428475060497
2024-04-03,-0.006964423681528845,0.07561566812638118,-0.2337962500931608,0.46258921641794987
2024-04-04,-1.3385725404320388,-1.68581429878288,-1.449595150261563,-0.9018662198753411
2024-04-05,0.8964504500299133,0.9977197036380229,0.6536433030226801,0.3123100583079418
2024-04-08,0.04827019788424978,-0.03881174188798921,-0.01709338750183114,0.578854012680897
2024-04-09,0.02518106454738092,0.2631958874759903,-0.1024844727220401,0.4116320168633683
2024-04-10,-1.0885078680764448,-0.9883007559978964,-1.1548339046407057,-3.1956038135385167
2024-04-11,0.659386035527106,1.4654232178773487,-0.10016719868590791,0.5131885614637393
2024-04-12,-1.5288457888898213,-1.7556631881106113,-1.3665405893533067,-1.6499770335192785
2024-04-15,-1.3977811643188451,-1.8177919370849702,-0.7829595134074715,-1.3137930461733807
2024-04-16,-0.28304409121910945,-0.11088205491150706,0.1194509295599757,-0.9372413460063643
2024-04-17,-0.6491949849725424,-1.2935425231093003,-0.12923667535058694,-0.913186928016152
2024-04-18,-0.2664335252965292,-0.6332807987890582,0.02842372459514084,0.11103591901285444
2024-04-19,-0.944239414268231,-2.1755699119761163,0.525119272785347,0.9303646109518967
2024-04-22,0.8960111812498779,0.9662415766815227,0.7199335512295257,1.2508669075658998
2024-04-23,1.1674118999783791,1.4429693997214443,0.6944707832778898,1.5418493559229138
2024-04-24,-0.08792397227886703,0.260146220177594,-0.15315506246225,-0.32270233680549815
2024-04-25,-0.460802181470243,-0.5904623976763246,-1.0503226087849096,-0.7991920390553764
2024-04-26,0.8180272402657458,1.3817600525694258,0.2652752159400137,0.49225999694135525
2024-04-29,0.2863742356046303,0.284612481909057,0.3256604093636222,0.5436738597635826
2024-04-30,-1.653586879933994,-1.9843414406966347,-1.5376710747539564,-2.0441915676264157
2024-05-01,-0.46456837236064763,-0.8787463245658329,0.09949898094228546,0.3743788423695378
2024-05-02,0.8642072600188535,1.1750286282750229,0.8392439146548522,2.0212981234742857
2024-05-03,1.1898204468438711,1.9276520244301567,1.1616797588644605,0.9173615124289531
2024-05-06,1.0259335352065173,1.0628842103989606,0.47354946222083444,0.9748121976491136
2024-05-07,0.06259718406999541,-0.046112340810937846,0.019572013107797076,-0.09278906668009529
2024-05-08,-0.048547908268348525,-0.15613466138556525,0.3905586399559571,-0.23280996038705282
2024-05-09,0.5357465768620748,0.15923081882364398,0.8434030616653828,1.10610100084335
2024-05-10,0.1087321941860481,0.2044810541063273,0.3290951138305258,-0.6143410672387999
2024-05-13,-0.017404232563886585,0.17915384357216335,-0.2164086046844915,0.028381033930739014
2024-05-14,0.35159757163127664,0.531203539137209,0.22986364530120035,0.8339288603158359
2024-05-15,1.163570039441113,1.4544840347632884,0.8339085648446986,0.6874133779560182
2024-05-16,-0.21478779203530385,-0.25119768710195,-0.10249768367250507,-0.3519945124708473
2024-05-17,0.06339637798827466,-0.14199202105106218,0.26932839578803236,0.10530357307617078
2024-05-20,0.06833923925542432,0.627284586697912,-0.5115415889111644,-0.361850659154156
2024-05-21,0.1302826152568623,0.061075248118689335,0.05065833815636002,-0.1713849228305446
2024-05-22,-0.3465213214290851,-0.1138309542332414,-0.5533701132736826,-0.909907566677201
2024-05-23,-0.8388888743091507,-0.5766775364115624,-1.635288540796842,-1.9991091672668921
2024-05-24,0.4958894909348114,0.7505257109163824,-0.17052146912853808,0.615625215234892
2024-05-28,-0.0322825960817156,0.223664490994222,-0.651722120850481,-0.45123917878959957
2024-05-29,-0.8062253423767037,-0.8566911142680687,-1.181453808018456,-1.7003789546714567
2024-05-30,-0.7892717431865829,-1.2401760448343226,-0.9911332424414301,1.0892456055709314
2024-05-31,0.7444706006750238,-0.3787827789226026,1.357423259021091,1.0671225733097895
2024-06-03,0.17325269886010175,0.5439113824986611,-0.17564971126116155,-0.3685607670432785
2024-06-04,0.021595353254945368,0.16733718751932425,0.27418790932161474,-1.641548617076099
2024-06-05,1.150456869279452,1.9424216302214823,0.24122412831737453,0.9892043958817425
2024-06-06,-0.1147484625505153,-0.14740435440296584,0.08855398550144691,-0.7310194112951358
2024-06-07,-0.16503209861486476,-0.1666721067567319,-0.2554058568804359,-1.142677764146892
2024-06-10,0.23273473776394116,0.3142988774506779,0.11330195775566587,-0.14028680487752526
2024-06-11,0.1676536267069943,0.5906325415711828,-0.3651298651626441,-0.5522926278302778
2024-06-12,0.7197632860123919,1.1780494301037636,-0.19230213018978268,1.346184429052814
2024-06-13,0.08228547252158769,0.3860100883249422,-0.2954587128799399,-1.1602562342314116
2024-06-14,0.0062979853396509244,0.40551506654404057,-0.21448498482764247,-1.6051200889853523
2024-06-17,0.708162353932223,1.116085316375021,0.41356427912464555,0.6038821147988626
2024-06-18,0.1707647301106824,-0.059986785296397935,0.08259091011631449,-0.13144314719260294
2024-06-20,-0.3181251851516086,-0.8498450257081527,0.7246343281690772,-0.2763830510078993
2024-06-21,-0.14185585594218733,-0.2946582582842723,0.08986444041519578,0.15559875295474734
2024-06-24,-0.39709422339026057,-1.2088804915582245,0.6240644285925001,0.7769871673126316
2024-06-25,0.36723102679313835,1.1025917324728418,-0.7207384312316371,-0.6181194713418445
2024-06-26,0.014533501821107617,0.0712576351777976,-0.09355793912841956,-0.245033048919252
2024-06-27,0.07712518513430376,0.1362406164527181,0.025811029279489472,0.5371851573867065
2024-06-28,-0.4768502792054464,-0.6232563369351399,-0.17628732048521828,0.8923525077013161
2024-07-01,0.11281648217079732,0.47329397498917664,0.07164572337297803,-0.9032198623111993
2024-07-02,0.6364973748443967,0.9768862244767469,0.39566616724488546,0.38783906993836476
2024-07-03,0.3732055105445482,0.7493265004764964,-0.1168835175269088,-0.15149363978358746
2024-07-05,0.49183950884756533,0.9301360116719258,0.08489468885753584,-1.0436021741442514
2024-07-08,0.06194237692848731,0.14933419177541857,-0.13444048212383936,0.6147131767342965
2024-07-09,-0.019253117861667626,-0.03838142483657367,-0.2347346485667593,-0.5112893628311347
2024-07-10,0.9262138183658075,0.9379211974613059,1.0310224626330284,1.1878860999244503
2024-07-11,-0.8831665153471133,-2.2660406496428642,0.09473279559343224,3.887117409142432
2024-07-12,0.5230486028786366,0.47977181325977103,0.5719278116544588,1.0035562821228354
2024-07-15,0.3127019333436994,0.22954597243936026,0.5817010197099173,2.045204684705725
2024-07-16,0.5274050190494584,-0.04202406629151691,1.8021981407785321,3.6715737123389727
2024-07-17,-1.3857480092175696,-2.968948333828396,0.7007421656209213,0.19761437330713183
2024-07-18,-0.7242194891944543,-0.4262755356975409,-1.179068667888757,-1.6580882334782845
2024-07-19,-0.7921640676413177,-1.0156197719084097,-1.0533918864753815,-0.7275297814346604
2024-07-22,0.8865957550380047,1.3055745826826892,0.1891653540312304,1.329975115423449
2024-07-23,-0.23401633346407705,-0.48260377246846325,-0.2120951901279607,1.152204463474149
2024-07-24,-2.3813444027363633,-3.7793398048510634,-1.3332690312632964,-1.823566455745743
2024-07-25,-0.6057365279460957,-1.2242110286343606,0.15722689446812022,1.443296262710286
2024-07-26,1.0406155916389292,0.92780887898074,1.6288799981952085,1.69429624685037
2024-07-29,0.11168656662578817,0.2193511570761889,-0.02056677444829262,-0.9315129367001143
2024-07-30,-0.5597472835432609,-1.4416313684546258,0.44465585793299445,0.4601339697367708
2024-07-31,1.566703897103561,2.863080144396998,0.25712200062906404,0.43322237537008645
2024-08-01,-1.4956423132312557,-2.550614798305609,-1.3069799215583748,-3.2182317365502136
2024-08-02,-1.9635909616297569,-2.52376759206685,-1.6286575751553771,-3.6846086185918305
2024-08-05,-3.0976136663312195,-3.1883347639425477,-2.7461778539981334,-3.9352860125014177
2024-08-06,0.6709092199935422,0.7141608093580876,0.5555370218973972,0.6626963428709354
2024-08-07,-0.7128278157091038,-1.1671984406784202,-0.6001488637263911,-0.8155235738916662
2024-08-08,2.1989073455190202,2.9028406888658687,1.664384292392795,1.8246356307894005
2024-08-09,0.45319196112010796,0.48759151836521103,0.1621625311782051,-0.46680828942186486
2024-08-12,0.003746549038187434,0.14690336653713254,-0.42416771715911383,-1.226924194609486
2024-08-13,1.5416491983326313,2.334145049596464,0.9387701149581478,1.4390908105503417
2024-08-14,0.25862483190345503,-0.05406776965184412,0.5665388363928445,-0.6528824931564805
2024-08-15,1.6991722674462204,2.4685242441227775,1.3830567499996047,2.4434050124108126
2024-08-16,0.17605882119029428,0.07465925102496758,0.22087862266318073,0.4470346765958871
2024-08-19,0.9092237252813359,1.2425504702145735,0.5395781983537077,1.1257999958176925
2024-08-20,-0.21063727812790456,-0.28997507556164853,-0.18816505994023153,-1.2950687318063803
2024-08-21,0.2926533294519403,0.3853038803871852,0.08727328971952088,0.9499460015587892
2024-08-22,-0.8880055118041105,-1.711577963675208,-0.5123030926459965,-0.7238717998597016
2024-08-23,0.999890954747371,0.9847027476697101,1.08637164321146,3.3674466040370357
2024-08-26,-0.28715249160144474,-1.0551599304958865,0.1606362439481157,0.2069157244979447
2024-08-27,0.13693381593982765,0.25494050107917404,0.03318065141355665,-0.8026286303461337
2024-08-28,-0.6317669765573275,-1.221406392406123,-0.4215263107875513,-0.3647664002289165
2024-08-29,-0.08645345537689168,-0.2552336118847487,0.5164421287739333,0.4927215031266922
2024-08-30,0.9134235330190309,1.1220319047282585,0.5673035072812006,0.5644888237048484
2024-09-03,-2.1086284387950984,-3.133531204043465,-1.5429476193318037,-2.7747539355269493
2024-09-04,-0.3212512336850227,-0.3944183843520275,-0.01389473924591049,-0.47854526316028834
2024-09-05,-0.31904291292929815,-0.00553622551804013,-0.5569292285388632,-0.5605439375558772
2024-09-06,-1.812677452687148,-2.840819419720352,-1.114357550321098,-1.7316951348600562
2024-09-09,1.0144382967395567,1.1567137130649603,1.1246556438825313,-0.2365016484233721
2024-09-10,0.45536253022170253,0.9019768770193953,-0.16726999264073864,0.008277210775120055
2024-09-11,0.905443909346815,2.033184007927879,0.18135878080312573,-0.334037992779201
2024-09-12,0.7612966404788928,0.864505631033009,0.49500010842183007,1.0679973498763775
2024-09-13,0.4572628701331436,0.3662263475886418,0.6624868990708397,2.4466339468678346
2024-09-16,0.09030719506934402,-0.5244105361369155,0.5259435192771807,0.6716982906170389
2024-09-17,0.050658252331634165,0.022200072743993913,-0.008337084422176254,0.8469978416198489
2024-09-18,-0.37825069951619483,-0.5363236641062206,-0.30916309188434965,0.09277764805271907
2024-09-19,1.6139651693261787,2.3871352182556365,1.1908691605028636,1.8007966788355938
2024-09-20,-0.18879570105376903,-0.24813896968166252,0.0910622916214339,-1.4226236092816653
2024-09-23,0.21681881334248349,0.2172077692771234,0.11797100332641242,-0.3326991805785308
2024-09-24,0.21153565679416775,0.4016995688906728,0.14286447462882626,-0.12850315026395193
2024-09-25,-0.2890659194430238,0.0037807789987290563,-0.7480930125047482,-1.5306156733279452
2024-09-26,0.2901178249867816,0.6213416698181593,0.5066431334208202,0.43948308662745084
2024-09-27,-0.21466234450215532,-0.644138697514036,0.30110102544047135,0.5975607501616621
2024-09-30,0.35196905923944777,0.21836120524681107,0.026730145638916417,0.2702643360535995
2024-10-01,-0.9486820256444756,-1.4856435483308,-0.45781416801552743,-1.5017927490449057
2024-10-02,-0.02298100217239331,0.04419977994340944,0.052800492300202936,-0.4025303176742345
2024-10-03,-0.2562987166910424,-0.16088342844801282,-0.47905466058318,-0.6191617258637487
2024-10-04,0.8030976454765607,1.0646995475157806,0.7152183372881994,1.127871402333894
2024-10-07,-0.9519626797316827,-1.15238869374402,-0.9616234395049584,-0.7605903609136497
2024-10-08,0.8217489568954881,1.3482873425140827,0.18449300952433306,-0.355860011504447
2024-10-09,0.642920715055491,0.6883112216462959,0.975901885372826,0.3086352825888088
2024-10-10,-0.19623116006591168,-0.15318114416467643,-0.12666292036269078,-0.5872429495727846
2024-10-11,0.5168752280016031,0.07801162271791623,0.8956469531628187,1.8085986200825908
2024-10-14,0.787400043190833,0.7873631401260014,0.48287990733280056,0.6610950245154301
2024-10-15,-0.7972395362400612,-1.4024194172836848,-0.7774136432995615,0.1914070544173073
2024-10-16,0.31718829356537903,-0.13210154169043903,0.6772647406939876,1.6745518524548264
2024-10-17,-0.00922958703479258,0.00037886175147011647,0.39929061334192095,-0.04290303458415455
2024-10-18,0.3585448714302572,0.6043114435288189,0.09007360198757124,-0.040178738050242316
2024-10-21,-0.23506176474620713,0.11077031602150259,-0.8597347803609218,-2.209003122793535
2024-10-22,-0.15371084050841513,-0.021868697898439926,-0.13503622826241068,-0.4880404911520061
2024-10-23,-1.0217148995592948,-1.665692429824202,-1.0337609479323715,-0.7172725256774002
2024-10-24,0.09857850562889274,0.6706395892192769,-0.44166503944268964,0.1777966845998754
2024-10-25,-0.1459121308909519,0.4501835494737406,-0.7117313597891084,-0.7410210226995916
2024-10-28,0.1900846516645084,-0.1345517071103469,0.5245614282417574,1.5857780972977975
2024-10-29,0.10488073916765195,0.8737417288974783,-0.3817045684333083,-0.42990523402134456
2024-10-30,-0.3934704420168447,-0.8748674447963484,-0.30687602011831455,0.028341202746026077
2024-10-31,-2.0625991650549413,-2.664189940427349,-0.968818287873826,-1.595615290080001
2024-11-01,0.31357323151865585,0.6173472243224788,0.6411079357950819,-0.03958261432094251
2024-11-04,-0.2456404927161684,-0.3297493098681068,-0.5895044545002841,0.44315422148857075
2024-11-05,1.07521926975389,1.1387148324345864,0.8911179080382531,1.7292089256699228
2024-11-06,2.44408762819609,2.609599209673183,3.516835790946525,6.121106421575513
2024-11-07,0.8474692223111733,1.622744504319438,0.16588468458121122,-0.77076682326532
2024-11-08,0.4258971195587146,0.10012074800260502,0.5414841998981902,0.570702588928731
2024-11-11,0.04403168717510673,-0.1285957098253424,0.657961634011431,1.5493052365797697
2024-11-12,-0.36285159886157914,-0.24355907735575516,-0.8664089664238133,-1.7489289417221392
2024-11-13,-0.027410093866206117,-0.2329759324812399,0.012456911314204594,-0.9793526978192006
2024-11-14,-0.7055409485859141,-0.7922815476250834,-0.5130379879756102,-1.088921680240082
2024-11-15,-1.3964467430135659,-2.526110435689525,-0.7823285352941294,-1.1883703713735185
2024-11-18,0.32718754338639044,0.5914185733001347,-0.1778854462931866,0.05903969522488313
2024-11-19,0.28174651347092444,0.5624468099045732,-0.3482606899530132,0.03712582810465116
2024-11-20,-0.06439433215332357,-0.1959639280137738,0.21515828151106176,-0.141000883177098
2024-11-21,0.48764550257863015,0.2761157530501215,1.0382483135209175,1.3345988058296103
2024-11-22,0.29236387089146915,0.1330035761125446,0.9978312599603251,1.8887907657839862
2024-11-25,0.3145758592701156,0.13177370420196616,1.0165539270974748,1.631963544672241
2024-11-26,0.5172969094819395,0.5233603080955321,0.32135310067754247,-0.7715367862222148
2024-11-27,-0.3102740606476898,-0.822457455095629,-0.32051205845728636,0.1865885381969183
2024-11-29,0.5159887492398202,0.7548057493837315,0.330586062039834,-0.03902607615517337
2024-12-02,0.14322995133317157,1.0013016000765136,-0.3067983330178416,0.03731947453622264
2024-12-03,-0.08291351045731968,0.16858430553104553,-0.28973887682726424,-1.0635268002764526
2024-12-04,0.5464102603418566,1.131001704036637,0.6197472680714524,0.04240217584381961
2024-12-05,-0.22212465738210707,-0.3458764084795055,-0.5755413380940091,-1.099284889983345
2024-12-06,0.09826261433080943,0.7912666717894273,-0.378216407102274,-0.1029004538455833
2024-12-09,-0.642267792771722,-0.9358575026944056,-0.6509712636706559,-0.19369723234128683
2024-12-10,-0.415895725517892,-0.471012507679372,-0.4400876730592277,-0.30595928152389285
2024-12-11,0.6842809499803587,1.6520457152841557,-0.28943651412997823,0.3759334007312512
2024-12-12,-0.6331002776225017,-0.7962204736741225,-0.6541999903625425,-1.312136205512905
2024-12-13,-0.106786797861648,0.6405021612615676,-0.2811493069719326,-0.7670446029972999
2024-12-16,0.3134057975918627,1.3039283169766969,-0.3358926016266474,0.06860963665046166
2024-12-17,-0.5450368523538889,-0.5787453512374654,-0.739068786131819,-1.4902781665925242
2024-12-18,-3.115781776172902,-3.7939551112753405,-2.7120597132893676,-4.618942640276188
2024-12-19,-0.22378724496546165,-0.6495881529053178,-0.14087862752918884,-0.9656382111860151
2024-12-20,1.1264620707228032,0.7679609205700124,1.1461872158724253,0.7691429481173103
2024-12-23,0.607725368491449,0.9421922541972716,0.18349247820341186,-0.18096591991944153
2024-12-24,1.041118503409434,1.258414592394105,0.8353439986742286,0.7655906859114108
2024-12-26,-0.023500755171299313,-0.12728325524947412,0.048912328171778895,0.7781949137055709
2024-12-27,-1.1407759525297003,-1.4342826569620057,-0.8384869972144559,-1.4559549009498913
2024-12-30,-1.2353519419358503,-1.4518765153147073,-1.045374654114946,-0.4839412905604446
2024-12-31,-0.5111447995779532,-1.0103594384837522,-0.17872364447229938,0.18195036799313216
2025-01-02,-0.3052818915055594,-0.2917475953898718,-0.3811029476318873,-0.12384318816912027
2025-01-03,1.1550000796491353,1.5065081466312185,0.7290598983487532,1.037879855502984
2025-01-06,0.5429162772280581,1.0710991592390933,-0.08111975358891359,-0.25792549463595454
2025-01-07,-1.2169982625173161,-1.9096028338996538,-0.5127092596549739,-0.7832623484288574
2025-01-08,0.05441798228085162,-0.08897138294758734,0.1961595325132809,-0.4630870368537956
2025-01-10,-1.573328365215205,-1.6407738069198037,-1.6525328516467404,-2.272315942642483
2025-01-13,-0.0109833773846984,-0.49428153276781195,0.6920685028055475,0.28068217336782364
2025-01-14,0.118348459756047,-0.14526557642927923,0.5642241636980462,1.540236915659739
2025-01-15,1.748803549627947,2.218197775494004,1.6287780542135544,1.934853146692387
2025-01-16,-0.1607175026484522,-0.7071218756658589,-0.1048491730856889,0.05066050698183314
2025-01-17,0.9399329437762707,1.5994805449900962,0.7083929929905587,0.31961675521264415
2025-01-21,0.8762553177420083,0.5140072382752638,1.2178970809066707,1.4247733747546498
2025-01-22,0.5595936459561766,1.2568683335586537,0.3218719575619284,-0.9702119308920488
2025-01-23,0.5045804767052307,0.15542548793458968,0.8846160114219613,0.17201059588157358
2025-01-24,-0.31090056353062845,-0.5906709195332028,-0.306032062862519,-0.0306125094616658
2025-01-27,-1.516429795325627,-3.0551773504778663,0.5698753107750902,0.09986722800088393
2025-01-28,0.8574898863801103,1.452876877182955,0.40408457814754795,-0.2856763644380295
2025-01-29,-0.48013823214843965,-0.2268156905898911,-0.3238822800320187,-0.43832368652187176
2025-01-30,0.41592835494961217,0.3034985334338665,0.2824624080305318,0.8922072288517385
2025-01-31,-0.5875384450253073,-0.22334039986781984,-0.790323286780841,-0.938172960667627
2025-02-03,-0.7910102076270713,-0.9456849925767601,-0.38492177565530283,-1.4751846264451678
2025-02-04,0.5933617776205856,1.1263539662307236,0.2609145295209846,1.2779346208777898
2025-02-05,0.30303551758516933,0.34533168366612516,0.6362322981588255,0.9201974208369698
2025-02-06,0.31902789940452175,0.46577966952206146,-0.27825527340966216,0.007765782601357497
2025-02-07,-0.9975973712381981,-1.3716377163058155,-1.0887854367138199,-1.2522090391098895
2025-02-10,0.5587043208740217,1.0469864358913903,0.26112104276330245,0.18325775098257077
2025-02-11,0.010275584052105255,-0.34273646767502414,0.23597949085369918,0.12574491034047477
2025-02-12,-0.3704369921975956,-0.008566862363077202,-0.5358743106244989,-1.2955541524472964
2025-02-13,0.9530106385019734,1.3129503278343697,0.6843280093228716,0.870969561908563
2025-02-14,-0.056877514665189345,0.3451863575544956,-0.40130379534832367,-0.0710902976887173
2025-02-18,0.1835011537675878,0.10039244838152556,-0.08595858983353372,0.3011932404564158
2025-02-19,0.16673520629242938,-0.07772813639075121,0.09757646501467905,-0.5490565940907483
2025-02-20,-0.4512195713932884,-0.5031645690636088,-1.0446184192959846,-0.8940409205593545
2025-02-21,-1.8619085406115516,-2.2600952795760714,-1.8568701507424237,-2.441424425141547
2025-02-24,-0.6135078504908646,-1.3840415978162521,-0.07065338110544309,-0.696389058258976
2025-02-25,-0.5447638835057638,-1.3529986281982331,0.3682420910483704,0.07733580638966003
2025-02-26,0.01750292370845894,0.19455264386898868,-0.4100037397726028,-0.17368763744364393
2025-02-27,-1.7029861258539565,-2.928954508963419,-0.5359024297299559,-1.0286299136992016
2025-02-28,1.481702243925759,1.4744787584878598,1.365407982845541,0.8037549688398592
2025-03-03,-1.7322168883426865,-2.2143843101719622,-1.4299827444568387,-2.0788143800950296
2025-03-04,-1.3392350188476554,-0.45067542912938685,-1.7062448551850888,-1.7008295187014166
2025-03-05,0.8629953508237123,1.078209859726979,0.9618186198616823,0.6256267911459387
2025-03-06,-1.8002112187242696,-2.8317762688627135,-0.9710694798285958,-1.054207133312353
2025-03-07,0.4475683422095191,0.6263986048255941,0.43913833373004524,0.2442170719402725
2025-03-10,-2.7333807244615302,-4.021493058010165,-2.0969189028530586,-2.5703900369971167
2025-03-11,-0.991910306092743,-0.4026999098380063,-1.2914753490339592,-0.36100615723788854
2025-03-12,0.3472330220324365,0.9106290493741277,-0.3358848742061965,-0.058632178593756634
2025-03-13,-1.4283887440343632,-1.9466019758742792,-1.39578903402643,-1.3971713069905964
2025-03-14,1.9058994781607914,2.221246216399166,1.5046560303883283,2.1585056769287743
2025-03-17,0.7785421017857542,0.6004598447200424,0.8862135463495119,1.1098700091327907
2025-03-18,-1.098041987320714,-1.7573754759142195,-0.6301531002326506,-0.5036513092944596
2025-03-19,0.991589243497421,1.2242600745040835,0.8493601318299175,1.1853133627705073
2025-03-20,-0.30935386535789383,-0.3974465292207624,-0.016433964311181742,-0.46116860772316365
2025-03-21,-0.02897913397083699,0.2525849071240353,0.032782684144810746,-0.8119950561047182
2025-03-24,1.708692347123759,2.093005004882201,1.3740133358206685,2.0130466001359157
2025-03-25,0.22183307966336105,0.531952109433823,0.010474936659780016,-0.723754890110157
2025-03-26,-1.256506686445202,-1.9358536323122226,-0.37561490886476373,-0.5319361859738215
2025-03-27,-0.36066592566169997,-0.6666831476099375,-0.4098103226466083,-0.2310635305183429
2025-03-28,-2.1097444590784344,-2.76613987863845,-1.7621413701834197,-2.083064630242493
2025-03-31,0.5192456048914158,-0.18003170570084373,0.8705940495001756,-0.29596341400977283
2025-04-01,0.3138780684726508,0.781284803380353,0.042406804803147694,0.021863292248785367
2025-04-02,0.5301015117558969,0.6203059336467655,0.4713307732243445,1.1417229407118608
2025-04-03,-5.111257725716026,-5.582419316394781,-4.094720613848541,-6.787654549220488
2025-04-04,-6.291252451385655,-6.656552485215099,-5.89280306941862,-4.463181194942604
2025-04-07,-0.662130297081589,-0.19994262644379623,-1.3210296190532773,-1.8196615842836408
2025-04-08,-1.674777495795655,-2.0032460585323975,-0.9101594242011035,-2.4164220009495208
2025-04-09,9.87201481017248,11.205390446369083,7.505472287894264,7.124686172785384
2025-04-10,-4.096223274941722,-4.064715861503915,-2.186817508581455,-3.9335421121934955
2025-04-11,1.5027752712778353,1.6427553483949422,1.3059328029070802,0.5259359313224354
2025-04-14,0.9982984611122617,0.7054423476868071,0.8557284612449504,1.2007277213946441
2025-04-15,-0.3047060198510022,0.06366228718229343,-0.41367885532550913,0.23615815587661143
2025-04-16,-2.366383787644446,-3.2005233964414654,-1.8493525118512522,-0.5056492693987317
2025-04-17,-0.03318544094913575,-0.20573126616374493,-1.4802527342642717,0.8915241822843631
2025-04-21,-2.5474113052976435,-2.7225770569795196,-2.683033664782691,-1.664641056012113
2025-04-22,2.3469945410599173,2.2974130703722624,2.4140382701929335,2.3744738860051253
2025-04-23,1.6411177101984014,2.2688357514057422,1.2164004677168292,1.2174785141832487
2025-04-24,2.06304565158899,2.7463179351272533,1.1912801747680495,1.4732033576579813
2025-04-25,0.702751602303956,1.0613297715073757,0.013924443946689381,-0.25685606266061844
2025-04-28,-0.03009995741689414,-0.13403404935294516,0.18886968375082736,0.30893233658375774
2025-04-29,0.5567670362070237,0.5638667550216485,0.6999725895809341,0.33423910028973924
2025-04-30,0.024486310599351538,-0.05122460498163174,0.3586567435019429,-0.7464491517354972
2025-05-01,0.672125035259669,1.252746731251096,0.19491610137798837,0.46940520778830186
2025-05-02,1.381446525124203,1.3756051915967404,1.2947940385582042,1.9557477912899823
2025-05-05,-0.5734099823764638,-0.6298742926834285,-0.22167776506129042,-0.7859817046940875
2025-05-06,-0.9072628915006803,-1.0170374318307256,-1.00102360485783,-0.8342637219287742
2025-05-07,0.2861013251735549,0.2499376209279679,0.5794214946024767,0.11087816288869107
2025-05-08,0.6721547397649046,0.9673818778942046,0.6342561152349137,1.6774164566122496
2025-05-09,-0.1964992676192086,-0.13988244696865923,-0.3292592990310001,0.055931040337377225
2025-05-12,3.1723121536995875,3.8886103062192454,2.7004814795668026,3.093355102823536
2025-05-13,0.737277576061105,1.538686720421565,-0.5394452094375657,0.34946184144044345
2025-05-14,-0.005314266728366962,0.45272676273085605,-0.4009420620739973,-1.1624610457285436
2025-05-15,0.4042517011032355,-0.02324958571591393,0.5596469562672938,0.6645920991605418
2025-05-16,0.5929577419264718,0.37338624889580646,0.767176143038063,0.5437427605704535
2025-05-19,0.10049596689972344,0.0567828297444509,0.33313323444283255,-0.4501834618951565
2025-05-20,-0.37589431873351836,-0.3889679894519977,-0.28632393000181144,-0.1509079628624004
2025-05-21,-1.8020559256646091,-1.505516243430888,-2.009981253134458,-3.0780205939439873
2025-05-22,-0.13398754112079084,-0.0011195422663491938,-0.172451539730316,-0.37225658539405815
2025-05-23,-0.7796901579643654,-1.0500840197425547,-0.6707029589124858,-0.4017717354080466
2025-05-27,1.947162349937597,2.198642594824092,1.673153677541416,2.427125888587864
2025-05-28,-0.5561193454371283,-0.4694614186318866,-0.5310310467398212,-1.0974287498222912
2025-05-29,0.3047487254937421,0.09279050466325996,0.18503049190198284,0.4382233151046711
2025-05-30,-0.1717033449570151,-0.24400145351922062,0.08845435795507736,-0.6637505045891876
2025-06-02,0.5143985676225108,0.7108288318424,0.05963534388704525,-0.13218030669636016
2025-06-03,0.4982700889081048,0.688679901416029,0.4367371888091449,1.4017098380712076
2025-06-04,-0.10267876791878515,0.17776540324261447,-0.2673477414312734,-0.48905865091001316
2025-06-05,-0.5560520462405303,-0.8543043406313091,-0.32115207054440464,-0.11388032825386438
2025-06-06,0.9306524926581857,0.8648193965428888,0.9782989672523497,1.468202690609374
2025-06-09,0.08091609837024653,0.10289685461258685,0.017915867460357834,0.8920255105115416
2025-06-10,0.4860651350856878,0.5600928496301856,0.17753146327584268,0.8767447666334232
2025-06-11,-0.3394418441294042,-0.4315444458209755,-0.04942830708524536,-0.4352773192948693
2025-06-12,0.3380828082852127,0.146927859783368,0.20256441985939086,-0.31124428798966225
2025-06-13,-1.1638474506607668,-1.3275383465002721,-1.8379521669482433,-1.830825018029028
2025-06-16,0.7720749157569233,1.1800737364550726,0.5517651185975614,0.6818358258904547
2025-06-17,-0.9088798663780631,-1.087457101283408,-0.7241650162028072,-1.008353355575404
2025-06-18,-0.12127204514168627,-0.13248207291537503,-0.1986517161280523,0.4305596500847092
2025-06-20,-0.3275664411973715,-0.5256165571051,0.01856958940744087,-0.2562717386632464
2025-06-23,0.9329089128229594,0.9429031295848487,0.8637142260427566,1.4519838448585614
2025-06-24,1.0706979294964483,1.4662978730245826,1.1806251081068433,0.8621275853209511
2025-06-25,0.05641736572177094,0.22998111359824255,-0.22451545012729554,-1.0407134235944884
2025-06-26,0.704982606450125,0.8498009178196161,0.8547856417517384,1.462613217925044
2025-06-27,0.44262317730124917,0.2716296459375122,0.9787806865005794,-0.0033515983551515097
2025-06-30,0.4974170782408745,0.646294274810381,0.6757687629716467,0.0825591469076888
2025-07-01,-0.07047603721774662,-0.8827389376167104,0.891919186494169,1.9841408550222333
2025-07-02,0.41959790433396327,0.6617374683711132,0.0023930500906828266,1.7107892825289739
2025-07-03,0.70973757787077,0.8764683658384664,0.7027684084312869,0.7686331381218581
2025-07-07,-0.7555446000731486,-0.8153725882658022,-0.9382850542500392,-1.4869917538390856
2025-07-08,-0.1678737459746668,-0.07024119906719964,-0.49046049375031664,0.7560932648431685
2025-07-09,0.46584231792427466,0.5469886060311154,0.38090246212836065,0.6720818117182611
2025-07-10,0.250245089650786,-0.22468757467173378,0.41656531037158423,0.9585187666028296
2025-07-11,-0.38869989462878096,-0.29034372973419487,-0.6460293060053665,-1.0409469230561244
2025-07-14,0.1001995308250812,0.24031583867352013,0.10879411795791692,0.18678679640330126
2025-07-15,-0.506394554383901,-0.011366985970386642,-1.0350050611501784,-2.5291220089362763
2025-07-16,0.22440591411080438,-0.028972897770548678,0.4020832663153404,0.5033142022317583
2025-07-17,0.541444544971494,0.718450658255642,0.4854623466681169,1.0102966348323557
2025-07-18,-0.12432656517573433,-0.1698539625032208,-0.35063822380961546,-0.6168579850011779
2025-07-21,0.1194806552926717,0.41752726077381286,-0.11632926329146098,-0.09109458209030585
2025-07-22,-0.07603887909669975,-0.6369032792035266,0.3302377946302417,1.378721488054194
2025-07-23,0.7897058685052519,0.37586060773374214,1.1128610914862287,1.2354289939299872
2025-07-24,0.06367146029328875,0.20012276751943753,-0.6476038434499367,-1.3406341556626038
2025-07-25,0.3365385619420923,0.12595766714644552,0.3512980909579519,-0.010023995462963536
2025-07-28,-0.0763990417033045,0.22197105073670492,-0.17323974223565225,-0.23435811529383704
2025-07-29,-0.3589888019234353,-0.264326283822218,-0.5344322956208628,-0.7730345413066144
2025-07-30,-0.22310239490519906,0.015818436041294334,-0.4732337249399844,-1.3863253611382573
2025-07-31,-0.463485661694478,-0.6475119327928022,-0.8252285584750453,-1.244590523211526
2025-08-01,-1.767030540323456,-2.127913816064937,-1.3529975975637714,-2.253764527544717
2025-08-04,1.3712317484879926,1.668061078129736,1.2278337911833206,1.5701698715090155
2025-08-05,-0.5233168351321421,-0.7260432763649168,-0.11507171035758093,0.7373991171569896
2025-08-06,0.6707073378054362,1.1533543361259904,0.11760832952310885,0.02800029538267941
2025-08-07,-0.1297948072902783,0.25345496558727265,-0.554581865314972,-0.2200797856868172
2025-08-08,0.6510499803517786,0.7812290784469875,0.3449053718236968,0.047727185741563705
2025-08-11,-0.2346546349957561,-0.37485361183994964,-0.48524866316723725,-0.18057352240523952
2025-08-12,0.9546658539317618,1.1213626321361874,0.9897280429642729,2.9859093315081777
2025-08-13,0.2903983114504685,-0.03625281620285292,1.0290250249620638,2.2683498506710307
2025-08-14,0.010964662948965783,-0.10182955623767816,0.02034513622090088,-0.9337011110974957
2025-08-15,-0.25160036467331975,-0.4842147123545944,0.061979829299032306,-0.6896523585860973
2025-08-18,-0.08837411395570154,-0.11890535723771085,-0.11204881135499567,0.199326388605974
2025-08-19,-0.6345379114694858,-1.4678191898225903,-0.04369397844664573,-0.12945946553449528
2025-08-20,-0.3075909139103445,-0.6674025815440914,0.02592766999087815,-0.43456595294704276
2025-08-21,-0.4478619737359656,-0.5358786260964042,-0.3548617598979947,-0.03602560137427825
2025-08-22,1.4222401258463204,1.4161064163882031,1.7973199369865884,4.136267329497592
2025-08-25,-0.4454849567310481,-0.32121456296464046,-0.7126107896001471,-0.651288601641965
2025-08-26,0.3455015005128023,0.2999898595277125,0.20858398186917607,0.5553168863808372
2025-08-27,0.16735361807907737,0.05576977061865222,0.28377220055450364,0.8018674820964431
2025-08-28,0.29624315916746896,0.5403212250385478,0.12330159055734356,-0.2753949730641262
2025-08-29,-0.6473498510143495,-1.2428318741148574,-0.24198497020659746,-0.04707800137279087
2025-09-02,-0.8262043321710077,-0.9379297453784387,-0.6026241509454091,-0.6042315836146364
2025-09-03,0.442914804061986,0.6645066661491884,-0.12017547015653715,-0.13200525324446458
2025-09-04,0.7632209180096088,0.7956146326128978,0.7015678688943618,1.1961357367313101
2025-09-05,-0.332466430441067,0.06584149181400575,-0.5072022459816601,0.41951492787103783
2025-09-08,0.11994831324583011,0.34815124127210006,0.13978447435354016,-0.10216735816388456
2025-09-09,0.18390209853106998,0.20310271637890553,0.40589071391691184,-0.6979303843468709
2025-09-10,0.2575634486164271,-0.013911577175734678,-0.4915890083754421,-0.1002489936179072
2025-09-11,0.7276166869469651,0.45953346219142477,1.2263594863959226,1.436886867166406
2025-09-12,-0.029251795472217686,0.39167747854231627,-0.5460275350997551,-1.0402179289697449
2025-09-15,0.4382883473400554,0.7463846919818697,0.0016060336599987152,0.25968837926060423
2025-09-16,-0.22767315993046078,-0.20452201816077076,-0.35503607665103604,-0.34950603481362086
2025-09-17,-0.21290459853582216,-0.31699267251531194,0.48717812134120736,-0.03976288953947257
2025-09-18,0.4286230750668922,0.8422591224469712,0.2846204343225407,2.185556360587179
2025-09-19,0.3878609209261724,0.5748602408634055,0.3002829239986003,-1.1666618265069133
2025-09-22,0.48022585457312483,0.5502915691184794,0.1483953647509918,0.3432544972834808
2025-09-23,-0.6353653071870531,-0.7650762122619312,-0.273349500461672,-0.22419905613181945
2025-09-24,-0.4077734831549447,-0.4604561116801056,-0.4285268469698627,-0.33564979678092377
2025-09-25,-0.549763257946044,-0.5395335502321265,-0.44518404637399955,-1.0506789485922141
2025-09-26,0.48719269019753836,0.3007639665747476,0.589094483931259,0.8054665713453003
2025-09-29,0.24051088283445726,0.3995024666640977,0.13844346667946034,-0.08393538164213808
2025-09-30,0.3197395166044891,0.19278716447582067,0.13044636008853555,0.08282454969573917
2025-10-01,0.2842593206792044,0.3948232104225686,0.04344420664977165,0.3444790893191391
2025-10-02,0.040149747306752206,0.30441547793340884,0.10420653615301699,0.200956574272797
2025-10-03,-0.07454781079318444,-0.5181801590765165,0.4640395781193348,0.7416717591780486
2025-10-06,0.32187421144791994,0.6974538913755863,-0.13285711211760826,0.22020676740948963
2025-10-07,-0.45156104190704943,-0.6314492034027404,-0.2742281442874507,-1.1935496448172138
2025-10-08,0.5324755952639192,1.0466344395809772,-0.04946980181514581,0.6825835658763831
2025-10-09,-0.39971974207150296,-0.24713628789830314,-0.6217708627389668,-0.9256264327354278
2025-10-10,-2.834532508794052,-3.6616832788918594,-2.0079854916478688,-3.147323021743711
2025-10-13,1.3624496985380565,1.9327151295377385,1.1622083073646856,1.9803605991737636
2025-10-14,-0.1596008145575121,-0.7321381746643142,0.4575380638979737,1.9520031159716809
2025-10-15,0.3915166327535786,0.6402419436425121,-0.05684810767056164,0.7977960100006802
2025-10-16,-0.7413317563712892,-0.46920465618256196,-0.7093719717739881,-2.207376136414217
2025-10-17,0.48102694355417375,0.5380195621820093,0.4417738615950366,-0.28414541253383174
2025-10-20,0.981101410668829,1.188044797911889,1.0837360840453614,1.8909644874832663
2025-10-21,-0.043219313271857615,-0.07899352042142042,0.45815993620967843,-0.44880077514972516
2025-10-22,-0.536516209472752,-0.9986391871864438,-0.7046241242788831,-0.9046546822625813
2025-10-23,0.49315587195887034,0.7306068701398738,0.21143671177249335,0.7513490972937475
2025-10-24,0.7399550096733094,0.9464514303523857,0.9537995684611491,1.1671277843853758
2025-10-27,1.1528330356182723,1.717956513963299,0.72356016731581,-0.10665335189032737
2025-10-28,0.24916866467592025,0.7297565191737783,0.3188288999186073,-0.592438736578395
2025-10-29,-0.024003835976756233,0.37537017946635587,-0.20741184963419151,-1.422699631796185
2025-10-30,-1.1883302269488112,-1.6244027444059845,-0.3047262854259739,-0.8669998994143121
2025-10-31,0.23002838502937642,0.39005720492823115,0.04334421855586225,0.11297681740541425
2025-11-03,0.12072937067574531,0.3966239350953057,-0.5215692170253687,-0.008292668805629053
2025-11-04,-1.30209815199035,-2.192823166281294,-0.6514037229044757,-1.443693278862699
2025-11-05,0.2783048373647885,0.5434219047193327,0.4387792388582309,1.1361292303657546
2025-11-06,-1.1546510133635688,-1.9694816411456564,-0.8703315564929782,-1.3803267033638593
2025-11-07,0.026121789126825598,-0.4113734050709568,0.09149121110086772,0.6465322138226066
2025-11-10,1.4851066431439328,2.0862022435391068,0.7772044258140729,0.7371715871905588
2025-11-11,0.20878577695142092,-0.33563365280229784,1.1487228378926713,0.3618417814033912
2025-11-12,0.06533158949144567,-0.08616285524225027,0.7324715946251587,-0.08230575983581154
2025-11-13,-1.6936578649797147,-2.0732104795663426,-1.6417144600573346,-1.8920127553135417
2025-11-14,-0.17574414897285756,-0.0769447496423859,-0.8060062401849382,-0.039245447887237744
2025-11-17,-1.0597187533464658,-1.0287614052996603,-1.303465644136049,-2.270676914507416
2025-11-18,-0.9610877605275279,-1.390293100240576,-1.1956025139521984,0.32826341504288686
2025-11-19,0.21492898365588367,0.4014798414859504,-0.04845697999345622,-0.4316968341936264
2025-11-20,-1.573523204571132,-2.499866413978228,-0.8678094626103828,-1.3592630431428885
2025-11-21,0.888915994496209,0.633866199873629,1.0010865379660527,2.801365583255032
2025-11-24,1.4258003706718365,2.4600410883860637,0.4522828677145192,1.2691934610478217
2025-11-25,0.8883989948567704,0.5193158987449177,1.3519388430473351,2.377784150069867
2025-11-26,0.6887582638090191,0.8487590274268414,0.6991492034060507,0.8361434382200652
2025-11-28,0.5289133373488148,0.770198091261759,0.6057291918482048,0.4154486104842783
2025-12-01,-0.4957540620160879,-0.3906147673302689,-0.9157635435670028,-0.6934992089293198
2025-12-02,0.055202545747054105,0.6386007654316554,0.25519118986518463,-0.5593656054343177
2025-12-03,0.28524691301939253,0.15360909082807517,0.8375654290903682,1.7949593818680418
2025-12-04,0.01838769103846387,-0.13674664293839736,-0.07000723590975065,0.1899700882535468
2025-12-05,0.14226110435535885,0.33452097114649887,0.17354472807431587,-0.10155720900899039
2025-12-08,-0.35830502854574464,-0.2804061160095104,-0.4850075118644031,-0.18246655844282814
2025-12-09,-0.1979203502769571,0.0010036401789496607,-0.473174499824002,0.21390890641511795
2025-12-10,0.5527201842887645,0.270730264482999,0.946715796326015,1.8606205865803325
2025-12-11,0.21768776541961435,-0.3752805561471414,1.3624117720549525,1.0243193028532724
2025-12-12,-1.04088752567738,-1.906713073968317,-0.4091292469050636,-0.9494467879043426
2025-12-15,-0.21144155938711537,-0.5582006797400239,-0.11998811482256175,-0.46836437526620234
2025-12-16,-0.33315339158200624,0.10889060136488093,-0.6594934011714925,-0.7070266972988376
2025-12-17,-1.2318327437241385,-2.017379762673475,-0.5885547476352951,-0.5515101939065845
2025-12-18,0.6622165154138777,1.3286474653593592,0.0860779648045156,0.371449603799078
2025-12-19,0.8280433340521005,1.1881662971144502,0.32060410335017675,-0.02438368011940472
2025-12-22,0.5735563021530137,0.39421978194411256,0.4165186681589464,0.6106734052826989
2025-12-23,0.40663832772410125,0.38884628878216015,0.12140326599347075,-0.6838113631330792
2025-12-24,0.31433159184280424,0.21619743181365647,0.5529256053256619,0.2038726180823171
2025-12-26,-0.05634696440026498,-0.07225799719934951,-0.05765163050660241,-0.4147880001612715
2025-12-29,-0.42529771373735953,-0.566533184715464,-0.5669489621933997,-0.5424414497961806
2025-12-30,-0.22317287233234062,-0.3559057007862035,-0.28707880521865725,-0.6731646453541323
2025-12-31,-0.8148479765945881,-0.9381096515832977,-0.6863392987626827,-0.865592733663368
2026-01-02,0.07028638120120692,-0.3248437386702001,0.5730269470658137,0.7945189004045222
2026-01-05,0.6320483784556612,0.7346324667667036,1.2374072642810916,1.2877658960728533
2026-01-06,0.5916460882964091,0.8616313825970582,1.0351467593596586,1.5441166176729584
2026-01-07,-0.35308580194867323,0.07341468456608127,-0.9336430988222009,-0.3002253121766424
2026-01-08,-0.14250713294558814,-0.7102252817695742,0.40655293660250424,1.2994493496481019
2026-01-09,0.6166029173358254,0.9088172804178205,0.48517518973259754,0.6619964055615859
2026-01-12,0.12570400649347296,0.02157651048048613,0.15913031623093746,0.2814794035399949
2026-01-13,-0.2591124294801297,-0.22808257987845643,-0.851384219078168,0.07940087293436007
2026-01-14,-0.6209960857584785,-1.2308687632376538,-0.2216017432017439,0.8466398564252104
2026-01-15,0.1957187157725387,0.23621911796519035,0.5538329260994704,0.933103372947709
2026-01-16,-0.11202760009878965,-0.1443090967071395,-0.15379256245407077,0.027336987080957276
2026-01-20,-2.1291226956946767,-2.234924342737545,-1.8407152987496096,-1.3637669240338322
2026-01-21,0.9547729634892931,1.1442118119096318,1.0450987625509425,2.3171103038550003
2026-01-22,0.4992677760225886,0.6632710000256768,0.6552389988250675,0.8281357464963056
2026-01-23,0.014956795604920154,0.27139458257126514,-0.5845441545911638,-1.6747580217290616
2026-01-26,0.4277159315103272,0.3362215787890934,0.5376840424572372,-0.5142887712528332
2026-01-27,0.36015983539668944,0.8362005145963216,-0.8438806249259777,0.26807066481074393
2026-01-28,-0.16657751234778095,0.15716629092689544,-0.15967748551123398,-0.7741576547190206
2026-01-29,-0.2663222178173318,-0.7224783219364279,0.06502760533868303,0.6220748101869675
2026-01-30,-0.3737766200791895,-1.2912750886318085,-0.40755014967658865,-1.0626379121952974
2026-02-02,0.4662241883948727,0.6076753136618975,1.0128490246224742,0.9928391348424483
2026-02-03,-0.8848009463314405,-1.6113745666488908,-0.3122211984957467,0.8280434062841632
2026-02-04,-0.5771820502009334,-1.8471129800922386,0.4688705160459437,0.1261936904939773
2026-02-05,-1.2315959743894087,-1.4691429102000975,-1.1293671239554715,-1.398007166920891
2026-02-06,1.7747166250125854,1.9554489038643412,2.3322230745295167,2.648416648881113
2026-02-09,0.5302381371905066,0.7790049738726904,0.1611763058359132,0.45244252206199553
2026-02-10,-0.3254277709314077,-0.5265042318129877,0.02817121781410263,-0.13809573505800446
2026-02-11,-0.08457386545838314,0.1808267786570796,-0.16534002902872924,-0.17467198314100812
2026-02-12,-1.6434737356191234,-2.154983751975495,-1.4091431487766597,-1.7697760053257054
2026-02-13,-0.06320690344320981,0.06428091778982786,-0.019487979917069062,1.2772972540558023
2026-02-17,0.05854988098677409,-0.23304000910889916,0.01086572379638133,-0.16425438362123151
2026-02-18,0.47453027897205136,0.6728160892218116,0.23640388012444447,0.0669118510470717
2026-02-19,-0.32346992914599515,-0.4748927733845121,-0.5876422654804617,0.1727388142854686
