date,lambda
2002-01-07,1.2918142529026493
2002-01-08,1.023250237419703
2002-01-09,0.686779507272935
2002-01-10,0.5020762748218738
2002-01-11,0.4481688536360518
2002-01-14,0.330646375847449
2002-01-15,1.8776034699187167
2002-01-16,0.3277765962084578
2002-01-17,0.14678844840352473
2002-01-18,0.5887979844650807
2002-01-22,0.2139714326488515
2002-01-23,0.4554830490647704
2002-01-24,0.7386646483243642
2002-01-25,1.8284822704032073
2002-01-28,1.3800526025606255
2002-01-29,0.10097241960093926
2002-01-30,1.1499479289222314
2002-01-31,0.30485856255425936
2002-02-01,1.3930673785465182
2002-02-04,0.3414450165353642
2002-02-05,0.5360649370459324
2002-02-06,1.2484099647785862
2002-02-07,0.3951334688045706
2002-02-08,0.4836757072479802
2002-02-11,1.2783680676455174
2002-02-12,0.8725298806287439
2002-02-13,1.0751006726465444
2002-02-14,0.5936314524212205
2002-02-15,0.31574205663714655
2002-02-19,0.8090597321454701
2002-02-20,0.330384351313456
2002-02-21,0.14565180475638123
2002-02-22,0.42011499948465975
2002-02-25,0.28307252128571603
2002-02-26,2.975481119453987
2002-02-27,0.686648166971013
2002-02-28,0.6380348157114615
2002-03-01,0.18985884430738528
2002-03-04,0.17215858807221662
2002-03-05,0.5986297786945406
2002-03-06,0.5087557984017077
2002-03-07,0.593298643859479
2002-03-08,0.4967463753648187
2002-03-11,1.5128846683021135
2002-03-12,0.8402078067589662
2002-03-13,0.3616529666129703
2002-03-14,2.4906921921501213
2002-03-15,1.974304917431412
2002-03-18,0.3381751267637084
2002-03-19,0.4851337194130698
2002-03-20,0.5307582752252838
2002-03-21,0.305013377383339
2002-03-22,0.8160729175064213
2002-03-25,0.5385578201744831
2002-03-26,1.510723061230126
2002-03-27,0.6605897342442436
2002-03-28,0.36280567689951615
2002-04-01,0.26760152787918945
2002-04-02,0.14864965915218356
2002-04-03,1.2437538562931711
2002-04-04,0.6984588822711122
2002-04-05,0.6523131672781367
2002-04-08,1.005784263974572
2002-04-09,0.27448467105881197
2002-04-10,0.2984726523021318
2002-04-11,0.27389727065689934
2002-04-12,0.5642434985601092
2002-04-15,0.5540322148457111
2002-04-16,0.8342052033475618
2002-04-17,0.47603644537105216
2002-04-18,0.7549354817816892
2002-04-19,0.7732339636214343
2002-04-22,0.4127976024882073
2002-04-23,0.5533150153219852
2002-04-24,1.3978911233362588
2002-04-25,1.1940859259599597
2002-04-26,0.42323737392902827
2002-04-29,1.2756611428383597
2002-04-30,0.6852686180859974
2002-05-01,0.4793608944004151
2002-05-02,0.18215717648974533
2002-05-03,0.515733418426909
2002-05-06,0.8962232792523607
2002-05-07,0.5728467866295328
2002-05-08,0.030977958564545095
2002-05-09,0.8686012478098416
2002-05-10,0.18650002665938048
2002-05-13,0.3378442139665674
2002-05-14,0.20885045117790285
2002-05-15,0.8792893317688805
2002-05-16,0.5602515559923336
2002-05-17,1.1622311847949782
2002-05-20,0.4815005754033705
2002-05-21,0.5304437860593737
2002-05-22,0.4778370893375232
2002-05-23,1.019745096629629
2002-05-24,1.0674688814221809
2002-05-28,0.48434640994092676
2002-05-29,0.46368380555216987
2002-05-30,0.8236448546547067
2002-05-31,0.3003803030732284
2002-06-03,0.23030396230700637
2002-06-04,0.7219533428514284
2002-06-05,0.9585179299483586
2002-06-06,1.4498903048718927
2002-06-07,0.185658326630449
2002-06-10,1.0156946938261722
2002-06-11,0.46933071639586654
2002-06-12,0.3975690875388334
2002-06-13,1.0104930969879622
2002-06-14,0.5470597082510013
2002-06-17,0.9816093229107934
2002-06-18,0.7963798983082488
2002-06-19,0.14546437677198915
2002-06-20,0.15084899840011262
2002-06-21,0.4065643585834575
2002-06-24,0.8057372007408001
2002-06-25,0.4875956771595184
2002-06-26,1.525725892151629
2002-06-27,1.2253428369150625
2002-06-28,1.5569944065696475
2002-07-01,0.1869553371381679
2002-07-02,0.2564575284752947
2002-07-03,0.4396021692518167
2002-07-05,0.24416008930639702
2002-07-08,0.37403936261950327
2002-07-09,0.2156829155083902
2002-07-10,0.14034125307305872
2002-07-11,0.26830147243056085
2002-07-12,0.542406098705757
2002-07-15,0.37267992336368433
2002-07-16,0.49876094331084425
2002-07-17,0.09771357477386214
2002-07-18,0.12624114049205415
2002-07-19,0.10955030404821316
2002-07-22,0.22372381760186963
2002-07-23,0.1851084238433023
2002-07-24,0.19343274639312527
2002-07-25,0.057425639893642924
2002-07-26,0.33931243360001556
2002-07-29,0.3059753364399645
2002-07-30,0.2635245850605358
2002-07-31,0.24034968939419477
2002-08-01,0.14902076508439707
2002-08-02,0.8271222887486258
2002-08-05,0.2645994434722999
2002-08-06,0.4530007215397561
2002-08-07,0.4435867925310934
2002-08-08,0.4494028761033797
2002-08-09,0.6464193051114169
2002-08-12,1.1009328537181071
2002-08-13,0.32493717846228337
2002-08-14,0.22319227866838703
2002-08-15,0.2362871628404717
2002-08-16,0.854372169668076
2002-08-19,0.5297569075408117
2002-08-20,1.0729371447491096
2002-08-21,0.740860139612716
2002-08-22,1.1087732249789672
2002-08-23,0.39664470591145295
2002-08-26,0.9717161527258639
2002-08-27,0.24815048334496834
2002-08-28,0.6331188810382002
2002-08-29,0.7743860458769887
2002-08-30,1.8868399790554182
2002-09-03,0.18694241446876836
2002-09-05,0.30225487010634844
2002-09-06,0.32850830043777585
2002-09-09,0.29151657045439155
2002-09-10,0.36425207060588477
2002-09-11,1.1768095313145766
2002-09-12,0.1519262829838873
2002-09-13,0.5651837181140306
2002-09-16,0.24047172439753936
2002-09-17,0.3760177469645856
2002-09-18,0.9219422901271953
2002-09-19,0.29979116564032054
2002-09-20,0.4584271418874905
2002-09-23,0.14490148469742653
2002-09-24,0.25634257172082503
2002-09-25,0.591874732430994
2002-09-26,0.19644566074574202
2002-09-27,0.26167092159726785
2002-09-30,0.3840933164682156
2002-10-01,0.1171852039821234
2002-10-02,0.662724246000938
2002-10-03,0.6828520686821596
2002-10-04,0.39997269152421244
2002-10-07,0.23780663537227273
2002-10-08,0.35090459230861026
2002-10-09,0.0975143685073645
2002-10-10,0.23088429025033128
2002-10-11,0.5733664717323053
2002-10-14,1.0743565256598842
2002-10-15,0.34449535646794105
2002-10-16,0.42300926626062907
2002-10-17,0.7009408319287577
2002-10-18,1.2989293666428896
2002-10-21,0.6192083700985723
2002-10-22,0.9827769997379956
2002-10-23,0.8874763869315004
2002-10-24,0.3154151324145972
2002-10-25,0.8732017833592418
2002-10-28,1.2263514118272971
2002-10-29,0.49267801055282495
2002-10-30,0.3104944279142988
2002-10-31,0.35923881096787846
2002-11-01,0.8012340339914995
2002-11-04,0.5501647056748754
2002-11-05,0.5015721353677568
2002-11-06,0.5292668904865793
2002-11-07,0.3165894715752073
2002-11-08,0.735108072882087
2002-11-11,0.2568008552995037
2002-11-12,0.27206874464161573
2002-11-13,1.3711270499635217
2002-11-14,0.27224813214350674
2002-11-15,2.168532845749552
2002-11-18,1.3568318058271804
2002-11-19,0.381934082433607
2002-11-20,0.22826300546407555
2002-11-21,0.17264527591209594
2002-11-22,0.7248366773983177
2002-11-25,0.5506445952664881
2002-11-26,0.5776013555616417
2002-11-27,0.5117371543808346
2002-11-29,1.2935463777335807
2002-12-02,1.2045318811451038
2002-12-03,0.3022748937519776
2002-12-04,0.5138382852940989
2002-12-05,0.4496801124898424
2002-12-06,1.0335773596963524
2002-12-09,0.3014131401418038
2002-12-10,1.0722634697143252
2002-12-11,1.9251637215491613
2002-12-12,0.7208393746526133
2002-12-13,0.23009685957401366
2002-12-16,0.3513390429153473
2002-12-17,0.3921982162735872
2002-12-18,0.683202048974638
2002-12-19,1.0217905593667655
2002-12-20,1.0786901750519589
2002-12-23,0.45950652802934994
2002-12-24,0.7621661334059674
2002-12-26,1.0451716496141343
2002-12-27,0.2679744508187047
2002-12-30,0.6553566989643016
2002-12-31,0.9793473318756243
2003-01-02,0.3089872389116728
2003-01-03,1.7667659667868678
2003-01-06,0.6924928012613425
2003-01-07,0.36261150576417867
2003-01-08,0.1724193451650545
2003-01-09,0.25168176204612874
2003-01-10,0.556176750271341
2003-01-13,0.8351149233771124
2003-01-14,0.6934528649920914
2003-01-15,0.3367058412704893
2003-01-16,1.3077045130249685
2003-01-17,0.16970608672144372
2003-01-21,1.148056325124956
2003-01-22,0.5403826032406264
2003-01-23,0.5105587925182655
2003-01-24,0.1274865587517711
2003-01-27,0.7178185895004491
2003-01-28,1.2613481699174083
2003-01-29,0.861876449781896
2003-01-30,1.189866496078684
2003-01-31,0.3752070195534304
2003-02-03,0.7026473387555785
2003-02-04,0.8839639431485722
2003-02-05,0.840283341260247
2003-02-06,0.7564170478925363
2003-02-07,0.9624889425360772
2003-02-10,0.6911613676385289
2003-02-11,0.8579182351911969
2003-02-12,0.538745942127139
2003-02-13,0.8250098317612685
2003-02-14,0.9288010175772557
2003-02-18,0.5534658931028126
2003-02-19,2.421216348350377
2003-02-20,0.9985281742511257
2003-02-21,0.49963203884398044
2003-02-24,1.1452182771695383
2003-02-25,1.0727182364573973
2003-02-26,1.2445592812930601
2003-02-27,0.657907319399402
2003-02-28,0.4009209389270937
2003-03-03,0.946424462945005
2003-03-04,0.3291291858314012
2003-03-05,1.115445239586205
2003-03-06,1.1026983114731717
2003-03-07,1.3288611842778475
2003-03-10,0.5477686691035379
2003-03-11,1.0575302117728238
2003-03-12,1.38379153345361
2003-03-13,0.06592469985654949
2003-03-14,1.1558248901702353
2003-03-17,0.41108716241992277
2003-03-18,0.6462321805029225
2003-03-19,0.3204990154049417
2003-03-20,1.3624640424328593
2003-03-21,0.2640260903611191
2003-03-24,0.13697508469249497
2003-03-25,1.235537542186711
2003-03-26,0.6229576443608328
2003-03-27,0.9257098318423921
2003-03-28,1.2362776225225678
2003-03-31,0.6668279965255682
2003-04-01,0.5310555223130392
2003-04-02,0.2356776898962226
2003-04-03,0.910462183306186
2003-04-04,0.18051045156847625
2003-04-07,0.2639080985239222
2003-04-08,0.6227347673469269
2003-04-09,0.6661735061253594
2003-04-10,0.7820542073995254
2003-04-11,0.6054256788044263
2003-04-14,0.5379900181242757
2003-04-15,0.991944989532942
2003-04-16,0.4355377044176027
2003-04-17,0.4585859841442562
2003-04-21,1.281902256146657
2003-04-22,0.7361849347979533
2003-04-23,0.8592942144200894
2003-04-24,0.858081718569171
2003-04-25,0.5632984326691133
2003-04-28,1.1583859381280728
2003-04-29,1.0615505990176972
2003-04-30,1.143162687992068
2003-05-01,1.309646762883174
2003-05-02,0.9646541780873119
2003-05-05,0.7846805390150423
2003-05-06,1.8614268988757923
2003-05-07,1.0456082732306071
2003-05-08,0.7365618204994218
2003-05-09,0.8994122875085252
2003-05-12,1.2806703258843062
2003-05-13,1.0047956704016392
2003-05-14,1.2490177179064237
2003-05-15,0.9237321625904815
2003-05-16,1.179057032631056
2003-05-19,0.5423593264101904
2003-05-20,1.2303558884674455
2003-05-21,0.8353835173480084
2003-05-22,1.1546094635893913
2003-05-23,1.1972213029018803
2003-05-27,0.4266627764611802
2003-05-28,0.8872314604459776
2003-05-29,0.7675242613305396
2003-05-30,1.295651445444113
2003-06-02,0.3247260348681257
2003-06-03,0.9117855995549545
2003-06-04,0.66107056971491
2003-06-05,0.8963306221376127
2003-06-06,0.5330308948068692
2003-06-09,1.1345908913872202
2003-06-10,0.7142756869042145
2003-06-11,1.7641483823250037
2003-06-12,1.405432062557551
2003-06-13,0.3769055808331631
2003-06-16,0.4464693321574724
2003-06-17,1.1686443744100052
2003-06-18,1.5734146615244382
2003-06-19,0.4776115487835767
2003-06-20,0.4828844703836818
2003-06-23,0.7117118982704667
2003-06-24,0.8895751250366986
2003-06-25,0.5928234689339179
2003-06-26,1.4633732626452565
2003-06-27,0.639271603222439
2003-06-30,1.4453840232152162
2003-07-01,0.8416681135525492
2003-07-02,0.6129724308549855
2003-07-03,0.43962496605269485
2003-07-07,0.7835768022366899
2003-07-08,1.440661122955295
2003-07-09,0.7392170195730263
2003-07-10,0.8978386443843548
2003-07-11,2.2501170188434116
2003-07-14,0.9204058862737631
2003-07-15,1.644770451982091
2003-07-16,0.9489829194019855
2003-07-17,0.549510727709167
2003-07-18,0.44671197884396574
2003-07-21,1.828708425253589
2003-07-22,1.6349639080996516
2003-07-23,1.2106254216415524
2003-07-24,1.0406381558722384
2003-07-25,0.33269511012661057
2003-07-28,0.3296992578992018
2003-07-29,1.1759661880540595
2003-07-31,1.1033487036060017
2003-08-01,0.936841524027272
2003-08-04,1.6369010401465471
2003-08-05,0.6056927443827087
2003-08-06,0.7412940831014195
2003-08-07,0.36142122163728313
2003-08-08,0.8552246158567917
2003-08-11,0.4495075916630268
2003-08-12,0.9032081834912048
2003-08-13,1.7761711545293641
2003-08-14,0.8885154229476437
2003-08-15,0.5037528267254741
2003-08-18,0.4726265790732243
2003-08-19,0.4815122767027887
2003-08-20,1.2087346876047975
2003-08-21,1.2673860521183151
2003-08-22,0.488039048836175
2003-08-25,1.2986300230447827
2003-08-26,2.0332884592475713
2003-08-27,0.6294398645162637
2003-08-28,1.4304272461465306
2003-08-29,1.119316662713216
2003-09-02,0.6166674500732715
2003-09-03,0.40426041062292756
2003-09-04,0.8741190892270496
2003-09-05,1.0197713205083019
2003-09-08,0.4903510679158556
2003-09-09,0.9990773569472255
2003-09-10,0.6168084188653608
2003-09-11,0.7101080206595056
2003-09-12,1.041311456930034
2003-09-15,1.3169001489313854
2003-09-16,0.34420664311086385
2003-09-17,2.1950178862624594
2003-09-18,0.5693711959119575
2003-09-19,0.6063735359960712
2003-09-22,0.7861625866279763
2003-09-23,0.38488095713060394
2003-09-24,0.563781735005785
2003-09-25,1.2958857198508047
2003-09-26,0.3231943823285865
2003-09-29,0.787376065025635
2003-09-30,1.178338585922514
2003-10-01,0.6611724570204722
2003-10-02,1.5339792591226462
2003-10-03,0.6592378294525426
2003-10-06,1.365088111256872
2003-10-07,0.5917972985611868
2003-10-08,0.4319416533056367
2003-10-09,1.3098905601750148
2003-10-10,1.0737224446831615
2003-10-13,0.46386715286269503
2003-10-14,0.7344646706248331
2003-10-15,1.3465355971735966
2003-10-16,0.6326335262442252
2003-10-17,0.8371416527973928
2003-10-20,1.209360334154307
2003-10-21,0.5411424600422196
2003-10-22,0.5981508989367776
2003-10-23,0.3931058217511041
2003-10-24,0.65630359962923
2003-10-27,1.4666347559810795
2003-10-28,0.24712933514377972
2003-10-29,1.0215183231458698
2003-10-30,1.821432212302913
2003-10-31,1.2053744280909524
2003-11-03,0.50742259213284
2003-11-04,1.2712512722292946
2003-11-05,0.7742435885007493
2003-11-06,0.883954169303923
2003-11-07,1.373720311121692
2003-11-10,0.6407764428750039
2003-11-11,0.8442896714434889
2003-11-12,1.3453968142071633
2003-11-13,1.629697844713605
2003-11-14,0.7261375112318844
2003-11-17,0.9771693021644039
2003-11-18,0.5414481244621104
2003-11-19,1.7851309345264954
2003-11-20,0.9001421869472188
2003-11-21,0.5472669559888803
2003-11-24,0.4355635848173292
2003-11-25,1.0461713464065665
2003-11-26,0.6385533758729564
2003-11-28,2.540971763339948
2003-12-01,0.419885404524606
2003-12-02,0.42799567802381405
2003-12-03,0.7641408936535204
2003-12-04,0.9252552355342709
2003-12-05,0.7709320694642725
2003-12-08,1.4906574814424989
2003-12-09,0.564810126346072
2003-12-10,0.9425381932317435
2003-12-11,0.9893644136810363
2003-12-12,1.4765723899466487
2003-12-15,1.352566965811616
2003-12-16,0.9369860105201849
2003-12-17,0.7508049465820751
2003-12-18,0.6964978037968119
2003-12-19,0.40906408873857625
2003-12-22,0.7306504561585074
2003-12-23,0.7002935261152213
2003-12-24,1.64867524245607
2003-12-26,0.6739040925013524
2003-12-29,1.856958725803509
2003-12-30,1.041418588440248
2003-12-31,1.0624826309782156
2004-01-02,0.8478712425509018
2004-01-05,0.8078573478139024
2004-01-06,1.2166471272464683
2004-01-07,2.774837365991092
2004-01-08,0.6802164544127534
2004-01-09,1.0797809664923126
2004-01-12,0.5034319290218041
2004-01-13,1.4369197960895088
2004-01-14,0.5607278396528595
2004-01-15,1.5138421391188133
2004-01-16,1.6973522384991304
2004-01-20,0.7054244562413354
2004-01-21,0.9125399388224986
2004-01-22,1.0407699226125062
2004-01-23,1.414502174741315
2004-01-26,0.596177305172788
2004-01-27,0.8114670699550359
2004-01-28,0.3904199737613615
2004-01-29,0.6578205512547548
2004-01-30,0.8457111990119898
2004-02-02,0.658680097090641
2004-02-03,0.4365357263209535
2004-02-04,0.5101937684505946
2004-02-05,1.0764788732042736
2004-02-06,0.31470440297967417
2004-02-09,1.3699606606600347
2004-02-10,0.5778958597996849
2004-02-11,1.1800749614089905
2004-02-12,1.5193964471002657
2004-02-13,0.9107438424146077
2004-02-17,0.8110862395377942
2004-02-18,0.9570500486066006
2004-02-19,1.2291127226286884
2004-02-20,1.4053106508306734
2004-02-23,0.9080839798819278
2004-02-24,1.2367956930310864
2004-02-25,2.2465458820300066
2004-02-26,1.1770823810768742
2004-02-27,0.7920671710807182
2004-03-01,1.5234603713956136
2004-03-02,0.7557900217556338
2004-03-03,1.2153117987914064
2004-03-04,1.968135819564797
2004-03-05,1.1083063715898362
2004-03-08,0.7116169287551413
2004-03-09,0.8355096816872717
2004-03-10,0.699510774982051
2004-03-11,1.037475082430677
2004-03-12,0.9108381928024567
2004-03-15,0.5007549395202673
2004-03-16,0.9696838704335323
2004-03-17,0.37700523082304915
2004-03-18,1.7787017624900638
2004-03-19,0.5425428568449914
2004-03-22,1.3466529255158513
2004-03-23,1.1756436057050976
2004-03-24,0.791759470019714
2004-03-25,0.32479994564396114
2004-03-26,2.2829811907468747
2004-03-29,1.4236759694981587
2004-03-30,1.4683229083069305
2004-03-31,1.4457376225015433
2004-04-01,1.3182135447310177
2004-04-02,0.4702452754715861
2004-04-05,0.621694956711692
2004-04-06,0.4712115975894238
2004-04-07,1.0527263590234006
2004-04-08,1.18950393261325
2004-04-12,0.7788367806232871
2004-04-13,0.562641343116619
2004-04-14,0.793741786126595
2004-04-15,0.6352525876374848
2004-04-16,1.1733548204936832
2004-04-19,0.3444218234289771
2004-04-20,0.67824116771006
2004-04-21,1.1872990787100064
2004-04-22,0.48611724946947404
2004-04-23,1.0366191073060878
2004-04-26,0.909353437190601
2004-04-27,1.7518456026666278
2004-04-28,1.0400070922659657
2004-04-29,1.5347067811778656
2004-04-30,0.4089031725647025
2004-05-03,0.6567129547075509
2004-05-04,0.8504154760593114
2004-05-05,0.736310115790163
2004-05-06,1.3239519031724398
2004-05-07,0.5431163285560221
2004-05-10,1.0922255879822127
2004-05-11,0.7224002624902466
2004-05-12,0.6305568602506604
2004-05-13,2.084556389990429
2004-05-14,0.9826867206946704
2004-05-17,1.666749963864991
2004-05-18,1.9269848903913076
2004-05-19,1.0317506723129715
2004-05-20,1.5375949810402156
2004-05-21,1.1053287073105933
2004-05-24,0.4260657315111371
2004-05-25,1.4474564585419734
2004-05-26,0.3961283249195283
2004-05-27,0.8471072057784912
2004-05-28,1.208899458487245
2004-06-01,1.0014066593425852
2004-06-02,1.080774509705209
2004-06-03,0.8414970194903992
2004-06-04,0.8783330194906674
2004-06-07,0.5067733307970985
2004-06-08,0.982234871975084
2004-06-09,0.5395079128584624
2004-06-10,1.4215999396970542
2004-06-14,0.5159437105539124
2004-06-15,1.6390537220366201
2004-06-16,0.5606404137457575
2004-06-17,0.9615612780189701
2004-06-18,0.7556896975855424
2004-06-21,1.9325838102749096
2004-06-22,1.0141633539717942
2004-06-23,1.1093280628715219
2004-06-24,1.6517839897826554
2004-06-25,0.7215111519702384
2004-06-28,1.9574502026913372
2004-06-29,1.2652941319227415
2004-06-30,1.8427035096535889
2004-07-01,0.9046488599746999
2004-07-02,0.7020333139803837
2004-07-06,0.7951173463349185
2004-07-07,1.2476843999639358
2004-07-08,1.0935844256408185
2004-07-09,1.341461068643092
2004-07-12,0.9216513439661101
2004-07-13,1.2527029111449697
2004-07-14,1.213384541928336
2004-07-15,0.8369123389419616
2004-07-16,0.7511359813557282
2004-07-19,1.7709790550429987
2004-07-20,0.5620043280452413
2004-07-21,0.652830625172302
2004-07-22,0.5827579299845925
2004-07-23,0.35892354667945214
2004-07-26,1.1053605053377829
2004-07-27,1.128360083849319
2004-07-28,0.26352654345076715
2004-07-29,1.464566424906173
2004-07-30,1.793470431946878
2004-08-02,1.5791883090649672
2004-08-03,0.8322058031104593
2004-08-04,1.1074128924800812
2004-08-05,1.802202178313369
2004-08-06,0.555108195519512
2004-08-09,0.6130732644142681
2004-08-10,0.31350708354445606
2004-08-11,0.6910520659267666
2004-08-12,0.5755939161671368
2004-08-13,1.1235571357085439
2004-08-16,0.7479537480171488
2004-08-17,0.8371306390637956
2004-08-18,0.46166271009957
2004-08-19,0.8372300910994985
2004-08-20,1.5494136969470234
2004-08-23,0.7429693440187759
2004-08-24,2.0856593004905646
2004-08-25,0.9260161699113804
2004-08-26,0.9148624404144617
2004-08-27,1.0903303635300259
2004-08-30,0.5453410089064671
2004-08-31,1.2920170644352789
2004-09-01,1.301367739908128
2004-09-02,1.3968498168513677
2004-09-03,0.30183977987433624
2004-09-07,0.7292489450134944
2004-09-08,2.3639159748819853
2004-09-09,0.5534108330998542
2004-09-10,1.1236148468690828
2004-09-13,0.38324911676483403
2004-09-14,1.8515772679615263
2004-09-15,1.3954048040852614
2004-09-16,1.0865710613009547
2004-09-17,1.25517505984099
2004-09-20,0.9985104215697093
2004-09-21,0.8781606348448291
2004-09-22,1.0836127730857148
2004-09-23,1.3440287106877171
2004-09-24,0.48731872082236927
2004-09-27,0.6109470254926009
2004-09-28,1.3854661012762088
2004-09-29,1.1586906718736987
2004-09-30,1.4941219579017708
2004-10-01,0.27962647191294815
2004-10-04,0.625742481176711
2004-10-05,0.9175302440067408
2004-10-06,1.116257656121138
2004-10-07,0.935048243465633
2004-10-08,1.1975968533759234
2004-10-11,1.1573475273998837
2004-10-12,1.408137337495335
2004-10-13,1.0168205894637297
2004-10-14,0.8037135599566828
2004-10-15,1.4119608135723982
2004-10-18,0.8747762346217679
2004-10-19,0.857195868379938
2004-10-20,0.6181399335219812
2004-10-21,0.25516661889199616
2004-10-22,1.1615629242492431
2004-10-25,1.4048681351757324
2004-10-26,0.9777392603524256
2004-10-27,1.3487035253476773
2004-10-28,1.1768014413981138
2004-10-29,1.443226573978151
2004-11-01,1.2961434526694326
2004-11-02,1.461709205372446
2004-11-03,0.6966697527835065
2004-11-04,0.7807652857770097
2004-11-05,0.5776869367645845
2004-11-08,1.0227002820177464
2004-11-09,0.7178860661083439
2004-11-10,1.2000168943516916
2004-11-11,0.771083071687959
2004-11-12,2.2936205159381076
2004-11-15,3.5919896569213177
2004-11-16,1.223232829582204
2004-11-17,0.7057349916054545
2004-11-18,0.7747192726561208
2004-11-19,0.5265797637423909
2004-11-22,1.4809825644637498
2004-11-23,1.5633123010175323
2004-11-24,0.7680942440962408
2004-11-26,1.6231181260068281
2004-11-29,1.0422585481235114
2004-11-30,0.6507656160810367
2004-12-01,0.7288855925368113
2004-12-02,1.33403781303738
2004-12-03,1.9828266291652117
2004-12-06,1.0784182078828601
2004-12-07,1.126630255303424
2004-12-08,1.4293242887424396
2004-12-09,1.0720428214519477
2004-12-10,1.7195300829275184
2004-12-13,0.3193382370018201
2004-12-14,1.5527247297796638
2004-12-15,1.713785143932831
2004-12-16,0.4047089856150362
2004-12-17,1.1449972317427197
2004-12-20,0.9583387192671409
2004-12-21,1.2262271063628134
2004-12-22,1.2885008027090852
2004-12-23,2.005311568251478
2004-12-27,1.35699094111665
2004-12-28,0.4735191974428812
2004-12-29,2.24008064909369
2004-12-30,0.9741073786866272
2004-12-31,1.718441225941595
2005-01-03,0.5530905230624431
2005-01-04,1.54134795519568
2005-01-05,0.12819791939624947
2005-01-06,1.0212897679319128
2005-01-07,0.40437719153283896
2005-01-10,1.1215843825945069
2005-01-11,1.0927250755804148
2005-01-12,0.6115584590828104
2005-01-13,0.5373806766980813
2005-01-14,0.8727673206623715
2005-01-18,0.7424730285437434
2005-01-19,1.0477821437107033
2005-01-20,0.6038472927004718
2005-01-21,0.6823882219449375
2005-01-24,1.065745795484643
2005-01-25,1.1879289063766012
2005-01-26,0.6808569932941206
2005-01-27,1.0869794567252367
2005-01-28,0.598436494589888
2005-01-31,1.3087705875641962
2005-02-01,1.0248962854070356
2005-02-02,0.8739854131167419
2005-02-03,1.1635253738558249
2005-02-04,0.5065967805447983
2005-02-07,1.993112483432709
2005-02-08,0.921913850150922
2005-02-09,1.3588545850639793
2005-02-10,0.9492391598847089
2005-02-11,0.9469905988483862
2005-02-14,1.301885287829553
2005-02-15,1.3105867211698718
2005-02-16,1.1549248092190982
2005-02-17,1.169126051323348
2005-02-18,0.42968792352797286
2005-02-22,0.566994020152417
2005-02-23,1.051193016372257
2005-02-24,1.0439911260808405
2005-02-25,0.7843282552936826
2005-02-28,1.3906812895913456
2005-03-01,0.36221965903609116
2005-03-02,2.749378244583225
2005-03-03,0.9947731188361724
2005-03-04,0.5445753836157341
2005-03-07,0.5516735680534349
2005-03-08,1.718582484840366
2005-03-09,0.6617200214172938
2005-03-10,1.144608762567482
2005-03-11,1.170738463371985
2005-03-14,2.209665563364596
2005-03-15,0.9931864905411739
2005-03-16,0.8848216067376505
2005-03-17,0.890455570972183
2005-03-18,1.1532744466194595
2005-03-21,1.140344227449363
2005-03-22,0.854223489749628
2005-03-23,0.6909774601565241
2005-03-24,0.6774148654567088
2005-03-28,0.6980076082691632
2005-03-29,1.7699236775162523
2005-03-30,1.7322520657252818
2005-03-31,2.2988913038901053
2005-04-01,1.1613306498704568
2005-04-04,1.3518962317140089
2005-04-05,1.4030805202799883
2005-04-06,1.0325991021876986
2005-04-07,1.0688750401211013
2005-04-08,1.41055255166565
2005-04-11,1.0304428762575573
2005-04-12,0.9595993639066013
2005-04-13,2.6514275090559867
2005-04-14,1.2989786594072956
2005-04-15,0.39232121347440263
2005-04-18,0.4794979646438081
2005-04-19,0.7354494787667375
2005-04-20,0.9053355339152095
2005-04-21,0.6143561083598039
2005-04-22,0.4715889123489399
2005-04-25,1.6195307033977249
2005-04-26,1.0831646423210473
2005-04-27,0.9095779966776798
2005-04-28,0.7999946011856122
2005-04-29,0.8439555439960159
2005-05-02,1.796042363380691
2005-05-03,0.8036190264178252
2005-05-04,0.6365835520798011
2005-05-05,0.4014859120541363
2005-05-06,0.6103773634570067
2005-05-09,1.462448832579382
2005-05-10,1.8703897792813435
2005-05-11,0.8488749478598283
2005-05-12,0.6890595804198418
2005-05-13,0.35027502409156075
2005-05-16,1.2468626165929528
2005-05-17,0.8407312243458588
2005-05-18,0.9128423782629614
2005-05-19,0.585305605183825
2005-05-20,1.326119410298688
2005-05-23,1.342710841960669
2005-05-24,1.5525147081367068
2005-05-25,0.4241533269117522
2005-05-26,1.347246815627167
2005-05-27,1.045590833622146
2005-05-31,1.29665171185921
2005-06-01,1.4469637140265863
2005-06-02,1.0064086445420841
2005-06-03,0.610411967521208
2005-06-06,2.433486694986061
2005-06-07,0.7515458607472999
2005-06-08,1.3683929842911802
2005-06-10,1.3261258795593156
2005-06-13,1.138240196221582
2005-06-14,1.1842964656620338
2005-06-15,0.9163337292862056
2005-06-16,0.4817656185712726
2005-06-17,0.9634641547186391
2005-06-20,0.983673299181107
2005-06-21,2.0721951872900557
2005-06-22,1.5927051747695269
2005-06-23,1.2993079893666513
2005-06-24,0.47973157361323066
2005-06-27,1.0308564077226325
2005-06-28,1.06766162425562
2005-06-29,0.556608219525987
2005-06-30,0.3472412451063665
2005-07-01,1.7645724965656668
2005-07-05,1.2698157222820587
2005-07-06,0.6921506892728784
2005-07-07,2.187426309462508
2005-07-08,0.8299792885583651
2005-07-11,0.8340528193656046
2005-07-12,0.9393201808788072
2005-07-13,1.9522917676234877
2005-07-14,0.9876180573798305
2005-07-15,1.7562091871023904
2005-07-18,0.7295274403802858
2005-07-19,0.7103082620100057
2005-07-20,0.8172359644549944
2005-07-21,0.6043326820145337
2005-07-22,0.5216328259993162
2005-07-25,0.9406423561235797
2005-07-26,0.8675499487758283
2005-07-27,2.3536192070209614
2005-07-28,0.7072420864361677
2005-07-29,1.5685718707153495
2005-08-01,1.2978564465645162
2005-08-02,1.4501946312224991
2005-08-03,0.5734530053216811
2005-08-04,1.2983330301178513
2005-08-05,1.779052704115102
2005-08-08,1.44706199367939
2005-08-09,1.0062370569235246
2005-08-10,0.7265934196744295
2005-08-11,0.6030544762562967
2005-08-12,0.7405031773073975
2005-08-15,1.0378098691666742
2005-08-16,0.5321675510871188
2005-08-17,0.7010252069310836
2005-08-18,2.229554148544286
2005-08-19,1.6465490879331215
2005-08-22,1.36882508345007
2005-08-23,1.007746833982979
2005-08-24,0.46539758241455137
2005-08-25,1.4439305728616085
2005-08-26,0.2324009878348786
2005-08-29,0.942234108398778
2005-08-30,0.6774781455105329
2005-08-31,0.6611579921474455
2005-09-01,0.6142884095502082
2005-09-02,2.0787261437124984
2005-09-06,0.8039747267625567
2005-09-07,1.2934594088790181
2005-09-08,0.947002499210825
2005-09-09,0.8880334224486987
2005-09-12,1.2453099203695683
2005-09-13,1.0485234466503777
2005-09-14,0.6823824005967507
2005-09-15,1.1610686199910893
2005-09-16,1.45128510904411
2005-09-19,0.7518680789043419
2005-09-20,0.9463322957344207
2005-09-21,0.5637808686425072
2005-09-22,0.6419216729541593
2005-09-23,1.2865998964255112
2005-09-26,2.0613858667038025
2005-09-27,2.2787401161539407
2005-09-28,1.5009226799112811
2005-09-29,0.6553574022233678
2005-09-30,0.5047666962754961
2005-10-03,0.456394945876073
2005-10-04,0.9265462347957155
2005-10-05,0.5131486822948949
2005-10-06,0.5129795119090466
2005-10-07,1.0376945950589571
2005-10-10,1.063998822812498
2005-10-11,0.6701542598134692
2005-10-12,0.822280141939297
2005-10-13,1.3654600808856536
2005-10-14,0.33722905907444933
2005-10-17,1.151427965866202
2005-10-18,0.5949090540809501
2005-10-19,0.46798379615432784
2005-10-20,0.4487403730708303
2005-10-21,0.5656039701411256
2005-10-24,1.8083506651727235
2005-10-25,3.098367262309837
2005-10-26,0.9895912228487866
2005-10-27,0.9338326590861215
2005-10-28,0.6860997545797619
2005-10-31,0.4601949953524187
2005-11-01,0.4889209486502845
2005-11-02,1.242110286292337
2005-11-03,0.4281031803640584
2005-11-04,0.9961400460696547
2005-11-07,1.1484561003218794
2005-11-08,0.7746176644846214
2005-11-09,1.0767225932854734
2005-11-10,1.0821513267444254
2005-11-11,1.957739359218979
2005-11-14,0.8335120359265358
2005-11-15,1.209678535378695
2005-11-16,1.3482004146472335
2005-11-17,0.8200953983232595
2005-11-18,1.4357624071463628
2005-11-21,1.011596505671895
2005-11-22,1.3279600191864767
2005-11-23,0.9090873643484378
2005-11-25,1.3384646232953397
2005-11-28,0.7626674478420953
2005-11-29,1.6523157352789286
2005-11-30,0.9027301405670082
2005-12-01,0.6918061555289455
2005-12-02,0.5642341376253311
2005-12-05,0.7878049524251443
2005-12-06,1.1240541424699209
2005-12-07,1.6475981386363965
2005-12-08,0.9113177769500448
2005-12-09,1.3743382460771294
2005-12-12,1.287865031503095
2005-12-13,1.5867048751205186
2005-12-14,0.3464693352069876
2005-12-15,0.4315045674501553
2005-12-16,1.8579462973172536
2005-12-19,1.7073481596723539
2005-12-20,1.4534999598638572
2005-12-21,0.6563465612570822
2005-12-22,1.558915373611694
2005-12-23,0.7498183042290953
2005-12-27,1.829970449309057
2005-12-28,1.2645035720611542
2005-12-29,0.39378423655540157
2005-12-30,1.2100320357538208
2006-01-03,0.40643878521323257
2006-01-04,1.1456777457206102
2006-01-05,2.828478904927973
2006-01-06,0.7795320764720388
2006-01-09,0.626775043596569
2006-01-10,1.7549512144415433
2006-01-11,1.6504080803414523
2006-01-12,1.4805851274189128
2006-01-13,0.9502024651724521
2006-01-17,0.3249706720859158
2006-01-18,0.7028410510762275
2006-01-19,1.436750180278671
2006-01-20,0.30481919057365164
2006-01-23,1.3113708140952063
2006-01-24,0.86172674665353
2006-01-25,2.069511324237235
2006-01-26,1.6080017644661435
2006-01-27,1.139340809653439
2006-01-30,1.6282524360891875
2006-01-31,0.7474817727207814
2006-02-01,1.160539916218946
2006-02-02,1.7382821024963888
2006-02-03,0.778276637567234
2006-02-06,0.9630804849827808
2006-02-07,0.6031319040673212
2006-02-08,0.8065525929464206
2006-02-09,0.8430048616272249
2006-02-10,1.4058097125044238
2006-02-13,0.8713716012446685
2006-02-14,0.7848192335360228
2006-02-15,1.3345716604654247
2006-02-16,0.28735183624556665
2006-02-17,0.983514969012235
2006-02-21,0.8942523638957369
2006-02-22,1.0147775004110733
2006-02-23,0.6587592420718454
2006-02-24,0.4926815495459879
2006-02-27,0.7892532133298777
2006-02-28,0.9857903572694852
2006-03-01,0.820238129102736
2006-03-02,0.9503461400521876
2006-03-03,1.734193494272429
2006-03-06,1.0412656770241144
2006-03-07,1.095633442681629
2006-03-08,1.7050828600170556
2006-03-09,1.1900996132731427
2006-03-10,0.7674049163857442
2006-03-13,2.732353661367451
2006-03-14,1.0933984871493485
2006-03-15,0.8442495532016869
2006-03-16,1.311790717387839
2006-03-17,2.8903330360100608
2006-03-20,1.0641208241403892
2006-03-21,1.0776420771066844
2006-03-22,1.186724810765047
2006-03-23,0.48155574074450774
2006-03-24,0.8697782029695256
2006-03-27,1.747722037762376
2006-03-28,1.5095028221639173
2006-03-29,0.5108116214942268
2006-03-30,0.7900845586926672
2006-03-31,1.1285485010029654
2006-04-03,1.3813314346929368
2006-04-04,1.2268774260985205
2006-04-05,2.4137889987066146
2006-04-06,1.1588201032895091
2006-04-07,0.4214587036137084
2006-04-10,1.8559450067390009
2006-04-11,1.0067524936376115
2006-04-12,1.7540798547246432
2006-04-13,0.6943635357855326
2006-04-17,0.4479120262170534
2006-04-18,1.134888068557688
2006-04-19,1.0720476332517574
2006-04-20,0.7181399031675216
2006-04-21,1.5408764254371823
2006-04-24,1.6957961541785789
2006-04-25,2.4683334122016247
2006-04-26,0.28449873988384555
2006-04-27,0.72903750557336
2006-04-28,0.4998429978210724
2006-05-01,1.0931898932510569
2006-05-02,1.0967629580001632
2006-05-03,1.185737605724812
2006-05-04,1.2220462371229825
2006-05-05,1.0756259308406855
2006-05-08,2.121604572734108
2006-05-09,0.7894743950894391
2006-05-10,2.030588234942899
2006-05-11,0.7778141932307607
2006-05-12,1.082283497248696
2006-05-15,1.2545155297595059
2006-05-16,0.8361745177854139
2006-05-17,0.5318240613886452
2006-05-18,1.3659125557644296
2006-05-19,0.8363461482108531
2006-05-22,2.093988595841701
2006-05-23,0.938940475216192
2006-05-24,1.292456356761208
2006-05-25,0.6880370529012401
2006-05-26,0.8877059601634126
2006-05-30,1.1825042180581382
2006-05-31,0.9047313515294192
2006-06-01,0.2589636534949998
2006-06-02,1.0884527233155152
2006-06-05,0.5662813857131513
2006-06-06,0.41261731339437113
2006-06-07,1.189823570188418
2006-06-08,2.899200562860051
2006-06-09,1.7961469636111658
2006-06-12,0.6756202341904113
2006-06-13,0.7020193303692551
2006-06-14,1.999508191609486
2006-06-15,0.2835412558841244
2006-06-16,0.5599462534337838
2006-06-19,0.9438407429980221
2006-06-20,1.523443013522678
2006-06-21,0.4994419008799204
2006-06-22,1.1617094396671797
2006-06-23,1.2637926252170084
2006-06-26,0.8744454993413966
2006-06-27,0.3392421863250833
2006-06-28,0.5821643355463599
2006-06-29,0.43649531780215184
2006-06-30,0.7476718301756896
2006-07-03,1.405747354551522
2006-07-05,0.32963721805161333
2006-07-06,1.5303258351124962
2006-07-07,0.5319923594655863
2006-07-10,0.6138077962631243
2006-07-11,2.0393902072147148
2006-07-12,0.45779592021009424
2006-07-13,1.1650880186798103
2006-07-14,0.47570836350345
2006-07-17,1.1593056648053155
2006-07-18,0.8181225009811811
2006-07-19,0.34953190261645617
2006-07-20,0.30461784932961883
2006-07-21,0.5980261811237765
2006-07-24,1.184096946766165
2006-07-25,2.0057222609220466
2006-07-26,1.982597494022344
2006-07-27,1.2924886836293423
2006-07-28,0.5577683654840683
2006-07-31,1.7226964049358846
2006-08-01,0.5204952184029199
2006-08-02,2.821426904226713
2006-08-03,2.707256072762799
2006-08-04,2.0986092300108465
2006-08-07,1.4237074585090173
2006-08-08,1.5357951114934756
2006-08-09,0.46185423627221744
2006-08-10,0.8030125243208664
2006-08-11,0.7957989941419643
2006-08-14,1.2607055921327224
2006-08-15,0.6279850290326048
2006-08-16,0.3377484264756471
2006-08-17,1.341330102230698
2006-08-18,0.4925473717166323
2006-08-21,1.390592890469289
2006-08-22,0.9538155289027604
2006-08-23,0.7487358903259896
2006-08-24,1.903555160230909
2006-08-25,0.8523356390226613
2006-08-28,1.8167413363677867
2006-08-29,1.0811752320216463
2006-08-30,0.7917582727593548
2006-08-31,1.1635947497705998
2006-09-01,0.7141909881066169
2006-09-05,1.375368659265972
2006-09-06,0.7494554288642968
2006-09-07,1.3241423328739084
2006-09-08,0.6965347542773765
2006-09-11,1.598017393984269
2006-09-12,0.8662459620457093
2006-09-13,1.4333396805376748
2006-09-14,3.0605540594003537
2006-09-15,0.5625573851100115
2006-09-18,1.99000081190478
2006-09-19,1.3692112786564399
2006-09-20,0.9442739497942174
2006-09-21,0.7185020238002194
2006-09-22,1.1221058763429446
2006-09-25,0.824348871568751
2006-09-26,1.0813200047477232
2006-09-27,0.757905350255287
2006-09-28,0.47587865010327335
2006-09-29,1.5678829317270402
2006-10-02,1.2411864063879752
2006-10-03,1.355024975996165
2006-10-04,0.5880746240374896
2006-10-05,0.9825019673555372
2006-10-06,2.0564150536788715
2006-10-09,1.5027209579542837
2006-10-10,0.9986884752490628
2006-10-11,1.495847199372315
2006-10-12,0.8163379247000385
2006-10-13,1.6512883923920345
2006-10-16,1.6502165944236598
2006-10-17,0.6681310100262728
2006-10-18,0.7968425149531353
2006-10-19,1.0729486544581117
2006-10-20,1.3313285442694596
2006-10-23,1.0114262970319834
2006-10-24,0.7856164942656674
2006-10-25,2.2516258787543335
2006-10-26,0.6451917563676013
2006-10-27,0.6321547713384199
2006-10-30,0.8148823430819784
2006-10-31,2.4993953109378433
2006-11-01,1.4987662089452387
2006-11-02,1.003697197545986
2006-11-03,3.016321646298775
2006-11-06,0.6883564668973543
2006-11-07,1.6031119821499253
2006-11-08,0.3368895902800247
2006-11-09,0.5666376739260909
2006-11-10,0.850867555206564
2006-11-13,0.8623072219881956
2006-11-14,2.274842888350035
2006-11-15,1.6627543977348316
2006-11-16,0.9014166716639296
2006-11-17,1.2847498988773927
2006-11-20,0.9870999316291544
2006-11-21,1.5770654764170482
2006-11-22,1.0172420259125121
2006-11-24,1.9110187791345998
2006-11-27,0.9145903902405264
2006-11-28,1.0990715912784914
2006-11-29,0.6995254014262869
2006-11-30,1.1382385374191466
2006-12-01,1.7623846986407499
2006-12-04,1.099602971597996
2006-12-05,1.6643779486640609
2006-12-06,0.5063651256169548
2006-12-07,1.0354553748966349
2006-12-08,0.4753898609735507
2006-12-11,1.966602383223702
2006-12-12,1.2404413177777995
2006-12-13,1.1594492747275884
2006-12-14,1.3945145991261494
2006-12-15,0.8727106243428572
2006-12-18,0.9509957796142635
2006-12-19,0.7811810626490665
2006-12-20,1.5276607270109224
2006-12-21,2.061061372394318
2006-12-22,1.0811072264978367
2006-12-26,1.9794526137496389
2006-12-27,0.7964510003403774
2006-12-28,1.667248556046455
2006-12-29,0.8132658329673154
2007-01-03,1.4072389216609857
2007-01-04,0.25770916463648774
2007-01-05,1.0807488193965968
2007-01-08,0.9233110203458038
2007-01-09,1.0583310478326546
2007-01-10,1.6952934286972057
2007-01-11,1.0308393628998154
2007-01-12,0.37871290730892854
2007-01-16,0.8897802593205817
2007-01-17,0.9649562858818432
2007-01-18,0.3966136487860899
2007-01-19,1.8754681975421994
2007-01-22,0.8836901152919899
2007-01-23,0.7919829429335378
2007-01-24,0.5708187177932899
2007-01-25,1.121593072433054
2007-01-26,0.8329308492663609
2007-01-29,0.923774476501075
2007-01-30,0.8645858466627595
2007-01-31,0.18365714628996263
2007-02-01,0.6399211364482971
2007-02-02,1.2393462423669597
2007-02-05,1.1908037889603562
2007-02-06,0.7037425634350191
2007-02-07,0.5369675842225029
2007-02-08,1.639090972933361
2007-02-09,0.7135129709274994
2007-02-12,1.7737379234921715
2007-02-13,1.4771465059784803
2007-02-14,1.0065571408076917
2007-02-15,0.5280471443347234
2007-02-16,0.9117093547897241
2007-02-20,2.0355869856584854
2007-02-21,0.8639956604685288
2007-02-22,1.012085769303542
2007-02-23,1.193805243950478
2007-02-26,1.0246564885383838
2007-02-27,0.23078545530778752
2007-02-28,0.6850557640083326
2007-03-01,1.4084440097126067
2007-03-02,1.118954410826572
2007-03-05,0.7106257894811652
2007-03-06,0.4535935250623563
2007-03-07,1.758475260779548
2007-03-08,1.278855004802084
2007-03-09,0.9503471760447768
2007-03-12,1.7539863070956019
2007-03-13,0.368432903586489
2007-03-14,1.035224899756013
2007-03-15,0.84273295723472
2007-03-16,1.5816372476219738
2007-03-19,1.3270772243329738
2007-03-20,1.8826220031723286
2007-03-21,0.6398768610413638
2007-03-22,1.4951925311946481
2007-03-23,2.16516724639255
2007-03-26,1.3570915564285584
2007-03-27,0.45053406112436417
2007-03-28,0.9260116233125502
2007-03-29,1.263576966099244
2007-03-30,2.050840840924342
2007-04-02,1.2974741425311358
2007-04-03,2.3025768082887828
2007-04-04,0.7574187831661905
2007-04-05,1.9056214195883243
2007-04-09,0.7304982942322066
2007-04-10,0.8219725607802754
2007-04-11,0.7955415957896013
2007-04-12,1.0030098278454522
2007-04-13,1.4780982043438589
2007-04-16,0.7537681722791382
2007-04-17,0.3533070699935456
2007-04-18,0.753662915888653
2007-04-19,0.5650376989582122
2007-04-20,0.5724070515356088
2007-04-23,0.7255301812039098
2007-04-24,1.6579616827971801
2007-04-25,0.9978070151873346
2007-04-26,2.3959918237602036
2007-04-27,1.099811663971149
2007-04-30,0.9716498059540617
2007-05-01,0.9459779440571457
2007-05-02,1.3722534905533974
2007-05-03,1.9260350049979853
2007-05-04,1.8541149661909555
2007-05-07,0.6194444313780172
2007-05-08,1.600390548460913
2007-05-09,1.0281596238952535
2007-05-10,0.9832780415139563
2007-05-11,2.0583398878770858
2007-05-14,0.9958794738398329
2007-05-15,1.0993578483216866
2007-05-16,1.2484748822113003
2007-05-17,1.7334421011977665
2007-05-18,2.034368314708008
2007-05-21,0.47152976671424435
2007-05-22,1.05352545895362
2007-05-23,1.7019144544640181
2007-05-24,1.2994414664027811
2007-05-25,0.7733382385584971
2007-05-29,1.7252522528020906
2007-05-30,1.577022048801566
2007-05-31,1.54004622086351
2007-06-01,1.352455939634803
2007-06-04,0.6762579486845584
2007-06-05,0.9623909949341247
2007-06-06,1.253921781404273
2007-06-07,0.7970936142327525
2007-06-08,0.8510679299347743
2007-06-11,2.035981358399917
2007-06-12,0.3400573822035005
2007-06-13,1.1913055930243042
2007-06-14,1.9119206116292944
2007-06-15,0.7434813919526951
2007-06-18,1.4352510190646133
2007-06-19,0.6236899013516458
2007-06-20,0.943229604255027
2007-06-21,1.1810868713685834
2007-06-22,0.9607766898545007
2007-06-25,0.8668903987047321
2007-06-26,0.3923606041068801
2007-06-27,0.5917388171988277
2007-06-28,2.301134989513668
2007-06-29,1.160221030926488
2007-07-02,0.4793392203354024
2007-07-03,0.9094921716907652
2007-07-05,0.7891746650569234
2007-07-06,1.1216867211395147
2007-07-09,0.8718688528078364
2007-07-10,0.8967796338581404
2007-07-11,1.6582098070617655
2007-07-12,0.5534278764058833
2007-07-13,1.5491923948408797
2007-07-16,1.114620070845126
2007-07-17,0.6251949053138621
2007-07-18,1.162338185413918
2007-07-19,1.1171791263119621
2007-07-20,0.9460484549440704
2007-07-23,0.7393746700691294
2007-07-24,0.9667828041041766
2007-07-25,1.7544133714800612
2007-07-26,0.2745708809803727
2007-07-27,1.565775134532626
2007-07-30,0.29672109301518623
2007-07-31,0.6725067156241127
2007-08-01,1.0526807981819215
2007-08-02,1.1334875630015946
2007-08-03,0.08297925541147577
2007-08-06,0.35993505219859384
2007-08-07,0.4066245639265816
2007-08-08,0.681316886138168
2007-08-09,0.5057331268348987
2007-08-10,0.457870086486366
2007-08-13,0.88905649615745
2007-08-14,0.8398441478027373
2007-08-15,0.7763358526230033
2007-08-16,0.09892589802491632
2007-08-17,1.5569243810535092
2007-08-20,0.46464511278242937
2007-08-21,0.5785133940511927
2007-08-22,1.256506493175886
2007-08-23,0.33019702965128533
2007-08-24,0.6700903674144861
2007-08-27,0.6248799163804157
2007-08-28,1.3556172215988076
2007-08-29,0.7068005260477426
2007-08-30,0.43714475280896975
2007-08-31,0.6484759017966634
2007-09-04,1.1518041908338166
2007-09-05,1.0914648408603065
2007-09-06,0.9617542453605893
2007-09-07,0.8722283611972546
2007-09-10,1.2735654863596517
2007-09-11,0.5529035291437514
2007-09-12,0.6683973871471603
2007-09-13,1.635865376966165
2007-09-14,1.072803361861287
2007-09-17,0.8376877308710663
2007-09-18,0.6203491709128041
2007-09-19,1.0881010188624938
2007-09-20,1.6045376904157265
2007-09-21,1.4169790008433678
2007-09-24,0.4594613277477732
2007-09-25,0.5317792313408846
2007-09-26,0.46056287564441944
2007-09-27,1.29673416822928
2007-09-28,2.3851831889435138
2007-10-01,1.1886792579329837
2007-10-02,2.0240750674858323
2007-10-03,0.6369447823442902
2007-10-04,2.041567822359569
2007-10-05,0.23058432785622757
2007-10-08,0.22269433438502853
2007-10-09,1.2443884032439751
2007-10-10,1.301098322998848
2007-10-11,1.097491763717921
2007-10-12,0.9659575398250878
2007-10-15,0.9339766917563053
2007-10-16,0.8909980888309441
2007-10-17,0.9139643505852603
2007-10-18,1.010822504902044
2007-10-19,0.33763991993952663
2007-10-22,0.773024323056107
2007-10-23,0.5326012953936988
2007-10-24,0.8163545254623851
2007-10-25,0.35694720466784946
2007-10-26,0.6296076573588302
2007-10-29,0.6129657003000386
2007-10-30,0.47428657615070896
2007-10-31,1.4017022811869262
2007-11-01,0.27297408740500456
2007-11-02,0.38428496841458193
2007-11-05,0.7806647663337628
2007-11-06,0.9687048922073538
2007-11-07,0.3215955689921409
2007-11-08,0.4538033916291962
2007-11-09,0.14960201934029896
2007-11-12,0.7184756030450649
2007-11-13,0.3998805474510003
2007-11-14,0.6334653300563896
2007-11-15,0.7029005760197152
2007-11-16,0.48071619568379104
2007-11-19,0.4997262031198772
2007-11-20,1.7784338745882218
2007-11-21,0.30835442198506124
2007-11-27,0.5662988528382762
2007-11-28,0.3593628801527792
2007-11-29,1.042201518469578
2007-11-30,0.24770045636801863
2007-12-03,0.3713635869655667
2007-12-04,0.5990152346664745
2007-12-05,0.9466764013124325
2007-12-06,1.6099517677705153
2007-12-07,1.8035932136261903
2007-12-10,0.8791836285959438
2007-12-11,0.37225661036473107
2007-12-12,0.6513250389044095
2007-12-13,0.9203768410621337
2007-12-14,1.1179619347593954
2007-12-17,1.2346124022349532
2007-12-18,0.710335163092346
2007-12-19,1.448686407314549
2007-12-20,0.6999165444328631
2007-12-21,0.7322559030057516
2007-12-24,1.7120440767823784
2007-12-26,2.504218816093577
2007-12-27,1.365161076863956
2007-12-28,0.5911327972246898
2007-12-31,1.0718538862876335
2008-01-02,0.2742038874410448
2008-01-03,0.5429780303229897
2008-01-04,0.3333982091049299
2008-01-07,2.365898494385224
2008-01-08,1.0461875863607184
2008-01-09,1.060103800197041
2008-01-10,1.3831885026057624
2008-01-11,0.2047108172530858
2008-01-14,0.6977823326662412
2008-01-15,0.610101244730569
2008-01-16,0.3817207696927592
2008-01-17,0.27457820372258285
2008-01-18,0.4332688727684997
2008-01-22,0.1311248050829314
2008-01-23,0.17385764655627203
2008-01-24,0.6456246554786167
2008-01-25,0.37441281132811094
2008-01-28,0.5278429584851749
2008-01-29,0.7963120613454027
2008-01-30,0.8385863458249802
2008-01-31,0.5630021499917186
2008-02-01,0.4258733434171407
2008-02-04,1.264786625934535
2008-02-05,0.4773398751534667
2008-02-06,0.8538192268263981
2008-02-07,0.881838350559331
2008-02-08,0.45336936104234393
2008-02-11,0.9168952819465409
2008-02-12,0.2791445445678542
2008-02-13,0.48046334437041166
2008-02-14,0.35263712890618143
2008-02-15,1.1063607872123804
2008-02-19,1.4537668972339273
2008-02-20,1.1574405316701661
2008-02-21,1.2667772194881837
2008-02-22,0.7572473158481025
2008-02-25,0.5107909654771067
2008-02-26,1.0817454717132886
2008-02-27,1.031996577161477
2008-02-28,0.8252944751303376
2008-02-29,0.9799842919797024
2008-03-03,1.0113599226189025
2008-03-04,0.7176419689179167
2008-03-05,0.7105977886107651
2008-03-06,1.6655623841676364
2008-03-07,0.7491102166164535
2008-03-10,0.4259248136002861
2008-03-11,0.31325067641316007
2008-03-12,0.7098635797706098
2008-03-13,0.3308298063082572
2008-03-14,0.4717772495377307
2008-03-17,0.22773314050248086
2008-03-18,0.4906637127663237
2008-03-19,0.7043678400300114
2008-03-20,0.6334528504099357
2008-03-24,0.5487828292795942
2008-03-25,1.0482250463958211
2008-03-26,0.5156219956253708
2008-03-27,0.20226941757069974
2008-03-28,0.7669656972308522
2008-03-31,1.5758820822734212
2008-04-01,0.48768053418692414
2008-04-02,0.204464540959612
2008-04-03,0.9103596533668563
2008-04-04,0.46573435651869083
2008-04-07,1.2669506930255903
2008-04-08,1.124724846760474
2008-04-09,0.6553229245862954
2008-04-10,0.6724547370695716
2008-04-11,0.46210335743779407
2008-04-14,0.4200376727776854
2008-04-15,0.7519823912120649
2008-04-16,0.7953636028029651
2008-04-17,1.3378010944041885
2008-04-18,0.22256195756562117
2008-04-21,1.522886851209287
2008-04-22,0.5892330563096595
2008-04-23,0.605565938432135
2008-04-24,0.4099443480917191
2008-04-25,0.9922164998522246
2008-04-28,1.3177468313361431
2008-04-29,1.2620389969328938
2008-04-30,0.6909317759710323
2008-05-01,0.26883685990326134
2008-05-02,0.42069317547476814
2008-05-05,0.7961424162141533
2008-05-06,0.5447040438282601
2008-05-07,0.5651669132512228
2008-05-08,0.3886378387178757
2008-05-09,0.5941633388131761
2008-05-12,0.7769115317139657
2008-05-13,1.5123186090327045
2008-05-14,0.6908115715937676
2008-05-15,0.7655744721048383
2008-05-16,2.365514447427955
2008-05-19,0.6738725761695467
2008-05-20,0.5885381198494974
2008-05-21,1.1251701084610495
2008-05-22,1.1465974201586775
2008-05-23,0.18853251249221556
2008-05-27,0.8189334774954655
2008-05-28,1.848836909213333
2008-05-29,1.4586091305815556
2008-05-30,2.214891492720762
2008-06-02,0.9595039614746004
2008-06-03,1.4635889489903335
2008-06-04,0.6340094733329187
2008-06-05,0.8219825022998293
2008-06-06,0.1800077465345045
2008-06-09,0.4243316877169416
2008-06-10,0.590485654457308
2008-06-11,1.4693736029397464
2008-06-12,0.9597902621443413
2008-06-13,1.0148316090916982
2008-06-16,0.8816303026079224
2008-06-17,1.3411143723181436
2008-06-18,1.222768185118016
2008-06-19,0.6454088185809035
2008-06-20,0.6516336229303705
2008-06-23,0.31224201801858936
2008-06-24,0.7151322231976641
2008-06-25,1.4211352341923424
2008-06-26,0.2813252718757158
2008-06-27,1.4961778089646305
2008-06-30,0.6336310860212564
2008-07-01,0.32319890663226414
2008-07-02,0.5793681406943436
2008-07-03,0.3897839682612871
2008-07-07,0.4617525761393406
2008-07-08,0.3485782044984969
2008-07-09,0.6140002164101088
2008-07-10,0.5811593398319828
2008-07-11,0.4784272208629609
2008-07-14,0.6197513991930904
2008-07-15,0.40267334604080035
2008-07-16,0.41055633026865834
2008-07-17,0.26155794763117923
2008-07-18,0.15786856731636567
2008-07-21,0.6264645188544048
2008-07-22,0.2397137170301209
2008-07-23,0.8495636195840497
2008-07-24,0.35501573935343855
2008-07-25,0.5734293372810977
2008-07-28,0.6833063213103554
2008-07-29,0.5745483206922102
2008-07-30,0.28790874394090105
2008-07-31,0.3331153959445401
2008-08-01,0.647881578538083
2008-08-04,0.9916092976278844
2008-08-05,0.45731702689267006
2008-08-06,0.8524749909777005
2008-08-07,0.16300362627828155
2008-08-08,0.5835980265018241
2008-08-11,0.7074151992973593
2008-08-12,0.6644065687426378
2008-08-13,0.46233696659660484
2008-08-14,1.939166147662192
2008-08-15,0.8755995391649288
2008-08-18,1.028339920739863
2008-08-19,1.4202662119160212
2008-08-20,0.46128456429657017
2008-08-21,0.8265629405752669
2008-08-22,1.0672903662340996
2008-08-25,0.8619715689788535
2008-08-26,0.9142908812181234
2008-08-27,0.7894893646436886
2008-08-28,0.8947241866730246
2008-08-29,0.468205729245918
2008-09-02,1.0246181702471981
2008-09-03,0.4794636620140271
2008-09-04,0.4881402667636254
2008-09-05,0.8902103470078416
2008-09-08,0.17681128202659538
2008-09-09,0.4738221066899024
2008-09-10,1.913473378010525
2008-09-11,0.7902116508654975
2008-09-12,0.36522756679543555
2008-09-15,0.11503917166114629
2008-09-16,0.4314114731457417
2008-09-17,0.25158209923535574
2008-09-18,0.24702859612551345
2008-09-19,0.276299181882919
2008-09-22,0.12916350796759743
2008-09-23,0.3221806360026131
2008-09-24,0.599499785970045
2008-09-25,0.25751825513544035
2008-09-26,0.4008397789397676
2008-09-29,0.10868917928127447
2008-09-30,0.3381413178450389
2008-10-01,0.3103536179118425
2008-10-02,0.4087026711249295
2008-10-03,0.39422094383571904
2008-10-06,0.04564155937025539
2008-10-07,0.0857885923045247
2008-10-08,0.24773483013353853
2008-10-09,0.025886142056092742
2008-10-10,0.037261093573395146
2008-10-13,0.0130109705410295
2008-10-14,0.20761179061486412
2008-10-15,0.040849765290021295
2008-10-16,0.20393320025089284
2008-10-17,0.463767568835947
2008-10-20,0.07041575218579914
2008-10-21,0.3800482942258089
2008-10-22,0.049726623421437695
2008-10-23,0.13384634995820463
2008-10-24,0.16256841661678745
2008-10-27,0.16044970912941953
2008-10-28,0.037394982609938975
2008-10-29,0.2600640464454232
2008-10-30,0.5042843204308716
2008-10-31,0.26822819986323226
2008-11-03,1.1624158426152102
2008-11-04,0.3093046238894883
2008-11-05,0.1781827266948255
2008-11-06,0.04698168512711806
2008-11-07,0.6329707526578702
2008-11-10,0.4870730760891695
2008-11-11,0.023444248098088497
2008-11-12,0.4439138820935035
2008-11-13,0.14272903860947161
2008-11-14,0.09051301347672502
2008-11-17,0.19738690661268002
2008-11-18,0.156920102612591
2008-11-19,0.10190902774416653
2008-11-20,0.04391205356008883
2008-11-21,0.1287218689049265
2008-11-24,0.031154137752720655
2008-11-25,0.18389663764436137
2008-11-26,0.20983592268436888
2008-11-28,0.23098011731419668
2008-12-01,0.04203186138437865
2008-12-02,0.7284755894971522
2008-12-03,0.5544995937728221
2008-12-04,0.2181250465698316
2008-12-05,0.25253068491150077
2008-12-08,0.20752984058011667
2008-12-09,0.3925595272443439
2008-12-10,1.085762337529102
2008-12-11,0.19426839592369632
2008-12-12,0.4990749495456703
2008-12-15,0.7945168303940802
2008-12-16,0.2614281665719751
2008-12-17,0.36502055968911895
2008-12-18,0.20476251088103187
2008-12-19,0.4230561679675906
2008-12-22,0.9945655829436792
2008-12-23,0.9269995142909221
2008-12-24,1.051683312089993
2008-12-26,1.0347582081805595
2008-12-29,0.3083726439124587
2008-12-30,0.16119202543646438
2008-12-31,0.8638573846706772
2009-01-02,0.24214424359872097
2009-01-05,0.8575498277009882
2009-01-06,1.1066687769201546
2009-01-07,0.5147180690803977
2009-01-08,0.9065442842685739
2009-01-09,0.33216448076995736
2009-01-12,0.24930213513900182
2009-01-13,1.1056723463137346
2009-01-14,0.7494519732024104
2009-01-15,0.3836429580203697
2009-01-16,1.5661910307641331
2009-01-20,0.13194779893734782
2009-01-21,0.46202126788336045
2009-01-22,0.6778786435119891
2009-01-23,0.36302323742398074
2009-01-26,1.2824039826103315
2009-01-27,0.9903248011906121
2009-01-28,0.5626333435873947
2009-01-29,0.3895847180585121
2009-01-30,0.6227699389521474
2009-02-02,0.32936857714430384
2009-02-03,0.5223833141656427
2009-02-04,0.472907924081439
2009-02-05,1.7457493577541714
2009-02-06,0.7173566706266962
2009-02-09,0.7241977532440274
2009-02-10,0.24836176359557352
2009-02-11,0.9819334845713462
2009-02-12,0.8692312266485801
2009-02-13,0.4836753995581839
2009-02-17,0.11713024345243783
2009-02-18,0.8093045084144739
2009-02-19,0.738778576144178
2009-02-20,0.5704541705050401
2009-02-23,0.27383364785603487
2009-02-24,0.4542050611052376
2009-02-25,1.321920099221528
2009-02-26,0.695494502089712
2009-02-27,0.16299456531661238
2009-03-02,0.3193532420888546
2009-03-03,1.0349089521814276
2009-03-04,0.6097406427101306
2009-03-05,0.3002526102066512
2009-03-06,0.8799229435583554
2009-03-09,0.5510305474089978
2009-03-10,0.14620861174144076
2009-03-11,0.5411942131861194
2009-03-12,0.17840814287261875
2009-03-13,0.8207588849054788
2009-03-16,0.37845917147108266
2009-03-17,0.3648138588177242
2009-03-18,0.1552005905129456
2009-03-19,0.2750353111172041
2009-03-20,0.45915716548986696
2009-03-23,0.1233612584933696
2009-03-24,0.6016652957814294
2009-03-25,1.3620290078541226
2009-03-26,0.4653334951790075
2009-03-27,0.3179721816818085
2009-03-30,0.26390144052963765
2009-03-31,0.8334034424012129
2009-04-01,0.34666547974359907
2009-04-02,0.31652559503568073
2009-04-03,0.5427028509051646
2009-04-06,1.0677595676334493
2009-04-07,0.7361211273379855
2009-04-08,1.0210332585246604
2009-04-09,0.24327180791697076
2009-04-13,0.7109709676452073
2009-04-14,0.5108201606341901
2009-04-15,0.3285235701996607
2009-04-16,0.41925270318390206
2009-04-17,1.1476756991465598
2009-04-20,0.2924154009451269
2009-04-21,0.26860532035499773
2009-04-22,0.5757483442163457
2009-04-23,0.3874406732372441
2009-04-24,1.6962361194186997
2009-04-27,0.36909045284168857
2009-04-28,0.6918942731926385
2009-04-29,0.7149151407342343
2009-04-30,1.1707341230232822
2009-05-01,1.7981912740303165
2009-05-04,0.2850918921850137
2009-05-05,1.1190020779194794
2009-05-06,0.4017576648933103
2009-05-07,0.531029622204265
2009-05-08,0.24707093149651535
2009-05-11,0.11557527630360684
2009-05-12,0.11895505282557019
2009-05-13,0.5505489162970832
2009-05-14,1.3774104202232802
2009-05-15,1.373263337934371
2009-05-18,0.5183679240796714
2009-05-19,1.7406659476359279
2009-05-20,2.982033912124148
2009-05-21,0.911386233258983
2009-05-22,2.053657698093107
2009-05-26,0.33007950853043033
2009-05-27,0.6376848046951084
2009-05-28,0.6862119920236207
2009-05-29,0.28283587491462436
2009-06-01,0.7395789299180392
2009-06-02,1.6980786357657978
2009-06-03,0.7103706391337131
2009-06-04,0.6715480089998357
2009-06-05,1.7867563021318251
2009-06-08,1.2155149166682053
2009-06-09,0.6647826680046894
2009-06-10,1.4763218467594643
2009-06-11,0.9872304645684253
2009-06-12,1.150057106659695
2009-06-15,0.5788745490348097
2009-06-16,1.0109759996067942
2009-06-17,0.45313321536474316
2009-06-18,0.4100041014617721
2009-06-19,0.9735316102907219
2009-06-22,0.23589163257771384
2009-06-23,1.711798250093045
2009-06-24,0.4002050365258846
2009-06-25,0.638699956851753
2009-06-26,0.600755201582226
2009-06-29,1.0404349033364795
2009-06-30,0.7779256078440143
2009-07-01,0.6729268962786349
2009-07-02,0.48686383652835263
2009-07-06,0.22069709115236444
2009-07-07,1.2904725863093354
2009-07-08,1.685395170070669
2009-07-09,0.9634920984871916
2009-07-10,1.03548386963069
2009-07-13,1.3099536515632204
2009-07-14,1.2752173257454498
2009-07-15,0.5927796806814173
2009-07-16,1.4581752732785744
2009-07-17,0.5070201480858743
2009-07-20,0.5812376532759174
2009-07-21,1.0735965835303802
2009-07-22,0.4005916929440398
2009-07-23,1.2722313838912984
2009-07-24,0.41763729244562187
2009-07-27,1.2977283148155565
2009-07-28,1.2586246570440736
2009-07-29,0.7309901084006398
2009-07-30,2.160235202437098
2009-07-31,1.0873464817223624
2009-08-03,0.7932475864296509
2009-08-04,1.1427440857485314
2009-08-05,0.8487688828863156
2009-08-06,0.8792347513349734
2009-08-07,0.7828042496010716
2009-08-10,0.5387076048772407
2009-08-11,0.5603229690694881
2009-08-12,1.008938287135901
2009-08-13,1.5306613426071591
2009-08-14,1.0603018440861873
2009-08-17,0.36189346870897937
2009-08-18,0.9330017254526223
2009-08-19,1.0940158942922382
2009-08-20,1.6396224479107293
2009-08-21,0.9004058587618774
2009-08-24,0.6653872823996974
2009-08-25,1.1852468518271218
2009-08-26,2.030441588778715
2009-08-27,0.8900006135954145
2009-08-28,0.8639824265590261
2009-08-31,0.7076996801417308
2009-09-01,0.6039980917486408
2009-09-02,1.6308871960199918
2009-09-03,1.7855676175470006
2009-09-04,0.8825359725742256
2009-09-08,0.715687196359675
2009-09-09,1.058979022216387
2009-09-10,1.1847975283897099
2009-09-11,1.701105407862582
2009-09-14,1.0910639007276886
2009-09-15,1.0193049306275517
2009-09-16,0.8276370242690881
2009-09-17,1.108396199305745
2009-09-18,1.3663841825457919
2009-09-21,1.1746084022745023
2009-09-22,0.5335074459542333
2009-09-23,0.7749501699056903
2009-09-24,0.6264167103795728
2009-09-25,1.1338464274431714
2009-09-28,0.5309233387730099
2009-09-29,1.0305930921633708
2009-09-30,2.1833921477451197
2009-10-01,0.9959848098370218
2009-10-02,0.8789661532079421
2009-10-05,0.5026893897803595
2009-10-06,1.6145956469854537
2009-10-07,0.5189050573665135
2009-10-08,1.7593080319785797
2009-10-09,1.3061931968811695
2009-10-12,2.31629140631181
2009-10-13,1.489038208029439
2009-10-14,0.7768456180268744
2009-10-15,1.0630687878860778
2009-10-16,0.8107179658650311
2009-10-19,1.2845766149093305
2009-10-20,1.812491900707247
2009-10-21,0.6415868903497863
2009-10-22,0.5997984850076032
2009-10-23,0.7136334101902744
2009-10-26,0.5360993759666874
2009-10-27,0.8743525259780607
2009-10-28,0.7280495243152175
2009-10-29,1.0999844833025456
2009-10-30,0.5827313966962043
2009-11-02,0.6994460197263175
2009-11-03,1.3419169302837866
2009-11-04,0.9844148207133975
2009-11-05,0.5711853559942817
2009-11-06,1.675794929069047
2009-11-09,0.9504857480897783
2009-11-10,0.5853489339291805
2009-11-11,0.6054949596541468
2009-11-12,0.9780654009248088
2009-11-13,0.9301999507651809
2009-11-16,0.24684919271467554
2009-11-17,1.2366363991129785
2009-11-18,0.577921988850514
2009-11-19,0.7539261698754538
2009-11-20,0.5516708044395993
2009-11-23,1.2426596014924889
2009-11-24,1.0960969196772075
2009-11-25,0.6809024937049896
2009-11-27,0.93108871888259
2009-11-30,0.9902989315526639
2009-12-01,1.2208613343269705
2009-12-02,0.9598030115487874
2009-12-03,0.7427518209837949
2009-12-04,0.5222737080676257
2009-12-07,1.0447303701352084
2009-12-08,0.447112138311535
2009-12-09,0.7439078030555513
2009-12-10,1.1115212841939288
2009-12-11,1.0121743202230988
2009-12-14,1.8593259542427343
2009-12-15,0.4492972041288096
2009-12-16,0.8283216556261985
2009-12-17,1.6578985883589485
2009-12-18,0.8120620858753511
2009-12-21,1.7360352761117988
2009-12-22,1.2812735937982949
2009-12-23,0.5626706278100568
2009-12-24,1.0462763832983266
2009-12-28,1.181155770121216
2009-12-29,1.2917006036139915
2009-12-30,1.0846853432856571
2009-12-31,1.145249495653052
2010-01-04,1.5017718851016693
2010-01-05,0.7301096541531085
2010-01-06,0.40324641075813544
2010-01-07,0.8974707281642309
2010-01-08,0.7504967355146637
2010-01-11,0.6972075687770268
2010-01-12,1.0483277297853655
2010-01-13,0.94845614281067
2010-01-14,1.2462884132754115
2010-01-15,1.0737436487989922
2010-01-19,0.2806814548600852
2010-01-20,1.3373721405400516
2010-01-21,0.2733594028426701
2010-01-22,0.5829029487257743
2010-01-25,1.3849159768965758
2010-01-26,0.9132992674573457
2010-01-27,1.4274010861216622
2010-01-28,0.4643488787694804
2010-01-29,1.6242407935411813
2010-02-01,0.39151074912102746
2010-02-02,1.099798455481804
2010-02-03,1.5021832806931694
2010-02-04,0.550791322004585
2010-02-05,1.7948685935287658
2010-02-08,1.1194144384418117
2010-02-09,1.803928467065508
2010-02-10,2.020999998594308
2010-02-11,1.1608822610121377
2010-02-12,0.36066561165622685
2010-02-16,0.5923845830928394
2010-02-17,1.3625893158950018
2010-02-18,0.9007470200522655
2010-02-19,2.4681425121363665
2010-02-22,0.8280504093989376
2010-02-23,0.6874402141927672
2010-02-24,1.1296008696628839
2010-02-25,1.282913828640183
2010-02-26,1.0293918294909126
2010-03-01,0.8169660263105593
2010-03-02,2.3092902266567354
2010-03-03,0.6499878488236653
2010-03-04,1.2495424039218108
2010-03-05,1.0472500878504105
2010-03-08,1.214385399710155
2010-03-09,1.553400328365933
2010-03-10,1.2388628493182616
2010-03-11,1.6130691803793729
2010-03-12,4.2545389763426575
2010-03-15,1.3933645089466982
2010-03-16,1.2253317402025465
2010-03-17,1.9587820058093182
2010-03-18,0.872852998856654
2010-03-19,0.776107511891533
2010-03-22,1.2827676530319332
2010-03-23,1.1081629161101878
2010-03-24,1.049208758415376
2010-03-25,1.1286842166744768
2010-03-26,2.1009769033988097
2010-03-29,0.8943960466300018
2010-03-30,1.785366203734076
2010-03-31,0.8462968738128099
2010-04-01,0.5040498833936301
2010-04-05,0.42464496897818504
2010-04-06,1.2078807415213373
2010-04-07,2.0471458565756797
2010-04-08,2.0227175788243987
2010-04-09,1.7163479360501404
2010-04-12,0.554514267564824
2010-04-13,1.204983085158544
2010-04-14,1.2162676668935362
2010-04-15,1.757727202028433
2010-04-16,0.7954309653932489
2010-04-19,0.7167883552470445
2010-04-20,0.6961828419346384
2010-04-21,1.2058510320033524
2010-04-22,0.22753730447858048
2010-04-23,1.7774558872341912
2010-04-26,0.8350812857181334
2010-04-27,0.4656183530272003
2010-04-28,0.7305779409516249
2010-04-29,0.9075207329545377
2010-04-30,1.1352558387452163
2010-05-03,0.5048306318000617
2010-05-04,0.9433479629140696
2010-05-05,1.2405376490115896
2010-05-06,0.6365926401487313
2010-05-07,0.5676667955363002
2010-05-10,0.27249841707885747
2010-05-11,0.5825120503131591
2010-05-12,0.2392447000238536
2010-05-13,0.97359286035873
2010-05-14,0.9159105904169413
2010-05-17,0.9269412707534153
2010-05-18,0.9119295889673763
2010-05-19,0.9376256083853439
2010-05-20,0.4600739432476848
2010-05-21,0.5560883968102803
2010-05-24,0.5717579388509317
2010-05-25,1.0635454537765916
2010-05-26,0.7393339521657779
2010-05-27,0.3593207470441032
2010-05-28,0.658324094130161
2010-06-01,0.2680427907392793
2010-06-02,0.6439883096575838
2010-06-03,0.6544797261401952
2010-06-04,0.17552639424819455
2010-06-07,1.094260697013291
2010-06-08,0.9171675621722126
2010-06-09,0.7444800300958693
2010-06-10,0.8298789800261158
2010-06-11,0.6516296981085974
2010-06-14,0.9598604301749019
2010-06-15,1.000534590545204
2010-06-16,0.8734551729634656
2010-06-17,1.0402778056826751
2010-06-18,1.757169068782016
2010-06-21,1.204419125769726
2010-06-22,0.5418501233542131
2010-06-23,0.9944748245711569
2010-06-24,0.570155282488699
2010-06-25,0.4535682450893426
2010-06-28,0.322888182580919
2010-06-29,0.2666697051073027
2010-06-30,0.9366438590246317
2010-07-01,1.2638201094006907
2010-07-02,0.9167375050430585
2010-07-06,0.8364250719249576
2010-07-07,0.3640707941958017
2010-07-08,0.8604852012148209
2010-07-09,0.8124051573662128
2010-07-12,1.4358063081693648
2010-07-13,0.42171412848259326
2010-07-14,1.659998681031269
2010-07-15,0.5610861201421535
2010-07-16,0.7249703063597674
2010-07-19,2.9227138219714766
2010-07-20,1.6223911795591794
2010-07-21,1.0338873625052896
2010-07-22,0.44290522350306566
2010-07-23,0.762789365558064
2010-07-26,1.3911791567043446
2010-07-27,1.7794615511056469
2010-07-28,1.5728079915986952
2010-07-29,1.2825175526163413
2010-07-30,2.9402074078441007
2010-08-02,0.6714023493445981
2010-08-03,1.3349058709736008
2010-08-04,1.1463274229380964
2010-08-05,1.092500831794329
2010-08-06,0.8475993157306437
2010-08-09,0.9686375055792228
2010-08-10,1.005617301518553
2010-08-11,0.5381360549311827
2010-08-12,2.034872663632075
2010-08-13,0.49435597081915356
2010-08-16,1.9543447963096285
2010-08-17,1.1788223404262457
2010-08-18,2.4091559684511155
2010-08-19,0.6996533395030516
2010-08-20,1.4021117442778899
2010-08-23,0.7511211093671178
2010-08-24,0.8568735017773269
2010-08-25,1.118030076058744
2010-08-26,0.8821288036634073
2010-08-27,0.9985982570792096
2010-08-30,1.3484653905632369
2010-08-31,1.2969021289521767
2010-09-01,0.3843081739171397
2010-09-02,1.2395999632402437
2010-09-03,0.8864314648806515
2010-09-07,0.3762285352085108
2010-09-08,0.7657943300275755
2010-09-09,1.3132173040833195
2010-09-10,1.083121684599529
2010-09-13,0.5099989467651003
2010-09-14,1.8242946646507376
2010-09-15,1.7466111206613961
2010-09-16,0.9188360101887361
2010-09-17,1.7541311864932567
2010-09-20,0.8004503955224479
2010-09-21,0.9344666025630555
2010-09-22,0.8977047153184888
2010-09-23,1.219989965540521
2010-09-24,0.7678410407801716
2010-09-27,1.207185094745028
2010-09-28,0.6521394092092135
2010-09-29,1.9167423975557691
2010-09-30,2.0479381988893066
2010-10-01,1.778080775299817
2010-10-04,0.7800572692398606
2010-10-05,0.6668809891056972
2010-10-06,1.1852421701914366
2010-10-07,0.6783356524314961
2010-10-08,1.1596587904920348
2010-10-11,2.120489849061525
2010-10-12,1.0907736335529714
2010-10-13,0.7810368492657573
2010-10-14,0.7287449107324632
2010-10-15,0.5284931596395724
2010-10-18,0.4822758183377597
2010-10-19,0.8859119947345802
2010-10-20,1.7876560150911258
2010-10-21,1.1233105624304882
2010-10-22,1.746900329142518
2010-10-25,1.6073798513136155
2010-10-26,0.9684924611305202
2010-10-27,1.3550553929479907
2010-10-28,1.118767603160846
2010-10-29,0.5821335127100449
2010-11-01,1.2491660327144274
2010-11-02,1.0531661358863453
2010-11-03,1.487684696846856
2010-11-04,0.51938982656106
2010-11-05,0.894195687916037
2010-11-08,1.7965541186330893
2010-11-09,1.1586251179851006
2010-11-10,0.6702450188134019
2010-11-11,1.7108946580990028
2010-11-12,0.7570328132034507
2010-11-15,1.7512121932299578
2010-11-16,1.428903456931174
2010-11-17,1.3923990714690033
2010-11-18,0.4879978575353105
2010-11-19,1.6436628819386798
2010-11-22,1.6640982181603088
2010-11-23,0.9678875984884295
2010-11-24,0.6894723601895691
2010-11-26,0.2319773274657917
2010-11-29,0.5745676558833736
2010-11-30,0.5955984387027389
2010-12-01,0.5747370176862869
2010-12-02,0.7129929549929063
2010-12-03,0.4578730249037374
2010-12-06,0.4961631596462743
2010-12-07,2.0746793125174303
2010-12-08,1.418908539157222
2010-12-09,1.0644182375180962
2010-12-10,0.5969086945080581
2010-12-13,1.4507998255561447
2010-12-14,1.767718330688454
2010-12-15,0.7968564438702548
2010-12-16,1.8536119067737729
2010-12-17,1.276188339018303
2010-12-20,1.1753567220482515
2010-12-21,2.1285178718239557
2010-12-22,1.9556709249971491
2010-12-23,0.6142617830424125
2010-12-27,1.7173223613432984
2010-12-28,0.7947393406013881
2010-12-29,2.7020562112752105
2010-12-30,2.1403077685354934
2010-12-31,0.8812994444695743
2011-01-03,0.9685917098212434
2011-01-04,0.9338705441509165
2011-01-05,1.9947397756802165
2011-01-06,1.6965042118664995
2011-01-07,1.4338867631077357
2011-01-10,1.8462176383328135
2011-01-11,3.0495253421974096
2011-01-12,1.1615799347689029
2011-01-13,2.053726881412975
2011-01-14,0.9961547926806738
2011-01-18,0.6844867692786358
2011-01-19,0.3324198766913583
2011-01-20,0.9001344217434786
2011-01-21,1.0501355704218767
2011-01-24,0.7337873287138039
2011-01-25,1.679455576493413
2011-01-26,1.2953698346630533
2011-01-27,1.410744840398379
2011-01-28,0.4257915836050715
2011-01-31,0.8826189897277463
2011-02-01,0.9007076528520895
2011-02-02,0.9244359905216306
2011-02-03,2.064359730049661
2011-02-04,0.6476195521794966
2011-02-07,0.4424798276460686
2011-02-08,0.5996640457006392
2011-02-09,1.1103829316221243
2011-02-10,1.0896834601212546
2011-02-11,0.9955269685727131
2011-02-14,0.585570528600238
2011-02-15,1.1807479270215635
2011-02-16,0.4237621660087462
2011-02-17,1.4553846523836538
2011-02-18,1.073102841482611
2011-02-22,0.7254043294968573
2011-02-23,0.5145999940687188
2011-02-24,1.0593502119720037
2011-02-25,0.9833395017609204
2011-02-28,0.7806386056116638
2011-03-01,1.0420108145927836
2011-03-02,0.8056338135511495
2011-03-03,1.0455274630852034
2011-03-04,0.9871177126354964
2011-03-07,1.9871208706339105
2011-03-08,0.6957072474910433
2011-03-09,2.794472220274581
2011-03-10,1.626235887496283
2011-03-11,0.9306927828774895
2011-03-14,1.3837449982344308
2011-03-15,0.7750542991208575
2011-03-16,1.1474988543888358
2011-03-17,1.3081830718604046
2011-03-18,0.6878960538155658
2011-03-21,0.46050421958897736
2011-03-22,1.3724817162308083
2011-03-23,1.0191952603833918
2011-03-24,0.9185698576426038
2011-03-25,1.6791341893520246
2011-03-28,1.225837046240128
2011-03-29,1.269175982897299
2011-03-30,1.3557840377449313
2011-03-31,0.7519358537107859
2011-04-01,1.518098279336666
2011-04-04,1.678713223978242
2011-04-05,1.5474740267461191
2011-04-06,1.096455933880199
2011-04-07,1.6010736879592244
2011-04-08,1.4706936935970951
2011-04-11,1.0938166143406844
2011-04-12,1.0246304409329459
2011-04-13,0.8576951788863341
2011-04-14,2.3491137062919716
2011-04-15,1.1495146066834363
2011-04-18,1.5364221147628236
2011-04-19,0.5310435580619376
2011-04-20,1.0851454934080373
2011-04-21,1.011454124190525
2011-04-25,0.5228112234832771
2011-04-26,1.213967858818061
2011-04-27,1.601702832739024
2011-04-28,0.8978794239632186
2011-04-29,1.824169698467174
2011-05-02,1.4385503363276138
2011-05-03,0.9904503155358103
2011-05-04,1.0542430701406709
2011-05-05,0.884320095020806
2011-05-06,1.2476100957616483
2011-05-09,0.6660487055713442
2011-05-10,0.4596303992091322
2011-05-11,0.861647509486846
2011-05-12,0.639255373071959
2011-05-13,0.2502526907195697
2011-05-16,0.6576382940947778
2011-05-17,1.5474149281730996
2011-05-18,1.414648123638192
2011-05-19,0.8722058526876391
2011-05-20,2.476994044768068
2011-05-23,1.097770153940793
2011-05-24,0.9586353391467876
2011-05-25,1.4726879522081906
2011-05-26,1.4801310886623191
2011-05-27,1.1727711308772921
2011-05-31,0.38042204371437516
2011-06-01,0.8410304282794538
2011-06-02,2.3780808796663546
2011-06-03,1.1493690827141823
2011-06-06,0.7941037689291591
2011-06-07,1.0892806471889718
2011-06-08,0.950775140493668
2011-06-09,1.6075759393061706
2011-06-10,1.9641881527589267
2011-06-13,1.2892226061187457
2011-06-14,0.4127073308937264
2011-06-15,1.0823753277087478
2011-06-16,1.713098056170465
2011-06-17,1.909990664564732
2011-06-20,1.9044900688318567
2011-06-21,0.6487842899880832
2011-06-22,2.7019027637336426
2011-06-23,0.683757104557602
2011-06-24,0.9972138786081811
2011-06-27,1.4592393276962372
2011-06-28,1.421948183199546
2011-06-29,1.32249719066234
2011-06-30,0.7677960233357033
2011-07-01,1.4551031991672756
2011-07-05,0.0006729836272000928
2011-07-06,0.4307546313132369
2011-07-07,0.7931067785140029
2011-07-08,1.2961320073099192
2011-07-11,0.40709530315411946
2011-07-12,1.212686352391784
2011-07-13,1.8933878487241087
2011-07-14,0.5703275893140201
2011-07-15,1.3583122667794538
2011-07-18,0.6235899542448349
2011-07-19,1.2399438332730328
2011-07-20,2.3462515287779393
2011-07-21,0.7894804150669708
2011-07-22,1.4905343644901847
2011-07-25,1.0998560951293075
2011-07-26,1.4042658927920586
2011-07-27,0.5698634411088954
2011-07-28,0.8654839853124945
2011-07-29,0.3974955557706075
2011-08-01,0.32336093205286115
2011-08-02,0.07987024245862065
2011-08-03,1.0478666486119725
2011-08-04,0.052203315447627484
2011-08-05,0.5493067949733639
2011-08-08,0.07798842237908107
2011-08-09,0.2658552584643744
2011-08-10,0.33745044848695616
2011-08-11,0.18641982132383988
2011-08-12,1.1583832294213856
2011-08-15,0.8201147585794114
2011-08-16,0.2963272559428309
2011-08-17,0.715830512478812
2011-08-18,0.2898627256163293
2011-08-19,0.5616776288752422
2011-08-22,0.8184679382692308
2011-08-23,0.34815968878690046
2011-08-24,0.6927045158101102
2011-08-25,1.2130146028064295
2011-08-26,1.1894316274151473
2011-08-29,0.25389278091404593
2011-08-30,1.3974812779090242
2011-08-31,0.967738368135897
2011-09-01,0.7950160087022237
2011-09-02,0.4710238995852642
2011-09-06,0.7464500983941078
2011-09-07,0.21931375258461897
2011-09-08,1.6991111985619414
2011-09-09,0.7180341858697893
2011-09-12,1.027777614276227
2011-09-13,0.9986574046815891
2011-09-14,2.038247744934427
2011-09-15,0.4548929331051841
2011-09-16,1.2297470040894984
2011-09-19,0.7345508046228502
2011-09-20,1.3253019157218786
2011-09-21,0.3272462890030071
2011-09-22,0.25467270802401654
2011-09-23,0.5165334798602442
2011-09-26,0.2745116088293904
2011-09-27,1.0010301039631273
2011-09-28,0.29337943912381004
2011-09-29,0.2693260690667951
2011-09-30,0.4465202557818254
2011-10-03,0.24679965649526808
2011-10-04,0.2769018481165504
2011-10-05,0.6262745164911775
2011-10-06,1.130349177273908
2011-10-07,0.5392316736932447
2011-10-10,0.5139156446263846
2011-10-11,0.4190717256316452
2011-10-12,0.8143122296181274
2011-10-13,0.8073947568556491
2011-10-14,0.869136324208599
2011-10-17,0.7275787673796671
2011-10-18,0.875111594324935
2011-10-19,0.6728606674346606
2011-10-20,0.3530868725085461
2011-10-21,0.3857365885789454
2011-10-24,0.3202976911745392
2011-10-25,0.6319553293870719
2011-10-26,0.7606877090797564
2011-10-27,0.32253730504049155
2011-10-28,0.6949935829261301
2011-10-31,0.390389638084752
2011-11-01,0.3151545535926845
2011-11-02,0.5398449894011672
2011-11-03,0.39379536075064214
2011-11-04,0.9234517195068657
2011-11-07,0.9119251195656721
2011-11-08,0.6257036423590671
2011-11-09,0.45809678239533697
2011-11-10,0.5276336480610802
2011-11-11,0.5715987104555246
2011-11-14,1.0958329312069748
2011-11-15,1.3179900192592104
2011-11-16,1.1087852319321416
2011-11-17,0.9177966513297213
2011-11-18,0.17676380351162813
2011-11-21,0.8140737226622625
2011-11-22,1.0504527465898077
2011-11-23,0.6086987372700583
2011-11-25,0.7869982483249941
2011-11-28,0.3570461012304055
2011-11-29,0.8238244651975046
2011-11-30,0.2823804911585893
2011-12-01,0.616752972087983
2011-12-02,2.5091293458095727
2011-12-05,0.310284222557153
2011-12-06,1.4220020421530293
2011-12-07,1.1977264326678287
2011-12-08,0.3720521344201252
2011-12-09,1.0415979551280012
2011-12-12,0.9072477662149973
2011-12-13,0.8404370833129494
2011-12-14,0.8766206861374061
2011-12-15,0.7185722311405207
2011-12-16,0.6240694303731035
2011-12-19,0.8271697660125861
2011-12-20,0.3683710390098255
2011-12-21,0.43563537849452766
2011-12-22,0.6327560333964105
2011-12-23,1.2858896940111142
2011-12-27,1.1064735434396118
2011-12-28,0.7789112334451795
2011-12-29,0.879256496457297
2011-12-30,1.642766493459356
2012-01-03,1.6150694256545295
2012-01-04,0.926324712849714
2012-01-05,0.8377918607930215
2012-01-06,1.463584485198235
2012-01-09,1.9035517066912637
2012-01-10,0.46083722324307885
2012-01-11,1.081992819045447
2012-01-12,1.132976955336618
2012-01-13,1.3586640753045918
2012-01-17,1.6712012281212931
2012-01-18,1.031569467352701
2012-01-19,1.4595284874573646
2012-01-20,0.8257450778642946
2012-01-23,1.3032244754815405
2012-01-24,1.3538697534384567
2012-01-25,2.154102593774147
2012-01-26,1.8878122793194065
2012-01-27,1.4774932220358894
2012-01-30,1.0085540254633196
2012-01-31,0.4094470243217787
2012-02-01,0.9081616459940866
2012-02-02,1.6086455019316819
2012-02-03,0.6748343787962362
2012-02-06,1.5738139735783956
2012-02-07,1.5804982788517297
2012-02-08,2.0318985111551937
2012-02-09,0.3760884906443005
2012-02-10,0.9643718357698987
2012-02-13,1.730645290165589
2012-02-14,1.935388782707456
2012-02-15,0.98526012806228
2012-02-16,0.837650578652377
2012-02-17,1.1667487753236079
2012-02-21,2.3554385300515133
2012-02-22,1.4416140676258264
2012-02-23,0.703629349903618
2012-02-24,1.1639706393532714
2012-02-27,1.4433205131803026
2012-02-28,1.1549824510623943
2012-02-29,0.563668164984973
2012-03-01,1.358375180155495
2012-03-02,1.1599265816230795
2012-03-05,0.6492826412230065
2012-03-06,0.47581050979877504
2012-03-07,1.1878936394271744
2012-03-08,1.5224160975194314
2012-03-09,0.9275599592844922
2012-03-12,1.1573473830994023
2012-03-13,0.445902371867608
2012-03-14,1.2954539459314476
2012-03-15,0.5600446144220632
2012-03-16,0.8623662048429377
2012-03-19,1.069249292638042
2012-03-20,1.0269745096117797
2012-03-21,2.089924690771807
2012-03-22,0.5358946087271195
2012-03-23,1.4414410689488106
2012-03-26,1.1929965526121769
2012-03-27,1.175878215147883
2012-03-28,2.5555254034899724
2012-03-29,0.3780049539136086
2012-03-30,1.988498934038995
2012-04-02,1.3346814333918386
2012-04-03,1.413527916904661
2012-04-04,2.1988311033632137
2012-04-05,1.6540891689628792
2012-04-09,0.5351174149068945
2012-04-10,1.2213379640276358
2012-04-11,2.152305618551976
2012-04-12,0.370563346881607
2012-04-13,2.0318455163560247
2012-04-16,0.48317923976630983
2012-04-17,1.1743651823745291
2012-04-18,0.6166119352639954
2012-04-19,1.4928758448359558
2012-04-20,0.4283067144903893
2012-04-23,1.7078833109802707
2012-04-24,0.5945197949499024
2012-04-25,0.8506747221158559
2012-04-26,1.189018600702882
2012-04-27,1.0271495397159467
2012-04-30,1.6473938886642314
2012-05-01,1.6121076056341845
2012-05-02,1.181996553109467
2012-05-03,1.0482762175312998
2012-05-04,1.016675610498905
2012-05-07,0.7687356283915878
2012-05-08,0.784628495816953
2012-05-09,1.2471242331659906
2012-05-10,0.8421706564512613
2012-05-11,1.6606401014844587
2012-05-14,2.387685527276665
2012-05-15,1.1254074641290788
2012-05-16,1.445399122153073
2012-05-17,0.36582469330311235
2012-05-18,0.9061627552654742
2012-05-21,0.3014912277865575
2012-05-22,0.7798852710954929
2012-05-23,1.0846451284929328
2012-05-24,1.0915701994536355
2012-05-25,1.3901408880157717
2012-05-29,0.7140455257260566
2012-05-30,0.6049832654179939
2012-05-31,1.708790962048499
2012-06-01,0.5859447116914094
2012-06-04,0.6778456267191336
2012-06-05,0.3869489972771197
2012-06-06,1.1527962046539537
2012-06-07,0.8273651789188943
2012-06-08,1.090310362364862
2012-06-11,0.5780578685561962
2012-06-12,1.161748323436411
2012-06-13,1.4128645901891068
2012-06-14,0.566101019346479
2012-06-15,0.6072906200555982
2012-06-18,1.0795214055044486
2012-06-19,0.8474252439014982
2012-06-20,1.9045717212128181
2012-06-21,0.8062556699580294
2012-06-22,0.9840456624051367
2012-06-25,0.6123626859775883
2012-06-26,1.4189683459483
2012-06-27,1.5011287815079983
2012-06-28,0.6229396819575682
2012-06-29,0.7343923382030892
2012-07-02,1.2038328151065114
2012-07-03,0.6692957046464444
2012-07-05,0.9912284120264695
2012-07-06,0.601631587826112
2012-07-09,0.9675167042067419
2012-07-10,1.9287206746546612
2012-07-11,0.6437524468734103
2012-07-12,2.2358961740285053
2012-07-13,0.7351824490784268
2012-07-16,1.6011518537558327
2012-07-17,1.6643114925002254
2012-07-18,1.1083871522759718
2012-07-19,0.7129347288036998
2012-07-20,0.8718851843051978
2012-07-23,0.5336830631763625
2012-07-24,0.8901361733609785
2012-07-25,0.6503878026047504
2012-07-26,0.6971697142928731
2012-07-27,0.7767024920408562
2012-07-30,1.3494038044072516
2012-07-31,1.3220512729656335
2012-08-01,1.4133020835357
2012-08-02,1.2232039018588035
2012-08-03,1.2629676574505861
2012-08-06,1.3321086419731918
2012-08-07,1.6331426742359505
2012-08-08,1.5475471702400887
2012-08-09,1.6220537548263485
2012-08-10,1.2297130473535187
2012-08-13,0.985217057416489
2012-08-14,2.444395443601835
2012-08-15,1.2489226682808088
2012-08-16,1.8351348375901992
2012-08-17,1.5432836304567084
2012-08-20,1.672318484435418
2012-08-21,2.4563759561196554
2012-08-22,1.5545668294728792
2012-08-23,0.8599211361571802
2012-08-24,0.443710659148038
2012-08-27,1.0852291045550946
2012-08-28,1.101469134822578
2012-08-29,0.7026383206526816
2012-08-30,1.132211846970907
2012-08-31,0.7685919321172815
2012-09-04,1.245892194561085
2012-09-05,1.6465818827343761
2012-09-06,0.44247727612714455
2012-09-07,0.4471093740454066
2012-09-10,0.6168911834000638
2012-09-11,0.8700408776296289
2012-09-12,0.7402347747102651
2012-09-13,1.089254777827347
2012-09-14,1.266171191581858
2012-09-17,1.486772938832995
2012-09-18,0.7380716977673621
2012-09-19,1.6320943954177498
2012-09-20,1.3881055082037137
2012-09-21,1.2140775322501696
2012-09-24,2.1247844807948937
2012-09-25,1.920851114799897
2012-09-26,1.4553018979476782
2012-09-27,0.36233181094754296
2012-09-28,1.0034693890790192
2012-10-01,1.4295674042999802
2012-10-02,0.6185012873321412
2012-10-03,0.6974056054364312
2012-10-04,0.5865507429295684
2012-10-05,1.2637235914860727
2012-10-08,1.1570243836208276
2012-10-09,0.7018893141551852
2012-10-10,1.113214734801721
2012-10-11,0.6177209427902254
2012-10-12,0.5452433808333947
2012-10-15,0.9839305989226395
2012-10-16,1.192136966736027
2012-10-17,0.835426234435347
2012-10-18,0.5453373822024986
2012-10-19,0.7422058857157362
2012-10-22,1.1057621406103997
2012-10-23,0.36239517454905257
2012-10-24,3.01308579506987
2012-10-25,1.354349523821752
2012-10-26,0.4773214546101535
2012-10-31,1.7923184957040843
2012-11-01,1.1837523285797877
2012-11-02,1.6089517091072059
2012-11-05,3.0130026523200404
2012-11-06,1.0360902861020358
2012-11-07,1.2954150061937282
2012-11-08,0.6652112213111282
2012-11-09,1.1180039858427249
2012-11-12,1.818653869966734
2012-11-13,1.5778714720955185
2012-11-14,0.78228886256581
2012-11-15,1.076566487179465
2012-11-16,0.9756234679963736
2012-11-19,1.1342982974579021
2012-11-20,0.7008093809396383
2012-11-21,1.1863770663596513
2012-11-23,1.2498096245825963
2012-11-26,1.2123159915728356
2012-11-27,1.3689240712261939
2012-11-28,1.2217028183080307
2012-11-29,1.0980608613772131
2012-11-30,0.5778492187388073
2012-12-03,1.1937902616917606
2012-12-04,1.3558041052211331
2012-12-05,1.187795356815938
2012-12-06,2.1088749357244816
2012-12-07,0.6601535099730416
2012-12-10,1.6751808178858927
2012-12-11,1.1183657585634743
2012-12-12,1.1162314256375057
2012-12-13,1.1325447651790679
2012-12-14,1.068348656241668
2012-12-17,1.5525356758264617
2012-12-18,1.0051458860576252
2012-12-19,1.2731014730912287
2012-12-20,0.9221940359271925
2012-12-21,0.6711601062298904
2012-12-24,1.226828181459309
2012-12-26,1.0741834116500797
2012-12-27,1.5096216558541484
2012-12-28,1.706501007883038
2012-12-31,1.5453209421411396
2013-01-02,0.6989406515571933
2013-01-03,1.8148120766603004
2013-01-04,0.9868450960002519
2013-01-07,0.9697602217202123
2013-01-08,1.1000706556196584
2013-01-09,0.9146138830061311
2013-01-10,0.8123354859698664
2013-01-11,0.6663979288267725
2013-01-14,1.6560457831614466
2013-01-15,1.1211394406937165
2013-01-16,0.8502502189608752
2013-01-17,1.534244776967053
2013-01-18,1.8327667611532932
2013-01-22,0.5233076412416903
2013-01-23,0.5156397249297429
2013-01-24,0.8581150698739788
2013-01-25,1.4382318402779801
2013-01-28,1.2901229672793697
2013-01-29,0.92141090007853
2013-01-30,0.42470128723226885
2013-01-31,0.6507686691735948
2013-02-01,0.9793452944688289
2013-02-04,2.5151926846468546
2013-02-05,1.8135996873099491
2013-02-06,1.1830978101406018
2013-02-07,1.4892061099691285
2013-02-08,0.5572164860534315
2013-02-11,1.604633847869267
2013-02-12,0.8628946622662578
2013-02-13,1.4032107306465917
2013-02-14,1.43345941280556
2013-02-15,0.8428698795790895
2013-02-19,1.0412380090882876
2013-02-20,0.4789305467139852
2013-02-21,1.2721818000925944
2013-02-22,0.8410793706434463
2013-02-25,0.3762167589855412
2013-02-26,1.453678431993732
2013-02-27,1.0043000485559863
2013-02-28,0.9890979781165543
2013-03-01,1.2686843697124923
2013-03-04,1.1616328182561126
2013-03-05,0.3054106925349526
2013-03-06,1.0995620353255646
2013-03-07,1.3296212043667845
2013-03-08,1.7832451753737122
2013-03-11,1.9408814451448417
2013-03-12,1.6865052825148097
2013-03-13,1.5873727348408353
2013-03-14,0.5667234403129087
2013-03-15,1.4474404214608991
2013-03-18,0.6417362469406473
2013-03-19,0.3788714866402708
2013-03-20,0.7167994154548417
2013-03-21,1.035284160505308
2013-03-22,1.7370689056628563
2013-03-25,0.8509004565082606
2013-03-26,1.4977854339437318
2013-03-27,0.77166675367054
2013-03-28,1.7806514630479362
2013-04-01,1.6044110970542675
2013-04-02,0.549191999903123
2013-04-03,1.3245213990944196
2013-04-04,1.5339196599829705
2013-04-05,1.145115554146134
2013-04-08,1.3154397917090987
2013-04-09,1.1379963318935722
2013-04-10,1.1471592689418746
2013-04-11,1.844519015797868
2013-04-12,2.00786372349631
2013-04-15,0.1913622907422008
2013-04-16,0.7194238147902142
2013-04-17,1.1658410432854192
2013-04-18,0.8610116941937604
2013-04-19,0.7389728141934038
2013-04-22,1.3508121981078691
2013-04-23,1.3768950284912393
2013-04-24,0.3918224612388243
2013-04-25,1.0494111061262184
2013-04-26,1.2117574310877852
2013-04-29,1.9991925973581026
2013-04-30,0.6083089176467278
2013-05-01,0.27457174021727704
2013-05-02,2.380143751383107
2013-05-03,0.6759008551083268
2013-05-06,2.4321145659409154
2013-05-07,1.3792579215145493
2013-05-08,0.9434204199514616
2013-05-09,1.3730125679866136
2013-05-10,1.2326313650470853
2013-05-13,1.2634881098803643
2013-05-14,0.872422409425145
2013-05-15,1.4767840511029315
2013-05-16,0.7516924559586052
2013-05-17,1.0433492239642326
2013-05-20,0.8740227723596014
2013-05-21,0.7035615713035515
2013-05-22,1.4136781566914118
2013-05-23,1.4684919136176888
2013-05-24,2.2405178303297126
2013-05-28,1.07210341129525
2013-05-29,0.5908578285157623
2013-05-30,1.458740423361897
2013-05-31,1.194214753488217
2013-06-03,1.2082816368813496
2013-06-04,1.9105276320980724
2013-06-05,0.63060555991188
2013-06-06,0.7243633808374236
2013-06-07,0.44875420014164763
2013-06-10,1.5763734838939578
2013-06-11,0.2732013610394089
2013-06-12,2.027908298344389
2013-06-13,0.7458315015812282
2013-06-14,0.9517564926016222
2013-06-17,2.9206316047735226
2013-06-18,2.336759943347572
2013-06-19,1.433047241321829
2013-06-20,0.644951471233181
2013-06-21,0.5767204794393956
2013-06-24,0.6280572778495267
2013-06-25,1.0239242040248615
2013-06-26,0.749447876180462
2013-06-27,0.8721737382134622
2013-06-28,0.4028947550827205
2013-07-01,0.9709430818908901
2013-07-02,1.02253052187653
2013-07-03,0.8160474272269636
2013-07-05,1.1908433306140938
2013-07-08,0.8764970852649568
2013-07-09,0.6621747133377907
2013-07-10,1.4958455931240948
2013-07-11,1.0915908982801472
2013-07-12,2.374179114018251
2013-07-15,1.4543834403151852
2013-07-16,2.9823096341722786
2013-07-17,0.8158050953199002
2013-07-18,1.2197312691005027
2013-07-19,1.0594291429672384
2013-07-22,1.6055464596964413
2013-07-23,1.4545484434492166
2013-07-24,1.6301693990513049
2013-07-25,1.3990551692129642
2013-07-26,1.4066750742677523
2013-07-29,2.239595818206908
2013-07-30,1.4102743573436998
2013-07-31,1.3828298335957856
2013-08-01,0.7118328345739374
2013-08-02,1.6549467211947169
2013-08-05,0.9940797951919109
2013-08-06,1.7783404767184696
2013-08-07,0.8715719599633959
2013-08-08,1.5194326150294784
2013-08-09,1.6234803622533232
2013-08-12,1.1510399337606192
2013-08-13,0.7979410886517229
2013-08-14,2.6657638006796196
2013-08-15,0.7748551285391493
2013-08-16,1.9513591971606052
2013-08-19,1.324788663660816
2013-08-20,0.6940416477749266
2013-08-21,1.0973087664360164
2013-08-22,0.6291365199566604
2013-08-23,1.2163417489340764
2013-08-26,1.5324541405890137
2013-08-27,0.788983969478189
2013-08-28,2.656423209936283
2013-08-29,0.19300817163899894
2013-08-30,0.8303207793258286
2013-09-03,0.7277567705542148
2013-09-04,1.3990422311419564
2013-09-05,1.496334561257058
2013-09-06,1.4989697941371882
2013-09-09,0.9987970592196195
2013-09-10,2.1668023035719086
2013-09-11,0.4524030799054336
2013-09-12,0.7942108788642942
2013-09-13,0.9329419906434734
2013-09-16,0.5411104657507837
2013-09-17,1.6007426450118811
2013-09-18,1.050864983789912
2013-09-19,1.3932801946453237
2013-09-20,1.071916937375479
2013-09-23,0.6883718207309357
2013-09-24,0.3216232830906834
2013-09-25,1.2737403403914667
2013-09-26,1.1267078620964248
2013-09-27,1.0862352992519149
2013-09-30,0.7617940792544183
2013-10-01,0.8552208566259093
2013-10-02,1.662318300511495
2013-10-03,1.6754934050541335
2013-10-04,0.8059014879491321
2013-10-07,0.8167121006005434
2013-10-08,0.4417012741543593
2013-10-09,1.4008065181877423
2013-10-10,0.4425505656300998
2013-10-11,1.3740700851375718
2013-10-14,1.0109100714577066
2013-10-15,1.7823923165255602
2013-10-16,1.556948530094753
2013-10-17,0.6516873246794455
2013-10-18,0.39306490916957115
2013-10-21,0.8066376972328019
2013-10-22,0.6995208366937317
2013-10-23,1.1235352351149839
2013-10-24,0.4577270956151052
2013-10-25,1.982199638028424
2013-10-28,1.0094492043635304
2013-10-29,1.9807071784836443
2013-10-30,0.9262322640768447
2013-10-31,1.022860221899214
2013-11-01,2.0904052354560654
2013-11-04,1.3354378331249614
2013-11-05,0.9522648581689478
2013-11-06,1.0613752549684217
2013-11-07,1.398883968267603
2013-11-08,0.6914928531975081
2013-11-11,1.6739344559400737
2013-11-12,1.2456834314019627
2013-11-13,0.3682803817770063
2013-11-14,1.2027405243146234
2013-11-15,0.9016669169219577
2013-11-18,0.6267947979582129
2013-11-19,2.1835274226695303
2013-11-20,1.1079064142424424
2013-11-21,1.9961256739462643
2013-11-22,1.600454205057216
2013-11-25,1.9973547778879974
2013-11-26,0.3705508339888346
2013-11-27,1.6773150708611841
2013-11-29,1.1122344356005816
2013-12-02,0.9479974090491922
2013-12-03,2.341143004472684
2013-12-04,0.8230492898378939
2013-12-05,1.2522383700877735
2013-12-06,1.5778593733625672
2013-12-09,0.882970910651479
2013-12-10,1.731002306024254
2013-12-11,1.7189486007951138
2013-12-12,1.0990081262385218
2013-12-13,0.8682927734463551
2013-12-16,1.251424531797656
2013-12-17,0.6297141581753296
2013-12-18,0.4489620274555094
2013-12-19,1.0426999288751082
2013-12-20,0.8116229636080379
2013-12-23,1.7419539094170609
2013-12-24,1.3136113875457074
2013-12-26,0.664981442914241
2013-12-27,1.8729657067784804
2013-12-30,2.8754574697502444
2013-12-31,1.749543218311253
2014-01-02,0.4440987866706433
2014-01-03,0.8257994565650093
2014-01-06,0.8338812232202637
2014-01-07,1.898695570173302
2014-01-08,1.5967551198756382
2014-01-09,1.1816539974022164
2014-01-10,1.349456034358494
2014-01-13,0.6465394005219472
2014-01-14,1.4819638956047705
2014-01-15,0.5459416617343714
2014-01-16,1.2248894078934918
2014-01-17,1.1610591478519197
2014-01-21,0.33604679371013024
2014-01-22,1.238447346353365
2014-01-23,1.1599300316973613
2014-01-24,0.5002510377557029
2014-01-27,1.10131153920279
2014-01-28,1.092714993200125
2014-01-29,1.8776977727285769
2014-01-30,1.057438709135392
2014-01-31,0.8165445557006059
2014-02-03,1.308831949285934
2014-02-04,1.0740768797316191
2014-02-05,1.1640734436978697
2014-02-06,0.6335231622955088
2014-02-07,1.2524858682323123
2014-02-10,0.6329396365007431
2014-02-11,2.025209376842884
2014-02-12,1.311675498977949
2014-02-13,1.8958936661387316
2014-02-14,0.8601461897251351
2014-02-18,1.3380523563629259
2014-02-19,0.9307194139734271
2014-02-20,1.750797124351775
2014-02-21,0.5267672739177957
2014-02-24,1.4920974900409614
2014-02-25,1.940649942640935
2014-02-26,0.6702765711253299
2014-02-27,0.35783301327026135
2014-02-28,1.331013917599887
2014-03-03,0.7437623613152666
2014-03-04,1.3808591572052695
2014-03-05,1.0541624265718788
2014-03-06,1.9763616150555363
2014-03-07,0.8818430447866555
2014-03-10,2.6979991436204136
2014-03-11,1.7702269504905674
2014-03-12,0.5066299966427957
2014-03-13,0.46472970684134896
2014-03-14,1.6134843905955008
2014-03-17,1.0560873297493938
2014-03-18,1.2689954973205735
2014-03-19,1.858607038805151
2014-03-20,1.0476927501140045
2014-03-21,0.38853620936962147
2014-03-24,1.014979931528119
2014-03-25,0.2491386554207239
2014-03-26,1.069953741427216
2014-03-27,1.2517466210306487
2014-03-28,0.534695759349725
2014-03-31,1.558985347188645
2014-04-01,0.9356555163702762
2014-04-02,1.8025790971820743
2014-04-03,0.5663724148260219
2014-04-04,0.46230810582750664
2014-04-07,0.6946280728543665
2014-04-08,1.2764151102088328
2014-04-09,1.7209410212008216
2014-04-10,1.0374048130330122
2014-04-11,0.6425309213717931
2014-04-14,1.9876581682662124
2014-04-15,1.12175964101744
2014-04-16,0.8656001154732342
2014-04-17,1.1768527066495056
2014-04-21,1.1546511979340073
2014-04-22,3.3632362769223856
2014-04-23,1.8564831148115626
2014-04-24,0.7384697971556052
2014-04-25,0.8799482921178754
2014-04-28,1.0330754658111223
2014-04-29,0.7864737214666164
2014-04-30,1.2259644570904364
2014-05-01,0.7975169391872511
2014-05-02,1.7309972456161715
2014-05-05,1.594044800089951
2014-05-06,1.5397516901821136
2014-05-07,1.6279747854161177
2014-05-08,0.4733543639870792
2014-05-09,1.3856960863546917
2014-05-12,1.2747123535935287
2014-05-13,0.9375317306593561
2014-05-14,0.6367531990986645
2014-05-15,0.8629025417628412
2014-05-16,1.6198069711958305
2014-05-19,0.4093505033214903
2014-05-20,0.8357764748069968
2014-05-21,1.359677221321939
2014-05-22,0.8636471465630732
2014-05-23,1.2238623684483994
2014-05-27,1.643561887883574
2014-05-28,0.5987721504234426
2014-05-29,2.41376427870422
2014-05-30,1.651037243414868
2014-06-02,1.8644338983835702
2014-06-03,1.342232869016179
2014-06-04,1.2136163647327018
2014-06-05,1.4111103402300569
2014-06-06,0.2831932755930875
2014-06-09,0.7249975695427467
2014-06-10,2.518170085173074
2014-06-11,0.6057516136963401
2014-06-12,1.2219538762035098
2014-06-13,1.150434304834337
2014-06-16,0.7106796278861578
2014-06-17,1.2348525858419812
2014-06-18,1.5997710226280197
2014-06-19,1.3790930570173903
2014-06-20,2.0907857774627185
2014-06-23,3.0925172683150723
2014-06-24,1.6423704331104032
2014-06-25,0.6826930579885262
2014-06-26,1.4981201891298708
2014-06-27,3.0773472525001067
2014-06-30,1.7127335251613003
2014-07-01,1.4736692078906022
2014-07-02,1.217373627443371
2014-07-03,1.599927017972387
2014-07-07,1.0199213710587725
2014-07-08,1.7790710967552668
2014-07-09,1.641811405127859
2014-07-10,1.6974822272812111
2014-07-11,0.552949915583659
2014-07-14,1.0007117750461214
2014-07-15,0.948536157069214
2014-07-16,0.6164896867196904
2014-07-17,0.6733436373261457
2014-07-18,0.5316363587945181
2014-07-21,1.947601400482618
2014-07-22,1.1175700242651587
2014-07-23,0.7224486929180061
2014-07-24,1.7941581893296321
2014-07-25,0.9079663035856137
2014-07-28,1.7568754596011626
2014-07-29,0.9600101957393844
2014-07-30,0.7965398517875083
2014-07-31,1.047411938277765
2014-08-01,1.2818129274538028
2014-08-04,1.0790091862278661
2014-08-05,0.9465380652161143
2014-08-06,1.0133607170798398
2014-08-07,1.6191339832846143
2014-08-08,0.7360435002247265
2014-08-11,2.096966278610266
2014-08-12,1.6516114168435487
2014-08-13,1.4963934798613097
2014-08-14,1.605391066842991
2014-08-15,0.9601368686547208
2014-08-18,0.9871587041036198
2014-08-19,0.833377330356214
2014-08-20,1.618165677585126
2014-08-21,1.3647926981338094
2014-08-22,3.1080486693609526
2014-08-25,0.626557696558827
2014-08-26,2.215545817617776
2014-08-27,0.36132085319587165
2014-08-28,1.660721680679839
2014-08-29,0.935009206397274
2014-09-02,1.8718910856885653
2014-09-03,1.738395026604538
2014-09-04,0.683608452985756
2014-09-05,0.6706629932808813
2014-09-08,1.7279150510871653
2014-09-09,1.8758262766136318
2014-09-10,1.4694771547768248
2014-09-11,1.448603200653131
2014-09-12,0.9949512917152045
2014-09-15,0.6276540061616971
2014-09-16,1.2795492063994887
2014-09-17,1.4578041700581321
2014-09-18,1.7516414503385445
2014-09-19,1.3212701382097545
2014-09-22,0.8009732097914919
2014-09-23,0.7112590964739811
2014-09-24,1.3311633710777164
2014-09-25,0.5246879994712678
2014-09-26,0.8034970093938373
2014-09-29,0.7445415410481169
2014-09-30,0.9332539717039743
2014-10-01,0.989508555313698
2014-10-02,1.2234138970849417
2014-10-03,0.39193824390166615
2014-10-06,1.427278406564457
2014-10-07,0.7914210712824732
2014-10-08,0.7507875958890593
2014-10-09,1.7267380093135487
2014-10-10,0.8492943268593484
2014-10-13,0.27244761791707434
2014-10-14,0.9162638096343727
2014-10-15,0.3052344833664247
2014-10-16,0.5002358870072663
2014-10-17,0.6222526113357474
2014-10-20,0.7696156330639844
2014-10-21,0.3570329441050747
2014-10-22,0.49658629015499167
2014-10-23,1.755809257120168
2014-10-24,1.6850832200657362
2014-10-27,0.8042852779859667
2014-10-28,0.9539975904933466
2014-10-29,1.6368706657354302
2014-10-30,0.9592122779998867
2014-10-31,0.7303522837164299
2014-11-03,1.2413999685772525
2014-11-04,0.7166699934709058
2014-11-05,0.9442453638309878
2014-11-06,1.997679290730408
2014-11-07,1.874831379330964
2014-11-10,1.8344351206062977
2014-11-11,1.118424601591064
2014-11-12,0.33520063076242557
2014-11-13,2.2747465596466974
2014-11-14,0.7248426854044242
2014-11-17,1.503252956746535
2014-11-18,0.7537337634489902
2014-11-19,1.490449893832557
2014-11-20,0.4271640261037917
2014-11-21,1.280587570465375
2014-11-24,1.5284544586938478
2014-11-25,0.8265739598803155
2014-11-26,0.8024098503843459
2014-11-28,0.9712414239153387
2014-12-01,1.444539792378096
2014-12-02,0.4164567949445309
2014-12-03,0.885488921455392
2014-12-04,0.49344896546946404
2014-12-05,1.621762191436874
2014-12-08,1.3366007861844567
2014-12-09,0.6376610261305403
2014-12-10,0.6507260564260765
2014-12-11,1.7744490808547113
2014-12-12,0.7144447427800021
2014-12-15,1.0147374700202445
2014-12-16,0.4704688524120659
2014-12-17,0.5801514432471533
2014-12-18,0.8117810508579885
2014-12-19,2.3166335077427327
2014-12-22,0.44982226412059934
2014-12-23,1.9943524151263847
2014-12-24,2.1256382816448642
2014-12-26,1.0242358066624677
2014-12-29,1.2889917382225462
2014-12-30,1.9716854597907774
2014-12-31,1.312277485127637
2015-01-02,0.5330635425988657
2015-01-05,1.0516112789115106
2015-01-06,1.1333450536418002
2015-01-07,1.7168612494283568
2015-01-08,0.46000225014630836
2015-01-09,1.2095209945989125
2015-01-12,0.9557478381783058
2015-01-13,1.0739819824274042
2015-01-14,0.4672082065908767
2015-01-15,0.4419345012112581
2015-01-16,1.2143052587649483
2015-01-20,1.0894699463505815
2015-01-21,1.1301622073389688
2015-01-22,1.1160111168617024
2015-01-23,0.6795342166391636
2015-01-26,1.5399837276027775
2015-01-27,0.3606568556898335
2015-01-28,0.45511675030478344
2015-01-29,0.5645072326916101
2015-01-30,0.7199275444575318
2015-02-02,1.3485742231152846
2015-02-03,0.5771052025500822
2015-02-04,1.036765005535398
2015-02-05,1.551353751080402
2015-02-06,1.5371299286373323
2015-02-09,1.6879847694303576
2015-02-10,0.9498690996184029
2015-02-11,0.7203611957411732
2015-02-12,1.5162835394601972
2015-02-13,1.1750635415353725
2015-02-17,1.6082283764075098
2015-02-18,1.729346058466547
2015-02-19,1.8963125790587885
2015-02-20,0.8819203355745182
2015-02-23,1.6341093482994977
2015-02-24,1.5137423506348264
2015-02-25,1.0844405202308176
2015-02-26,0.585070974637569
2015-02-27,0.8638265065011695
2015-03-02,1.2079983814293622
2015-03-03,1.144389127966542
2015-03-04,0.8360493399992186
2015-03-05,1.9486505791204465
2015-03-06,1.059558642304837
2015-03-09,0.8859177076998492
2015-03-10,0.5946330869859164
2015-03-11,1.0691848782586078
2015-03-12,0.5664117073885528
2015-03-13,1.3643025460144163
2015-03-16,1.6493433956225287
2015-03-17,1.1890736853817376
2015-03-18,1.0049049547103301
2015-03-19,1.1067454140531774
2015-03-20,1.8923292505803477
2015-03-23,1.0576112738060417
2015-03-24,2.4847506074032157
2015-03-25,0.5244536956706091
2015-03-26,0.9992451075573401
2015-03-27,2.5471253694585565
2015-03-30,0.610803274795205
2015-03-31,1.0676653157675366
2015-04-01,0.6631933960249742
2015-04-02,1.0465720386043995
2015-04-06,1.2673259997261281
2015-04-07,1.5678007445902609
2015-04-08,2.2828984720378487
2015-04-09,1.006034230270518
2015-04-10,1.113063581955578
2015-04-13,1.329810096606752
2015-04-14,2.748183258574701
2015-04-15,1.2920302619577713
2015-04-16,0.9184771466417363
2015-04-17,0.63527536002902
2015-04-20,0.7521983602965632
2015-04-21,1.387134526843946
2015-04-22,1.9565749930024579
2015-04-23,2.4495234694102237
2015-04-24,0.8299566032031723
2015-04-27,1.0623604080808793
2015-04-28,1.4853937440449516
2015-04-29,0.7704677667502144
2015-04-30,1.371265919656502
2015-05-01,1.1975728926556382
2015-05-04,1.3063422390585107
2015-05-05,0.9970720398981607
2015-05-06,1.9523739900937884
2015-05-07,1.7423158654729085
2015-05-08,1.6977241304512838
2015-05-11,0.8028064637790937
2015-05-12,0.8889550011337748
2015-05-13,1.4016468735076295
2015-05-14,0.9133902219881208
2015-05-15,1.693497342984762
2015-05-18,1.4187873427652689
2015-05-19,1.5887027759160368
2015-05-20,1.423503385193001
2015-05-21,2.130230563204631
2015-05-22,1.438973266032341
2015-05-26,1.966409069668032
2015-05-27,0.8333339586099693
2015-05-28,0.8276600230800152
2015-05-29,0.7809689465453852
2015-06-01,1.9524511170456864
2015-06-02,1.308682353143704
2015-06-03,1.2547186686517584
2015-06-04,1.6031599926168252
2015-06-05,1.5073727009998326
2015-06-08,1.8554971582759872
2015-06-09,2.805807983391641
2015-06-10,1.0025113906830145
2015-06-11,1.110068244135952
2015-06-12,0.8934284072628628
2015-06-15,0.903862456796676
2015-06-16,2.1296839486221413
2015-06-17,1.0157421217613953
2015-06-18,1.4678000748665823
2015-06-19,0.5469039943481239
2015-06-22,2.4656447635803924
2015-06-23,0.6512987292666106
2015-06-24,0.566035426946004
2015-06-25,1.1382680431902503
2015-06-26,1.9615711019829078
2015-06-29,0.8364317736226098
2015-06-30,1.802576361497955
2015-07-01,0.400639833063981
2015-07-02,1.5658790048943
2015-07-06,1.8351486673824822
2015-07-07,0.787251747969291
2015-07-08,0.8778672599947909
2015-07-09,0.6347640053637598
2015-07-10,0.8887172197262209
2015-07-13,0.8405129528421266
2015-07-14,1.3487088354883676
2015-07-15,1.306200466672825
2015-07-16,0.7131286988395534
2015-07-17,0.576342015594083
2015-07-20,1.2364528961766224
2015-07-21,1.2489284867586694
2015-07-22,0.5226987301769874
2015-07-23,2.597186704714756
2015-07-24,1.2603185151697431
2015-07-27,1.5223423827718356
2015-07-28,1.455624292110715
2015-07-29,1.7238575005844197
2015-07-30,0.9393862370682959
2015-07-31,0.9179827750788179
2015-08-03,1.382763208369209
2015-08-04,0.9056419860499264
2015-08-05,0.510370349391482
2015-08-06,0.7688205650448375
2015-08-07,1.9717150375944048
2015-08-10,1.1875773701435006
2015-08-11,0.4645950617706694
2015-08-12,1.04909749733381
2015-08-13,0.4110080595989436
2015-08-14,0.8432868981533076
2015-08-17,1.0604026281092656
2015-08-18,1.672536205333208
2015-08-19,1.2331678940444106
2015-08-20,1.0612196074132276
2015-08-21,0.23963597495627448
2015-08-24,0.5592724593367132
2015-08-25,0.17121873682581182
2015-08-26,0.171818025009961
2015-08-27,0.19074353462527352
2015-08-28,2.0524334458848137
2015-08-31,1.12815963168349
2015-09-01,0.4528167080596974
2015-09-02,0.7259122086754571
2015-09-03,1.0964487083701417
2015-09-04,1.5756856917799185
2015-09-08,0.4016988670052015
2015-09-09,1.37082147659487
2015-09-10,0.949222404313215
2015-09-11,1.0678524845652395
2015-09-14,0.7805522770465952
2015-09-15,1.0231038794411509
2015-09-16,1.6062929698966324
2015-09-17,1.5419669169879116
2015-09-18,1.2703308168582994
2015-09-21,0.6908988201969785
2015-09-22,0.6563722924826728
2015-09-23,1.498975641024971
2015-09-24,0.7251089748204074
2015-09-25,0.5109701923569537
2015-09-28,0.07020156080962275
2015-09-29,1.0912589085046673
2015-09-30,1.0026167945599884
2015-10-01,1.2312359605590812
2015-10-02,0.4312929880710672
2015-10-05,0.533647815704009
2015-10-06,1.0218597377691854
2015-10-07,0.9336930861904812
2015-10-08,1.4151620646324394
2015-10-09,1.3939300606692762
2015-10-12,1.3005291993124084
2015-10-13,0.439494404352649
2015-10-14,1.177608232088217
2015-10-15,1.7221987949640454
2015-10-16,1.115992514438096
2015-10-19,0.9079996395170342
2015-10-20,1.88504433640105
2015-10-21,0.8664455032737722
2015-10-22,1.1129696914075202
2015-10-23,0.6129802964403799
2015-10-26,1.1447075617012799
2015-10-27,0.6254903147411461
2015-10-28,0.608368092468064
2015-10-29,0.7054198498789682
2015-10-30,0.6958946172376062
2015-11-02,0.976429190357923
2015-11-03,1.9044255559774799
2015-11-04,0.25840265774320315
2015-11-05,1.2763067000024102
2015-11-06,0.7212451580081283
2015-11-09,0.9530777490154091
2015-11-10,1.3513756177632168
2015-11-11,1.7977092520220117
2015-11-12,0.8485813654513893
2015-11-13,0.9507915921976801
2015-11-16,1.1989081244160136
2015-11-17,1.5671931188004011
2015-11-18,0.7975164908438276
2015-11-19,0.6375974629290483
2015-11-20,1.9925884551563824
2015-11-23,1.0791412459547687
2015-11-24,2.0701847051868536
2015-11-25,1.4027029853841064
2015-11-27,0.7470613544916013
2015-11-30,1.7138269134470376
2015-12-01,2.0505285976194285
2015-12-02,1.2981405571366404
2015-12-03,1.1294079010834293
2015-12-04,0.7029363667156403
2015-12-07,0.9931018338141171
2015-12-08,0.8387189324311038
2015-12-09,0.6256739446859075
2015-12-10,1.6748690693216925
2015-12-11,0.654025742424007
2015-12-14,0.6366303077683448
2015-12-15,0.9663683876646015
2015-12-16,1.0789784798062565
2015-12-17,1.1945782348954164
2015-12-18,0.8978358482340887
2015-12-21,1.8890185047245578
2015-12-22,1.335268646388866
2015-12-23,0.8819242502407392
2015-12-24,2.866224443664201
2015-12-28,1.5282842383596373
2015-12-29,0.7362706175166785
2015-12-30,0.5176225757822257
2015-12-31,1.3501729635367348
2016-01-04,0.3775557319175687
2016-01-05,2.1554651737370922
2016-01-06,1.0374261284358002
2016-01-07,0.3132600302921882
2016-01-08,1.258413990277593
2016-01-11,1.7527249811657148
2016-01-12,0.6564554659780891
2016-01-13,1.000807708509059
2016-01-14,1.3844200228508583
2016-01-15,0.5341014657116325
2016-01-19,0.9714585401785971
2016-01-20,0.2946878891234326
2016-01-21,1.7063634075346135
2016-01-22,0.6977563974496641
2016-01-25,0.9127080691840574
2016-01-26,1.8292467602629958
2016-01-27,0.520271111494845
2016-01-28,0.6153248470324166
2016-01-29,0.7827438284759225
2016-02-01,0.9277976479428315
2016-02-02,0.9725130516606775
2016-02-03,0.38697677023059246
2016-02-04,1.2462058222439494
2016-02-05,1.084561339438991
2016-02-08,0.6802902585002607
2016-02-09,1.646385532665698
2016-02-10,0.5651743507961732
2016-02-11,0.8190216285497597
2016-02-12,0.5259522616372205
2016-02-16,1.4473179351214067
2016-02-17,0.41069570516162074
2016-02-18,1.1254426852700363
2016-02-19,0.482614924882325
2016-02-22,0.6116796560248416
2016-02-23,0.6642724918688608
2016-02-24,0.7723773230915947
2016-02-25,1.3755947515906972
2016-02-26,1.7584451898216347
2016-02-29,0.7507759193379618
2016-03-01,1.099568792538831
2016-03-02,1.362463384536882
2016-03-03,1.0501802981733392
2016-03-04,0.82090605593961
2016-03-07,0.5649734797770133
2016-03-08,0.6716485559719355
2016-03-09,0.230769713087718
2016-03-10,0.8253318915223956
2016-03-11,0.7115830596307183
2016-03-14,1.3957731120422587
2016-03-15,1.5281924543023901
2016-03-16,1.6774154116485833
2016-03-17,0.3765584597380726
2016-03-18,1.0385080748036406
2016-03-21,1.5551577668644558
2016-03-22,1.355324553078028
2016-03-23,0.7671592289439407
2016-03-24,1.4633626907641966
2016-03-28,2.298527584923127
2016-03-29,0.46863903829859344
2016-03-30,0.6465320258230687
2016-03-31,0.7194858328249449
2016-04-01,1.2906630885314279
2016-04-04,1.6427857031380915
2016-04-05,0.8907054749709242
2016-04-06,0.46546687693667615
2016-04-07,1.522926940421096
2016-04-08,0.9456005176810826
2016-04-11,1.2144724707274583
2016-04-12,0.8836152994534195
2016-04-13,1.457602746822923
2016-04-14,1.438839101129261
2016-04-15,1.3054903086372978
2016-04-18,1.7253661238145128
2016-04-19,1.966416869732916
2016-04-20,1.1404514152209368
2016-04-21,1.0777667146576295
2016-04-22,0.9663916600695446
2016-04-25,1.8885425215055753
2016-04-26,0.8505755272715786
2016-04-27,0.7657551444520544
2016-04-28,1.0194741717579594
2016-04-29,1.9718122323374832
2016-05-02,0.48348006462641346
2016-05-03,1.402210021370468
2016-05-04,1.7440094866743001
2016-05-05,1.345614786154275
2016-05-06,0.9755317268562653
2016-05-09,1.4788077329652505
2016-05-10,0.6138723240439136
2016-05-11,1.3045626963203425
2016-05-12,1.0113306125149164
2016-05-13,0.7165977875098286
2016-05-16,1.5992504496918012
2016-05-17,0.8193401469467997
2016-05-18,1.2785302175855342
2016-05-19,1.5576694178236306
2016-05-20,1.10436766106452
2016-05-23,1.4473542945125937
2016-05-24,0.9592283307424672
2016-05-25,1.1715839054393042
2016-05-26,1.271678130331494
2016-05-27,0.9225060268809779
2016-05-31,1.7481037937344923
2016-06-01,1.0716279072344361
2016-06-02,0.9653703109014359
2016-06-03,1.0852921812001342
2016-06-06,1.064194723780695
2016-06-07,0.853136630952064
2016-06-08,1.1251252783571088
2016-06-09,2.7196920986089346
2016-06-10,0.8430693365821041
2016-06-13,2.1915600649405165
2016-06-14,1.238530185229321
2016-06-15,2.6976084909124927
2016-06-16,2.1723369966662083
2016-06-17,0.7600137992499256
2016-06-20,0.3565144636997508
2016-06-21,1.9807391211286252
2016-06-22,2.500500031618541
2016-06-23,1.3799448837555568
2016-06-24,0.2391707409598095
2016-06-27,0.20353750050399622
2016-06-28,1.1141360271410508
2016-06-29,1.5469078720615774
2016-06-30,1.0252290509825577
2016-07-01,1.1168455748825268
2016-07-05,2.3179658617884384
2016-07-06,1.8604960876241838
2016-07-07,1.3811316850479876
2016-07-08,0.3673824184879181
2016-07-11,0.7880937803812285
2016-07-12,1.1871016513916064
2016-07-13,1.0623596601323977
2016-07-14,0.9482922528631245
2016-07-15,1.1018461723768278
2016-07-18,1.122557766343805
2016-07-19,1.0832556534812343
2016-07-20,1.983038713907362
2016-07-21,1.5023009499128257
2016-07-22,1.0918972807162568
2016-07-25,0.7848280268413629
2016-07-26,1.3783206781641433
2016-07-27,1.4068018872038657
2016-07-28,2.0058817848749837
2016-07-29,1.3577409314694793
2016-08-01,1.1242816555985473
2016-08-02,2.0688112171285904
2016-08-03,1.3889132896384289
2016-08-04,0.7837408249670755
2016-08-05,1.2747055338281812
2016-08-08,1.2284694984294768
2016-08-09,1.1642245437614331
2016-08-10,1.3873889506892423
2016-08-11,1.8058213961912526
2016-08-12,1.7060401528987057
2016-08-15,1.4133771860205293
2016-08-16,3.3578672908005305
2016-08-17,2.21276895167992
2016-08-18,1.2845430394771837
2016-08-19,1.5381005166545385
2016-08-22,1.7270200826750186
2016-08-23,1.094448421200729
2016-08-24,0.5475434406387598
2016-08-25,0.9819173523972278
2016-08-26,1.722554424596967
2016-08-29,1.4186726713142062
2016-08-30,1.266887381142461
2016-08-31,3.0702931070037103
2016-09-01,0.9569716548767624
2016-09-02,1.9347824545617152
2016-09-06,2.481265821532394
2016-09-07,1.568038405583614
2016-09-08,0.8504111001751903
2016-09-09,1.273857270216799
2016-09-12,0.9920471733784609
2016-09-13,0.6235872681546243
2016-09-14,0.8657971619003828
2016-09-15,0.9488031667492279
2016-09-16,1.018390360257322
2016-09-19,1.1682374137633151
2016-09-20,1.107452604470267
2016-09-21,1.4449563999382693
2016-09-22,0.9311527892392205
2016-09-23,1.322282899370293
2016-09-26,1.87496500554456
2016-09-27,0.7970491699567057
2016-09-28,1.2795116837959706
2016-09-29,1.4166621605843277
2016-09-30,0.9193083700459334
2016-10-03,2.28563842373162
2016-10-04,1.8040872749254535
2016-10-05,1.053701776170364
2016-10-06,1.4593048795380266
2016-10-07,0.6662457647377122
2016-10-10,2.242747890168307
2016-10-11,0.9547038761939358
2016-10-12,0.9185629206489915
2016-10-13,1.3490934660467242
2016-10-14,2.7315887388285716
2016-10-17,1.1759876032176109
2016-10-18,1.6511964193470587
2016-10-19,1.5818271288653822
2016-10-20,0.9536213307751487
2016-10-21,1.4753225990677197
2016-10-24,1.1113545447952906
2016-10-25,1.0817424194084955
2016-10-26,0.43942196937367806
2016-10-27,0.8557064910227804
2016-10-28,0.34548138531460953
2016-10-31,0.6073021877183986
2016-11-01,0.47479020346226763
2016-11-02,1.211560137135182
2016-11-03,2.092902137956434
2016-11-04,1.7794790812472125
2016-11-07,0.734321822282349
2016-11-08,1.582275213730231
2016-11-09,0.4811500130068756
2016-11-10,0.2774354958181764
2016-11-11,0.2783445612728659
2016-11-14,0.5399113550110284
2016-11-15,1.8085099016486201
2016-11-16,1.4360162641664267
2016-11-17,2.261147116797621
2016-11-18,0.462094622915404
2016-11-21,0.5767774191715627
2016-11-22,0.6237880284085976
2016-11-23,1.7124797705194428
2016-11-25,1.6452393699908658
2016-11-28,1.8103040472548253
2016-11-29,2.5309902043765757
2016-11-30,1.2341507732621488
2016-12-01,0.5453922782633916
2016-12-02,1.1504714618918033
2016-12-05,0.6868423662418889
2016-12-06,1.6599534849648225
2016-12-07,1.715705714215395
2016-12-08,0.6420500940906169
2016-12-09,0.8033589431401387
2016-12-12,0.4674513042963958
2016-12-13,0.6651820725938787
2016-12-14,0.5115690846427976
2016-12-15,1.8005667126241793
2016-12-16,1.4078793011325035
2016-12-19,1.112202605280238
2016-12-20,0.6990869075377808
2016-12-21,1.9161056542416226
2016-12-22,1.4393837110097298
2016-12-23,1.7732939886158965
2016-12-27,1.422026954003555
2016-12-28,1.4735360835381266
2016-12-29,2.2737405785182094
2016-12-30,2.1146047457862482
2017-01-03,2.1999726001705304
2017-01-04,1.3070938578674092
2017-01-05,1.1309984826101835
2017-01-06,0.27414861724523054
2017-01-09,1.3423815951694882
2017-01-10,0.8433573158319332
2017-01-11,1.2742016695167715
2017-01-12,1.0032316503604477
2017-01-13,1.1955043955852052
2017-01-17,0.40026577570282446
2017-01-18,1.1155076702895081
2017-01-19,1.3044624353424032
2017-01-20,1.0249128794191236
2017-01-23,1.0153142862353024
2017-01-24,0.3321616652020853
2017-01-25,1.2351273840987425
2017-01-26,1.4063716330060196
2017-01-27,0.9879936270436697
2017-01-30,0.5402828840634117
2017-01-31,0.2193051981379498
2017-02-01,1.9275345252221403
2017-02-02,1.8424535644731497
2017-02-03,0.8300555067497993
2017-02-06,1.3144320226115302
2017-02-07,1.0210939163107042
2017-02-08,1.6967916772811582
2017-02-09,0.5409719625317564
2017-02-10,1.702923581075174
2017-02-13,0.9664030339033475
2017-02-14,0.833938329682528
2017-02-15,0.5098605255219641
2017-02-16,3.0807005692440677
2017-02-17,1.3275254866222983
2017-02-21,1.3096905580574292
2017-02-22,1.053183922801995
2017-02-23,0.7273423826984879
2017-02-24,1.2375127344784695
2017-02-27,1.6770705178151322
2017-02-28,0.7828853350155381
2017-03-01,0.7192740325922964
2017-03-02,0.4008285490001093
2017-03-03,0.6470428403892862
2017-03-06,1.2811802738738292
2017-03-07,1.1415105252846713
2017-03-08,1.7459027514105128
2017-03-09,1.3224967725685146
2017-03-10,1.4961570451886697
2017-03-13,1.3349415050113775
2017-03-14,1.461295322629912
2017-03-15,1.902349617211418
2017-03-16,0.4422138343875105
2017-03-17,1.222172515242713
2017-03-20,1.2796946656150718
2017-03-21,0.7979812338102646
2017-03-22,0.6044885064401826
2017-03-23,1.6572238579789493
2017-03-24,0.8064358782110075
2017-03-27,1.4481912407554975
2017-03-28,0.8844693184302495
2017-03-29,0.7363835316990489
2017-03-30,1.0572794300328048
2017-03-31,1.1215537968828295
2017-04-03,0.559947976886477
2017-04-04,1.4011216900314463
2017-04-05,0.6293578654831052
2017-04-06,1.1889701748047983
2017-04-07,1.6895736855661592
2017-04-10,1.5874116543600554
2017-04-11,1.7156118108281084
2017-04-12,1.0134278437159479
2017-04-13,1.3238568762266987
2017-04-17,0.9607620698290856
2017-04-18,1.6977897818424492
2017-04-19,0.8496441316434432
2017-04-20,1.490417512358779
2017-04-21,2.116440575704155
2017-04-24,0.811627029462463
2017-04-25,0.8281864094420082
2017-04-26,1.2231466909826059
2017-04-27,0.7039525231372576
2017-04-28,1.4503369789008955
2017-05-01,0.4668092316895797
2017-05-02,1.6002244689322112
2017-05-03,0.9699897088754419
2017-05-04,0.7690117638058362
2017-05-05,0.6954623362547274
2017-05-08,1.2881842591915826
2017-05-09,0.6902189676501957
2017-05-10,1.440354669329808
2017-05-11,1.0499053712851611
2017-05-12,0.8464331253607786
2017-05-15,0.8443542596532694
2017-05-16,1.3158623149816568
2017-05-17,0.5634487154275681
2017-05-18,0.5543415866639864
2017-05-19,1.6416956389095587
2017-05-22,1.3195543162536043
2017-05-23,1.6906007549668365
2017-05-24,0.9555149218742777
2017-05-25,0.9547452001149029
2017-05-26,2.364891357670283
2017-05-30,1.151679899803715
2017-05-31,0.9552140899000631
2017-06-01,0.5356305398198642
2017-06-02,0.4148660092370323
2017-06-05,1.0498591550689516
2017-06-06,1.4695454711421885
2017-06-07,1.0583590521416808
2017-06-08,1.2861596625922695
2017-06-09,0.15122859786370305
2017-06-12,1.1531275782563406
2017-06-13,2.08877877309659
2017-06-14,1.1600969205245915
2017-06-15,2.0162372206731387
2017-06-16,1.4608336528606867
2017-06-19,0.6570222040485924
2017-06-20,0.4667770496739264
2017-06-21,0.8832711425998153
2017-06-22,0.9745826537787997
2017-06-23,0.7548618921429706
2017-06-26,0.6602044702815
2017-06-27,0.6432875434904562
2017-06-28,1.0682746134861436
2017-06-29,0.6163031247628871
2017-06-30,0.9271562293896741
2017-09-06,0.30357019679155034
2017-09-07,1.1940349452452625
2017-09-08,1.2485847094845417
2017-09-11,0.9611759106904755
2017-09-12,2.0665301258047006
2017-09-13,1.5693003025354304
2017-09-14,0.6530780942740935
2017-09-15,1.3101013667203465
2017-09-18,0.6233392411584299
2017-09-19,2.270278504451609
2017-09-20,1.0758517998793062
2017-09-21,1.1487427883003094
2017-09-22,0.7802901600842638
2017-09-25,0.8196666134627378
2017-09-26,1.3560581512956515
2017-09-27,0.4129033358883608
2017-09-28,0.6373443004121354
2017-09-29,1.81906094426768
2017-10-02,1.1083981363147237
2017-10-03,1.7806283499114175
2017-10-04,1.6456379003286787
2017-10-05,0.4548989720609415
2017-10-06,1.4986644683637078
2017-10-09,0.9084607438484358
2017-10-10,0.894769844592358
2017-10-11,0.6751110844979339
2017-10-12,0.6423572098226357
2017-10-13,1.6349915180451216
2017-10-16,1.9189923964617328
2017-10-17,1.8225410609834125
2017-10-18,0.6094978742590015
2017-10-19,0.6598059788538151
2017-10-20,1.5281745738011487
2017-10-23,1.8665596440750083
2017-10-24,1.0743003550517431
2017-10-25,1.7816552010225137
2017-10-26,2.5774717206896494
2017-10-27,0.9122790410281508
2017-10-30,1.2831654886056676
2017-10-31,1.4297192667152383
2017-11-01,1.1192884536803327
2017-11-02,1.9843420290781484
2017-11-03,0.6917017020845422
2017-11-06,1.4824564853853432
2017-11-07,1.1329495424016698
2017-11-08,1.2159310353613155
2017-11-09,1.6190746520268113
2017-11-10,0.9032948965445672
2017-11-13,1.5201596112882862
2017-11-14,0.5541445934533309
2017-11-15,1.7029134101690506
2017-11-16,0.6793310736123871
2017-11-17,1.1545885611782012
2017-11-20,0.7767232881726944
2017-11-21,2.7963694417890927
2017-11-22,1.412960377423494
2017-11-24,1.5112600498070987
2017-11-27,2.1474343095451
2017-11-28,0.896419581942102
2017-11-29,0.47388269005521866
2017-11-30,0.9452580652513077
2017-12-01,1.4542336719598592
2017-12-04,0.8094433282011548
2017-12-05,0.9118415383043751
2017-12-06,1.036270073303583
2017-12-07,1.0913808446238589
2017-12-08,1.0208445714968333
2017-12-11,1.5481172207729357
2017-12-12,1.164728348581725
2017-12-13,1.7085131927171833
2017-12-14,1.1068816233041576
2017-12-15,1.0055450551466751
2017-12-18,1.4435260468093805
2017-12-19,0.9289218071688813
2017-12-20,2.4920349109022886
2017-12-21,1.1084711841513843
2017-12-22,1.148319388863217
2017-12-26,0.7712873764244055
2017-12-27,2.7573096047656134
2017-12-28,0.828008783592192
2017-12-29,3.1046102950201093
2018-01-02,0.6029779581669975
2018-01-03,0.7719320542241043
2018-01-04,1.1773463387021545
2018-01-05,1.0555196845780814
2018-01-08,1.3531604457144346
2018-01-09,0.9690075782049481
2018-01-10,2.4007472893842
2018-01-11,1.1883689127780859
2018-01-12,1.2184899218637433
2018-01-16,0.5489124023439811
2018-01-17,0.953827538878952
2018-01-18,1.6825318167649759
2018-01-19,0.7283797458445799
2018-01-22,1.756242749880617
2018-01-23,0.8106381659244539
2018-01-24,1.5249844213762414
2018-01-25,1.4612132725112181
2018-01-26,0.9062907092286778
2018-01-29,1.405830770002024
2018-01-30,0.5560028004602334
2018-01-31,1.5182916723325677
2018-02-01,0.6052932493353121
2018-02-02,0.7339678947386203
2018-02-05,0.414675796260319
2018-02-06,0.3895674041369745
2018-02-07,0.9358734546938696
2018-02-08,0.15401788090240096
2018-02-09,1.5217596574386612
2018-02-12,1.0756382542868599
2018-02-13,0.9981546444859347
2018-02-14,1.237618500400442
2018-02-15,0.7865401279248795
2018-02-16,2.4703977712739893
2018-02-20,0.44892115363234025
2018-02-21,1.4616542940267025
2018-02-22,0.7219627401246705
2018-02-23,1.8004989821044315
2018-02-26,0.9061216766971137
2018-02-27,2.2559720557215264
2018-02-28,0.5306065552234767
2018-03-01,0.27940642089465895
2018-03-02,0.2775924066536274
2018-03-05,0.9920133743581614
2018-03-06,1.6442068898368483
2018-03-07,0.9044881574420713
2018-03-08,1.6752543908444297
2018-03-09,0.7744743926181992
2018-03-12,1.3517483017144942
2018-03-13,0.7739504636145248
2018-03-14,0.5158347688494316
2018-03-15,1.2150466167325875
2018-03-16,1.5019165362721068
2018-03-19,0.5756316489671403
2018-03-20,1.2790730271215192
2018-03-21,1.4791983293440603
2018-03-22,0.3135736890626371
2018-03-23,0.5139739828018709
2018-03-26,1.0222405853814562
2018-03-27,0.6353379504950919
2018-03-28,1.160647188820778
2018-03-29,0.6627913619231895
2018-04-02,0.5337588796314184
2018-04-03,1.2511952956759576
2018-04-04,1.4164196274710255
2018-04-05,0.9039873885090155
2018-04-06,0.34558341074965815
2018-04-09,1.8583570355656056
2018-04-10,0.9257015087595256
2018-04-11,0.8785466026888713
2018-04-12,0.6665503814428189
2018-04-13,1.301817207221882
2018-04-16,1.2083598492316057
2018-04-17,1.327252575786788
2018-04-18,0.6756919824264581
2018-04-19,1.0505249890280381
2018-04-20,0.545031974687079
2018-04-23,1.4509370821436933
2018-04-24,0.5116629783708362
2018-04-25,1.7708571717718142
2018-04-26,0.6007796662226967
2018-04-27,2.0927464246244516
2018-04-30,1.2433799470789566
2018-05-01,0.9074090390257813
2018-05-02,0.7992829823444726
2018-05-03,0.8999915229686347
2018-05-04,2.2370119219128264
2018-05-07,0.6994519371275955
2018-05-08,1.0474423880711765
2018-05-09,0.4935631840849893
2018-05-10,0.9496130799291015
2018-05-11,0.9664215139613548
2018-05-14,1.784166454566378
2018-05-15,0.4349864073058956
2018-05-16,1.0835190208408152
2018-05-17,0.5247553591040235
2018-05-18,1.0969171884157345
2018-05-21,1.1744409445370816
2018-05-22,1.301084131742716
2018-05-23,0.5870227718468645
2018-05-24,0.49430876373191956
2018-05-25,1.571820402385763
2018-05-29,0.7977556957071302
2018-05-30,1.7452763150405344
2018-05-31,1.1834308106440197
2018-06-01,0.6497545383052191
2018-06-04,1.1554226802136847
2018-06-05,1.6578234621039898
2018-06-06,0.43915789488758095
2018-06-07,0.9720966180062456
2018-06-08,0.24390009522698428
2018-06-11,0.8063751432686774
2018-06-12,1.326231293388644
2018-06-13,1.9054440680711808
2018-06-14,1.1518199764184638
2018-06-15,0.7040360522176085
2018-06-18,0.7580333086003894
2018-06-19,0.649485479893745
2018-06-20,0.6054762640287095
2018-06-21,0.7716453748564366
2018-06-22,0.6045856465974427
2018-06-25,0.7937889262729011
2018-06-26,1.9851128331562744
2018-06-27,1.4737353118962493
2018-06-28,1.335355316089216
2018-06-29,0.9765616433996195
2018-07-02,1.4294764890103422
2018-07-03,1.1757789560589722
2018-07-05,2.485788076755218
2018-07-06,0.44836541444373595
2018-07-09,0.9848943045317876
2018-07-10,0.4150281618535532
2018-07-11,1.6959593361155425
2018-07-12,1.1260084767939895
2018-07-13,1.0778433895442803
2018-07-16,1.0650752188179078
2018-07-17,1.4377783813677574
2018-07-18,2.5694442634298427
2018-07-19,0.7123727152546973
2018-07-20,0.9764109382473233
2018-07-23,1.6091786542691955
2018-07-24,0.4563732140976323
2018-07-25,0.5696038171922541
2018-07-26,0.5570711696023632
2018-07-27,0.9699818852656901
2018-07-30,0.7685051115775563
2018-07-31,0.9394355411234713
2018-08-01,0.9419609190345705
2018-08-02,1.314622142505691
2018-08-03,2.030536970369534
2018-08-06,1.364280090323106
2018-08-07,1.116845786691713
2018-08-08,1.09326917019683
2018-08-09,2.123803352172273
2018-08-10,2.14439323145371
2018-08-13,0.9090143119515564
2018-08-14,1.1608466043139123
2018-08-15,1.4407090952043033
2018-08-16,0.5574053439514018
2018-08-17,1.3818061258685044
2018-08-20,1.0592475783985034
2018-08-21,2.068716577429593
2018-08-22,2.154699841779531
2018-08-23,1.8866352424810546
2018-08-24,0.9472281651270885
2018-08-27,0.5975062784181613
2018-08-28,1.025003632362961
2018-08-29,1.244509301745103
2018-08-30,0.6338099828510743
2018-08-31,1.387552106914405
2018-09-04,1.4147403569890777
2018-09-05,0.8164550677290338
2018-09-06,1.023167297773279
2018-09-07,1.3515173905736133
2018-09-10,0.7893105147483414
2018-09-11,0.9654230575278281
2018-09-12,0.9902012033426112
2018-09-13,0.6474468455921308
2018-09-14,1.0290654943326225
2018-09-17,0.41912251915593557
2018-09-18,1.4343117831802916
2018-09-19,0.6056328885942525
2018-09-20,1.159246842989171
2018-09-21,0.901467787799254
2018-09-24,1.4554414232845492
2018-09-25,1.4132684592182432
2018-09-26,1.6595184532328335
2018-09-27,1.2097576565442727
2018-09-28,0.7764954249766283
2018-10-01,0.7940513410023937
2018-10-02,0.827027434837897
2018-10-03,1.2489756689810267
2018-10-04,0.6303386629882537
2018-10-05,0.6469554807593827
2018-10-08,1.92759736098511
2018-10-09,2.630340127122505
2018-10-10,0.22933637022457026
2018-10-11,0.3360765292836029
2018-10-12,0.54180368845002
2018-10-15,1.0779494267383136
2018-10-16,0.484864282949403
2018-10-17,0.6344320504826735
2018-10-18,0.5042322564153902
2018-10-19,1.019595599106381
2018-10-22,1.4751763235392203
2018-10-23,2.45406629708923
2018-10-24,0.33516040226092625
2018-10-25,0.44871362422736
2018-10-26,0.39114654619399386
2018-10-29,0.7311659765664947
2018-10-30,0.8934764458788741
2018-10-31,0.8462628798226599
2018-11-01,1.8803356192716247
2018-11-02,0.47737850988806096
2018-11-05,1.8468120705128022
2018-11-06,2.0475727375748223
2018-11-07,0.5523106636713909
2018-11-08,2.410618902339052
2018-11-09,0.31639770194975964
2018-11-12,0.5548986402525086
2018-11-13,0.8020522477807924
2018-11-14,0.7268992784984359
2018-11-15,1.4226645445025539
2018-11-16,1.4587577380224508
2018-11-19,0.3631350113117602
2018-11-20,0.6608742705214853
2018-11-21,0.5529545183973846
2018-11-23,2.174726506237664
2018-11-26,0.6398609672777045
2018-11-27,0.632998969054336
2018-11-28,0.4949427400653097
2018-11-29,1.1199683988189515
2018-11-30,1.073140404455971
2018-12-03,1.5571752452051952
2018-12-04,0.7929344438142183
2018-12-06,0.9592451707143693
2018-12-07,0.6335725079962284
2018-12-10,0.8296702938032838
2018-12-11,2.050166506125628
2018-12-12,1.3644584097880785
2018-12-13,0.8422390569495072
2018-12-14,0.6683420267012986
2018-12-17,1.0269234296903345
2018-12-18,0.5131767031055362
2018-12-19,0.8005023955489364
2018-12-20,0.4741324292468819
2018-12-21,0.6285628484846913
2018-12-24,0.2774894111643747
2018-12-26,0.3361313186917784
2018-12-27,0.700618990248837
2018-12-28,1.2413666539440376
2018-12-31,0.6878159339857288
2019-01-02,0.39271975643905593
2019-01-03,0.4043119260295561
2019-01-04,0.5173102293603372
2019-01-07,1.1776841648383254
2019-01-08,1.6154393671290501
2019-01-09,1.4219513382529445
2019-01-10,1.4820088184532798
2019-01-11,1.5247944722301445
2019-01-14,1.3747210390939464
2019-01-15,0.29723763561145766
2019-01-16,1.278168802711209
2019-01-17,1.7044201694112833
2019-01-18,0.5545155371721525
2019-01-22,0.5445616503914187
2019-01-23,0.798057026072616
2019-01-24,0.6846747876225977
2019-01-25,1.0455588823058526
2019-01-28,1.4289168879450738
2019-01-29,1.1723806572424469
2019-01-30,0.7468062037722923
2019-01-31,0.8007607668777594
2019-02-01,1.4419742626165357
2019-02-04,1.8415592910832932
2019-02-05,1.4327024622988718
2019-02-06,0.8672347105541344
2019-02-07,0.4187116294542663
2019-02-08,0.884919420291656
2019-02-11,1.2444571569508958
2019-02-12,1.8204851525373946
2019-02-13,1.032051746131426
2019-02-14,0.7060884339008336
2019-02-15,0.6432502215598648
2019-02-19,1.4494802245907392
2019-02-20,1.57423769711327
2019-02-21,1.143710021656401
2019-02-22,0.3729842966174689
2019-02-25,1.3198578554296585
2019-02-26,1.896303889210558
2019-02-27,1.1897360842474916
2019-02-28,1.4327734342053449
2019-03-01,1.4239399673702102
2019-03-04,0.7656073658851978
2019-03-05,1.6452074186624712
2019-03-06,1.3969811496175284
2019-03-07,1.3517307055399252
2019-03-08,0.8833827342387313
2019-03-11,0.8024898012094404
2019-03-12,0.946245624171759
2019-03-13,1.559253380856804
2019-03-14,1.9228423996779407
2019-03-15,1.4027644333100535
2019-03-18,1.9948168625043565
2019-03-19,0.9424442125327862
2019-03-20,1.113819359398766
2019-03-21,1.1150877012007698
2019-03-22,0.48534822907229336
2019-03-25,0.852148515042131
2019-03-26,0.6117303010906928
2019-03-27,0.7875839704251654
2019-03-28,1.4394726757889011
2019-03-29,0.9427377750486341
2019-04-01,1.025062031064697
2019-04-02,1.9182038677395978
2019-04-03,1.4848741128223961
2019-04-04,1.0498421961669784
2019-04-05,0.7911318281805448
2019-04-08,0.9450630342485177
2019-04-09,1.4981192268534378
2019-04-10,0.7478536531417579
2019-04-11,0.9909097762379299
2019-04-12,0.8048538093118611
2019-04-15,1.4837848360555927
2019-04-16,1.3201957287098587
2019-04-17,1.8695200661589653
2019-04-18,0.5185940108675552
2019-04-22,1.8929614392373344
2019-04-23,0.8675960341228562
2019-04-24,1.3674077787227545
2019-04-25,0.6260116023289072
2019-04-26,0.9785506161453728
2019-04-29,0.7725313124576115
2019-04-30,1.2661336065785438
2019-05-01,0.7568352356256397
2019-05-02,0.9822379073042139
2019-05-03,0.8913037301655777
2019-05-06,1.3187207309728448
2019-05-07,0.7288493902040301
2019-05-08,2.6318724874899866
2019-05-09,1.5157126364730618
2019-05-10,0.46627100244273273
2019-05-13,1.2133861286506515
2019-05-14,1.6920491487028564
2019-05-15,1.2485394921721287
2019-05-16,1.3064495049945342
2019-05-17,0.8762226965655632
2019-05-20,1.073939873001518
2019-05-21,1.3280133040547586
2019-05-22,0.6215653782109645
2019-05-23,0.8438559220855892
2019-05-24,1.5961944707670916
2019-05-28,0.5032495862355847
2019-05-29,0.4849471283825474
2019-05-30,1.3845594527532297
2019-05-31,1.6466349808862157
2019-06-03,0.30291438122509534
2019-06-04,1.4562644056007499
2019-06-05,1.044982059585401
2019-06-06,1.1580324932658106
2019-06-07,0.6589747285967407
2019-06-10,1.5207947101717727
2019-06-11,1.3484842514901565
2019-06-12,1.22304353944482
2019-06-13,0.8351444235045813
2019-06-14,0.8548542427476454
2019-06-17,1.2057568320120065
2019-06-18,1.3774978891216072
2019-06-19,0.937979539741312
2019-06-20,1.2856063082930806
2019-06-21,1.536013028088713
2019-06-24,1.0196778515229317
2019-06-25,0.9635811707866216
2019-06-26,1.2157140159400837
2019-06-27,0.3088984958456735
2019-06-28,1.5159942175864694
2019-07-01,0.6095846869131095
2019-07-02,0.9414214877727997
2019-07-03,1.90718247185442
2019-07-05,1.5511437073296213
2019-07-08,1.389298849443789
2019-07-09,1.522446776134342
2019-07-10,0.8258017308096073
2019-07-11,0.42307554131968855
2019-07-12,0.6367638910726416
2019-07-15,1.0341038045246935
2019-07-16,1.5040141812276717
2019-07-17,1.0661410273735104
2019-07-18,0.6489048585801155
2019-07-19,1.2728321688273814
2019-07-22,1.525771409961594
2019-07-23,0.5988597786997099
2019-07-24,0.5734839076473017
2019-07-25,2.4198000274100906
2019-07-26,0.719027986034911
2019-07-29,0.8117429509682781
2019-07-30,1.97528023270853
2019-07-31,0.4774376407016145
2019-08-01,0.4876939399504202
2019-08-02,0.9353995059538128
2019-08-05,0.5492076194381051
2019-08-06,1.3856771037922437
2019-08-07,1.7504771262393968
2019-08-08,1.6694585620242326
2019-08-09,0.680754252859428
2019-08-12,0.7007279927066571
2019-08-13,0.5964512452039519
2019-08-14,0.27794828961670587
2019-08-15,0.6616002751407116
2019-08-16,0.6818663739060633
2019-08-19,1.1931329670004622
2019-08-20,1.0405601766846757
2019-08-21,0.3907811661223637
2019-08-22,1.2704303508691162
2019-08-23,0.6963042020141144
2019-08-26,1.9158325892312271
2019-08-27,0.407399438876833
2019-08-28,0.7287104253132972
2019-08-29,1.02432853297577
2019-08-30,1.5208657961830405
2019-09-03,0.8390459961526241
2019-09-04,1.6264695042868014
2019-09-05,0.7115613756742387
2019-09-06,1.2617946491636567
2019-09-09,0.5802410740098367
2019-09-10,0.6648237203318257
2019-09-11,0.5600261096612357
2019-09-12,1.1230086647422495
2019-09-13,1.1467528220945835
2019-09-16,0.5726510358313849
2019-09-17,0.9191306551722307
2019-09-18,1.013711751378426
2019-09-19,1.603801410035834
2019-09-20,1.3801798217770866
2019-09-23,0.984668771873128
2019-09-24,0.6027048993154082
2019-09-25,1.9183710557254574
2019-09-26,1.665076339525648
2019-09-27,0.9266801719448367
2019-09-30,0.6257932830250144
2019-10-01,0.9559743636722399
2019-10-02,0.45586373138270303
2019-10-03,0.8430866133023646
2019-10-04,0.6775436347184093
2019-10-07,1.3447142803146315
2019-10-08,0.6628134722128103
2019-10-09,0.7765987600283264
2019-10-10,1.9266500591121694
2019-10-11,1.2686855972657878
2019-10-14,0.5886057161538263
2019-10-15,0.553431498642015
2019-10-16,0.5757683108110386
2019-10-17,1.0224278521941512
2019-10-18,1.4585185093614688
2019-10-21,0.9555919124270522
2019-10-22,0.5191624854812984
2019-10-23,1.721149313234724
2019-10-24,0.21851974600684748
2019-10-25,0.42299369107761653
2019-10-28,2.1261754966858137
2019-10-29,0.8135187500928023
2019-10-30,0.8166288111614239
2019-10-31,1.8913745989983355
2019-11-01,0.41385372326311404
2019-11-04,1.2574317664343533
2019-11-05,1.2841059929085858
2019-11-06,1.7813276249589038
2019-11-07,1.2296006369095271
2019-11-08,1.8323854865001354
2019-11-11,1.3172333146346678
2019-11-12,1.9349825262406255
2019-11-13,1.5215569910373195
2019-11-14,0.7905925261587641
2019-11-15,0.32425013369276295
2019-11-18,2.0229893494714086
2019-11-19,0.8898175811030984
2019-11-20,1.0146980976248985
2019-11-21,0.9044005116967436
2019-11-22,1.3369928439812386
2019-11-25,1.37328516755926
2019-11-26,1.035978967867245
2019-11-27,0.5962865664666313
2019-11-29,2.3255614265692
2019-12-02,0.8198831052948156
2019-12-03,1.401779622244162
2019-12-04,1.2925647667453906
2019-12-05,1.061069210409711
2019-12-06,1.2188091803651786
2019-12-09,1.2297445202511423
2019-12-10,1.029858536686774
2019-12-11,2.432661856162046
2019-12-12,1.2913250830416036
2019-12-13,0.812112474758845
2019-12-16,1.7660244569348118
2019-12-17,1.6561027135274342
2019-12-18,0.7993264655276062
2019-12-19,1.5375544887446797
2019-12-20,0.43407717866481155
2019-12-23,1.5241466853519707
2019-12-24,1.5828137801768563
2019-12-26,1.4433797607839332
2019-12-27,1.279071690290977
2019-12-30,0.6273902434488225
2019-12-31,1.7237826504195994
2020-01-02,0.566071103204997
2020-01-03,1.4532154104299027
2020-01-06,0.870104678716058
2020-01-07,0.792179935485136
2020-01-08,2.2686774171510176
2020-01-09,1.5453607273716956
2020-01-10,2.5081056773562342
2020-01-13,0.7194788423656036
2020-01-14,0.9270673826703719
2020-01-15,1.0092924797376517
2020-01-16,1.0869270906114705
2020-01-17,1.3538740977997432
2020-01-21,1.1752983321664054
2020-01-22,0.7863107327202833
2020-01-23,0.9986567034212626
2020-01-24,0.5217903672254874
2020-01-27,0.7670493433708477
2020-01-28,1.51857618146509
2020-01-29,1.1907071633961555
2020-01-30,0.872439016888473
2020-01-31,0.6065830000700126
2020-02-03,0.9989041663611078
2020-02-04,0.813556161632055
2020-02-05,0.6863540625651299
2020-02-06,0.6768976939879601
2020-02-07,1.2052333811779643
2020-02-10,1.8362560097544043
2020-02-11,1.250447091302453
2020-02-12,1.1661335392656806
2020-02-13,1.5082537129428004
2020-02-14,0.5357096150160021
2020-02-18,0.5473802740809797
2020-02-19,1.804724779873363
2020-02-20,0.5964065652571804
2020-02-21,0.9584307016255567
2020-02-24,0.49007490727717173
2020-02-25,0.5449579903144528
2020-02-26,0.6187800951853206
2020-02-27,0.20767149051152375
2020-02-28,0.43360143365930714
2020-03-02,0.09082927008950577
2020-03-03,0.5520875855642409
2020-03-04,0.15436389968649142
2020-03-05,0.4477411469340146
2020-03-06,0.10844729366352737
2020-03-09,0.01446037952259373
2020-03-10,0.2777910819994812
2020-03-11,0.16711538528719352
2020-03-12,0.03806139577570604
2020-03-13,0.10676025601525135
2020-03-16,0.04414497069574709
2020-03-17,0.2497879207142046
2020-03-18,0.049665652731537155
2020-03-19,0.1792504914702188
2020-03-20,0.31424026030643154
2020-03-23,0.10042050259182468
2020-03-24,0.07827382832600971
2020-03-25,0.12435718981453309
2020-03-26,0.19648039102843626
2020-03-27,0.1950123824652875
2020-03-30,0.30365615436326304
2020-03-31,1.3196672247874712
2020-04-01,0.16249157812289827
2020-04-02,0.5265385021475172
2020-04-03,0.8507840928531375
2020-04-06,0.13359033660426983
2020-04-07,1.7270151352047458
2020-04-08,0.39760371540342265
2020-04-09,0.30185679071840726
2020-04-13,0.49453313678680677
2020-04-14,0.41426253488568454
2020-04-15,0.1952018473368111
2020-04-16,0.9172117357304209
2020-04-17,0.4504083469105436
2020-04-20,0.24407199009013872
2020-04-21,0.25995728833546144
2020-04-22,0.3460969289549845
2020-04-23,0.8665461159380143
2020-04-24,1.0759956174178609
2020-04-27,0.257082362159639
2020-04-28,0.21785558369920863
2020-04-29,0.4195929955636777
2020-04-30,0.6505815324607844
2020-05-01,0.6484524502686995
2020-05-04,1.1389538797404508
2020-05-05,1.0123154041427966
2020-05-06,0.5812703839548747
2020-05-07,1.2245533586370536
2020-05-08,0.31527244565512563
2020-05-11,0.46333342490540746
2020-05-12,0.5390377835899332
2020-05-13,0.3117039266472743
2020-05-14,0.454782651351349
2020-05-15,0.8591484025761721
2020-05-18,0.2196080239085453
2020-05-19,0.4008412111976312
2020-05-20,0.728689201168697
2020-05-21,0.6388565351452986
2020-05-22,0.688088222573417
2020-05-26,0.21022769745136816
2020-05-27,0.23150247700932847
2020-05-28,0.3153799680973897
2020-05-29,0.4818989666420775
2020-06-01,0.8300085859593557
2020-06-02,0.6746214956480067
2020-06-03,0.5546398077335534
2020-06-04,0.22804826190663394
2020-06-05,0.4670804976698091
2020-06-08,0.5767326315158934
2020-06-09,0.6220368886695026
2020-06-10,0.2822269780941951
2020-06-11,0.03098523827894636
2020-06-12,0.48911668583181817
2020-06-15,1.2635210649193394
2020-06-16,1.4398292063317268
2020-06-17,0.33484488676672197
2020-06-18,2.043203371932333
2020-06-19,1.0916688469406604
2020-06-22,0.659076486735544
2020-06-23,1.024775780901574
2020-06-24,0.17001902716884384
2020-06-25,1.7232810953498439
2020-06-26,0.942350171545244
2020-06-29,0.3783107561458672
2020-06-30,0.9565791400884829
2020-07-01,0.2239567144973083
2020-07-02,1.141857809684954
2020-07-06,0.7429756812485547
2020-07-07,0.24825037064174335
2020-07-08,1.1235292900374285
2020-07-09,0.27970256749441746
2020-07-10,1.194919296509313
2020-07-13,0.5674314191287646
2020-07-14,0.4192049202189439
2020-07-15,0.2627258303539198
2020-07-16,1.4402008278375436
2020-07-17,0.6410935672360953
2020-07-20,0.2479237234808039
2020-07-21,0.38057030505328054
2020-07-22,0.5542220155617992
2020-07-23,0.22977756262732044
2020-07-24,1.98938122045223
2020-07-27,0.7826953314149301
2020-07-28,1.7023626796082763
2020-07-29,0.6842857144428256
2020-07-30,1.0375784053786632
2020-07-31,0.34299651042557594
2020-08-03,1.5996580226434685
2020-08-04,1.0737951030265593
2020-08-05,0.35397727038707705
2020-08-06,1.1072922377174887
2020-08-07,0.3134636368926312
2020-08-10,0.632539867621502
2020-08-11,0.6569584243400456
2020-08-12,0.34911102682988315
2020-08-13,1.3673805366410912
2020-08-14,1.648073615644095
2020-08-17,0.9831809048723517
2020-08-18,0.4176912144964606
2020-08-19,1.539498205131525
2020-08-20,0.7536745825397044
2020-08-21,0.9409333964910765
2020-08-24,0.5933133263600421
2020-08-25,1.775153717181621
2020-08-26,0.5049495670122334
2020-08-27,1.1625918798461297
2020-08-28,1.2518983373161112
2020-08-31,0.2656017009011306
2020-09-01,1.4779797256048415
2020-09-02,0.5909820136447812
2020-09-03,0.30821214242282624
2020-09-04,0.8927169153798922
2020-09-08,0.18995310487657582
2020-09-09,0.5913427531133996
2020-09-10,0.906242598222425
2020-09-11,1.1423845138251008
2020-09-14,0.525689476758929
2020-09-15,0.8684329325155791
2020-09-16,0.5413633819905492
2020-09-17,0.8087368189825374
2020-09-18,1.0155638659697102
2020-09-21,0.3977618877155944
2020-09-22,0.9656815907055911
2020-09-23,0.8157362284126757
2020-09-24,1.1555770308713889
2020-09-25,0.6896246237740948
2020-09-28,0.39443657196255044
2020-09-29,1.755471618754712
2020-09-30,0.5404048343445331
2020-10-01,1.0852398273452977
2020-10-02,0.3619828255545566
2020-10-05,0.33054049608702213
2020-10-06,1.3165143534125965
2020-10-07,1.0240751624261024
2020-10-08,1.290828881070762
2020-10-09,0.986801818949203
2020-10-12,0.3883376453829785
2020-10-13,0.5250708293609486
2020-10-14,1.5935909341520298
2020-10-15,0.7318030300255022
2020-10-16,1.2441593027544848
2020-10-19,0.35002984324057657
2020-10-20,1.491239149197309
2020-10-21,1.1264698383126257
2020-10-22,0.872609902648726
2020-10-23,0.6564393849054573
2020-10-26,0.3351203776936891
2020-10-27,0.6971561542345213
2020-10-28,0.5982562198589614
2020-10-29,0.513296836609112
2020-10-30,0.644977229203372
2020-11-02,0.37593317389758807
2020-11-03,0.5574387376624623
2020-11-04,0.1720674555167337
2020-11-05,0.5818738498235237
2020-11-06,0.27179785231687265
2020-11-09,0.049929624796794275
2020-11-10,0.26319490098679255
2020-11-11,0.29293042183420376
2020-11-12,1.5285328471226935
2020-11-13,0.8048027989651135
2020-11-16,0.7051670526883367
2020-11-17,0.6608743719191584
2020-11-18,0.8956787623796376
2020-11-19,0.9191044725034389
2020-11-20,1.0353387784671246
2020-11-23,0.18370948656239072
2020-11-24,1.0867895032048878
2020-11-25,0.6117479490892528
2020-11-27,0.8165711966242025
2020-11-30,0.5116331380566064
2020-12-01,0.8085608062594981
2020-12-02,1.4098882881221488
2020-12-03,0.4956487016829832
2020-12-04,0.5980617427605407
2020-12-07,0.697046685453569
2020-12-08,0.8680343205133744
2020-12-09,0.8713029637219342
2020-12-10,1.4556914937717238
2020-12-11,1.2676178221992582
2020-12-14,0.9456739820093658
2020-12-15,1.0388549609941151
2020-12-16,1.1432659904089848
2020-12-17,0.851043851582594
2020-12-18,3.1805860538447277
2020-12-21,1.0722031769052505
2020-12-22,0.5024204808217998
2020-12-23,0.7667890647379406
2020-12-24,2.492281458774941
2020-12-28,1.583736498225495
2020-12-29,0.1378022445039313
2020-12-30,0.8788700412071194
2020-12-31,0.7642560111960636
2021-01-04,0.35924545992701323
2021-01-05,0.6590557472985186
2021-01-06,0.22073231387283482
2021-01-07,0.8589907582005307
2021-01-08,0.6524435720113496
2021-01-11,0.946707407075241
2021-01-12,0.5839058090679886
2021-01-13,0.7742425198627243
2021-01-14,0.39402069399458667
2021-01-15,0.9726910380041804
2021-01-19,0.678655497658615
2021-01-20,1.0383380509098046
2021-01-21,1.1621536854253727
2021-01-22,0.7845791867783927
2021-01-25,0.7151441233483634
2021-01-26,1.2571030086963388
2021-01-27,0.3485028010514822
2021-01-28,0.5609125640613064
2021-01-29,0.33720577819463726
2021-02-01,0.36792282584691455
2021-02-02,0.5258829509938107
2021-02-03,2.104433481744791
2021-02-04,0.7981683979074574
2021-02-05,1.0120120729306705
2021-02-08,1.2059965010083706
2021-02-09,0.6918634738267142
2021-02-10,1.1868465535367179
2021-02-11,1.0899917093051006
2021-02-12,0.20715233581239467
2021-02-16,1.090834584612755
2021-02-17,1.323560527036262
2021-02-18,0.8638577810507447
2021-02-19,0.2351219241544862
2021-02-22,0.3616111972495485
2021-02-23,0.8825811231239613
2021-02-24,0.24822212876843833
2021-02-25,0.3578136102879196
2021-02-26,0.3779723360773224
2021-03-01,0.5123043687504276
2021-03-02,0.6279544316632687
2021-03-03,0.15747855584038464
2021-03-04,2.6124819229050615
2021-03-05,0.8378296833994177
2021-03-08,0.18879459204746712
2021-03-09,0.2230474467857966
2021-03-10,0.11903571145109294
2021-03-11,0.4550955691317979
2021-03-12,0.5759475483408161
2021-03-15,1.5706333984534675
2021-03-16,0.5533770433568052
2021-03-17,1.959848340913691
2021-03-18,0.14211022763120426
2021-03-19,1.0699292867047503
2021-03-22,0.2528667065773277
2021-03-23,0.35434821007019945
2021-03-24,0.5409620597565145
2021-03-25,0.34083818346853206
2021-03-26,1.043047753965511
2021-03-29,0.28229765813574875
2021-03-30,0.8319420671507716
2021-03-31,0.3656522145804422
2021-04-01,0.45593905198056633
2021-04-05,0.9887284350035593
2021-04-06,0.8044010953907494
2021-04-07,1.0031261738943056
2021-04-08,1.6152560289282878
2021-04-09,0.6521160207640004
2021-04-12,2.6106007326915464
2021-04-13,0.6729061885330878
2021-04-14,0.27796909847213347
2021-04-15,1.6176104364110393
2021-04-16,1.37554442252393
2021-04-19,1.7224608101417607
2021-04-20,0.6431536508606689
2021-04-21,1.0284683540734367
2021-04-22,2.275559655621456
2021-04-23,0.5761196032370914
2021-04-26,1.5182044660549066
2021-04-27,1.9419587220900618
2021-04-28,1.0812437394228436
2021-04-29,1.1979391555433105
2021-04-30,2.3216988736679127
2021-05-03,0.6338215276140868
2021-05-04,0.6228011348229899
2021-05-05,0.9513551020417443
2021-05-06,1.1545926943281195
2021-05-07,1.2469791043278013
2021-05-10,0.7559990701915672
2021-05-11,0.9891084878573704
2021-05-12,0.5556792299309692
2021-05-13,0.9841324719598659
2021-05-14,0.8454928589218721
2021-05-17,1.2070624563352428
2021-05-18,0.5691628420322035
2021-05-19,1.0769304547682774
2021-05-20,0.759124013226382
2021-05-21,0.6352282958918042
2021-05-24,2.084042227796027
2021-05-25,0.8343888263279146
2021-05-26,0.6757636136585536
2021-05-27,0.9804961822777188
2021-05-28,1.3505265682009926
2021-06-01,0.45957654934675396
2021-06-02,2.785061531336478
2021-06-03,0.7418577823754418
2021-06-04,0.6315548188429283
2021-06-07,0.7988667231076146
2021-06-08,1.416670236658112
2021-06-09,0.7762143183868166
2021-06-10,0.7496890801768655
2021-06-11,1.0845866677347094
2021-06-14,0.6418700441015892
2021-06-15,0.700272696392773
2021-06-16,1.7602596978764233
2021-06-17,0.4409387941183246
2021-06-18,0.9000202599162737
2021-06-21,0.6075698682161712
2021-06-22,1.498240971992427
2021-06-23,1.5494590230045464
2021-06-24,0.4297166538640235
2021-06-25,0.9328485349941694
2021-06-28,0.32692613508354945
2021-06-29,1.4365472961361936
2021-06-30,0.9065003139013015
2021-07-01,1.0783557046599372
2021-07-02,0.3861037951574685
2021-07-06,0.8627514250775877
2021-07-07,1.3769777905831828
2021-07-08,1.684808220162385
2021-07-09,1.604274637265633
2021-07-12,1.2337194519344046
2021-07-13,0.9808206171017566
2021-07-14,1.90107009876719
2021-07-15,0.7963961368069671
2021-07-16,0.9576968850464234
2021-07-19,0.2438343630940909
2021-07-20,0.6391828538866675
2021-07-21,0.9512991953862109
2021-07-22,0.38367596241254626
2021-07-23,0.8478218697331914
2021-07-26,1.486882960567366
2021-07-27,0.6006755004690748
2021-07-28,1.2787234815970672
2021-07-29,0.7521915881273004
2021-07-30,0.7330817420871185
2021-08-02,1.6988952663453303
2021-08-03,0.7783226060757246
2021-08-04,0.7760827052049615
2021-08-05,1.091099807512275
2021-08-06,0.8951607791869254
2021-08-09,0.711856321413034
2021-08-10,0.3890829590101783
2021-08-11,1.1454747807828436
2021-08-12,1.123628854315778
2021-08-13,1.1551987974449098
2021-08-16,0.6934857880476276
2021-08-17,0.8662750160842594
2021-08-18,0.49439276434584567
2021-08-19,0.3564043820514866
2021-08-20,1.8129115718385123
2021-08-23,1.3600289408271868
2021-08-24,1.3300737323229188
2021-08-25,0.9525861373991727
2021-08-26,1.1399124566804506
2021-08-27,0.8580581351616067
2021-08-30,0.5802637110955402
2021-08-31,0.9486568447125182
2021-09-01,1.5963720135667547
2021-09-02,1.2464972716943234
2021-09-03,1.1887488132543436
2021-09-07,0.7159069134998599
2021-09-08,1.0455110556166665
2021-09-09,0.9513782445137537
2021-09-10,1.1771696926392337
2021-09-13,0.6036153238477577
2021-09-14,1.2018883743979816
2021-09-15,0.4768470983936072
2021-09-16,1.6124003194240644
2021-09-17,0.33547783961760513
2021-09-20,0.46359575816837795
2021-09-21,2.5240541314991303
2021-09-22,1.3228622836979391
2021-09-23,0.3946908568110228
2021-09-24,1.2566106622867699
2021-09-27,0.4267919722186034
2021-09-28,0.3231761007832457
2021-09-29,0.8968242873755595
2021-09-30,0.5839421928729818
2021-10-01,0.449177952924672
2021-10-04,0.5985179171071181
2021-10-05,1.7441987725829962
2021-10-06,2.1498525586072783
2021-10-07,1.0807664138697617
2021-10-08,0.9444444822601603
2021-10-11,1.0293496534175701
2021-10-12,0.7956054712066184
2021-10-13,1.8009186987621
2021-10-14,0.5093853761254582
2021-10-15,0.723257470420735
2021-10-18,1.6420684109575867
2021-10-19,0.6652931614294272
2021-10-20,2.0719276430730704
2021-10-21,1.0958203608334551
2021-10-22,2.5242812630403657
2021-10-25,0.7711125470537955
2021-10-26,1.4122905775994343
2021-10-27,0.16569772512582598
2021-10-28,1.8849031074857454
2021-10-29,2.13411481426124
2021-11-01,0.3415105176023533
2021-11-02,1.4998382113038642
2021-11-03,0.3751836308347942
2021-11-04,0.7360919770821855
2021-11-05,0.525280717224461
2021-11-08,1.8825402339112045
2021-11-09,0.8547581641870222
2021-11-10,1.04800088949294
2021-11-11,0.539817060991787
2021-11-12,1.1870456238754936
2021-11-15,1.451144556921572
2021-11-16,1.1924638031471293
2021-11-17,1.0558368705300243
2021-11-18,0.4399212089916465
2021-11-19,1.1611375284638594
2021-11-22,0.6239012546280638
2021-11-23,0.6686761959908638
2021-11-24,1.02153136896504
2021-11-26,0.5262269220940097
2021-11-29,0.901713739928439
2021-11-30,0.593418608962137
2021-12-01,0.4256660472725717
2021-12-02,0.5951411632587116
2021-12-03,0.7756835338729591
2021-12-06,0.3213791776024192
2021-12-07,0.5203738711476653
2021-12-08,2.727920775196582
2021-12-09,0.5676140735630543
2021-12-10,0.9294331663858709
2021-12-13,0.8604781263937333
2021-12-14,0.968301983672882
2021-12-15,1.4702199566354697
2021-12-16,0.3673871028843608
2021-12-17,0.49891426135170025
2021-12-20,0.5192939614694215
2021-12-21,1.8443162416766121
2021-12-22,1.8250006311304525
2021-12-23,1.4957359870394449
2021-12-27,1.6348692868361228
2021-12-28,1.1327937973105144
2021-12-29,1.6010526557601106
2021-12-30,3.964263081508771
2021-12-31,1.2903720627870305
2022-01-03,1.326063270254569
2022-01-04,0.6941263897400424
2022-01-05,0.31194643891465096
2022-01-06,0.8110393478958609
2022-01-07,1.6831084559153182
2022-01-10,1.2843864504427693
2022-01-11,0.9413406792559021
2022-01-12,1.1223736941566294
2022-01-13,0.5818206112795452
2022-01-14,0.7445284922634621
2022-01-18,1.0129677476976255
2022-01-19,0.9704797580766644
2022-01-20,1.4322602957407624
2022-01-21,0.4320502358428772
2022-01-24,0.7816549569149461
2022-01-25,0.3140906553563827
2022-01-26,0.5045147311053336
2022-01-27,0.4593193911549084
2022-01-28,0.49257189104095095
2022-01-31,0.5009656794440399
2022-02-01,1.5674735847677437
2022-02-02,0.40899688929107714
2022-02-03,0.25338000438617
2022-02-04,1.262645094377072
2022-02-07,1.692227119850602
2022-02-08,0.6834257005108932
2022-02-09,0.23779059348914663
2022-02-10,0.4782336537140151
2022-02-11,0.6250314557887885
2022-02-14,0.750852251318023
2022-02-15,0.46792227161054106
2022-02-16,0.8326282150117198
2022-02-17,0.24520238462568125
2022-02-18,2.1057135960854043
2022-02-22,1.545340749217963
2022-02-23,0.4243210888481333
2022-02-24,0.12509739733126143
2022-02-25,0.5501755672645384
2022-02-28,1.0946819138392174
2022-03-01,0.7756495693241636
2022-03-02,1.0749769843459152
2022-03-03,0.5154816837985116
2022-03-04,1.0283499236982152
2022-03-07,0.5240292309264728
2022-03-08,0.7317722857763814
2022-03-09,0.35066113348096656
2022-03-10,1.445771197341395
2022-03-11,1.0173231310523088
2022-03-14,0.7991956784835305
2022-03-15,0.5642753437605919
2022-03-16,0.2882258085911976
2022-03-17,0.7350831843527956
2022-03-18,0.8688430296585996
2022-03-21,1.1261758769116204
2022-03-22,0.747574124821208
2022-03-23,0.9317674833850443
2022-03-24,0.7618570895231214
2022-03-25,1.9050112948936946
2022-03-28,0.8789825053790575
2022-03-29,1.1723847001115284
2022-03-30,1.0061635657558439
2022-03-31,0.8372575357809701
2022-04-01,0.5539026134675047
2022-04-04,1.168427445747664
2022-04-05,0.6698735969821433
2022-04-06,0.6716574797812701
2022-04-07,0.6210383295881992
2022-04-08,0.5751900021673634
2022-04-11,0.3848590579439664
2022-04-12,2.0154574061606993
2022-04-13,0.4351442959361118
2022-04-14,0.2841477019555356
2022-04-18,2.8234242687297275
2022-04-19,0.9728542857151659
2022-04-20,0.5159856124471061
2022-04-21,1.3448419932465667
2022-04-22,0.33828481831664703
2022-04-25,0.5995192781659991
2022-04-26,0.7470221539505026
2022-04-27,1.6506787020599407
2022-04-28,0.683474703499009
2022-04-29,0.2241111770918528
2022-05-02,1.0789270171651308
2022-05-03,0.9962765067299438
2022-05-04,0.21481145972753854
2022-05-05,0.5647370010981423
2022-05-06,2.011012132663743
2022-05-09,0.17261148908824567
2022-05-10,0.5427355981735316
2022-05-11,0.38175862712609865
2022-05-12,0.75267436009438
2022-05-13,0.4392463191263587
2022-05-16,1.0971335247286431
2022-05-17,0.526200866947819
2022-05-18,0.20459583713995663
2022-05-19,1.502165967067714
2022-05-20,1.3658119435761196
2022-05-23,0.7840877506233864
2022-05-24,0.9942977566009821
2022-05-25,0.6533625980904642
2022-05-26,1.636627889030736
2022-05-27,0.5047026787398058
2022-05-31,1.221570898057088
2022-06-01,0.714397645574007
2022-06-02,0.8626316017754694
2022-06-03,0.22398714401018374
2022-06-06,1.4114333072852907
2022-06-07,0.8070040006003262
2022-06-08,0.5450462380959934
2022-06-09,0.751579996813937
2022-06-10,0.8110582136019704
2022-06-13,0.3506388562517136
2022-06-14,1.0906867347538753
2022-06-15,1.2094070049318204
2022-06-16,0.46809268713685137
2022-06-17,1.4461529166304325
2022-06-21,0.48201491120959744
2022-06-22,1.6271830093300699
2022-06-23,0.7286355247523411
2022-06-24,0.6143051646555303
2022-06-27,1.402237852882568
2022-06-28,0.49759044480432363
2022-06-29,0.8409872267715549
2022-06-30,0.47919104152170805
2022-07-01,0.5055060029126555
2022-07-05,0.42239058979352856
2022-07-06,0.7791147493320341
2022-07-07,0.7226504507950141
2022-07-08,1.5136092828889536
2022-07-11,1.2366774590166365
2022-07-12,0.6284094290511466
2022-07-13,0.9140171697192655
2022-07-14,1.9043371401675993
2022-07-15,0.5999737290345126
2022-07-18,1.2142248368685997
2022-07-19,0.530963551071553
2022-07-20,0.8990407159381051
2022-07-21,0.31518622585414846
2022-07-22,0.44083222820144247
2022-07-25,0.7160555568002924
2022-07-26,0.740371820275942
2022-07-27,0.23622505587443596
2022-07-28,1.7808330674856019
2022-07-29,0.5993374605811582
2022-08-01,1.6610965558869117
2022-08-02,0.3354382721643576
2022-08-03,0.3826934404249928
2022-08-04,1.103868622636376
2022-08-05,2.181988936138413
2022-08-08,0.38660922561407607
2022-08-09,0.5665654046266164
2022-08-10,1.0220585011193764
2022-08-11,1.2288261074768347
2022-08-12,0.8625660105163765
2022-08-15,1.9404075553886015
2022-08-16,0.7661317914120487
2022-08-17,0.7231048190676573
2022-08-18,1.1797796299152223
2022-08-19,0.5122802738986183
2022-08-22,0.2936189994738376
2022-08-23,0.6426776219770145
2022-08-24,0.5816200327817221
2022-08-25,0.5762377360942923
2022-08-26,0.4577198265422194
2022-08-29,1.0654740960732916
2022-08-30,0.4030128294372473
2022-08-31,1.145768294968813
2022-09-01,1.4289070104199804
2022-09-02,1.1847253434299285
2022-09-06,0.7167692390650304
2022-09-07,0.42016733868634415
2022-09-08,1.987541587074582
2022-09-09,0.6322087758566944
2022-09-12,1.4822592001694845
2022-09-13,0.3534757491553405
2022-09-14,0.6897743649785277
2022-09-15,0.7049325763416089
2022-09-16,1.1208843404663806
2022-09-19,2.188335980442194
2022-09-20,0.5806978414164004
2022-09-21,0.938549517236124
2022-09-22,0.64032367151395
2022-09-23,1.0394317708558685
2022-09-26,0.8300552038603597
2022-09-27,1.7607606977031085
2022-09-28,0.7515164655109335
2022-09-29,0.8541038024185119
2022-09-30,0.961087576424382
2022-10-03,0.659204436242739
2022-10-04,0.5578231960209402
2022-10-05,1.1066185962650732
2022-10-06,0.8398202471913547
2022-10-07,0.8338377163554145
2022-10-10,0.766739605908561
2022-10-11,0.6055762747740905
2022-10-12,1.5911131787827404
2022-10-13,0.7745917415738877
2022-10-14,0.2373637106454286
2022-10-17,0.4825501963481153
2022-10-18,1.2059395324089497
2022-10-19,0.8789111229701362
2022-10-20,0.8554583058859901
2022-10-21,0.3531649589862647
2022-10-24,0.8921286687700412
2022-10-25,0.3137304382929735
2022-10-26,0.12413841870603397
2022-10-27,0.36165105009633264
2022-10-28,0.5745142075299313
2022-10-31,0.732027151330321
2022-11-01,2.2209338931322833
2022-11-02,0.2140501798980149
2022-11-03,0.4954380482166049
2022-11-04,1.7703301646637497
2022-11-07,0.814941714931175
2022-11-08,0.5744093188282681
2022-11-09,0.9746679347809712
2022-11-10,0.1764172832951257
2022-11-11,0.2715072584606803
2022-11-14,1.4789560480992852
2022-11-15,1.0200527193552702
2022-11-16,0.5577876108641507
2022-11-17,1.9982810249542171
2022-11-18,0.6361473928218101
2022-11-21,1.3372073092881895
2022-11-22,0.5312597266896747
2022-11-23,0.8055771514878198
2022-11-25,0.5828879265985248
2022-11-28,0.6383592114649673
2022-11-29,0.8447316074518206
2022-11-30,0.5021804193933627
2022-12-01,2.3884618663368586
2022-12-02,1.3209719241268458
2022-12-05,0.8361572294674692
2022-12-06,0.9502075651863484
2022-12-07,1.2896295810590976
2022-12-08,1.4285815623905136
2022-12-09,0.8713371169527396
2022-12-12,1.1511565105700567
2022-12-13,2.0615806564242405
2022-12-14,1.6550246579890644
2022-12-15,0.5277059026558828
2022-12-16,0.7207409745779755
2022-12-19,0.7056922187926145
2022-12-20,1.0986109073412897
2022-12-21,0.585934322915057
2022-12-22,0.7122828131332017
2022-12-23,1.2381117060920004
2022-12-27,0.46418294443057695
2022-12-28,1.065928004096178
2022-12-29,0.9038196074956877
2022-12-30,1.2391094213706333
2023-01-03,1.1317165007358712
2023-01-04,0.7305166114593514
2023-01-05,0.5477537167032519
2023-01-06,1.209017271216746
2023-01-09,0.5827208732899952
2023-01-10,0.766214049568069
2023-01-11,0.4188557925767275
2023-01-12,0.7046877861727349
2023-01-13,1.2446029790552429
2023-01-17,0.4568162139306957
2023-01-18,0.766179672960049
2023-01-19,1.2646536093328165
2023-01-20,0.6791119014399356
2023-01-23,0.8054972835650132
2023-01-24,1.0583302376977488
2023-01-25,1.3816079143939606
2023-01-26,0.7098888712267444
2023-01-27,0.8559033948505776
2023-01-30,0.3457615280542006
2023-01-31,0.561919686615668
2023-02-01,0.22539209232984522
2023-02-02,0.23575182393003397
2023-02-03,0.40375101697990096
2023-02-06,0.9127838791152755
2023-02-07,1.0557914545568197
2023-02-08,0.49557311162460493
2023-02-09,0.7335321268152487
2023-02-10,1.5519380937752847
2023-02-13,1.8398570931044853
2023-02-14,1.5925324169233952
2023-02-15,0.5972382856164947
2023-02-16,0.6151866929064709
2023-02-17,0.9124460782471272
2023-02-21,0.32873311677930456
2023-02-22,1.78075856955067
2023-02-23,1.9227826691684038
2023-02-24,0.9037385066766346
2023-02-27,1.3928200401227429
2023-02-28,1.1246734545781643
2023-03-01,1.6448342899493664
2023-03-02,0.9225967746666397
2023-03-03,1.1938315367044408
2023-03-06,0.8445196203612553
2023-03-07,0.3543436899033635
2023-03-08,1.1248568959437055
2023-03-09,0.17012488001896447
2023-03-10,0.5711581276501708
2023-03-13,0.6760862765563341
2023-03-14,0.37897233321830287
2023-03-15,0.4553366970068983
2023-03-16,0.6465805173327127
2023-03-17,0.6104320994052785
2023-03-20,1.4014068755914157
2023-03-21,1.2436393906135998
2023-03-22,0.61923036134909
2023-03-23,0.39577769070732294
2023-03-24,0.9806158215707659
2023-03-27,0.5219533159326718
2023-03-28,1.1324007652787462
2023-03-29,0.49380841689628463
2023-03-30,2.5447904174032985
2023-03-31,0.9127814448997331
2023-04-03,0.2952426497639393
2023-04-04,0.6967631095627403
2023-04-05,0.5003190155495822
2023-04-06,2.065082333951853
2023-04-10,2.3369098748054147
2023-04-11,0.5368648631688961
2023-04-12,0.9671359907424939
2023-04-13,1.0757683280378114
2023-04-14,1.5393036517921448
2023-04-17,1.6795313218676715
2023-04-18,1.7589223680398303
2023-04-19,1.6352931252855754
2023-04-20,1.8103889360580414
2023-04-21,2.0383576267373735
2023-04-24,1.2551649859292964
2023-04-25,0.19067656843304584
2023-04-26,0.6940800401498038
2023-04-27,0.5842404492967075
2023-04-28,2.371146243237808
2023-05-01,0.3724490891774582
2023-05-02,0.7702782541505578
2023-05-03,0.487832175916816
2023-05-04,0.6653286305024115
2023-05-05,0.6733473838024254
2023-05-08,2.419657976706764
2023-05-09,0.3318333037248516
2023-05-10,0.43394965536542146
2023-05-11,0.7797093168847243
2023-05-12,0.8681420563122684
2023-05-15,0.61074444532897
2023-05-16,0.5618204853452498
2023-05-17,0.7646813326191116
2023-05-18,0.45588323890760923
2023-05-19,0.43773854997595485
2023-05-22,0.5008327129665474
2023-05-23,0.48942374737033967
2023-05-24,1.3786605186695857
2023-05-25,0.4169950726956739
2023-05-26,0.9574978846108043
2023-05-30,0.5876346430343529
2023-05-31,0.7728782224490427
2023-06-01,0.9187025799272479
2023-06-02,0.4083627040922418
2023-06-05,1.6130758203838067
2023-06-06,0.32483023565326574
2023-06-07,0.5320311907785858
2023-06-08,0.8816774134852235
2023-06-09,0.8996644402504794
2023-06-12,1.3524198822591902
2023-06-13,1.1361913953993792
2023-06-14,0.22177361162615794
2023-06-15,0.9263882309167306
2023-06-16,1.4305272790756707
2023-06-20,1.4477439109394492
2023-06-21,0.27801766690411506
2023-06-22,0.9814913056272121
2023-06-23,0.7953875852853974
2023-06-26,0.42860924449675414
2023-06-27,0.9452548500547424
2023-06-28,1.3492675125921194
2023-06-29,1.0651960828996792
2023-06-30,1.8437821761699382
2023-07-03,1.0332336778061688
2023-07-05,0.5881204475337862
2023-07-06,0.8330593506727586
2023-07-07,0.5164316456652653
2023-07-10,0.9652733558426203
2023-07-11,1.2612447179943045
2023-07-12,0.4762759450215537
2023-07-13,0.6059156184933527
2023-07-14,0.5828515944505059
2023-07-17,1.3576005240146716
2023-07-18,1.0311119817135799
2023-07-19,1.1882742009208591
2023-07-20,0.2230352358951149
2023-07-21,1.1149539868101908
2023-07-24,1.438219412674835
2023-07-25,0.7420654220125986
2023-07-26,1.080807599488176
2023-07-27,1.6920642180417933
2023-07-28,0.5945316309622045
2023-07-31,0.7436699321298967
2023-08-01,1.249434048819458
2023-08-02,0.4935467290693828
2023-08-03,1.1065303801071449
2023-08-04,1.459403489525146
2023-08-07,0.9575601218178267
2023-08-08,1.4216464595680467
2023-08-09,1.3507555598997942
2023-08-10,1.209899661608655
2023-08-11,0.6369378178747349
2023-08-14,1.0221211342029293
2023-08-15,0.7981684789112014
2023-08-16,1.1655069383176695
2023-08-17,1.0177035195098922
2023-08-18,0.9986790619329892
2023-08-21,0.2734799652845863
2023-08-22,1.2461980411042919
2023-08-23,0.49941814611975294
2023-08-24,1.1091014119181801
2023-08-25,0.4147024503503812
2023-08-28,1.775621029382633
2023-08-29,0.48188090071791473
2023-08-30,1.5643625759542004
2023-08-31,1.0011826568359112
2023-09-01,0.5019302621722872
2023-09-05,0.9930192731372086
2023-09-06,1.626127531741327
2023-09-07,1.7094715386578854
2023-09-08,2.0656936985367134
2023-09-11,1.462690209667264
2023-09-12,0.2561886659569606
2023-09-13,1.4558756836406395
2023-09-14,0.9909469193488257
2023-09-15,0.8807395287465273
2023-09-18,1.6967715910474235
2023-09-19,1.911352213821361
2023-09-20,0.306626280040933
2023-09-21,0.8873448380556297
2023-09-22,1.886609332803677
2023-09-25,2.54483204161472
2023-09-26,0.8587713206236447
2023-09-27,1.4170252253539946
2023-09-28,1.2314186272049368
2023-09-29,1.241465872290777
2023-10-02,0.4042696472259618
2023-10-03,0.5943194314673663
2023-10-04,0.4745155846337095
2023-10-05,1.5441631952809054
2023-10-06,1.3498033575651738
2023-10-09,2.332516476067317
2023-10-10,1.557611496814078
2023-10-11,0.7131695100591005
2023-10-12,2.086970208738954
2023-10-13,0.7163699551625715
2023-10-16,1.553915931812879
2023-10-17,1.011371713174461
2023-10-18,0.484319120937682
2023-10-19,1.5803136511508633
2023-10-20,0.7249137655318761
2023-10-23,0.5462768475516145
2023-10-24,1.028266733134674
2023-10-25,0.24890005979366853
2023-10-26,0.5474423472146681
2023-10-27,0.3143616309033545
2023-10-30,0.29795643820677054
2023-10-31,1.9759215531978547
2023-11-01,1.1348126335432571
2023-11-02,0.5113436641899776
2023-11-03,0.5754733925080986
2023-11-06,0.7668249922654191
2023-11-07,1.4207506491449617
2023-11-08,1.0898387137237364
2023-11-09,1.5648308829407322
2023-11-10,0.4887351677441156
2023-11-13,1.1005782887444922
2023-11-14,0.16516679956956654
2023-11-15,2.2963457145858155
2023-11-16,0.5407819840615992
2023-11-17,0.44936814246767987
2023-11-20,0.8280624725806087
2023-11-21,0.36405579041511205
2023-11-22,1.1167231874497627
2023-11-24,1.5227792859876916
2023-11-27,1.465770108635391
2023-11-28,0.5495216208874396
2023-11-29,0.975368679728127
2023-11-30,0.30634771495816626
2023-12-01,0.3897146772614443
2023-12-04,0.8239754648808543
2023-12-05,1.042235058333667
2023-12-06,1.8539229886802344
2023-12-07,1.1505783747318068
2023-12-08,0.9811945161469868
2023-12-11,0.3368756163339648
2023-12-12,1.2064479120090852
2023-12-13,0.16313721655133673
2023-12-14,0.4854914186539933
2023-12-15,0.5817719498007925
2023-12-18,0.6871353152809067
2023-12-19,0.6010346654995539
2023-12-20,1.0475661745385343
2023-12-21,1.0242864959408315
2023-12-22,0.5872549295817533
2023-12-26,1.013632596294695
2023-12-27,2.013756282632537
2023-12-28,1.89713724570387
2023-12-29,1.2247901884956405
2024-01-02,0.5767682521858967
2024-01-03,1.2172923215717446
2024-01-04,2.037886911044895
2024-01-05,2.0460798367075337
2024-01-08,0.4295572911898223
2024-01-09,0.29431097607124496
2024-01-10,1.5219321624032094
2024-01-11,1.2212625825089076
2024-01-12,1.5659764066063135
2024-01-16,0.5665785085676033
2024-01-17,1.0742086683618082
2024-01-18,1.6121359438630376
2024-01-19,1.0136019455982699
2024-01-22,0.6765913574962151
2024-01-23,0.6332646470122254
2024-01-24,1.2760000122319173
2024-01-25,1.080537105453885
2024-01-26,1.3575583344027953
2024-01-29,0.5705053958299443
2024-01-30,0.8116796868313608
2024-01-31,0.39068007513769826
2024-02-01,0.7867156852457254
2024-02-02,0.5582814954292372
2024-02-05,1.5161920294624935
2024-02-06,2.0435976799433795
2024-02-07,0.5367690664363631
2024-02-08,0.9956030557434501
2024-02-09,0.9764976372783806
2024-02-12,0.2473312820805619
2024-02-13,0.6398306739648791
2024-02-14,0.49406021538222233
2024-02-15,0.2583549797553378
2024-02-16,1.2080273172668068
2024-02-20,0.8268506397795746
2024-02-21,0.8814288126971136
2024-02-22,0.2222717891415558
2024-02-23,1.5995401047361661
2024-02-26,1.4879135986035068
2024-02-27,0.8597311533106295
2024-02-28,1.9689057114743322
2024-02-29,1.380880008063516
2024-03-01,0.6106616404469799
2024-03-04,0.754931248316071
2024-03-05,0.6242135675594375
2024-03-06,0.8534367441629268
2024-03-07,1.056567245487184
2024-03-08,1.692210382574094
2024-03-11,1.414342858493416
2024-03-12,1.0120247827535418
2024-03-13,1.0819846407153904
2024-03-14,0.38333137229314646
2024-03-15,0.43051103799490853
2024-03-18,1.2355601001954535
2024-03-19,2.0407710756252166
2024-03-20,0.8984431498353748
2024-03-21,0.6134455741905793
2024-03-22,0.8565343739791288
2024-03-25,1.8392346985584178
2024-03-26,1.5235524593524996
2024-03-27,0.527855023244145
2024-03-28,0.7708119514524697
2024-04-01,1.2095451961891592
2024-04-02,0.3972727588809033
2024-04-03,0.5030065237780659
2024-04-04,1.0555219467183012
2024-04-05,1.031217615127319
2024-04-08,2.0722361586983298
2024-04-09,1.0826298473278928
2024-04-10,0.42094094295417667
2024-04-11,1.1364833296001207
2024-04-12,0.6314764546217656
2024-04-15,0.8140897286166707
2024-04-16,0.6570042342523968
2024-04-17,0.43989954785550406
2024-04-18,0.5279857740572215
2024-04-19,0.32982514914135497
2024-04-22,2.7008714737557553
2024-04-23,1.0450204880059284
2024-04-24,1.4645947284991163
2024-04-25,0.89739128164887
2024-04-26,0.37233186751503555
2024-04-29,2.314866953585656
2024-04-30,1.08798967656535
2024-05-01,0.6543771432064739
2024-05-02,0.7192416398293453
2024-05-03,1.2908156158756041
2024-05-06,0.9931414402234165
2024-05-07,1.5830732595014334
2024-05-08,0.29418084351584944
2024-05-09,1.3811471682172474
2024-05-10,1.1809653833053781
2024-05-13,0.7448521161917596
2024-05-14,3.0164563715822705
2024-05-15,0.9079160247061329
2024-05-16,1.0407926024987182
2024-05-17,1.3129724780610743
2024-05-20,1.1848126531551602
2024-05-21,1.6178310598213965
2024-05-22,1.1069300366052264
2024-05-23,0.3551536964925111
2024-05-24,0.827096774756619
2024-05-28,1.6248871695963738
2024-05-29,1.216424036224835
2024-05-30,0.3128944146621893
2024-05-31,0.47472307772121175
2024-06-03,0.8366099454681616
2024-06-04,0.6702085027901067
2024-06-05,0.8974110278928137
2024-06-06,1.7027476865866116
2024-06-07,1.6130702539195172
2024-06-10,2.2448258052626264
2024-06-11,0.6889967150526829
2024-06-12,0.46043269736432085
2024-06-13,0.7912732966340068
2024-06-14,0.5355445681971206
2024-06-17,1.081950697539318
2024-06-18,0.42655097225136474
2024-06-20,0.7837535218888693
2024-06-21,1.396974174736194
2024-06-24,0.5547262421631879
2024-06-25,0.3887817814727509
2024-06-26,1.276786197413421
2024-06-27,1.948286061259999
2024-06-28,0.941030575592457
2024-07-01,1.4639649265204693
2024-07-02,1.254478182697838
2024-07-03,0.6343718381969057
2024-07-05,0.5909977697192419
2024-07-08,1.9852148160204415
2024-07-09,1.1109849087797636
2024-07-10,0.5157851603519373
2024-07-11,0.10072175770296735
2024-07-12,0.6964274762870549
2024-07-15,0.5851923024181633
2024-07-16,0.32278727988408124
2024-07-17,0.1448089885062014
2024-07-18,1.1242818409881097
2024-07-19,0.3745438640164776
2024-07-22,0.9004340843268238
2024-07-23,0.6347641212674928
2024-07-24,0.5394022489449416
2024-07-25,0.45163653582661756
2024-07-26,0.750248827311904
2024-07-29,1.1183913187128203
2024-07-30,0.4432009865092345
2024-07-31,0.18157638462385434
2024-08-01,0.45387900848134755
2024-08-02,0.37794359474631284
2024-08-05,0.6518529944006957
2024-08-06,0.6177320629673211
2024-08-07,1.8721210787639195
2024-08-08,0.5804969672549686
2024-08-09,0.39079332476549844
2024-08-12,0.8865301217937875
2024-08-13,0.4082031402415652
2024-08-14,0.5177487739254069
2024-08-15,1.0165446915496474
2024-08-16,1.0435546625114553
2024-08-19,2.177649538812735
2024-08-20,1.6960468402448583
2024-08-21,1.8636589482640382
2024-08-22,0.5178950916368255
2024-08-23,0.409369707954991
2024-08-26,1.2754880289335115
2024-08-27,1.8330357465320428
2024-08-28,0.8571098287469173
2024-08-29,0.6796799780710898
2024-08-30,1.3277255527880245
2024-09-03,0.6992208926479995
2024-09-04,1.3577453990348611
2024-09-05,0.5503465386488589
2024-09-06,0.854069851021938
2024-09-09,0.46045836176838506
2024-09-10,0.5226089442930689
2024-09-11,0.36206676395487536
2024-09-12,0.8488668983555401
2024-09-13,0.7776025394687808
2024-09-16,0.9261890478203635
2024-09-17,1.0455737864680599
2024-09-18,0.7893240241421136
2024-09-19,0.9720568148561309
2024-09-20,0.9102430429942221
2024-09-23,1.3060147383884917
2024-09-24,2.6575442295000067
2024-09-25,1.1447821858574823
2024-09-26,1.2256389370476795
2024-09-27,0.6630498905052155
2024-09-30,2.0122963892135024
2024-10-01,0.8648827590957346
2024-10-02,0.9924885739263837
2024-10-03,1.9909938985401339
2024-10-04,1.2430951554102194
2024-10-07,0.8325726465750737
2024-10-08,0.3963442355369299
2024-10-09,1.4067260362563774
2024-10-10,0.2296555082275162
2024-10-11,0.5965480571880192
2024-10-14,0.6545231758031222
2024-10-15,0.4705361634330913
2024-10-16,0.3080356898803164
2024-10-17,0.7387972687073054
2024-10-18,1.7794214200932552
2024-10-21,1.0160092450137963
2024-10-22,1.2932570082374752
2024-10-23,0.41242416698277107
2024-10-24,1.1564201433101349
2024-10-25,0.9090415208812753
2024-10-28,0.5558358951297113
2024-10-29,0.8558932548408928
2024-10-30,1.4260288005378756
2024-10-31,0.5634486332022828
2024-11-01,0.9383972259652942
2024-11-04,1.085333783396839
2024-11-05,1.1492425363631416
2024-11-06,0.24081947930923892
2024-11-07,0.682317936358505
2024-11-08,1.5018392651999353
2024-11-11,0.32241664201397086
2024-11-12,0.3941325848171102
2024-11-13,0.6921317454045686
2024-11-14,1.1232899423747225
2024-11-15,0.6301031682651231
2024-11-18,0.7072924315898883
2024-11-19,0.9627142731468824
2024-11-20,0.7504343415904807
2024-11-21,0.6202251890942422
2024-11-22,0.8218802096449707
2024-11-25,0.14157365397881008
2024-11-26,1.0529102125663878
2024-11-27,1.8371374921383203
2024-11-29,2.340332276102873
2024-12-02,1.2001826807366867
2024-12-03,1.1571423668348733
2024-12-04,0.6221865157791081
2024-12-05,0.6114940071959643
2024-12-06,0.9159360366043473
2024-12-09,1.0804325948573927
2024-12-10,2.510227850022315
2024-12-11,0.45278443221666864
2024-12-12,1.2231692741456521
2024-12-13,1.0816505980387132
2024-12-16,0.6784608825663304
2024-12-17,1.4478160166810352
2024-12-18,0.7562178700641777
2024-12-19,2.034026851320663
2024-12-20,0.7262709649274601
2024-12-23,1.1204644738447371
2024-12-24,1.0401028303892428
2024-12-26,0.6448826283245789
2024-12-27,0.3541692045085359
2024-12-30,0.6314447018532393
2024-12-31,1.052334898936079
2025-01-02,1.672075824475843
2025-01-03,0.7404110018095861
2025-01-06,1.0111281306121416
2025-01-07,0.6766092931479071
2025-01-08,1.2180367909933953
2025-01-10,0.8220825941391211
2025-01-13,0.6873663564312641
2025-01-14,1.056067715998201
2025-01-15,1.0122563685875154
2025-01-16,0.4681113895657943
2025-01-17,1.1606344391757433
2025-01-21,0.5859959787875896
2025-01-22,0.991196055048785
2025-01-23,1.480832440451201
2025-01-24,1.9163653299213723
2025-01-27,0.08209250407579524
2025-01-28,0.7591484114042842
2025-01-29,0.910731233132955
2025-01-30,1.458294978764462
2025-01-31,0.40530415592301267
2025-02-03,2.1386755935897312
2025-02-04,1.5104434450157032
2025-02-05,0.7430596463345013
2025-02-06,1.1030835129510133
2025-02-07,0.5783298852713757
2025-02-10,1.5870531342315568
2025-02-11,0.5366383164991373
2025-02-12,1.5771648685604867
2025-02-13,1.103718855956434
2025-02-14,1.1539462910158285
2025-02-18,1.5199477048973062
2025-02-19,1.4330635538040375
2025-02-20,0.6118356937688542
2025-02-21,0.32355995643872076
2025-02-24,0.5385167229838772
2025-02-25,1.0965851936400135
2025-02-26,0.7581760785551774
2025-02-27,0.3898951941242245
2025-02-28,0.9933283486555532
2025-03-03,1.1085876759827877
2025-03-04,0.5660250639220129
2025-03-05,0.6531625720207007
2025-03-06,0.49842283855613917
2025-03-07,0.8870621337081701
2025-03-10,0.7655556166310861
2025-03-11,0.566757512007562
2025-03-12,0.29222966230330943
2025-03-13,0.9811756542379879
2025-03-14,0.3656559176494286
2025-03-17,1.3187069871318253
2025-03-18,0.8245265374102159
2025-03-19,0.7772962598877992
2025-03-20,1.2632899068718328
2025-03-21,2.348153378400934
2025-03-24,1.1760210645547542
2025-03-25,1.4474905831628087
2025-03-26,0.4583187167646277
2025-03-27,1.3529717586993524
2025-03-28,0.4486603997324646
2025-03-31,0.5550277791609707
2025-04-01,1.2958334767702342
2025-04-02,0.823033006639832
2025-04-03,0.1323181349556783
2025-04-04,0.18160787172617493
2025-04-07,0.9055407149148385
2025-04-08,0.4564850782848969
2025-04-09,0.023130454323740036
2025-04-10,0.1519259418965355
2025-04-11,0.7478951004536151
2025-04-14,2.2977961875611403
2025-04-15,0.8105250886537684
2025-04-16,0.27634339567737476
2025-04-17,0.20680836326330262
2025-04-21,0.7200975895186594
2025-04-22,0.5081441637049614
2025-04-23,1.3629559475728295
2025-04-24,0.726910478108753
2025-04-25,0.7021819547988793
2025-04-28,2.7719322593857836
2025-04-29,1.206601720178294
2025-04-30,1.3866206959407976
2025-05-01,0.4690693110271007
2025-05-02,0.8932479862777464
2025-05-05,1.6148288887155617
2025-05-06,1.074116158522649
2025-05-07,1.277656102953362
2025-05-08,1.536915231594571
2025-05-09,1.5318002985258226
2025-05-12,0.27358593610259296
2025-05-13,0.3603944608089476
2025-05-14,0.8868904918354894
2025-05-15,0.9922714687203262
2025-05-16,1.241730485112132
2025-05-19,1.070265782147891
2025-05-20,1.2622446233741922
2025-05-21,0.6964507233204731
2025-05-22,1.5808065842556036
2025-05-23,1.9099753444675758
2025-05-27,0.8235275843441858
2025-05-28,1.2159324121659059
2025-05-29,1.535071574836894
2025-05-30,1.6833207799697871
2025-06-02,0.9410922372342736
2025-06-03,0.5968735011161073
2025-06-04,2.324689383991159
2025-06-05,0.3873541931684039
2025-06-06,1.3934303972397775
2025-06-09,1.4103001197360339
2025-06-10,1.0452969859732464
2025-06-11,1.1553304821030994
2025-06-12,1.2010440370814137
2025-06-13,0.3781841088102869
2025-06-16,0.8371101916791097
2025-06-17,1.3159161988377106
2025-06-18,1.5216727380591286
2025-06-20,1.3380882481955867
2025-06-23,1.9662134714268367
2025-06-24,1.1716054048412192
2025-06-25,0.9851161464596887
2025-06-26,1.4374780316782507
2025-06-27,1.5746840271688933
2025-06-30,1.1616888616529046
2025-07-01,0.2505849320032366
2025-07-02,0.7536470046792703
2025-07-03,2.173862666273581
2025-07-07,1.1180643437037476
2025-07-08,0.9510489387602172
2025-07-09,2.050079229066204
2025-07-10,1.2736615900530674
2025-07-11,0.6006559970566975
2025-07-14,1.9022207558988853
2025-07-15,0.7241535229976656
2025-07-16,1.3634290457361586
2025-07-17,1.391650061312071
2025-07-18,0.47556859598259626
2025-07-21,1.5470522089712506
2025-07-22,1.513713017234323
2025-07-23,0.7397747036768534
2025-07-24,0.8580500944319055
2025-07-25,1.0551804573438825
2025-07-28,1.2669424562903213
2025-07-29,1.9742950651974187
2025-07-30,0.36436320525135035
2025-07-31,1.19173462123477
2025-08-01,0.6375930882529927
2025-08-04,0.6768927857143174
2025-08-05,0.4224781182774549
2025-08-06,0.8205692491692754
2025-08-07,1.7800784969092864
2025-08-08,0.7415987443853694
2025-08-11,1.2659590798890918
2025-08-12,0.8747563551460343
2025-08-13,0.42476679447776067
2025-08-14,1.0105495172880907
2025-08-15,0.6915535070813177
2025-08-18,1.8571248527738984
2025-08-19,0.9059122858605878
2025-08-20,1.0391958059655386
2025-08-21,0.6140932234727657
2025-08-22,0.24606776187774518
2025-08-25,2.7026411061628646
2025-08-26,0.6328300692158724
2025-08-27,1.541319761122953
2025-08-28,1.2986223656007125
2025-08-29,1.2304544164295594
2025-09-02,2.192812191211614
2025-09-03,0.9010802706580507
2025-09-04,1.53266972801056
2025-09-05,0.878664307993429
2025-09-08,1.1245740470797607
2025-09-09,1.7548612664342682
2025-09-10,0.7806047076869554
2025-09-11,0.7121671796704443
2025-09-12,0.9015782418170374
2025-09-15,0.7203165647692862
2025-09-16,1.3760073650260183
2025-09-17,0.5409900642807296
2025-09-18,0.377216752027896
2025-09-19,0.8035280575614736
2025-09-22,1.7379843796069814
2025-09-23,0.9058156912160036
2025-09-24,0.8346237385030588
2025-09-25,2.385791403234909
2025-09-26,1.9106832213485805
2025-09-29,2.7730785850368855
2025-09-30,1.8064471112258635
2025-10-01,1.263138285254717
2025-10-02,1.1437895633517372
2025-10-03,1.2402283716252773
2025-10-06,1.1426513778846443
2025-10-07,2.0016595421562196
2025-10-08,1.0266391974872786
2025-10-09,1.3908237094736544
2025-10-10,0.3049781792954914
2025-10-13,0.9941610654772823
2025-10-14,0.32410157546615825
2025-10-15,0.9301812203687589
2025-10-16,0.683668373372913
2025-10-17,0.8443255043355249
2025-10-20,0.9166150796245323
2025-10-21,0.8093878635426884
2025-10-22,0.4283936210042833
2025-10-23,1.8256421514362817
2025-10-24,1.5467498360757386
2025-10-27,1.426836705308256
2025-10-28,0.5320937449460378
2025-10-29,1.0235212735346035
2025-10-30,0.4048477263098888
2025-10-31,1.863503229329739
2025-11-03,0.6302301102714821
2025-11-04,0.4378298569132273
2025-11-05,1.1753625323496997
2025-11-06,0.3241038758468278
2025-11-07,0.8644214964449852
2025-11-10,0.5238402426009338
2025-11-11,0.44186307460059643
2025-11-12,0.36813577346790616
2025-11-13,1.061627872587494
2025-11-14,1.0957256449362205
2025-11-17,0.8424895564927302
2025-11-18,0.49450239174864463
2025-11-19,0.7824963531719668
2025-11-20,0.612937969839112
2025-11-21,0.6239441783076806
2025-11-24,0.3403425264583041
2025-11-25,0.734062335437145
2025-11-26,1.0410697773548787
2025-11-28,0.9577245098146534
2025-12-01,0.8508117379296365
2025-12-02,1.277272892786553
2025-12-03,0.9341151153812066
2025-12-04,0.9794080151912353
2025-12-05,1.1258489403780294
2025-12-08,1.8650970883047864
2025-12-09,1.237574098792215
2025-12-10,0.6176903131300081
2025-12-11,0.20388161834928895
2025-12-12,0.7357069153923904
2025-12-15,1.0636622951548778
2025-12-16,1.252905556319833
2025-12-17,0.7620172780224721
2025-12-18,0.3804852846134475
2025-12-19,1.229190771063533
2025-12-22,2.3901318635188535
2025-12-23,1.3160151526183221
2025-12-24,1.262101157115493
2025-12-26,0.8081384997045084
2025-12-29,2.482891933511194
2025-12-30,1.6437398204941662
2025-12-31,2.6938096792531816
2026-01-02,0.7445145410782402
2026-01-05,0.37443730439840694
2026-01-06,1.1128354781354661
2026-01-07,0.7849952122148225
2026-01-08,0.6700957392520733
2026-01-09,0.6335763790702504
2026-01-12,1.5173470766949235
2026-01-13,0.5925787064244797
2026-01-14,0.7538439299683191
2026-01-15,1.1011781678587438
2026-01-16,1.0695410175310849
2026-01-20,0.358077908055895
2026-01-21,0.9375688610164937
2026-01-22,0.6986507184998977
2026-01-23,0.47918280278757186
2026-01-26,1.122743461559602
2026-01-27,0.2230732946302257
2026-01-28,0.6780565097919851
2026-01-29,0.5954473060709486
2026-01-30,0.4976726404501947
2026-02-02,0.6137636587015177
2026-02-03,0.35285981814935485
2026-02-04,0.35811697246430796
2026-02-05,1.909323171111116
2026-02-06,0.4949095873295883
2026-02-09,0.9176796761806091
2026-02-10,1.1382812661820743
2026-02-11,0.6764865099787292
2026-02-12,1.5186179984730226
2026-02-13,1.166505943237045
2026-02-17,0.536594506376958
2026-02-18,1.1050736129007706
2026-02-19,1.2101851452317072
