date,SPY_logvol,QQQ_logvol,DIA_logvol,IWN_logvol
2002-01-07,0.0951610592377589,1.052384385870906,0.2132906882927111,-0.10718335210276926
2002-01-08,0.106260036118999,1.0725884626103195,0.21103686486737389,-0.10009363421295538
2002-01-09,0.14036536390624538,1.0847007564933278,0.2130366350797952,-0.09030937252173063
2002-01-10,0.18516243749322323,1.1093105525701072,0.22024088795233288,-0.0696870324047593
2002-01-11,0.2182294352620644,1.155101244569591,0.23402725080497144,-0.03583614534478503
2002-01-14,0.25469992004199077,1.1930052051175934,0.2490309833532632,0.015147516417349951
2002-01-15,0.29989930476685334,1.2271799803963552,0.2658718916952831,0.040929923415146
2002-01-16,0.35036978903150134,1.288079385113068,0.28558784758006406,0.07438500168860059
2002-01-17,0.3719713275689835,1.3193924702108448,0.28054646820929746,0.0865858818389354
2002-01-18,0.399585812187021,1.3565255393546356,0.2625763693926289,0.07721613599857141
2002-01-22,0.41777307233864674,1.3876243856267054,0.24220399538953644,0.04252730870997516
2002-01-23,0.4481805129903246,1.3984734989079823,0.2311459754892403,0.01640559749853097
2002-01-24,0.47712066974700684,1.390630648977533,0.22588664201243883,0.010470406782248108
2002-01-25,0.5186508893962584,1.3866293728086243,0.23835141421551262,0.01780288977210928
2002-01-28,0.5476705993271055,1.400850033409622,0.24049183044245717,0.03518925849271726
2002-01-29,0.5958004660900715,1.4084008704398994,0.2674602864888898,0.06036246939344942
2002-01-30,0.5776637347658401,1.4048304445239679,0.2656431533314679,0.07009471620653583
2002-01-31,0.5667729053552454,1.4132116608784822,0.2502374034862587,0.08110142969396572
2002-02-01,0.5580063240073901,1.439485605998466,0.21414423891543502,0.11857469084471367
2002-02-04,0.5662082715172702,1.472358354908796,0.18220893585244954,0.14976260719017429
2002-02-05,0.5341928421595026,1.4967355648048477,0.11760735790197153,0.16028926813351066
2002-02-06,0.5046114096285377,1.538818125776201,0.07701146795651921,0.16837609946311113
2002-02-07,0.4935138910924293,1.5853192523319066,0.059911466638873194,0.1680587738621822
2002-02-08,0.48024973930582554,1.6278587568626304,0.05640238364797923,0.16761992694521416
2002-02-11,0.453956435012701,1.6720077752642215,0.05853488695608564,0.14673852870966703
2002-02-12,0.42686009405711434,1.7062526920518561,0.053039641552292766,0.12516452384629628
2002-02-13,0.41803440713198625,1.7502666718291298,0.04747397069027486,0.12171360240833164
2002-02-14,0.3959626949520759,1.7815242546676018,0.05307711326996602,0.1304564551493071
2002-02-15,0.3844003041165305,1.8289036502466505,0.08733756768036395,0.15668665645294028
2002-02-19,0.39290305982181584,1.869832281096951,0.12729245923806742,0.19755236596038095
2002-02-20,0.36297885034526606,1.8852722510971094,0.1416765788160648,0.22224192761845196
2002-02-21,0.3162239818282984,1.8972735298072054,0.13549724423394707,0.21914073277365242
2002-02-22,0.2521973482205623,1.879484684231443,0.12354428306359251,0.19610598704639098
2002-02-25,0.18662798085307203,1.8611822461131862,0.11778742766084598,0.1341377921505101
2002-02-26,0.1219099992793476,1.8277590289930394,0.09661362290225292,0.09346964325924961
2002-02-27,0.06449865284586774,1.801753816447622,0.09650234878056771,0.06279189613554309
2002-02-28,0.03494211850959317,1.7736052348057398,0.12519455336347046,0.04218187279417966
2002-03-01,0.038885063617360306,1.7495844444769448,0.1764625860944611,0.034629929202745505
2002-03-04,0.002251251152440929,1.6937123399145002,0.17751769387040983,-0.0035708573304664665
2002-03-05,-0.04354654877764918,1.6128218638314233,0.12608968223216144,-0.0658229472983791
2002-03-06,-0.08992863564908864,1.5619262747689628,0.06600264244376573,-0.10689174034350607
2002-03-07,-0.13533923299820105,1.550967136327557,0.006816098265009165,-0.13922320690581205
2002-03-08,-0.15868390135946156,1.5350553433017036,-0.04163440511346962,-0.14789710179257426
2002-03-11,-0.17672857003716097,1.5089790403424803,-0.07012422366323036,-0.16514482938134772
2002-03-12,-0.20106501674199748,1.5032876229765568,-0.08118345984955384,-0.20246363716883312
2002-03-13,-0.19581954997095405,1.486882385145921,-0.09201063508201845,-0.24542772278310201
2002-03-14,-0.19320685809726926,1.474905611573191,-0.12463572033372512,-0.2723450151108771
2002-03-15,-0.16134207743209558,1.4695577767864785,-0.14392263797122934,-0.2870594492465901
2002-03-18,-0.12945982383510937,1.4649700119517137,-0.15467907389933339,-0.28429519919768825
2002-03-19,-0.09732404756930722,1.4657935072827066,-0.14910562458565632,-0.2923704539944056
2002-03-20,-0.06409633278366632,1.4666840423249103,-0.12711181373267005,-0.29695180530147747
2002-03-21,-0.0840386894256449,1.4364129805463806,-0.14309027116812406,-0.271163045143392
2002-03-22,-0.09070277924803871,1.4146934793350474,-0.15690513267001588,-0.25756131579688063
2002-03-25,-0.08653571022663814,1.3937447033604604,-0.14948203841708035,-0.22357978070913662
2002-03-26,-0.09753663479353951,1.3665159139482193,-0.1692321244541429,-0.196424519702003
2002-03-27,-0.11277485045032189,1.3639572837409066,-0.19113774610278786,-0.16762290567278312
2002-03-28,-0.11143701507253295,1.3695244389913546,-0.19772798945980727,-0.15153168045597082
2002-04-01,-0.09482178331872065,1.3826437879630176,-0.18066294617339723,-0.13752132664054578
2002-04-02,-0.06236537001589383,1.4187634114484884,-0.1569899429869166,-0.12621719249928826
2002-04-03,-0.04019831068413821,1.4037929566724339,-0.12574641769770395,-0.09291232552016873
2002-04-04,-0.002136421455972999,1.4096796764991548,-0.11701402223323926,-0.04906856807527217
2002-04-05,0.02155815707831301,1.424676412998199,-0.11371711437451529,0.01709430625342483
2002-04-08,0.04818438471519393,1.4525150535307532,-0.08892776307386126,0.08074280947926657
2002-04-09,0.08658775114949967,1.5018298543228923,-0.048951635261006515,0.13956952566878053
2002-04-10,0.1442149546757398,1.5187846731644792,-0.0031718446990569977,0.1886789098396587
2002-04-11,0.2122003198661076,1.5331021289687838,0.020331858405596457,0.23156489233483563
2002-04-12,0.23050835400809583,1.5438129843382875,0.003682902729443176,0.2710234487184465
2002-04-15,0.2585208773418439,1.559083640045317,0.007264700566211196,0.2691879924237146
2002-04-16,0.29015764642500536,1.5869803415840127,-0.006227795345142936,0.26142235702275735
2002-04-17,0.2840095308298962,1.6038302983930213,-0.04569509964444583,0.22186315300281498
2002-04-18,0.2768351223165249,1.6288054735672095,-0.06564276391666456,0.18270159890313203
2002-04-19,0.26829444271980424,1.6557287551841613,-0.05499864359936453,0.17243894322409803
2002-04-22,0.27743584467165044,1.6911577668556212,-0.04859489331486742,0.1788614397124514
2002-04-23,0.2755231177249035,1.7209691896928867,-0.05652432438019664,0.18937166416865958
2002-04-24,0.3076756119958263,1.7574206947576945,-0.04862566751160579,0.19648284264825813
2002-04-25,0.3448360797991347,1.8069240318106514,-0.0420930730082743,0.2127145135249064
2002-04-26,0.39086405978161,1.8678806545017903,-0.013138209801255015,0.22079112667468667
2002-04-29,0.40850274325588865,1.8991422477257711,0.0037855259834912473,0.2205233298073056
2002-04-30,0.43259062120487185,1.9352126728012347,0.040698372511544796,0.24081439077691166
2002-05-01,0.4634376813566444,1.980005547130445,0.07659091546544264,0.2575801314539634
2002-05-02,0.49668969931661205,2.031851282164729,0.12207204220096757,0.25609421981486713
2002-05-03,0.5450249793465606,2.070733493244825,0.17661353201306212,0.24251866273771897
2002-05-06,0.601832152220137,2.110348090152385,0.23269914863165328,0.25711929518296056
2002-05-07,0.6394941891852012,2.163005033891338,0.2623381194717603,0.2798480912151016
2002-05-08,0.6847232119308978,2.225774139117318,0.3079533116057961,0.3163655040628463
2002-05-09,0.6457889371069807,2.199000900585252,0.29814704455137814,0.3340558180606632
2002-05-10,0.611811005553591,2.187701219939771,0.2900019267546739,0.34023257869800355
2002-05-13,0.5657748236046461,2.153569107689645,0.2891744123847707,0.3317698061110296
2002-05-14,0.49899212498887946,2.1279040630581925,0.2874576213158357,0.3299896269599039
2002-05-15,0.42270507803231444,2.0672867094922087,0.26895522064579486,0.29903631606719855
2002-05-16,0.3582678660149103,2.0124522636084663,0.26575544104432863,0.28359877313313075
2002-05-17,0.3156203083809095,1.9701543353962667,0.2649068818409226,0.2785054864124064
2002-05-20,0.30072879420808457,1.9325441425948606,0.26664018780668136,0.276740939127557
2002-05-21,0.28614515810879226,1.8906127347211308,0.27063732733213375,0.2754645713267341
2002-05-22,0.2607738661937696,1.852521026966283,0.2646990422752808,0.2685899545486321
2002-05-23,0.25109675591652564,1.841513224509369,0.2704410043523778,0.28370595834506473
2002-05-24,0.2389010022788685,1.8216605503416845,0.30300501211365877,0.28536645783754516
2002-05-28,0.21262934930483637,1.8178640430329516,0.3256621444027575,0.2841615205132418
2002-05-29,0.19648311505437127,1.8289309846379125,0.33863576648602495,0.3073307152470951
2002-05-30,0.20221975396383565,1.837611226182578,0.3555317049441341,0.33772914889679917
2002-05-31,0.22721599451399455,1.8574685874358023,0.3715318170279762,0.3752026087922431
2002-06-03,0.2941675209492483,1.87210244866582,0.40095250242094715,0.42451306004721023
2002-06-04,0.316615664696977,1.87880045805962,0.3960239716727029,0.4385237472664732
2002-06-05,0.35010762262186074,1.8859735165149227,0.4150210473259128,0.4645734362817102
2002-06-06,0.38848028789132527,1.9062069277056874,0.44984325511641576,0.49178028571616456
2002-06-07,0.39420936468824386,1.9185432717227524,0.46616075225441,0.5029700445282216
2002-06-10,0.4144978505967109,1.9263673976759874,0.49883486470640453,0.5100035031578025
2002-06-11,0.4590611544674114,1.9409644642456445,0.5337656665878204,0.5326996387613684
2002-06-12,0.49611448289056,1.9544169749948623,0.5692392059999188,0.5507356015630391
2002-06-13,0.539936185311901,1.999583592480532,0.6028387644738882,0.5861758940613667
2002-06-14,0.5809718407911393,2.04624788272169,0.6406052561383827,0.6240853131638814
2002-06-17,0.6471215551892363,2.1081067726501868,0.6808013039496206,0.6732745299339291
2002-06-18,0.6765773984968544,2.151278022735439,0.708365209891122,0.7099229806029814
2002-06-19,0.7193576844911093,2.198664189467965,0.7583523210156756,0.7416672419923314
2002-06-20,0.7564714174657248,2.217079188979711,0.805467326535157,0.7654426695656176
2002-06-21,0.7875375594382996,2.2247225984626184,0.8489424665232158,0.7931523754921443
2002-06-24,0.8332298083243246,2.2269099681924955,0.8640889868075957,0.8256784889290795
2002-06-25,0.8826907028150509,2.2352455057946568,0.8936511264167433,0.8665799329668958
2002-06-26,0.920805306207191,2.252881454527617,0.9270773961098783,0.8989823454916245
2002-06-27,0.9725621341392321,2.284911203648317,0.9726801799074977,0.9280550084340983
2002-06-28,1.0264659757143422,2.307802304015672,1.017184665347968,0.9647686655909378
2002-07-01,1.088374472211168,2.3339715028720005,1.0626903630786284,1.0149300629135867
2002-07-02,1.1664354034135629,2.337425204734994,1.0996197263063083,1.0514234502952116
2002-07-03,1.2358583105191525,2.3383390393365504,1.1427089506213806,1.0554804932273514
2002-07-05,1.3108518008368721,2.34297170149536,1.2128588221109344,1.0721498349427572
2002-07-08,1.359114591225516,2.3276458398681275,1.2456692809256076,1.0926844887058431
2002-07-09,1.4051755676863178,2.3143224927060047,1.293738917000493,1.1115537234891901
2002-07-10,1.4417116405797048,2.3004511330975106,1.344178052492557,1.1276212318045187
2002-07-11,1.4594236355787202,2.2893259165827273,1.3805374248329414,1.1520340938658213
2002-07-12,1.500513270838726,2.2849825838508484,1.421206656298274,1.1653163604423165
2002-07-15,1.5554245240508697,2.278510791084732,1.4806877110284211,1.1821381454841935
2002-07-16,1.6108143378852537,2.2799659369650827,1.5536638502558227,1.2042232177531624
2002-07-17,1.6690283954417384,2.2898335625046515,1.622641442982726,1.2272341819237484
2002-07-18,1.7360786552858998,2.3076007754603602,1.7095290647698458,1.2864211506399819
2002-07-19,1.7905065052404359,2.324513909136999,1.805545048232911,1.349969026663016
2002-07-22,1.8384318387653893,2.3524989211422946,1.852071931549867,1.410933100112032
2002-07-23,1.861548645768048,2.380288307884712,1.8987930117429521,1.4843472608842188
2002-07-24,1.88276073479781,2.388447310352144,1.9633057001585341,1.512045584568931
2002-07-25,1.8588133145962231,2.3991123409627217,1.959553533881207,1.4974877653651675
2002-07-26,1.8541803280263474,2.381164699902165,1.9683390952375397,1.5028002333244883
2002-07-29,1.8516083517052093,2.3699445807308614,1.9770371039150798,1.5133260317695463
2002-07-30,1.824767784110689,2.3335245330952374,1.958823265617703,1.490534460128524
2002-07-31,1.8037856846065046,2.325096882742909,1.9386759384129413,1.4801632307584256
2002-08-01,1.8025231595897895,2.326917030326848,1.922483179762074,1.4716460985749944
2002-08-02,1.7840928711348345,2.3020455800292954,1.8964517111009436,1.4655176271734172
2002-08-05,1.7603471761166234,2.2741015060268133,1.8589634711391212,1.4366956686406565
2002-08-06,1.7177831822378855,2.2356800490540105,1.8037489078060789,1.3840077835330995
2002-08-07,1.669046024540851,2.1963938729298866,1.7492156854196923,1.3238971345994406
2002-08-08,1.6160373227584621,2.1599509326582034,1.7072320384426916,1.2640676672703606
2002-08-09,1.5558844468019977,2.133903098858389,1.6607178768123179,1.207835308641654
2002-08-12,1.5028619742869864,2.1116139654629973,1.6285165052876827,1.1500469834400004
2002-08-13,1.454575192143602,2.099415681059596,1.594096505566073,1.1086541577977491
2002-08-14,1.4052164464261536,2.095499469990676,1.5453611051582705,1.0347880430895737
2002-08-15,1.3158434102970586,2.041211345188732,1.4798598165908632,0.9538224730394856
2002-08-16,1.2388831234074082,2.0017596960882114,1.4254843752399904,0.905678908140391
2002-08-19,1.1804831643056075,1.9809398363573854,1.3832144239888278,0.8584213543983622
2002-08-20,1.1249689665389024,1.968835999411805,1.3372764922930245,0.8349383603430535
2002-08-21,1.0803693347619834,1.95341972918882,1.3031338324472626,0.810666451311264
2002-08-22,1.058703458136078,1.9507272236666438,1.284106635671597,0.7870213094114925
2002-08-23,1.0563157586810223,1.950891495124561,1.2644440581297935,0.7839958541924303
2002-08-26,1.0457472203051614,1.948262031293745,1.2482550973009858,0.7713922820992246
2002-08-27,1.0494883467119582,1.9627731027046833,1.2450758652435352,0.781138338865681
2002-08-28,1.0641828529581394,1.9718328351211578,1.2601662190511593,0.8015501843746858
2002-08-29,1.084883824827616,1.9569905686651805,1.263815919608195,0.7649073133568975
2002-08-30,1.115143236239309,1.9377137062367666,1.277703646939509,0.7361293840949132
2002-09-03,1.148551387998612,1.9283424825344748,1.2952436700793981,0.7264027483111297
2002-09-05,1.1513760375216913,1.8982580329640661,1.2733561291088336,0.7143220810762058
2002-09-06,1.1584313124328505,1.8592504375845658,1.244936962868283,0.720951561372312
2002-09-09,1.170500273724735,1.8200069578651912,1.2165373503016643,0.7109521556597299
2002-09-10,1.1831915771953785,1.7909577214253782,1.1906351210879753,0.7074799081185108
2002-09-11,1.2008318349144527,1.7528050896598981,1.1683986695737,0.7194144378263024
2002-09-12,1.210930604892231,1.725542941296271,1.1632978114569035,0.7529901970303431
2002-09-13,1.207090391566569,1.6968124560170779,1.1475722363953014,0.7781927877949982
2002-09-16,1.2263213540177769,1.6794996445332129,1.142291579112822,0.8111733292703684
2002-09-17,1.2726269550824827,1.6524521219934023,1.1591835301208555,0.8444985874720825
2002-09-18,1.3041156392014381,1.631952750803801,1.1947988472017457,0.8883831507552835
2002-09-19,1.3401815873285798,1.6184575187203782,1.2480309017964224,0.9251858489192045
2002-09-20,1.3587665742447614,1.6212466358479238,1.3032310554112507,0.9525116379588613
2002-09-23,1.3879177466706576,1.649259546163929,1.3535853559722713,0.991634325307075
2002-09-24,1.4218913349247,1.6649088021463563,1.4122636317722956,1.018297167527967
2002-09-25,1.4437584299884914,1.7028301316150736,1.4478127112890002,1.0530111386499383
2002-09-26,1.4949148341961134,1.7124422823168761,1.494495835512563,1.1055326886699062
2002-09-27,1.546783341872893,1.7416947158627039,1.537653966656832,1.1408730044352464
2002-09-30,1.5686485966211223,1.7860467937993583,1.5565672235303771,1.1620597865328897
2002-10-01,1.6205513340771431,1.8309208070888652,1.5733442538908398,1.2004012659350904
2002-10-02,1.6201351235626313,1.8132280733065482,1.5666762342950733,1.2385012963798407
2002-10-03,1.6226520321969682,1.7866854656756543,1.553211436055983,1.263612255918027
2002-10-04,1.6333463395853611,1.7645684343510584,1.5506184795502083,1.3053332878855397
2002-10-07,1.6497434973934253,1.7567765114839067,1.5342825065206247,1.3523515779365356
2002-10-08,1.6516453305553376,1.757587192407995,1.5353884169211731,1.3863321211340736
2002-10-09,1.6803755544971732,1.777896737929774,1.5520635907341416,1.4265309191302564
2002-10-10,1.7138792229498658,1.8257156428261716,1.5704018735090743,1.4060042754279694
2002-10-11,1.7213240883796062,1.8355863953314344,1.5582332696117507,1.3926413911004818
2002-10-14,1.691706989726241,1.7958701823034207,1.504976211377408,1.3024664427993256
2002-10-15,1.6707636251309186,1.7754480634748444,1.4666592774924982,1.2414554993438158
2002-10-16,1.6061257633146964,1.7355857708103275,1.3850236854332736,1.1735719292278988
2002-10-17,1.5278750457798724,1.6873441762210544,1.2994096439897158,1.0992754709607586
2002-10-18,1.4540821116164615,1.6383062262156314,1.2070109660514345,1.006005513859922
2002-10-21,1.3768178549644672,1.616264839451187,1.1167916233580701,0.9135675502433878
2002-10-22,1.3084192063221713,1.5825453682106656,1.033740008677608,0.8316849498992456
2002-10-23,1.24065452657805,1.5735850386012438,0.9645938717244,0.7732343318455362
2002-10-24,1.1740293426112516,1.5532446066977104,0.9142936960312122,0.7199476682746953
2002-10-25,1.0862471858682454,1.5312151823905067,0.8603497407556109,0.6890115897167342
2002-10-28,0.9966738305459578,1.5199173345319006,0.8251940287009895,0.6531484200080658
2002-10-29,0.9334326690316628,1.5083980499622165,0.8128496432122555,0.6319323626239635
2002-10-30,0.8784771353296632,1.5001012820153146,0.798593348569799,0.6228456455654364
2002-10-31,0.8412764286314401,1.5014733843919097,0.794076036037298,0.6084727137005552
2002-11-01,0.8194191108247671,1.5167322944930748,0.8110246986241629,0.5943966463511621
2002-11-04,0.7884625061319779,1.5218875996558918,0.8163554992426254,0.5819030150502521
2002-11-05,0.7755244104659765,1.5105161832221616,0.8222017017855817,0.5633351222937077
2002-11-06,0.7751957402782691,1.514496740706804,0.8379256453911578,0.5528630402846241
2002-11-07,0.7805874394751686,1.5421449915294767,0.8492730021214302,0.5495995651992344
2002-11-08,0.7434254168307893,1.5387076405923688,0.8432237926203137,0.5601534506277002
2002-11-11,0.7173838423957686,1.5360218496080322,0.8384459035718125,0.5573577369386284
2002-11-12,0.6791805183129952,1.5264416267503857,0.8170104590277913,0.5296367625335452
2002-11-13,0.6484987682516102,1.515225192457282,0.8070697684984501,0.5111721426668362
2002-11-14,0.6351663912397458,1.5269610669078726,0.7909435410692021,0.497424426701839
2002-11-15,0.6198686273410572,1.5191626981609465,0.7815155332709925,0.48318151149246485
2002-11-18,0.6301019013030206,1.5315369979434543,0.7764375913769378,0.4844933801245077
2002-11-19,0.6321736608035352,1.5531917067354024,0.7552728214015856,0.5028534194360823
2002-11-20,0.6462785304163402,1.59162943588302,0.7428908461816249,0.5259138932121399
2002-11-21,0.659414633712399,1.5931335748068727,0.7299036158383906,0.5166151244356214
2002-11-22,0.6728628631613326,1.5779639498555733,0.6850961718132274,0.5121025832936233
2002-11-25,0.6948501824879957,1.5673249525294015,0.6580881764708799,0.506725162283327
2002-11-26,0.7226998032614135,1.5826083590558762,0.6521816471847297,0.5152407355853997
2002-11-27,0.7175132354798409,1.5797531272011083,0.6471133139109077,0.521389924162793
2002-11-29,0.6678430271882718,1.5685285657040142,0.6032907490159238,0.4946701193745602
2002-12-02,0.6283209577583867,1.582365451222756,0.5699100916269393,0.46602513198337675
2002-12-03,0.604706472158711,1.6132804720724714,0.5551716883503007,0.44367502440196077
2002-12-04,0.5900839767592515,1.6213304059227989,0.5301189884735398,0.4300501151642796
2002-12-05,0.5741376053076256,1.6412219894316076,0.5196762524237815,0.38691564788429234
2002-12-06,0.563948992846899,1.6542857853691475,0.4976237473670641,0.35770061218537025
2002-12-09,0.5894066945814407,1.665319973106371,0.4713534237567764,0.34138684242343614
2002-12-10,0.5580973044747277,1.6271635752050446,0.43281702826495577,0.30730416458690024
2002-12-11,0.543589128620747,1.5837341555276894,0.4004540957286911,0.2604196041246007
2002-12-12,0.5412005866472145,1.5358792862348525,0.38175116737779424,0.21859774672271545
2002-12-13,0.5417314774853782,1.5004421045203586,0.37241495478196474,0.17339447404671995
2002-12-16,0.5152391087918269,1.457431209374802,0.35828728509696234,0.10618702178493881
2002-12-17,0.4598198096466803,1.4024000052388856,0.32325506987156916,0.060200058716038986
2002-12-18,0.4165853297899308,1.369176100859539,0.2990947603649131,0.034963175511592996
2002-12-19,0.38375105239678664,1.3400870328464876,0.27051185452424803,0.012688665830034357
2002-12-20,0.36121530630215853,1.3181601589290588,0.26310474863846806,-0.00645930982287718
2002-12-23,0.3368036063138088,1.3086528597534985,0.223179891378567,-0.024378293797433174
2002-12-24,0.34374490733136775,1.3141710523271026,0.2091247438572153,-0.03228905235548163
2002-12-26,0.35545173443727307,1.3169871719726067,0.20537198221262248,-0.04910232214747373
2002-12-27,0.3663094734500816,1.3307559570289818,0.21563332681046918,-0.048860010808331175
2002-12-30,0.34250763121796857,1.3382462800086083,0.22716816401774864,-0.061888746485208306
2002-12-31,0.3407209377767355,1.3683104055494975,0.2744032819946437,-0.0681185449090743
2003-01-02,0.3491256437559833,1.3887319928912594,0.34342616701770573,-0.06188916596995132
2003-01-03,0.31808194027953357,1.3737946645495516,0.3444336289846465,-0.09673113676405297
2003-01-06,0.3078883141621737,1.3778466552842736,0.3421323784501737,-0.11673526851850928
2003-01-07,0.2801912011682366,1.3628109621809532,0.315848907975563,-0.13140197580643026
2003-01-08,0.2661831053846391,1.356894373425861,0.3012952102947161,-0.14939263722828214
2003-01-09,0.2470301640283436,1.3482104366318983,0.28785779430490693,-0.1645170386868787
2003-01-10,0.22843244972500273,1.3358324769854204,0.2502523793061146,-0.1864593510978548
2003-01-13,0.23002396937373726,1.3251601167006393,0.22531510880495118,-0.20485514788101902
2003-01-14,0.25369465091834636,1.3392942349271415,0.22492028342191858,-0.18991665349295672
2003-01-15,0.30412507290310803,1.36284806331024,0.24045417339809336,-0.16484789691562757
2003-01-16,0.34912350040854245,1.3979662362884182,0.23790406675161574,-0.13543563994779198
2003-01-17,0.39651211273394177,1.430124841807444,0.26707596107111725,-0.09191118687203803
2003-01-21,0.44305180495703156,1.4264873031783807,0.3084636537684572,-0.07177556557030679
2003-01-22,0.4705666433128697,1.4443952714043031,0.33238295830763365,-0.049897713000882124
2003-01-23,0.4958834442711254,1.4555472431744387,0.35416310567339165,-0.01462059905123456
2003-01-24,0.5380651554236381,1.4600609265251123,0.39602096989110436,0.016238116517599772
2003-01-27,0.5369900471299958,1.4488901157750662,0.3936722267267591,0.0386123551635313
2003-01-28,0.5326974305720243,1.4300288928995037,0.3833906066299936,0.05278474430963189
2003-01-29,0.5381671376044886,1.4278404643142883,0.3744087060629652,0.07266016774807275
2003-01-30,0.5557951409283318,1.4277741444828709,0.37790244333853545,0.10440089376943307
2003-01-31,0.5533972437426329,1.4042797926954012,0.3675622890648857,0.08357574159180464
2003-02-03,0.5536023895498403,1.3673525963296438,0.35108883542511615,0.06813585441461395
2003-02-04,0.5631300120339939,1.3375998131252653,0.34579377227791214,0.07390327116889596
2003-02-05,0.575599931912601,1.3187185865645628,0.33975118988461195,0.08519738428278868
2003-02-06,0.5848263576043549,1.292311417875765,0.3415952709140533,0.10038845404844247
2003-02-07,0.6066147026897729,1.2644396546938692,0.34790729324167063,0.12669496998694715
2003-02-10,0.6102532614826828,1.2456953198590313,0.3649843952495872,0.10836387374483102
2003-02-11,0.6183123989014288,1.2361397233484788,0.3866430497899892,0.113999886682275
2003-02-12,0.6417258761897735,1.2338571905201579,0.4080332408319828,0.11565566382152447
2003-02-13,0.661886314594832,1.2374596897139007,0.42057582053791026,0.13591916556348863
2003-02-14,0.6996454780865551,1.2603995893091966,0.4402116460733963,0.1523832876380407
2003-02-18,0.7239512639373545,1.2745205497571452,0.4645336489687859,0.16786516733837697
2003-02-19,0.7193708133813835,1.2575582464404456,0.4877336687924686,0.17512537329630123
2003-02-20,0.7089483294782645,1.244408504003696,0.524208643593427,0.1970201744509543
2003-02-21,0.7062131164927657,1.2320998045540401,0.5767917079697515,0.2374456902759478
2003-02-24,0.7025158864521089,1.2226795357347762,0.6316471744286335,0.2652639419419835
2003-02-25,0.6830595016583948,1.2148213404739139,0.6533673098402029,0.2546584236563403
2003-02-26,0.6641641238149238,1.2210817801714158,0.6532881476568495,0.2200371518765507
2003-02-27,0.642530781623803,1.20787303904304,0.6495583471663481,0.17634764171702771
2003-02-28,0.6379009958242597,1.1854057052972107,0.6578131601859837,0.15738507632858073
2003-03-03,0.6403280868364544,1.1725173174478436,0.68331656345001,0.14207418824992246
2003-03-04,0.6548388361099555,1.1494885624594051,0.7230900201942032,0.1436368399009893
2003-03-05,0.6870694869859839,1.1419808282118544,0.7547042062237661,0.1458669405469136
2003-03-06,0.7311989109917421,1.1444571169643105,0.7988221504145312,0.16945172658867386
2003-03-07,0.7675236731997481,1.1579405423893843,0.8281077289072213,0.20476965923828166
2003-03-10,0.7885728787715269,1.19510877125843,0.86550220203361,0.25897645437782574
2003-03-11,0.7939047268555193,1.2339908303135971,0.889303320814466,0.2969216435236979
2003-03-12,0.818620431094899,1.2948911840085087,0.912875006456163,0.3234065254526667
2003-03-13,0.8485862491318078,1.3575858750297656,0.9478241602560029,0.34269981629249346
2003-03-14,0.8077786254555659,1.3484455400727804,0.9432529010060491,0.36049611368478585
2003-03-17,0.8066605507265316,1.3616313382313736,0.9671695248512707,0.3657624793097359
2003-03-18,0.7858192149932948,1.3621591228243488,0.9587858600411484,0.35474925130706486
2003-03-19,0.7745773418489148,1.364623659649919,0.9398429067612836,0.3335263466636854
2003-03-20,0.7840418003173043,1.3622783343746645,0.9332637964813053,0.31692042539658993
2003-03-21,0.801182947313791,1.362748270316768,0.9207794947328886,0.32085378879558035
2003-03-24,0.8060047940541317,1.3578740783621195,0.8945044840259945,0.3150837391119023
2003-03-25,0.7601846653874558,1.3260721642337416,0.8217232111871423,0.30802747136108866
2003-03-26,0.7271617621289799,1.302253786341685,0.7658301031298914,0.2886065429307413
2003-03-27,0.7131209063307062,1.2800619354257852,0.7253255956065624,0.282823027079923
2003-03-28,0.7075120270309668,1.25449870298489,0.6890994111491004,0.2761910567921844
2003-03-31,0.7069813027463058,1.2296085313850684,0.6728795963675144,0.28335694994353305
2003-04-01,0.6757090726564191,1.1872132167808251,0.6363011618571217,0.27896525264640126
2003-04-02,0.6312397817855235,1.158033978508313,0.6100954773466453,0.29770266847315974
2003-04-03,0.5618767943144399,1.0952597505528183,0.5518586948948602,0.2739886192953882
2003-04-04,0.5047545772320551,1.046219372117611,0.48797327616148606,0.26412426849438203
2003-04-07,0.45867827744369305,1.0117734722948906,0.4290491962901876,0.2639204656056496
2003-04-08,0.4342473350724967,0.9838441919695156,0.37124160264320877,0.25143001793578973
2003-04-09,0.4241091880274356,0.9853445793204121,0.34121098233229,0.23732091357229845
2003-04-10,0.4093783223755994,0.9681586674752478,0.3311996687155722,0.22150697290733284
2003-04-11,0.3884118560199223,0.9659785779223797,0.3180474304267043,0.20166049439451655
2003-04-14,0.3790007140402994,0.9736402251688164,0.3063056127123854,0.1954827242824926
2003-04-15,0.36294708458808633,0.9844004070003679,0.27648695015637204,0.17228952602118117
2003-04-16,0.3574959948798916,0.9851310251337877,0.2610335160039429,0.1645503641576727
2003-04-17,0.33393102446952205,1.0152495616143191,0.2452549864639662,0.15623713934347183
2003-04-21,0.3056377974380954,1.0219144260351565,0.2322786536963287,0.15531677123017007
2003-04-22,0.3008772253097086,1.027780928881392,0.23638174560852424,0.17528732258059637
2003-04-23,0.27302100336921065,1.0317886225861121,0.21918726561013502,0.17599351939051036
2003-04-24,0.2410274730922362,1.057333804711761,0.21527628497253362,0.1762448766469237
2003-04-25,0.22058779403737538,1.0849609884960398,0.22592971061990255,0.17965277432407847
2003-04-28,0.1882500623025142,1.100984262506369,0.2183878620950876,0.16598214265218875
2003-04-29,0.1556234575431404,1.1155109887814048,0.1952378101027096,0.1458409744337469
2003-04-30,0.11459985020991613,1.1388353955193735,0.19036198939501728,0.13900863214778056
2003-05-01,0.08269380500128842,1.1711679654429015,0.18683621817689816,0.1262458781062891
2003-05-02,0.07008591572260878,1.1987591004596327,0.18753128867751592,0.10168308856086532
2003-05-05,0.06515988994193375,1.2214855968846228,0.17091622940477477,0.06969249086068077
2003-05-06,0.09085031099920816,1.2457653425938529,0.15769603241071278,0.060226629021874416
2003-05-07,0.10029449268021425,1.2756253136434015,0.14634188020718528,0.06008281930271934
2003-05-08,0.09494870649104292,1.3008161090132,0.13865611110233866,0.07311889154772051
2003-05-09,0.07799194661127055,1.2995527976945895,0.13549441252385336,0.07745085675460199
2003-05-12,0.05862933990804636,1.2992295815566404,0.12288027542811562,0.07330286006764249
2003-05-13,0.03992287125905707,1.3078388148997118,0.09838707325218818,0.04356313203302514
2003-05-14,0.03379749429787373,1.317332572984609,0.09294325440307881,0.03264134541789944
2003-05-15,0.021912090522437862,1.3366887350460013,0.0967414285516872,0.037340166255783395
2003-05-16,0.029795223422663726,1.3599506323511805,0.1048189376740575,0.04928215729875313
2003-05-19,0.047757343986967536,1.3810166191958486,0.13183153297094355,0.06085928679196655
2003-05-20,0.026190002817294278,1.3464636231422118,0.12238125915299629,0.05355827085875181
2003-05-21,0.028842248495486753,1.3250223221989004,0.12227743435390395,0.0756064285925519
2003-05-22,0.045918212411292444,1.3213496155974886,0.14520063054138868,0.10762460981404078
2003-05-23,0.04673101050221287,1.3135359914644145,0.15884822856704411,0.14882787306201575
2003-05-27,0.07196039515013174,1.3055615304779844,0.17419645879292794,0.16628329956038512
2003-05-28,0.07828589735146402,1.2691220658639735,0.1575878722064714,0.16079188290306778
2003-05-29,0.09303848333997164,1.228705112081492,0.15202370609141155,0.16096159852587114
2003-05-30,0.11386821593007049,1.205118241496532,0.1332912734212047,0.15603062372957985
2003-06-02,0.11142399433016094,1.196518428804373,0.08622645910059791,0.11926638015350756
2003-06-03,0.11065675011936853,1.1738950051753245,0.03656133230739364,0.10451174224148854
2003-06-04,0.10045151165505259,1.1558398852640446,0.012698129077834448,0.10811966506070995
2003-06-05,0.09374509413810696,1.1341354535309147,-0.00727727103779874,0.10196196379812728
2003-06-06,0.09762597242977891,1.0983635006824897,-0.01833181856497908,0.09350931297154869
2003-06-09,0.10891305129266107,1.0637661931346944,-0.015178760197926017,0.10783718534117974
2003-06-10,0.12310250227107736,1.0370468794290617,-0.003000386277559505,0.09129544883386607
2003-06-11,0.14557981772843476,1.0111291148100743,0.0005669174338330605,0.08093726428230272
2003-06-12,0.18335918929250325,0.9995629480010773,0.0016096179896004776,0.08187979827862166
2003-06-13,0.2211160001604647,0.9943577248139668,0.005487219613972418,0.09563135945778854
2003-06-16,0.25688687468508664,0.9713529656264709,-0.011578300784754853,0.09941298478900511
2003-06-17,0.25432738274994365,0.9206635994529997,-0.06504895684318311,0.09493706828833401
2003-06-18,0.2587537941694926,0.8900279002741697,-0.1105966379056108,0.10631936967114564
2003-06-19,0.2670962618030656,0.8782500724382266,-0.1204247326073493,0.1318539855437946
2003-06-20,0.2531018147419791,0.8820382717302153,-0.13151351553235627,0.15319201138508282
2003-06-23,0.2526437888132719,0.8781034544005888,-0.1273042069674258,0.18510519330077005
2003-06-24,0.2560768874879232,0.8728240439448601,-0.12252006076672355,0.19268579437420644
2003-06-25,0.2586186883692293,0.8607719403301457,-0.11317246992384951,0.2083249461358212
2003-06-26,0.25080655778772626,0.8639112925321883,-0.11170135531726673,0.2275427131295576
2003-06-27,0.2446741947482262,0.838680746185634,-0.10426606127622141,0.234764052021119
2003-06-30,0.24411465105292385,0.7994219790304915,-0.08371702986331418,0.26355667093232915
2003-07-01,0.24612773002749513,0.7501156998272305,-0.05644591480676169,0.3092862018635664
2003-07-02,0.2441156416920607,0.7203154330256977,-0.023999279335746485,0.3567531425973697
2003-07-03,0.24433786849946476,0.7020376030860215,-0.00603249116825986,0.3093109858358101
2003-07-07,0.24706307093947447,0.6959021901098286,0.00025591311454917416,0.25896196219464185
2003-07-08,0.22452644986511275,0.6215301674732153,-0.014576664111750601,0.1977067835852303
2003-07-09,0.21676951325570484,0.5882436657985839,-0.011315700433457884,0.14193709143394026
2003-07-10,0.21423813936933192,0.5654051490936356,-0.00957075356726008,0.07913682608089093
2003-07-11,0.20849254157556774,0.5383391042312149,-0.02861498264564027,0.017661243359927803
2003-07-14,0.20101604879705612,0.5312120589718557,-0.04538754221346769,-0.025659242107736405
2003-07-15,0.1832130663208907,0.5406009810571099,-0.05885369100221467,-0.05983341700052846
2003-07-16,0.18057203683190437,0.5679781754095716,-0.05359369289252337,-0.07609033861726425
2003-07-17,0.17189571477936394,0.6159487468144562,-0.053879565605744584,-0.07331930811685547
2003-07-18,0.1585760396927154,0.5954090433887381,-0.03751721756722166,-0.07307872305675585
2003-07-21,0.15945798866562183,0.5875703404663917,-0.05878439740418896,-0.07243021163102487
2003-07-22,0.15389815100606935,0.5705575204991264,-0.0785242191848566,-0.08779452408840381
2003-07-23,0.14138999130542798,0.5497181798342939,-0.07672723621815593,-0.1019923053142585
2003-07-24,0.12952600461622799,0.5377157761823874,-0.07918298878448365,-0.11308368260382227
2003-07-25,0.11066167984529124,0.525332428456634,-0.09128246095002832,-0.11585049555484982
2003-07-28,0.07892476420482868,0.5162086132064702,-0.13013411673343953,-0.1235133353143033
2003-07-29,0.04376569764614699,0.5091657627931035,-0.16417620387793627,-0.12963582214295868
2003-07-31,0.015487636782042943,0.5148277297623517,-0.19653159414214508,-0.12037391937933087
2003-08-01,-0.0017754508313464034,0.5266385223416282,-0.2057504785702994,-0.10487514461472208
2003-08-04,-0.038893960380753136,0.5476128437637978,-0.21836961370187377,-0.123890517609817
2003-08-05,-0.07581400396732713,0.574640252652269,-0.22991045705095514,-0.1428264719868466
2003-08-06,-0.15409895401915227,0.5153130015794395,-0.29095852195818805,-0.15315836850962797
2003-08-07,-0.22766477453515205,0.48266849666055966,-0.3485524619572474,-0.16055878967219162
2003-08-08,-0.3141374287144269,0.4534074330449851,-0.3909376447400672,-0.15897291823717463
2003-08-11,-0.37387037960858455,0.43228117482351314,-0.4364945993575842,-0.13236587963115848
2003-08-12,-0.4244642898913349,0.40867501285986335,-0.4592617008552987,-0.0968387765925861
2003-08-13,-0.4779920870163343,0.38934555768335705,-0.4864927329919682,-0.08845173357575963
2003-08-14,-0.49880037009270045,0.38253682510268405,-0.5051684884392537,-0.06242546369705085
2003-08-15,-0.5087923927996274,0.39969382730153347,-0.5184033745490588,-0.03293261217069578
2003-08-18,-0.5076674651144593,0.40640737900865376,-0.5236193357899747,0.00864544059376267
2003-08-19,-0.5026069727072433,0.3876262052085268,-0.5444673280565655,0.05662637835976979
2003-08-20,-0.49437317545418374,0.36154219773170504,-0.5514335084406574,0.057702868389457
2003-08-21,-0.49968721830697654,0.35080921402142023,-0.5454104893410223,0.06436318268741278
2003-08-22,-0.4957382028249347,0.3642823248312813,-0.517306037784691,0.07510584335171212
2003-08-25,-0.5161369861687063,0.37849659165779387,-0.48451227565715477,0.07001724768395474
2003-08-26,-0.5191825128377381,0.39940806671007467,-0.44288936679057817,0.06992574526031108
2003-08-27,-0.5083101702426845,0.42154987566423296,-0.4049947931425672,0.08197530945818737
2003-08-28,-0.47258797437622224,0.4429986193696591,-0.3768095583745126,0.09604929506529543
2003-08-29,-0.43487983138977304,0.4691629258653748,-0.336469130302697,0.11378839522161827
2003-09-02,-0.4074360143221824,0.4862848888138437,-0.2890508913928917,0.12503415629229175
2003-09-03,-0.3967173860131811,0.5035502401288668,-0.2607122678402225,0.11806187989722859
2003-09-04,-0.3872056013357219,0.5198599668080657,-0.2482856492345879,0.11210974238700185
2003-09-05,-0.3685404298332159,0.5333299028423744,-0.23935153769363543,0.11105420917442353
2003-09-08,-0.3673622621987651,0.5726626174831303,-0.23116767466842822,0.10938726515579932
2003-09-09,-0.3814261202375877,0.5928566007772146,-0.22072338703487215,0.11022651571794445
2003-09-10,-0.385474239180614,0.6219335863019377,-0.22269597159782284,0.11943237826255176
2003-09-11,-0.3819285149711593,0.6099745207684264,-0.22231428131473877,0.0798050130785011
2003-09-12,-0.39316833950169516,0.6174885732885603,-0.2108479641749642,0.057834457914607354
2003-09-15,-0.3924829540476262,0.6460768760934399,-0.197825476591291,0.02379848504873309
2003-09-16,-0.3758710090657049,0.6816686051495974,-0.18558615627438949,0.0008872295797558803
2003-09-17,-0.37161868795591296,0.7020922276368255,-0.17807840341311515,-0.00038047477313865705
2003-09-18,-0.35753638531447585,0.746708560526054,-0.17643472678778788,0.03250328419918442
2003-09-19,-0.3393316132031745,0.7806262086788335,-0.17978906197211406,0.07531493771019028
2003-09-22,-0.3156216751006074,0.8113045841412234,-0.16881863674590614,0.13576250878303758
2003-09-23,-0.287190313762992,0.8426703349467164,-0.15979254494978717,0.1998330544120787
2003-09-24,-0.2549716599157768,0.8867863109471176,-0.13163327273817457,0.25909108115100593
2003-09-25,-0.261492760213884,0.8586960724732121,-0.1475064467949712,0.3252273756625566
2003-09-26,-0.2796474954964791,0.8297196902571969,-0.15088774432813326,0.3660084844891635
2003-09-29,-0.27738982519216204,0.8065195562243176,-0.14862388127978,0.35704518033695853
2003-09-30,-0.273279218629635,0.7878409834268613,-0.139555746855574,0.3478180430711534
2003-10-01,-0.2708389406953586,0.7592948267293902,-0.1555333312020027,0.3301884787727347
2003-10-02,-0.3182707119270211,0.7235406911606496,-0.20654097657962606,0.28881125329976676
2003-10-03,-0.3572089237523832,0.7154498020894045,-0.26503919247833396,0.25030120309565257
2003-10-06,-0.38811235692171964,0.6699613770808641,-0.3274130106011571,0.2053007597583494
2003-10-07,-0.415878362755472,0.6364671660806577,-0.37232391552308075,0.1625569889418667
2003-10-08,-0.42500522187824413,0.6086155966666372,-0.42336502833910106,0.12682296138891935
2003-10-09,-0.431006912885041,0.5943713770379618,-0.46389584884998153,0.11824425221671148
2003-10-10,-0.4376620042926631,0.5852556988140273,-0.5026673327451654,0.09514529297503424
2003-10-13,-0.44733282900579663,0.5796592769030005,-0.5231506090877485,0.08045324200373999
2003-10-14,-0.4384262691966806,0.5853351147208128,-0.5579653821367989,0.0695316708829954
2003-10-15,-0.41913183082576894,0.5998434353878158,-0.5925811890506985,0.07064640292005332
2003-10-16,-0.4010758314588723,0.6180341986095983,-0.6087202507190027,0.04942825188915182
2003-10-17,-0.36624215294366824,0.6369102930637015,-0.6188184712359417,0.0285870283172249
2003-10-20,-0.35762227634908067,0.6183733124431408,-0.6159388554379767,-0.011202297768650478
2003-10-21,-0.34294151628180924,0.5934877711910412,-0.6155885443067147,-0.02583185673650861
2003-10-22,-0.3327893250788145,0.594222551430473,-0.6161474905448835,-0.02180802039846444
2003-10-23,-0.3419693803797892,0.5616375723962389,-0.6501387358943861,-0.017513393429907792
2003-10-24,-0.35878288270877706,0.530292679434335,-0.6748203375298782,-0.010025525678569316
2003-10-27,-0.3653111952252918,0.5237605182757334,-0.6748819248136485,-0.0016450206704173183
2003-10-28,-0.36432939224057687,0.5357409738164616,-0.6619608217133275,0.008320789793211924
2003-10-29,-0.38139335369540894,0.48914998735768284,-0.6787092783488199,-0.0028058267621626446
2003-10-30,-0.381016700412873,0.45175368928071197,-0.7059830150819373,-0.024390696924794515
2003-10-31,-0.39077476365868985,0.43741090042807856,-0.7339032833610297,-0.03177306188145356
2003-11-03,-0.40728094499866896,0.42863827388930986,-0.7530686273729044,-0.02472105874345943
2003-11-04,-0.4085943945862966,0.4106735309481606,-0.7767532467383805,-0.04125578195143727
2003-11-05,-0.4183364548376544,0.40185932565632504,-0.8040411398155927,-0.037062860030115836
2003-11-06,-0.4080300099942767,0.40200404309430815,-0.8087762979318932,-0.021415765928121888
2003-11-07,-0.4004694152459929,0.4158682426252285,-0.8176185611809759,-0.002287438629420597
2003-11-10,-0.4166337443749962,0.4327169506930714,-0.8088964590483293,0.04705262721546209
2003-11-11,-0.4268285404420765,0.4471187346695495,-0.8108271888054599,0.06991904198583734
2003-11-12,-0.42543119378690397,0.46171469875755655,-0.8076483084560139,0.09386073728485361
2003-11-13,-0.44525201291491506,0.4525215249852428,-0.8203347708669639,0.07954537450483508
2003-11-14,-0.44243071306873194,0.47136124722868394,-0.8332892044164611,0.08155949267027476
2003-11-17,-0.43463226293927065,0.4871691990944469,-0.835523363466938,0.07091215805548727
2003-11-18,-0.43542723529461436,0.49620585002618994,-0.8215552870384631,0.05242230428470912
2003-11-19,-0.4524394715965217,0.469806890708379,-0.8056038829427433,0.03900559325328915
2003-11-20,-0.45634673377529933,0.4569469335235956,-0.7980593316707147,0.046891799686117286
2003-11-21,-0.4765501957369754,0.45194071914849093,-0.7939390273853716,0.061571592741763576
2003-11-24,-0.4856683920625037,0.4652706790952177,-0.7728708324550991,0.07323080466213275
2003-11-25,-0.49463202553262053,0.4361480019782601,-0.7751601220560708,0.05122871878006288
2003-11-26,-0.5087509555702551,0.41116153354166246,-0.7779560877719554,0.02878987113877333
2003-11-28,-0.5183726786056904,0.39545371467107465,-0.7667643658703699,0.012742884174845611
2003-12-01,-0.5336175033933775,0.40005360137341495,-0.7420878532986029,0.005297122877470312
2003-12-02,-0.561991585193599,0.4075353350940902,-0.7478182182586794,-0.005696175492399969
2003-12-03,-0.5550079851764744,0.42460581280523163,-0.761343250168642,-0.0017218678197966463
2003-12-04,-0.548153039015303,0.4501147840226158,-0.7586585585394694,-0.007752659574430328
2003-12-05,-0.5306060542423913,0.4800122280631039,-0.7507978511174732,-0.015464589625535107
2003-12-08,-0.5338872200082886,0.4857822357217567,-0.7296733337897106,-0.008247633477331094
2003-12-09,-0.5284909142671678,0.5000640549379286,-0.7231072836261624,-0.002815299386054724
2003-12-10,-0.5375701185815558,0.4825557011983242,-0.7291986085825745,0.017957144460193163
2003-12-11,-0.5311601020045094,0.46071131246531494,-0.7159765037179912,0.025980576622121183
2003-12-12,-0.5482438672450649,0.4299326610852803,-0.7202599934683371,0.01353514931578264
2003-12-15,-0.5582842715267465,0.39342649096926674,-0.7134401089541595,-0.0034322181171726096
2003-12-16,-0.5681934325095745,0.34020572336877314,-0.7047903848533146,-0.02844137639935815
2003-12-17,-0.5727550837575338,0.2989599514190823,-0.7375115816879811,-0.050249152371674384
2003-12-18,-0.5873095875384814,0.2685972352583085,-0.7634855195682296,-0.059660763973431015
2003-12-19,-0.6249406216261127,0.22479137729403062,-0.8017359324025535,-0.10414228400096946
2003-12-22,-0.6517563199618918,0.18686954725180868,-0.8192766805702602,-0.14270735848814592
2003-12-23,-0.7011097363295558,0.17009040031500952,-0.8352602244609609,-0.1880790120145044
2003-12-24,-0.7352959837248043,0.15610568648624937,-0.8262560925500066,-0.2317676116892154
2003-12-26,-0.772011312938654,0.15468897969875783,-0.8071801525552902,-0.2717341751241571
2003-12-29,-0.8000137977600601,0.16096089238307654,-0.7822933274913717,-0.29370105945815217
2003-12-30,-0.8547883613568589,0.16260120574400874,-0.7716895846124494,-0.3435868923930541
2003-12-31,-0.8961931006368283,0.16933681509570417,-0.75502873785101,-0.3676478249499956
2004-01-02,-0.92616838223453,0.17133265674557255,-0.7356837986137402,-0.381774266979735
2004-01-05,-0.9369612600516175,0.16714165828536542,-0.7160313403914522,-0.38082497892726713
2004-01-06,-0.9612828786133837,0.14168423573825575,-0.722299059079812,-0.3831731574420392
2004-01-07,-0.9676471946423132,0.12174223700860909,-0.7225723060469005,-0.3769858306059949
2004-01-08,-0.942348074036888,0.1110447767596005,-0.7215430688390193,-0.37373514914393363
2004-01-09,-0.9207336817586017,0.11125824360792456,-0.7140306941589907,-0.3985007328166574
2004-01-12,-0.9151393684222021,0.12132269782578184,-0.7474892366827117,-0.41937520533701195
2004-01-13,-0.9032817166247314,0.10976625749664708,-0.7549591331365778,-0.4260452627289051
2004-01-14,-0.8879529094409642,0.09389081920815591,-0.7588906163431128,-0.4177816572839617
2004-01-15,-0.8841224235035258,0.09092274331745868,-0.7816367248053135,-0.41338303438720997
2004-01-16,-0.8716572504191984,0.11607961036746456,-0.7944514493496208,-0.38941845002839504
2004-01-20,-0.8344700750371664,0.15248491784956048,-0.792762148521378,-0.3652442250573163
2004-01-21,-0.7973950554216774,0.2003568869895227,-0.7781426998089512,-0.3351769330152705
2004-01-22,-0.7796273366948695,0.25378021352774316,-0.7714606584613524,-0.293647833774607
2004-01-23,-0.7346003041239847,0.31387841595365534,-0.7657436730292472,-0.231434706989321
2004-01-26,-0.6881210461990142,0.40053495914869564,-0.7622836688227681,-0.15782486817035593
2004-01-27,-0.6609207815469821,0.4754081006581259,-0.8002043308841273,-0.10353224368093387
2004-01-28,-0.6538861796904536,0.5017284005695349,-0.8391966030765916,-0.041882806741683674
2004-01-29,-0.6861413942582952,0.5033196976174303,-0.9164051150215958,-0.023826724023300043
2004-01-30,-0.7091560079988446,0.5176168400086333,-0.9816663229757066,-0.018339401422291172
2004-02-02,-0.739141050291067,0.5347130074313926,-1.0250507821668555,0.01677490877655804
2004-02-03,-0.7768547907133337,0.5414668605328398,-1.0389280717333778,0.06929165585593282
2004-02-04,-0.8013496945586559,0.5584284904140576,-1.0484408843118747,0.13817735643941464
2004-02-05,-0.8385581782938691,0.5680430635940008,-1.0500201199134302,0.14996122211312377
2004-02-06,-0.8581844761946855,0.5768718518824749,-1.0261032937664631,0.16188734677612568
2004-02-09,-0.8873925250583572,0.5633523429919994,-1.016112439434501,0.11789807924087971
2004-02-10,-0.9102023515274247,0.5642802011726828,-1.00212579670379,0.07846237471767187
2004-02-11,-0.904096239517149,0.5773659869953096,-0.9749972279143972,0.049931922276624255
2004-02-12,-0.9194861875994729,0.5871129953869713,-0.9586562474333935,0.017388763472363074
2004-02-13,-0.9120309595451165,0.5909620259637275,-0.9510520705511906,-0.008325234866312696
2004-02-17,-0.8975978279562041,0.5882417215900945,-0.947396574420469,-0.05246078610033896
2004-02-18,-0.9086777614653183,0.5875869264608232,-0.9555546927921124,-0.08561531190853465
2004-02-19,-0.9279087923092678,0.5979071480825362,-0.960566948803405,-0.10553346431222499
2004-02-20,-0.9327168540007068,0.5809134816767586,-0.9561930289787581,-0.10724571660454565
2004-02-23,-0.9180687983122114,0.5725990089206557,-0.941845476818143,-0.10216739876465444
2004-02-24,-0.9026010631623962,0.5666627028370418,-0.9252158753744582,-0.10686786198002168
2004-02-25,-0.885249385610772,0.5683960854753666,-0.9131848732134931,-0.08030131904640923
2004-02-26,-0.8643351447816122,0.5621070523851381,-0.8993113058920414,-0.05951557179322382
2004-02-27,-0.8372390643110857,0.543962495840776,-0.8554378466724668,-0.028300460545314585
2004-03-01,-0.775976962043365,0.5361900859311588,-0.803742149189013,0.004612038336079075
2004-03-02,-0.7098271721520677,0.5371280019883135,-0.749084070184515,0.03524508841828607
2004-03-03,-0.642201845441673,0.5442203592485966,-0.7054475147621279,0.06019608411929281
2004-03-04,-0.5501298524896887,0.5708539483766097,-0.659071144586245,0.10638014834553255
2004-03-05,-0.462874235690533,0.6016794420309337,-0.5917607842321173,0.14322663498838997
2004-03-08,-0.37616991365415875,0.6443925860692276,-0.5219685851749026,0.1827363146760074
2004-03-09,-0.2980695460984308,0.6469290608658138,-0.45482680710131673,0.22637552478246917
2004-03-10,-0.21617763070342416,0.6738177904605844,-0.3762640975247238,0.2623532771184263
2004-03-11,-0.18007205855198855,0.6766753161552681,-0.3380961942596207,0.2657801194089905
2004-03-12,-0.1693915754591768,0.6777136024705237,-0.33825513806417323,0.2795420313520655
2004-03-15,-0.1725977464330503,0.6819861222818948,-0.3269287137242528,0.2838326490532192
2004-03-16,-0.18366974534214606,0.6717298930473633,-0.329620707768094,0.2678194183061729
2004-03-17,-0.1821178455506831,0.6824958218784527,-0.32615195280445436,0.2517536391662508
2004-03-18,-0.19784945853674585,0.677645553792367,-0.3215049692070705,0.22561577279882067
2004-03-19,-0.18101764613506272,0.6672508596385696,-0.29893935154369033,0.21741092216350455
2004-03-22,-0.17003638228666926,0.632612321492298,-0.29226316168362154,0.22543799958244196
2004-03-23,-0.19389677450577156,0.6056994100679997,-0.30387129503991006,0.2114138016905085
2004-03-24,-0.21929552980657507,0.5906088067215689,-0.3003665043740951,0.21309400993215954
2004-03-25,-0.238222787570442,0.6071748182962757,-0.29221823068053504,0.2221605505333521
2004-03-26,-0.27396333085662883,0.5873182609909641,-0.320876245519321,0.24661966802538585
2004-03-29,-0.2989321437549426,0.584019657422384,-0.3426181895038811,0.2745910818083746
2004-03-30,-0.3331599738920262,0.5903853591533981,-0.3784272570379526,0.29355140554702713
2004-03-31,-0.3482566974989982,0.6050240201567942,-0.38723101816158484,0.29231208374797674
2004-04-01,-0.36410557415119327,0.6147931295757504,-0.39432760820150425,0.3022785422588206
2004-04-02,-0.36940800463866685,0.617332417702888,-0.3870217148495741,0.3058288492192241
2004-04-05,-0.3769175826266428,0.5911140289559895,-0.3730570581297309,0.3001990357226358
2004-04-06,-0.377662107639892,0.5676242534316364,-0.377997393848683,0.31013780514271966
2004-04-07,-0.3580643593561953,0.5547726973023448,-0.3841541238772689,0.32295454806610474
2004-04-08,-0.3358155476621959,0.5388486705998732,-0.4002499662536232,0.3527467528958027
2004-04-12,-0.3096875883688131,0.5306127848085356,-0.401715670638691,0.3638876623235354
2004-04-13,-0.264013182231451,0.5249093701808744,-0.39111330729197646,0.4038236113197357
2004-04-14,-0.24017347056042704,0.5261707419054338,-0.41083326327236913,0.42949316808712623
2004-04-15,-0.20311361274956696,0.5393674152884899,-0.4078745618761208,0.4456642130838048
2004-04-16,-0.16447019671399957,0.5523294067391304,-0.3988523352744619,0.4506682772503783
2004-04-19,-0.1387289889981157,0.581519882519799,-0.38939021706115795,0.45924974162274945
2004-04-20,-0.12095934424614485,0.611298207552651,-0.36128581320258185,0.4659026307676851
2004-04-21,-0.11663652222742087,0.6155026166099365,-0.36243552661481954,0.4557172249567663
2004-04-22,-0.10763929269585755,0.6283029465686156,-0.34888244094978027,0.45960593356145063
2004-04-23,-0.11056273280531731,0.6146760829466572,-0.3594399165687976,0.4742218679368293
2004-04-26,-0.08998422080921165,0.6052306547702859,-0.37362904970427424,0.48539892838185705
2004-04-27,-0.07501428493430834,0.5958297263980917,-0.37777196121904,0.5168091709319131
2004-04-28,-0.07891333487367537,0.6037778247633113,-0.37063659203841715,0.5510517437430461
2004-04-29,-0.0830381467020235,0.6020059887316145,-0.3707654575454426,0.5574155945802856
2004-04-30,-0.0962245920281079,0.597915333939489,-0.3916527652662373,0.5553824556167882
2004-05-03,-0.12430001206840537,0.5588064576641631,-0.4280769594377827,0.5541552047557273
2004-05-04,-0.14537598039807859,0.5139632855919429,-0.45681609601948314,0.548343082018086
2004-05-05,-0.15846948363614854,0.4763911408715028,-0.46009571606768573,0.5645710360639901
2004-05-06,-0.16293873392394417,0.4672200432187556,-0.45059940008033866,0.5721043040194134
2004-05-07,-0.17948296828100427,0.4398802643918798,-0.43880999956839606,0.5841367026181994
2004-05-10,-0.23071846039719066,0.4045499031542354,-0.44817769587996004,0.5368344014399704
2004-05-11,-0.28490524173466825,0.3889785809016732,-0.49268619447553336,0.5049458279931595
2004-05-12,-0.3464743667121218,0.35934708966226886,-0.5267610752873287,0.45273731900914527
2004-05-13,-0.41020649746404153,0.33742558326614225,-0.5555577263941597,0.40671428914431973
2004-05-14,-0.4515931200927962,0.3101155802352555,-0.5977279019144749,0.37967065967312513
2004-05-17,-0.48950805770465705,0.2919344255162362,-0.6271102169237447,0.3509855697738831
2004-05-18,-0.5375422292984904,0.25577562322390546,-0.6782800073546461,0.3197169878847587
2004-05-19,-0.5803967955682361,0.22989697737408601,-0.7169879071496253,0.29381613252484184
2004-05-20,-0.6116738904203658,0.21368232101949583,-0.7383967951998524,0.27383342128581384
2004-05-21,-0.6385241226263039,0.20669655944984813,-0.7390386975646249,0.24039752755823723
2004-05-24,-0.6523915556710318,0.20904853937013507,-0.7377734496504591,0.23366461928351462
2004-05-25,-0.6733324220627865,0.2227607901519016,-0.7268535369962096,0.21625559826936602
2004-05-26,-0.719020533713533,0.21384320959890782,-0.7497785549323993,0.15333624073397933
2004-05-27,-0.7467642305127169,0.2113235682128003,-0.7603808626665455,0.11513030259345405
2004-05-28,-0.7561154796557943,0.20948349574816336,-0.7875790050868923,0.10621145041526554
2004-06-01,-0.7624358309807318,0.21509738763447064,-0.8353525413487607,0.12426868247201205
2004-06-02,-0.7479859483439179,0.2481473183527543,-0.8643562932020569,0.14479237491585129
2004-06-03,-0.7185142822074967,0.30643992752915195,-0.8820991919638158,0.17970862636379456
2004-06-04,-0.6975686732170501,0.35375157361666676,-0.8988130890765028,0.18996649061095286
2004-06-07,-0.6784443543123214,0.4036237238468328,-0.9190760020889504,0.21286811223774765
2004-06-08,-0.7036596570046469,0.43760648099966537,-0.9643800293624321,0.20602814454689838
2004-06-09,-0.7132479229611023,0.4629072952375463,-1.0132713766629866,0.20749763073542887
2004-06-10,-0.7261935021884958,0.47442953382229397,-1.0623384449318778,0.19668819633186382
2004-06-14,-0.7241196105380495,0.49619112202951887,-1.0955231994798635,0.20260987631735086
2004-06-15,-0.7526879432850376,0.5068712924720656,-1.1541523700247112,0.17343385176344234
2004-06-16,-0.784083982004395,0.5007724951305428,-1.2111845902274052,0.1268115102999269
2004-06-17,-0.8087551769086463,0.4988044800730585,-1.2691794887552685,0.0883919684831349
2004-06-18,-0.8268008655276354,0.49773827657590747,-1.3046546425617627,0.058677619684040346
2004-06-21,-0.8443649165283141,0.4970005971478306,-1.3356450907382669,0.020294349253506563
2004-06-22,-0.8497530639871352,0.4978466409347376,-1.3550946088594609,-0.020519127253678673
2004-06-23,-0.8296532737938803,0.5096147212412421,-1.3644406890279357,-0.02471735641263365
2004-06-24,-0.8152620319718855,0.5378289870778211,-1.3727171993651814,-0.040514149800505536
2004-06-25,-0.7958993962009698,0.5685757897722343,-1.3592439715617586,-0.04475411498818172
2004-06-28,-0.7781138451972476,0.6122272417552219,-1.3370822465701213,-0.0548225001112279
2004-06-29,-0.7614010032574611,0.6526919167979696,-1.2952459144635267,-0.055713150516304426
2004-06-30,-0.7153167912493933,0.6923470079161264,-1.239720851717117,-0.05001665229694985
2004-07-01,-0.6383642066900084,0.7213397707532596,-1.178919589833752,-0.04322938755475214
2004-07-02,-0.6022491874749459,0.7491412023410003,-1.173276683712098,-0.025217550552768402
2004-07-06,-0.5570234803491405,0.7871202787100091,-1.17347401177015,0.007209947896566068
2004-07-07,-0.5368740755650012,0.7705717557391869,-1.1830129863252605,0.022628101340825744
2004-07-08,-0.5041118741726865,0.7668115364261707,-1.1677162909780066,0.05051474081235763
2004-07-09,-0.49488884939011496,0.7677095838483505,-1.146276533539138,0.04108767503911582
2004-07-12,-0.4820049694418628,0.7491535917931513,-1.12206622807036,0.04435144605424906
2004-07-13,-0.456724245181729,0.7285210838598519,-1.0934827358109547,0.05587849742233652
2004-07-14,-0.4268021471298433,0.716044111056875,-1.0428733620750654,0.07950056265387029
2004-07-15,-0.3952222302393058,0.7099120768451177,-1.0003076785886318,0.09589461241278849
2004-07-16,-0.3631421642700705,0.7253021170294706,-0.9406935878285181,0.12561659214302062
2004-07-19,-0.33925411473801287,0.7444130227358178,-0.8884738614556834,0.16985134140225516
2004-07-20,-0.31163216758946194,0.7736466021736321,-0.8277010148378263,0.20881921186091262
2004-07-21,-0.2761749581915549,0.8001211340970021,-0.755831992131849,0.25901916748601717
2004-07-22,-0.29700500160208454,0.7925261597527351,-0.7033028031584283,0.26678914166811923
2004-07-23,-0.3070429731501416,0.780921184069716,-0.6449208016782859,0.28671575827715945
2004-07-26,-0.31864209260686943,0.7460685181372962,-0.6039696178547257,0.3019405611003141
2004-07-27,-0.32423334038002893,0.7344268913189574,-0.5619095395269513,0.3040196142978234
2004-07-28,-0.3453967346126853,0.7135676826615743,-0.5482686125242368,0.2893191202654492
2004-07-29,-0.3597441285056433,0.7003880905155595,-0.5335591434068464,0.2856825703226107
2004-07-30,-0.37382435302419675,0.6978669398268217,-0.5014450766946578,0.2739446144207322
2004-08-02,-0.3784091318781234,0.7108640587594505,-0.4494090453558317,0.27605201933102663
2004-08-03,-0.3517331012142746,0.7427971020899753,-0.4163078102182534,0.28964308091621993
2004-08-04,-0.3329436320448142,0.7630064414380165,-0.3664303707778548,0.31252335583075713
2004-08-05,-0.3068142051199437,0.7845032021422479,-0.285114852726903,0.340665067763855
2004-08-06,-0.3101100945364924,0.7710225461375185,-0.2523651913017748,0.3466153504466414
2004-08-09,-0.3346933670268936,0.7236184367416932,-0.2625611959725902,0.3343861124610802
2004-08-10,-0.3571828940632525,0.685489186257278,-0.26821391542151407,0.3312968567946909
2004-08-11,-0.3859625452084971,0.6544605432561601,-0.27564176210290636,0.3194660864294909
2004-08-12,-0.39394243634665266,0.6334910445854369,-0.2873482648167939,0.314702599487248
2004-08-13,-0.4220744054295379,0.6178998124051438,-0.31987407151811115,0.2953387726736655
2004-08-16,-0.442178387234073,0.5922772660690206,-0.34623945804588496,0.2916808216777004
2004-08-17,-0.4588983812108591,0.5637159143285077,-0.37792071793132703,0.2639695989673685
2004-08-18,-0.48333082601478156,0.5246687268934486,-0.4056904526935069,0.24565483373239386
2004-08-19,-0.5175291619768183,0.4699540897766439,-0.43829599774924527,0.23183033750515292
2004-08-20,-0.5480603384287221,0.4132446036827148,-0.4747698543144488,0.2264978569922836
2004-08-23,-0.5679190129641122,0.36402156453437234,-0.5232750983254404,0.19702258167977596
2004-08-24,-0.592524625685141,0.3153128799669216,-0.5710464337040555,0.17130164876895276
2004-08-25,-0.5990695636474993,0.28397222726432697,-0.5962503700742734,0.14635264939499534
2004-08-26,-0.6165300857026561,0.25914939677682713,-0.6114469076477768,0.11844368553616048
2004-08-27,-0.6311299338215638,0.2394586328525527,-0.6176879521020605,0.08177814415890385
2004-08-30,-0.6566901443556269,0.2302566279660499,-0.6212143598471375,0.0427765083554627
2004-08-31,-0.6974331833502703,0.20187040910350806,-0.628622833202498,0.0107217958524268
2004-09-01,-0.7311713556668136,0.19166088065564932,-0.6517378989868882,-0.011393276814954664
2004-09-02,-0.751139321100839,0.19587003547138573,-0.6691747011957574,-0.01204591820001504
2004-09-03,-0.776050650693197,0.1904029089286935,-0.7161649044604721,-0.021203392803143296
2004-09-07,-0.8124189157098471,0.15340334843583492,-0.7563427733767799,-0.03663092764956246
2004-09-08,-0.840912709076205,0.12573499702710253,-0.8060750151513143,-0.03646434090406971
2004-09-09,-0.8531345044692467,0.11157434057065083,-0.8464002036803424,-0.03459849369391827
2004-09-10,-0.8671107624817438,0.09946850992160554,-0.8496054150840602,-0.04097404767217168
2004-09-13,-0.870888366630556,0.08015647160472152,-0.8619087875827471,-0.04666002813808695
2004-09-14,-0.8640939836183038,0.04631536812868919,-0.8644700915834558,-0.06155099137697061
2004-09-15,-0.8304698998767076,0.033597221161146655,-0.8648539973946799,-0.07870215705902588
2004-09-16,-0.7928187742368581,0.016814779161627394,-0.8686278496168807,-0.08001156399557427
2004-09-17,-0.7461950454710197,0.026217204169574748,-0.8538574967470378,-0.09496030825931852
2004-09-20,-0.6961967354421522,0.04520007116957213,-0.8257281736594976,-0.08860260602008686
2004-09-21,-0.6325430665572696,0.06861545914281865,-0.7937750118362109,-0.08893681560421332
2004-09-22,-0.5595482808018167,0.10620874718042159,-0.753360446987463,-0.07862282714270101
2004-09-23,-0.5104032684052746,0.114178902394112,-0.7611379792500816,-0.08137139488011982
2004-09-24,-0.4508411155551809,0.12510411067162439,-0.772845591017392,-0.08562098712781285
2004-09-27,-0.3835034301694021,0.13476716376038075,-0.7782801699982492,-0.06909127064089299
2004-09-28,-0.3328386258338501,0.14264290816680994,-0.7816452828990746,-0.06458571267822762
2004-09-29,-0.29135464161776337,0.1531680204817057,-0.7885979334461528,-0.05793107473877812
2004-09-30,-0.26612068546581613,0.16903527414750233,-0.7874060539458536,-0.049344396573581605
2004-10-01,-0.2364901430187727,0.19418427327978338,-0.7933670330790659,-0.011320909529036747
2004-10-04,-0.24486365084288925,0.14316974883887343,-0.8059260838446344,0.005602130829658355
2004-10-05,-0.25274949612993,0.10444914482663933,-0.8185531599997249,0.01640903661411352
2004-10-06,-0.25757499577721216,0.09557249913952698,-0.8101054447617552,0.03976333405781068
2004-10-07,-0.25505110384966556,0.08813866257608079,-0.7902486869336305,0.06479086595113241
2004-10-08,-0.2664480660521767,0.06994193177193254,-0.7885325993426228,0.08232683223531434
2004-10-11,-0.2837729892773507,0.031206939609905657,-0.7876031773753194,0.09396058054489183
2004-10-12,-0.2902865789164867,0.015154605608363804,-0.7908402050902832,0.1109585531018969
2004-10-13,-0.2901359977539452,-0.002321552655263104,-0.7779098978735136,0.12695944502365222
2004-10-14,-0.2835054978721192,0.006595848864870858,-0.763519438837339,0.12210671452303253
2004-10-15,-0.28973850517903715,0.009541465748960731,-0.7708401863831762,0.11904255994812643
2004-10-18,-0.26396739577001394,0.046915606385585056,-0.7575915598697072,0.1116471638101728
2004-10-19,-0.23211732679181327,0.07430884942376725,-0.7523103426597303,0.1211415730077493
2004-10-20,-0.21340179823574024,0.10579715664402435,-0.7330114068465691,0.13277201498178817
2004-10-21,-0.19361816136310955,0.13931273070102193,-0.7167652349246733,0.13803232139970567
2004-10-22,-0.1603768015642656,0.1504790757051962,-0.6999318840631201,0.15628570196098462
2004-10-25,-0.1572037992127208,0.13440006937101875,-0.702247845182278,0.15865439225959296
2004-10-26,-0.14373454433644683,0.1292570344564881,-0.6997131863772164,0.15153253904127448
2004-10-27,-0.14836598384578506,0.12801149630729705,-0.740970736749494,0.12664580765156871
2004-10-28,-0.17147324841996991,0.08751279545469878,-0.7985078653289326,0.10584416590761131
2004-10-29,-0.19920801193131227,0.05801879743695501,-0.8302460358962434,0.09522789974109139
2004-11-01,-0.23268252125075012,0.031157395534584565,-0.8486889105062078,0.11381343527725973
2004-11-02,-0.26668654635442446,0.003065243093421073,-0.8535814774699845,0.12795782218758528
2004-11-03,-0.2876394401883672,-0.02257367907283849,-0.8477611697203082,0.14370973807704557
2004-11-04,-0.32911111226611156,-0.025598568198487694,-0.8493381675018143,0.13979489013069465
2004-11-05,-0.38511945326077285,-0.04032726079206609,-0.9029083608590418,0.13647604547067171
2004-11-08,-0.4346290679913759,-0.04947131562110686,-0.9412627652435374,0.1328079702875703
2004-11-09,-0.4790528849413484,-0.046489881917017875,-0.969174477186649,0.12090951476333237
2004-11-10,-0.5100645760273157,-0.04276041240336486,-0.9847040336174879,0.11712418986890187
2004-11-11,-0.5093813323399302,-0.02813090080214708,-0.9879214722664849,0.11398946727119239
2004-11-12,-0.504664648314428,-0.01341370678556353,-1.0021070069852336,0.1222336411630091
2004-11-15,-0.5022218640695755,-0.004078183925365906,-1.0016165739677625,0.12195545424205655
2004-11-16,-0.508348764085263,0.011500540190223755,-0.984958837702296,0.12471828445567597
2004-11-17,-0.5331740135147023,0.019936167442882895,-0.9666297499772618,0.13523874405923703
2004-11-18,-0.5549514255572869,0.013466320284080785,-0.9606996112273841,0.15641827251072948
2004-11-19,-0.5881371249677091,0.013398137640526577,-0.9474190044877211,0.18516877662445372
2004-11-22,-0.6412197524678147,-0.01229665075738422,-0.971422694509528,0.18123300589636337
2004-11-23,-0.6795854924225327,-0.04982247406494672,-0.9718811275708138,0.15023323296305818
2004-11-24,-0.7268056624981294,-0.07904392139883198,-0.9676248677826685,0.11436336386837999
2004-11-26,-0.7736716047718919,-0.09978893336956031,-0.967879184397887,0.08029425631572605
2004-11-29,-0.8015106597943888,-0.12269848995812734,-0.9562395224126947,0.05775984593978314
2004-11-30,-0.8318145887788235,-0.1315021674305069,-0.9313394397510676,0.046630093354964125
2004-12-01,-0.8487653455930518,-0.14240821536101542,-0.9146709689207916,0.03126708985078562
2004-12-02,-0.8756612630418938,-0.1827996010035339,-0.9426006209485958,0.012994346175709636
2004-12-03,-0.9018110639502924,-0.21152207850999952,-0.9463355943944524,0.0007770471124860325
2004-12-06,-0.9286895924166013,-0.2269123535095404,-0.9380929559860691,0.0030842676628102207
2004-12-07,-0.952843550433919,-0.23891163110701366,-0.9331230978768862,0.0042210640720410164
2004-12-08,-1.0129443111341632,-0.28233220327545894,-0.9360493844570903,-0.043943822952491426
2004-12-09,-1.0565901832298035,-0.32046482565991957,-0.9253140887626157,-0.09845461184996235
2004-12-10,-1.0981372719083546,-0.3422427763178412,-0.9241010212644087,-0.146989683691974
2004-12-13,-1.112432221465034,-0.3514885234936045,-0.9163436155341622,-0.1940951984053017
2004-12-14,-1.1259268881792672,-0.359955373756956,-0.9072251274075378,-0.2481585058229419
2004-12-15,-1.1208908032151266,-0.34642919257899424,-0.9049326771119012,-0.2834251864001785
2004-12-16,-1.1187340640089027,-0.32455952242884384,-0.8968359597032324,-0.29580659941324156
2004-12-17,-1.112078947752037,-0.3032092159402357,-0.8823475377450164,-0.3137632430223234
2004-12-20,-1.123936833742161,-0.27316417057318887,-0.8768880096733359,-0.3109603242031501
2004-12-21,-1.114809465572944,-0.24302022947615415,-0.8503562720150436,-0.29319695514109795
2004-12-22,-1.110548719564878,-0.2219356452309576,-0.8321091444661634,-0.28516933505752023
2004-12-23,-1.0977929650706189,-0.19025537666332515,-0.836251891890806,-0.26476265801407994
2004-12-27,-1.0845429637718647,-0.1457490490360102,-0.8343655846077284,-0.24664578754029381
2004-12-28,-1.0739715016380391,-0.08920863431739699,-0.8409234664949452,-0.22861099137446833
2004-12-29,-1.062715075843306,-0.02432613355109157,-0.8270192830039766,-0.20819931103824724
2004-12-30,-1.0445989831122353,0.05940189127100956,-0.8124092087578186,-0.18708125899022657
2004-12-31,-0.9960571636288463,0.13420548026745982,-0.80878242940133,-0.1473972655439844
2005-01-03,-0.9541357911472594,0.2089575751220465,-0.801790930626639,-0.10474370914267514
2005-01-04,-0.9169941924300675,0.27053144242173105,-0.7920497967616899,-0.07941571830480601
2005-01-05,-0.9278956065059816,0.2961738756584223,-0.7909607971802766,-0.06140269628945119
2005-01-06,-0.9411196287075584,0.3162752515385562,-0.7896600958513509,-0.08485917111234234
2005-01-07,-0.9571129890733101,0.3342748189735561,-0.7909991671586041,-0.10678205579288927
2005-01-10,-0.9442064763612329,0.3555921592515659,-0.7746394587083091,-0.1451126145193416
2005-01-11,-0.9283185205856566,0.36965242020980177,-0.750113930753427,-0.17319561224882238
2005-01-12,-0.9214390722171707,0.38146730509913396,-0.729676400128519,-0.22038418665183324
2005-01-13,-0.8904417793644649,0.40511681068398403,-0.7114088667305329,-0.24897785670920772
2005-01-14,-0.8707921538724602,0.4101596032322724,-0.714490395428227,-0.26844397148391563
2005-01-18,-0.8452778473356986,0.4174476643656344,-0.7109976325240999,-0.29648109986193977
2005-01-19,-0.831243867739752,0.4529441837998844,-0.7082789614499494,-0.33640554880390977
2005-01-20,-0.8392786970078266,0.4662646673174196,-0.7047335300572336,-0.40486525325409545
2005-01-21,-0.8432358422058266,0.4637699902611249,-0.7137919839857936,-0.45546578467672133
2005-01-24,-0.8680056435520093,0.4523916692839419,-0.7415250523174337,-0.49811620255933214
2005-01-25,-0.8926367686360202,0.44651113082250476,-0.7666391959729976,-0.539291142425538
2005-01-26,-0.8990495030292976,0.4531778923692725,-0.8049686152559542,-0.5650781403965949
2005-01-27,-0.8902090898353325,0.458414904558106,-0.8343575119588673,-0.6126511895853154
2005-01-28,-0.8744557058310417,0.46003784058762165,-0.858666193013034,-0.6529181923196493
2005-01-31,-0.8540686829616408,0.46689295958217053,-0.8809583114882578,-0.673802744794991
2005-02-01,-0.8422932677188057,0.47518584306034284,-0.8975087628755654,-0.6925508751021844
2005-02-02,-0.8446377052683742,0.4852262646678723,-0.9203851796005637,-0.6889164047909221
2005-02-03,-0.8284331842492035,0.4905439590132186,-0.9360015288810911,-0.6646271994868002
2005-02-04,-0.8047985868029546,0.4846937656792148,-0.9263733377598246,-0.6394548609687911
2005-02-07,-0.7984869494621804,0.4591332745546279,-0.9469098551420343,-0.6266692203768947
2005-02-08,-0.775547130128072,0.42827442113085357,-0.9574031139797184,-0.5975560078656438
2005-02-09,-0.751404509516598,0.3978823478593597,-0.9479877403390277,-0.5406515545028795
2005-02-10,-0.7353189236411813,0.3548765628866184,-0.9237129264628221,-0.5260120905675044
2005-02-11,-0.7199500214550463,0.32920127371938906,-0.9145469542361712,-0.4958656855696703
2005-02-14,-0.7043138940118935,0.30330553125273935,-0.9040615674684671,-0.4789870238508869
2005-02-15,-0.6823888236017726,0.280646641148163,-0.882231206966941,-0.4518769053790782
2005-02-16,-0.6523688222236096,0.2729449587500556,-0.8454349035347074,-0.40372240430007333
2005-02-17,-0.6232413852833275,0.27523124137253097,-0.8017030768132128,-0.3421169691275181
2005-02-18,-0.5998655613410251,0.25180097297620657,-0.7609518002844347,-0.2933362727026358
2005-02-22,-0.5696907865355503,0.2326464638708457,-0.6965505958644643,-0.23128759661247278
2005-02-23,-0.5737704826272875,0.20742977844530322,-0.6938350633267064,-0.23896968447449207
2005-02-24,-0.5757415226700815,0.19671232223016888,-0.6967313713128563,-0.22286778387978345
2005-02-25,-0.5957662379935676,0.17194488502961885,-0.7099720039011322,-0.2232996388949686
2005-02-28,-0.6222226502959485,0.15657420712546735,-0.7252507687171643,-0.24079413357995513
2005-03-01,-0.6287539638704599,0.13679015915426151,-0.7410472817513359,-0.24520766203301825
2005-03-02,-0.6253017883473813,0.13177189529884994,-0.7516393037496597,-0.23953318706905125
2005-03-03,-0.6091869201432142,0.13382944686595627,-0.7516368622022073,-0.2329016321174585
2005-03-04,-0.576562642387163,0.1438417238019019,-0.7347634260257562,-0.20996309938429863
2005-03-07,-0.5565771874285894,0.1353766713204997,-0.7382679990742291,-0.20073088737754807
2005-03-08,-0.527926093881534,0.13031691941562712,-0.7455696011496276,-0.19041815636008452
2005-03-09,-0.5120749354774836,0.14539120296805053,-0.7287102925403716,-0.20374971264928105
2005-03-10,-0.5203070456337693,0.16181677730365462,-0.7322447042511779,-0.22751791374505112
2005-03-11,-0.5094246807664244,0.18564818943772915,-0.7480413125715071,-0.25546582265132006
2005-03-14,-0.5104510252922875,0.2055180260926314,-0.7665347339485411,-0.26758119001984104
2005-03-15,-0.5070911048069188,0.2370137109862701,-0.7549738586952534,-0.26173818995702497
2005-03-16,-0.4815590095969563,0.24225967367726628,-0.7515969366802812,-0.2522896190539993
2005-03-17,-0.475673264430572,0.22789803410698062,-0.7813569440883575,-0.24514005180203524
2005-03-18,-0.4567510744933052,0.20937908341289774,-0.8025240595184294,-0.25348372553006954
2005-03-21,-0.4432149734649011,0.20383510896315393,-0.805949363157385,-0.26634991429367705
2005-03-22,-0.41424467091823414,0.19398364117330996,-0.8004211013246102,-0.25719514433635315
2005-03-23,-0.3960884021637458,0.16705747095710452,-0.8078235403913866,-0.25900455204682865
2005-03-24,-0.36682232224147354,0.1627076397155902,-0.7870580262811468,-0.24424626215812373
2005-03-28,-0.3478016421478922,0.18299142206115682,-0.7609144233799084,-0.2283304297393166
2005-03-29,-0.34682690806584376,0.2154544734346455,-0.7147507162821772,-0.20586861469731513
2005-03-30,-0.3456200037282481,0.24398146195546294,-0.6827317881820599,-0.20073937114629772
2005-03-31,-0.35833715302984637,0.23702824341662337,-0.6766053561544956,-0.21409428375048145
2005-04-01,-0.36471982031482436,0.2311046422521563,-0.6595807495828545,-0.20761378052586993
2005-04-04,-0.34502523815006814,0.23424894230679025,-0.6559492409111055,-0.1980243663122874
2005-04-05,-0.31060962213533255,0.23183350466567612,-0.6376685412483495,-0.18498697780529014
2005-04-06,-0.2696578974113875,0.24040015421011085,-0.6024637294137926,-0.15208852465212747
2005-04-07,-0.2165437743699632,0.2582436271767804,-0.5612177169968832,-0.11111693696155593
2005-04-08,-0.15712573954592018,0.28871539399469265,-0.5249958896698546,-0.04723578793152415
2005-04-11,-0.11578428087322418,0.30273711992195523,-0.508063461780759,-0.015510385377939787
2005-04-12,-0.0806220417966689,0.3371295483218744,-0.47151523612037655,0.047032747009086405
2005-04-13,-0.041145230191120916,0.40250728847175066,-0.4029313085448724,0.12615786563815434
2005-04-14,-0.019395721482631464,0.43394661023843667,-0.33913236867742375,0.18980482255013695
2005-04-15,-0.010532785701635692,0.4345881139434807,-0.29541649318473256,0.2362888654547551
2005-04-18,-0.010800764475231709,0.39954468374283025,-0.30650635178709534,0.26584773920381055
2005-04-19,-0.009218261077907311,0.37614409123073506,-0.3023819391907599,0.307949476187045
2005-04-20,-0.0029222555850168365,0.354585132835651,-0.2859565566505758,0.36788840005007606
2005-04-21,0.0033245388169575118,0.3274651825465395,-0.2684700127242366,0.40829512021335107
2005-04-22,-0.03114061483665306,0.27033545809724446,-0.29687015358508423,0.42528180017861206
2005-04-25,-0.059536525231104684,0.20275037956576955,-0.3176691493589027,0.43174997913102614
2005-04-26,-0.07288399431269017,0.1420182476661076,-0.34391406584750667,0.4443909294458914
2005-04-27,-0.09497273253326793,0.08391622724547934,-0.3804169834902452,0.4524425021571256
2005-04-28,-0.1089900150968576,0.03628854772597658,-0.40810754825784196,0.45818185691798624
2005-04-29,-0.11646687129238588,-0.022874204249300114,-0.44702342881869106,0.423511808719214
2005-05-02,-0.15911168110930335,-0.08700344644713515,-0.49796390004918856,0.37321232983862024
2005-05-03,-0.21144151759464563,-0.1311522027440426,-0.522198986924537,0.31860924797544427
2005-05-04,-0.25689319540867217,-0.16601846330186615,-0.5398193835004389,0.2894712193628537
2005-05-05,-0.2877676426106382,-0.18878552706673826,-0.568239542951565,0.2654830546367334
2005-05-06,-0.3229082101913084,-0.19571694678688645,-0.5986650864749862,0.24204642188566294
2005-05-09,-0.35238000957141735,-0.19490860380880076,-0.6077924659729994,0.2323176241925392
2005-05-10,-0.3759485824255114,-0.1935681636770664,-0.6038953559768946,0.2283447480904114
2005-05-11,-0.40627002339016477,-0.2217006254414448,-0.6132529610126721,0.21128683081480146
2005-05-12,-0.4210147470247422,-0.2454823576428308,-0.6240505968463723,0.22558498086927103
2005-05-13,-0.4531566648350226,-0.2733665010187798,-0.6525171069953493,0.22045113868318245
2005-05-16,-0.4939793047240341,-0.3006816386155409,-0.6731071775847988,0.2100516445793857
2005-05-17,-0.5488294194527649,-0.3194789137051775,-0.720918322826464,0.18802860100766608
2005-05-18,-0.6037062968716586,-0.31884701169384766,-0.7549513253287071,0.17222473754088746
2005-05-19,-0.6590188343084901,-0.3455403169332396,-0.8141382320028123,0.14260233610958234
2005-05-20,-0.7220398229060335,-0.3762108743544977,-0.8719438297506041,0.11390111206588587
2005-05-23,-0.7848149376545029,-0.3990675489660156,-0.9225202182163791,0.0874673679240123
2005-05-24,-0.8405156976110895,-0.4200255074007881,-0.9609265208729965,0.05869064302213604
2005-05-25,-0.881851282294772,-0.4270398060215193,-1.003537183423246,0.04322500833562939
2005-05-26,-0.9075470099385593,-0.41770806775845787,-1.0296755866996323,0.01219825820894921
2005-05-27,-0.915126057644619,-0.4038283540919887,-1.0567518148813146,-0.046444042502270924
2005-05-31,-0.9141566836390435,-0.3888048515722539,-1.0798200639769118,-0.081132474585775
2005-06-01,-0.930170336324165,-0.3628909694301602,-1.1253933664928781,-0.10846888901585694
2005-06-02,-0.9479897651355227,-0.34394770576690037,-1.170206424870902,-0.15104545865311692
2005-06-03,-0.945635208016353,-0.3287261577782936,-1.1993364663518489,-0.1955248970527121
2005-06-06,-0.9456460440618831,-0.3551528677316777,-1.244978669917252,-0.2428801009644599
2005-06-07,-0.9445854835280314,-0.37978380963477026,-1.293755912832619,-0.2778261495635417
2005-06-08,-0.907461765849917,-0.4147065008136474,-1.3428549607915536,-0.3084695185149992
2005-06-10,-0.8673394631528554,-0.4315826129203931,-1.3677680123755944,-0.3317750461833098
2005-06-13,-0.8371049429750126,-0.4597800936100438,-1.380027945083429,-0.345256073238783
2005-06-14,-0.804702773453623,-0.4825194933556976,-1.384692236951916,-0.36031354929761433
2005-06-15,-0.7882438167534017,-0.5022560704469453,-1.3694147314427567,-0.3849513008259811
2005-06-16,-0.7849178212015296,-0.5072816758787693,-1.3497244247437046,-0.4143450467921551
2005-06-17,-0.787361692687667,-0.5026397746513024,-1.298450136500823,-0.4357977151913009
2005-06-20,-0.7882757892520724,-0.48775843604009966,-1.2309608835336932,-0.4512001935904371
2005-06-21,-0.7602496110278368,-0.4550834319087761,-1.149799289603254,-0.4438722899858165
2005-06-22,-0.7186424454940493,-0.42532803234180894,-1.0630667602489343,-0.4183170652564298
2005-06-23,-0.6630696681055384,-0.3779337605985119,-0.9545867533837472,-0.3829894200574438
2005-06-24,-0.6460246196739645,-0.3642557985644343,-0.9338710438517337,-0.369269598205809
2005-06-27,-0.6402511772648447,-0.36620896878825204,-0.9528802399503542,-0.359590389957779
2005-06-28,-0.6192539296927709,-0.3648828386826729,-0.9498462997891253,-0.3278755409028262
2005-06-29,-0.5966755480534207,-0.37385147078449,-0.952940516925464,-0.33047586462257517
2005-06-30,-0.5712253457453443,-0.3574438224549846,-0.939571035456481,-0.3264545155037965
2005-07-01,-0.5519864178289073,-0.35902207220954413,-0.9373829537476942,-0.319038276086074
2005-07-05,-0.5351155387838541,-0.3555563192310911,-0.9400057549715216,-0.3089137749681398
2005-07-06,-0.5360363757604091,-0.34991500181727153,-0.9315013746451161,-0.29854374507486114
2005-07-07,-0.5560937742229686,-0.3374578734799808,-0.9568550299964226,-0.27339806780717035
2005-07-08,-0.5611141052124278,-0.304498387955649,-0.9763330181543242,-0.22436215879219107
2005-07-11,-0.5888284681212653,-0.31480813431357296,-1.0414196144790513,-0.21000942315229323
2005-07-12,-0.6132640971022412,-0.327637498045479,-1.1126797891991023,-0.21012189930662892
2005-07-13,-0.6264358688009681,-0.35401754897763116,-1.1630189412284022,-0.19391094354426533
2005-07-14,-0.627299607230799,-0.3649738057008357,-1.1920410802206995,-0.15821759333769386
2005-07-15,-0.6298718187152017,-0.3864596589035823,-1.2194460542590857,-0.12439930533664269
2005-07-18,-0.6180406426960465,-0.415155018145154,-1.243373670057875,-0.08331571399103387
2005-07-19,-0.6070020897222757,-0.42917989765235076,-1.257465453787871,-0.040492790335533865
2005-07-20,-0.5949521118253766,-0.4716146975572388,-1.2697606350566917,0.006231569732132935
2005-07-21,-0.5787122998646959,-0.5152213726383101,-1.2777399499151512,0.04083088192249625
2005-07-22,-0.5692018931523471,-0.5354934907352373,-1.273796003834098,0.0664013351344776
2005-07-25,-0.5664404661068256,-0.5485172557115483,-1.2552520910764555,0.07224430312618985
2005-07-26,-0.5721699413371703,-0.5467900315593036,-1.2378857938295071,0.06861010537790653
2005-07-27,-0.5854865273780792,-0.5311983223617855,-1.1967439556892925,0.06313471727391874
2005-07-28,-0.6063165482211056,-0.5214208428017989,-1.1517418859954065,0.05990478757718408
2005-07-29,-0.6169512325445647,-0.5078044292410212,-1.1215688267300608,0.05249603027035516
2005-08-01,-0.6427934408224382,-0.5029883422414926,-1.1083561579694252,0.03597735000893526
2005-08-02,-0.6652737970209504,-0.4820328255733573,-1.0794524860552692,0.03313281864216234
2005-08-03,-0.6878411245540703,-0.4799081075906399,-1.051976043152514,0.02523759568443973
2005-08-04,-0.6936454394504693,-0.48166808193644883,-1.0144936182144373,0.019540207389105273
2005-08-05,-0.7056624635347758,-0.4983274391201369,-0.9974311211859499,-0.005663284441675264
2005-08-08,-0.7336949427335905,-0.49596913061309494,-0.9647707687888749,-0.05221549068150123
2005-08-09,-0.7633707744610498,-0.5011141877632667,-0.9311399947611652,-0.10577315084472035
2005-08-10,-0.7907723482125223,-0.5130119450132564,-0.9189427107565887,-0.14609299435618167
2005-08-11,-0.8076267161081004,-0.5259600258394231,-0.8920275330971724,-0.16706734541624665
2005-08-12,-0.8091228213694523,-0.5276072977573707,-0.8734446213728644,-0.17462069059742608
2005-08-15,-0.810185806261306,-0.5362415537262841,-0.8635812881012588,-0.19010264970546067
2005-08-16,-0.8131256838358326,-0.5328245598828821,-0.8564993273939737,-0.20828120163475056
2005-08-17,-0.8429246500568255,-0.5593305498972666,-0.8789785693921917,-0.25844471158127164
2005-08-18,-0.8662681802731031,-0.5818873353403051,-0.8987836613079426,-0.28443105566393073
2005-08-19,-0.8641308772249254,-0.6037454078024169,-0.9238026988633631,-0.3012103362948896
2005-08-22,-0.8499183814038254,-0.6131247494698108,-0.9505613268432435,-0.30116903187980615
2005-08-23,-0.8253907712500383,-0.6047481538356902,-0.9640210495542639,-0.3091970976406938
2005-08-24,-0.785264052051657,-0.6122003419106472,-0.9634762239192447,-0.31389547536800017
2005-08-25,-0.7742203080846991,-0.6216226962104721,-0.9610713895735912,-0.306740240074865
2005-08-26,-0.7504488986305635,-0.6294751804987018,-0.9399051451492743,-0.287387727518384
2005-08-29,-0.7265697877513159,-0.632971723146685,-0.9277449730152469,-0.3053363421716218
2005-08-30,-0.7088236021848443,-0.6278505386312406,-0.9124654692510885,-0.3154779387848905
2005-08-31,-0.6805698473753066,-0.5928312981197726,-0.9033491959788184,-0.32305554871572945
2005-09-01,-0.6781643780288512,-0.5744754292345997,-0.8956527885471598,-0.37942613096967875
2005-09-02,-0.6912369653577357,-0.552528500630977,-0.8615848411003428,-0.39700813604736074
2005-09-06,-0.6771272008838455,-0.5387376090610855,-0.8263882677110307,-0.39622136826971743
2005-09-07,-0.669287986350072,-0.5583156830637337,-0.8360517512470711,-0.3992749020098641
2005-09-08,-0.6361592026100358,-0.5501522232486845,-0.8374290779844166,-0.3911336371600642
2005-09-09,-0.6069639929607233,-0.530734297280827,-0.8449560544883556,-0.39754403944646793
2005-09-12,-0.5757933782343083,-0.516739177192554,-0.8542285938002822,-0.3802858305651526
2005-09-13,-0.522931819780241,-0.49349655599414005,-0.857701854944093,-0.34494573565252895
2005-09-14,-0.4683586893503467,-0.47576887251533045,-0.8768027575629065,-0.31266258173350997
2005-09-15,-0.4165520277486678,-0.48218344223910564,-0.8716852583846328,-0.29502471931430974
2005-09-16,-0.3541710290625223,-0.47193581617454117,-0.8524605247164828,-0.26758913508921583
2005-09-19,-0.3050660214055031,-0.450814564083761,-0.8499118766394235,-0.22528033812992992
2005-09-20,-0.2571763344151853,-0.4492068737133723,-0.849646013228387,-0.1749746571964974
2005-09-21,-0.24192276465656942,-0.4451736456429241,-0.85496105814793,-0.14205814441831607
2005-09-22,-0.24433172024209415,-0.46308354655737427,-0.8768385967309207,-0.1320615030727535
2005-09-23,-0.23614770109839067,-0.4683914806205138,-0.8928033482591213,-0.12014084871557526
2005-09-26,-0.2181062742139655,-0.46675911393523173,-0.8998373007754804,-0.08850961948383085
2005-09-27,-0.19115198257698413,-0.4381471682150119,-0.9033983100640862,-0.051331575706677034
2005-09-28,-0.15482427840990837,-0.38990053585285606,-0.8813199244946681,0.0068310262328698185
2005-09-29,-0.11504043440480358,-0.3241597567279089,-0.8657410640819314,0.04959982016784037
2005-09-30,-0.08742784544567718,-0.269880922491319,-0.838852246458162,0.07515930817015166
2005-10-03,-0.08150388648931677,-0.2024908822363332,-0.7874503708887666,0.12494910241956902
2005-10-04,-0.08633093879285068,-0.12786289746081805,-0.7336277058686864,0.1868203359622599
2005-10-05,-0.10293319765972167,-0.06339616108141462,-0.6937876401445677,0.22051056420730525
2005-10-06,-0.13277113448649314,-0.016150143615244996,-0.6962112342123877,0.21423565491628996
2005-10-07,-0.14220035775297998,0.005013453285725088,-0.6966464343608038,0.21261875214360526
2005-10-10,-0.14705132986193065,0.033354318087010594,-0.6857644392937916,0.22298789935592347
2005-10-11,-0.13482666406304022,0.07351056528714033,-0.6814525416053934,0.24004197273206163
2005-10-12,-0.11436935700987517,0.11766498778314097,-0.6897611750778274,0.24504504858501688
2005-10-13,-0.09951157226952592,0.1365036259076058,-0.6845772901734677,0.26118908416986814
2005-10-14,-0.06137837649603769,0.13596168025603894,-0.6619981088800638,0.28721812534537905
2005-10-17,-0.031041356453858977,0.1494809519445945,-0.6241260309517357,0.30658325020240057
2005-10-18,0.0010233484013420573,0.15954422424693415,-0.5856511499817464,0.3420643574847767
2005-10-19,0.022957336581510345,0.17109027145885064,-0.5743903493440933,0.35428891438451193
2005-10-20,0.003221785399103611,0.1631506331835814,-0.562100865900274,0.3561454905665027
2005-10-21,-0.02480251424257157,0.15633176018215283,-0.5743646789543341,0.3574035632183056
2005-10-24,-0.04611798985123332,0.15067488773477758,-0.5878406651593264,0.3562662945923151
2005-10-25,-0.09442091821807956,0.1293608602132551,-0.6334927507581198,0.33512774788966493
2005-10-26,-0.10022991426976156,0.11681150105714555,-0.6722445247403738,0.3132416577264622
2005-10-27,-0.09972648227159273,0.1174630593621373,-0.7114168424817479,0.28338433311872097
2005-10-28,-0.12921349977970542,0.0883939639855755,-0.776440124086126,0.22913957241171057
2005-10-31,-0.17843294660998696,0.052293929388283096,-0.883083078648032,0.17271302292165797
2005-11-01,-0.22127286114834188,0.011652560243073887,-0.9743471189811017,0.12582784350856774
2005-11-02,-0.2584022279827492,-0.0226300783171729,-1.031783490319686,0.1003202671565371
2005-11-03,-0.29894985829103987,-0.057370493483142354,-1.106465830533082,0.06007620387764628
2005-11-04,-0.3278420941743494,-0.11325479001566971,-1.1699091028274247,0.024046505811541843
2005-11-07,-0.3492507179721988,-0.16111908186828922,-1.221329713511832,0.0056089688177599515
2005-11-08,-0.35989803315885766,-0.19197105922278718,-1.2653557326998823,-0.009671063866975587
2005-11-09,-0.35891963266507954,-0.23527187373827957,-1.3127400517330714,-0.014554614312355782
2005-11-10,-0.3582604983442296,-0.27060271394344537,-1.3382680526337547,-0.02032550395868806
2005-11-11,-0.3732450052158233,-0.3029109670816377,-1.3824545791794807,-0.0208142692597151
2005-11-14,-0.39157062930661235,-0.32490345308382507,-1.4258294685484005,-0.006405560306493625
2005-11-15,-0.4194728996927016,-0.33070084096312957,-1.4616006198050864,0.0016799878707902804
2005-11-16,-0.4469242952364066,-0.32847458711788663,-1.4860916942926798,-0.025402093582842195
2005-11-17,-0.4636464050210815,-0.32932335665108514,-1.5015906825428558,-0.060333792390848094
2005-11-18,-0.4933882895300406,-0.3465166760529466,-1.5056739803219914,-0.1105884185030394
2005-11-21,-0.5214824747383324,-0.35124388814018126,-1.493948510100116,-0.1475935563454854
2005-11-22,-0.5662722894492536,-0.34884353141717206,-1.483529091797835,-0.18311695126830144
2005-11-23,-0.615458109953292,-0.3503097176080469,-1.4828761329052766,-0.2101032255276411
2005-11-25,-0.6556894212927603,-0.34336998540629754,-1.4818229371542184,-0.2132357662552637
2005-11-28,-0.6727600663883049,-0.33405159887213975,-1.475703089823313,-0.20268395965976604
2005-11-29,-0.6870687273939712,-0.32757417803484035,-1.4555469112054864,-0.23465851529136877
2005-11-30,-0.7122575891775422,-0.30219594765839963,-1.422669739361521,-0.2395974688264808
2005-12-01,-0.7520937760682234,-0.26494804213487,-1.4195429640665647,-0.2289054455445877
2005-12-02,-0.8078770439792868,-0.2789779094591952,-1.466733228258964,-0.25850866404741435
2005-12-05,-0.8449633201564413,-0.28419696861320276,-1.4987116923988013,-0.2839482392629672
2005-12-06,-0.8782337220466319,-0.28862773385171225,-1.5149872968072875,-0.30493101215224616
2005-12-07,-0.9038991287166664,-0.2782242273937923,-1.5118639379569727,-0.3090461156851688
2005-12-08,-0.9213721639736088,-0.27651425064384927,-1.52129433193382,-0.3174985944449823
2005-12-09,-0.9339007481037515,-0.259009597366541,-1.5495698857213624,-0.32450961423203234
2005-12-12,-0.9336635186557636,-0.2323459815344909,-1.5593385045791475,-0.3275539267915627
2005-12-13,-0.9477774027261701,-0.20432003494500545,-1.5568942199543256,-0.31176339227376265
2005-12-14,-0.9505773021916479,-0.17824958819222889,-1.5604571630256254,-0.30473575117525736
2005-12-15,-0.9757805097027654,-0.15588033200259657,-1.5673839192523056,-0.29723646150210065
2005-12-16,-1.005247676843485,-0.12658080842741454,-1.5546407038338668,-0.30849594450096307
2005-12-19,-1.0208688567227626,-0.10666334483954626,-1.523016702285224,-0.33208014797056057
2005-12-20,-1.0344970676547474,-0.11578621730197441,-1.4888037102895655,-0.3805198161704745
2005-12-21,-1.0304662984816406,-0.12890050988375035,-1.4582288450025076,-0.4054244660665794
2005-12-22,-1.0142912538741489,-0.1330688241141644,-1.4017338843282785,-0.40711719132216123
2005-12-23,-0.9940115807074649,-0.11374593256892354,-1.3294457792048298,-0.4032493720069181
2005-12-27,-0.9559581461431969,-0.0766692055405511,-1.246410383906986,-0.38164858825934156
2005-12-28,-0.9442215482521482,-0.05736764461780185,-1.1993591200401275,-0.3778762043948729
2005-12-29,-0.9217739071490411,-0.029072793529257134,-1.1347118176007702,-0.36523161512993335
2005-12-30,-0.8987321225405814,0.0005244673196249689,-1.0817318272406828,-0.3357905150423024
2006-01-03,-0.8573562455743935,0.04091178686732875,-1.034081232568695,-0.30739075453574416
2006-01-04,-0.8734362117129835,0.0449048726436889,-1.0197785589774913,-0.32213816059611133
2006-01-05,-0.8788390368598689,0.05002747066841883,-0.9998451827692411,-0.3300876969234675
2006-01-06,-0.8757345196603697,0.062224168635516254,-0.9599612549634801,-0.32958416706247495
2006-01-09,-0.8780470853825396,0.061052999244136034,-0.913172577128438,-0.33109917973113007
2006-01-10,-0.8737548018880288,0.06024189441154571,-0.861024885540237,-0.3286057615852881
2006-01-11,-0.8726387663865262,0.08181727639799684,-0.8008817717441739,-0.32081115310786806
2006-01-12,-0.8634975967454479,0.1133743978363574,-0.7328746556406251,-0.30288050244613784
2006-01-13,-0.8321290474163181,0.14995413593736623,-0.6858940700489933,-0.29865637911861126
2006-01-17,-0.7973683685755506,0.1953316011660323,-0.6410493686018739,-0.2792304755262007
2006-01-18,-0.7575467569969543,0.23160773922973982,-0.5891887822708557,-0.2711520624030063
2006-01-19,-0.6977354606076669,0.2577954672780173,-0.5411057394646543,-0.2555017436496448
2006-01-20,-0.6391540585956967,0.29296737184382526,-0.48891423335054046,-0.2474420046060913
2006-01-23,-0.6711627108080055,0.24385634963174957,-0.5105375881670903,-0.25111084392607996
2006-01-24,-0.7014229052802645,0.20291912377810845,-0.5334910793086399,-0.2400655454705698
2006-01-25,-0.7185884521176413,0.17097094128872203,-0.5380207456955676,-0.24007102478706308
2006-01-26,-0.7149259569331547,0.15771058090831094,-0.5359139370308051,-0.2243189840979204
2006-01-27,-0.7116657395028411,0.14980027977588325,-0.539744647074674,-0.22958033123197233
2006-01-30,-0.7113106644048948,0.13628964245059874,-0.5462754968321123,-0.22265137132892288
2006-01-31,-0.7059597512614454,0.1179888948766909,-0.5439918771996345,-0.20715611418496446
2006-02-01,-0.7314461783350285,0.12190380088147389,-0.5336703935227504,-0.1977528636467754
2006-02-02,-0.7392481611117553,0.1385155547814754,-0.5259919666331719,-0.1784650493245278
2006-02-03,-0.7721236145346579,0.11467441893094502,-0.5317751964376396,-0.1803757186893526
2006-02-06,-0.7908955297050345,0.08294418575108214,-0.5339240663272843,-0.17791646767429595
2006-02-07,-0.8170625634243809,0.06647951584036546,-0.5120798794545633,-0.15667055538073163
2006-02-08,-0.8616744263368434,0.0499670329101444,-0.48400971806206233,-0.1471689845895654
2006-02-09,-0.9020668591170702,0.039078391610998485,-0.4739061124022314,-0.14577815599653723
2006-02-10,-0.9421575396778301,0.02241767341323568,-0.4663314643683516,-0.15173105503616077
2006-02-13,-0.9739732856573363,-0.0019323635685165367,-0.4765476681376719,-0.14004535829018047
2006-02-14,-1.0045052184674303,-0.04303495738371665,-0.4774375954153537,-0.11557441474394864
2006-02-15,-1.048263627083969,-0.07990149286521651,-0.5144097444193644,-0.10096415531779425
2006-02-16,-1.0714140647608115,-0.10252577319828314,-0.5443293038274755,-0.09676872980061207
2006-02-17,-1.0997829661021203,-0.11419670909909069,-0.5783746860314739,-0.08781587040110424
2006-02-21,-1.117864117245966,-0.12794941712903612,-0.6021504863215639,-0.06452604659796128
2006-02-22,-1.1167346709614114,-0.1419670688049347,-0.6313909251688441,-0.029985065779878386
2006-02-23,-1.116661295827641,-0.15029988103072617,-0.669618114213315,-0.004355329144529313
2006-02-24,-1.0983951730220205,-0.14695991893715377,-0.713796364033825,0.025123213685238465
2006-02-27,-1.0691882768220655,-0.1405315764879995,-0.7440146629126779,0.049508140710997815
2006-02-28,-1.039588850048158,-0.1558422986229915,-0.7622945336628341,0.05814450306279736
2006-03-01,-1.034937583335969,-0.18133537200543912,-0.7925579246320699,0.05988901045578669
2006-03-02,-1.0517257609171262,-0.21291254249722052,-0.8269419581352181,0.031786983873396034
2006-03-03,-1.060275905805122,-0.23959723670676553,-0.8644239472775495,0.007288432278372111
2006-03-06,-1.0596960868728085,-0.25855527881196705,-0.8960743947776325,0.008868648616061977
2006-03-07,-1.0502706115241784,-0.29428246203383346,-0.9289443206586909,0.005770905557925724
2006-03-08,-1.0610316851953965,-0.3195303721144527,-0.9483064196748575,-0.02658120968072544
2006-03-09,-1.0521792727868897,-0.33295758737565373,-0.9601201797646063,-0.050980319914285574
2006-03-10,-1.0481027068280877,-0.3629729209707282,-0.9789144746030628,-0.06721015371246207
2006-03-13,-1.0497200900214751,-0.3610577268645854,-0.9993966433047896,-0.08616787472202739
2006-03-14,-1.0550892167642036,-0.35897427236547647,-1.0095744199871868,-0.10156918518887618
2006-03-15,-1.0805819916656354,-0.3713411528029151,-1.0275100766058305,-0.11948077224549185
2006-03-16,-1.0922986623975093,-0.3866206187752741,-1.0440702959622756,-0.14985135158132673
2006-03-17,-1.1002102470324289,-0.40582152369177016,-1.0506527577538414,-0.15990190716637218
2006-03-20,-1.0912403357463885,-0.41721711526491023,-1.0502296215951867,-0.16673245784366733
2006-03-21,-1.0831648968994516,-0.4007035811250588,-1.0526346659711197,-0.1510872280593617
2006-03-22,-1.0687370274649302,-0.39285390402397585,-1.0667975175815905,-0.15063502702451637
2006-03-23,-1.047269726695612,-0.3700520010041265,-1.0933824467020388,-0.16570406262805149
2006-03-24,-1.027079120434859,-0.35313931326178294,-1.1168688680042584,-0.16541876756533047
2006-03-27,-0.9920164743878345,-0.32681443477586647,-1.1333913114695304,-0.14750965829506144
2006-03-28,-0.9660212750922208,-0.2863423453259003,-1.1330998232242926,-0.12105858384413336
2006-03-29,-0.9526279002885484,-0.2600353123227336,-1.1502367347417968,-0.0845468095141221
2006-03-30,-0.9344784609670472,-0.24407177876781458,-1.1642299650275652,-0.06980307359112174
2006-03-31,-0.923588668646757,-0.2263928118916899,-1.1693915946336604,-0.05814604944931977
2006-04-03,-0.90274517447099,-0.2039537324580155,-1.1619573364795954,-0.03947324531232262
2006-04-04,-0.8767352791971438,-0.1782759050912462,-1.1259760322703958,-0.014013824391413464
2006-04-05,-0.858979035483024,-0.14253785726448806,-1.0843921883403824,0.026191570511997855
2006-04-06,-0.8282209692214069,-0.11764315092735213,-1.0467313093726083,0.07144359504318643
2006-04-07,-0.7748596211267627,-0.0803925587422407,-0.9850941041768739,0.11730642018060908
2006-04-10,-0.7530648015101346,-0.04924194881999365,-0.9421793904172043,0.16760901423502556
2006-04-11,-0.7174500271632592,-0.0024384224927552546,-0.9062991130744827,0.2274147645368677
2006-04-12,-0.7131779198330714,0.033671964760950135,-0.8697902992312104,0.26648495144141043
2006-04-13,-0.7051651741232297,0.06706788222856679,-0.8444437305179882,0.30543712833746456
2006-04-17,-0.6879652461715255,0.09051234970472047,-0.8106386250427385,0.35454711107601233
2006-04-18,-0.6816675207714048,0.11253183602227532,-0.7821860479245767,0.3918597110314961
2006-04-19,-0.7262248677775426,0.11357891137986534,-0.8244758694044722,0.3506534748042378
2006-04-20,-0.7344253777697912,0.11571492761777571,-0.8389529233782613,0.3132947787880333
2006-04-21,-0.7484734702105043,0.12983414086124268,-0.8632893953606207,0.27509260350667636
2006-04-24,-0.7594957740316154,0.1287555106996024,-0.8753036545489227,0.2447899630272059
2006-04-25,-0.7621322083002485,0.130413270453054,-0.8612495928622074,0.22975783512005168
2006-04-26,-0.7730517392318511,0.1519703523462927,-0.850012601030958,0.21950546293766277
2006-04-27,-0.7793260197506618,0.17940510609147478,-0.8340932485294842,0.2193100776746159
2006-04-28,-0.7647015564690505,0.1968903310750916,-0.8170550560039141,0.24931985594064648
2006-05-01,-0.7335618299557084,0.2189122133588315,-0.7801017056960065,0.28059540000283384
2006-05-02,-0.705639713563221,0.22426188200739922,-0.731824116513565,0.3164503394509352
2006-05-03,-0.6900714368522468,0.24797115146613233,-0.6956799282449355,0.3476067021941526
2006-05-04,-0.6707474455988203,0.2820666920541741,-0.6529189172583438,0.3795095094777457
2006-05-05,-0.6315701029413492,0.3128258118290189,-0.6069866566956413,0.4135087491847619
2006-05-08,-0.6005407445841199,0.33340559326695324,-0.572534279975768,0.44388655125538257
2006-05-09,-0.5489447645101448,0.3566237169982246,-0.5355457652755196,0.47929145717322785
2006-05-10,-0.4950968333865776,0.3787389957584534,-0.49431676343668113,0.5362978992340283
2006-05-11,-0.4129390738034553,0.40915145218225857,-0.46205703727858394,0.6101776424321785
2006-05-12,-0.34426254551583507,0.410415099922184,-0.44226562985247103,0.6449524166519391
2006-05-15,-0.31033480716147116,0.4078786813016738,-0.42346752318407893,0.6665867823635832
2006-05-16,-0.2819102226413553,0.41221167132974285,-0.3939068406269305,0.680811578528356
2006-05-17,-0.23663061636705837,0.42735793635970654,-0.3590444534750407,0.6934122999771295
2006-05-18,-0.24083826931337662,0.43378043104429886,-0.3789269783949901,0.6933034833048215
2006-05-19,-0.24536338914130051,0.45172802099761017,-0.40339316293820304,0.713567843527919
2006-05-22,-0.2307263447717933,0.4685533688629709,-0.42775840772464113,0.7360954331858933
2006-05-23,-0.20831219654276237,0.5077919482699462,-0.43578279680922516,0.7800784924708231
2006-05-24,-0.1897604160707676,0.5461681027178539,-0.4471492492643063,0.7936699786175959
2006-05-25,-0.16134981702311027,0.5672730427746773,-0.44980155967335533,0.8134669592533238
2006-05-26,-0.13272760651394494,0.5958615028185188,-0.45576490328835656,0.8317807758231441
2006-05-30,-0.0847565544394195,0.6442308637941486,-0.43254344525334953,0.8506080103950936
2006-05-31,-0.07522768910324595,0.6694280470521984,-0.4488128040609445,0.8691243099134768
2006-06-01,-0.07780849864481632,0.6973913560437591,-0.4439958059764409,0.8956922877389971
2006-06-02,-0.06401542363776234,0.7002866819155809,-0.42995697505376324,0.8977186264337036
2006-06-05,-0.05564356362536621,0.6942745186056697,-0.4036634765997034,0.9195746989489362
2006-06-06,-0.08135129243840482,0.6771116352774597,-0.40787441352989406,0.8850225387225649
2006-06-07,-0.11614097922062742,0.6540157401588458,-0.39311880420096423,0.8728394711334037
2006-06-08,-0.14292098295169486,0.6368341694756356,-0.3786593882683467,0.8899015270281656
2006-06-09,-0.15140112805391132,0.6260426881319858,-0.358908244365252,0.8973362919592787
2006-06-12,-0.13398086873924195,0.6203756976450779,-0.33843914477288106,0.905010237373152
2006-06-13,-0.12429659182618921,0.5962962024532796,-0.33875999775785026,0.9048428791477946
2006-06-14,-0.10981761198999822,0.5648970597151055,-0.3415812263740492,0.9019935164453148
2006-06-15,-0.08486347545165433,0.5504147709137478,-0.3566510909707532,0.9223625112307151
2006-06-16,-0.09433055322314071,0.5182142283316505,-0.40936666119673026,0.8851731825056678
2006-06-19,-0.09761459922584508,0.5076021410607873,-0.4413750890466267,0.8666900417867732
2006-06-20,-0.09308418827765534,0.5122250182161713,-0.45385459223896407,0.842864358501534
2006-06-21,-0.08743173512699456,0.5361044309874232,-0.4366069385521174,0.841250683059972
2006-06-22,-0.08480266199814732,0.5460285147662599,-0.4238882295976179,0.8411116020496745
2006-06-23,-0.09061432673025112,0.5376069408492812,-0.3995890203350553,0.8379377151054676
2006-06-26,-0.08754395259397289,0.5420156209756155,-0.3605953090724491,0.8430899008658709
2006-06-27,-0.09373518081728563,0.569399491982067,-0.30776429727679466,0.853662054103722
2006-06-28,-0.10172295340054374,0.5819155294835671,-0.25922964897775225,0.8519784819844611
2006-06-29,-0.09420860396178148,0.6177834473352185,-0.194966458555895,0.8823925581356127
2006-06-30,-0.12461485222681815,0.6099996656605975,-0.17330370203949533,0.8608076328246546
2006-07-03,-0.15156549923754883,0.60150690458233,-0.1416563380112539,0.8400676623958917
2006-07-05,-0.18262873363699297,0.6091356007944853,-0.11165220926011299,0.8283851558026688
2006-07-06,-0.19847853750775127,0.5863660606360369,-0.10133754090613001,0.8205685386362724
2006-07-07,-0.20981505205772685,0.5716593099747922,-0.10314872921963822,0.8288385797661346
2006-07-10,-0.2153171353143732,0.5431904008432356,-0.09981048163255984,0.8203569860889994
2006-07-11,-0.20610625536770735,0.5238368478537713,-0.06934127681097106,0.834760746959235
2006-07-12,-0.17758210540199226,0.505062658779603,-0.03468173113758461,0.8600621448870991
2006-07-13,-0.1664136304969691,0.47957345234836113,-0.010124246634000954,0.8628716552611737
2006-07-14,-0.19993216141031506,0.4435559252640427,0.0042110093774244545,0.8646385039262912
2006-07-17,-0.2251171903120071,0.4075211662667734,0.0064883605940109996,0.8559329969719288
2006-07-18,-0.24306877379238304,0.3922728460507289,-5.9849662272068724e-05,0.8373027449637565
2006-07-19,-0.2572507648100047,0.37717610935363005,-0.008811694352522673,0.8371128082064229
2006-07-20,-0.29550432846688085,0.36468347554046626,-0.061983533836592435,0.8225840318713581
2006-07-21,-0.30331013277102353,0.34156942570921417,-0.09326547656251195,0.7981321930152536
2006-07-24,-0.3177412536703136,0.31514796054788685,-0.14045138690642625,0.7769867049456427
2006-07-25,-0.3767624015896161,0.3004623157256145,-0.21668922800904236,0.723014994161909
2006-07-26,-0.4363393765934087,0.3063027929288728,-0.28237123931777447,0.6875563847897972
2006-07-27,-0.4710195771355609,0.32026166942232553,-0.33026508736443794,0.6745822911157835
2006-07-28,-0.501462960707898,0.34063019543096174,-0.36483330633714955,0.658288287884039
2006-07-31,-0.5452933420440076,0.3282909025757612,-0.4129655103533062,0.6263593601256721
2006-08-01,-0.5736581156361428,0.3184845721238368,-0.4428810688659067,0.5917412216080977
2006-08-02,-0.5934525881278399,0.28100750137431146,-0.4945834251741697,0.5525887030984652
2006-08-03,-0.6096087947078785,0.25840237725102494,-0.545296706160233,0.5096769564239279
2006-08-04,-0.6396628277891493,0.2258486141735583,-0.6008989936190108,0.47107579182326265
2006-08-07,-0.6768641692747147,0.20363816484945488,-0.6568207015871603,0.44371995711726137
2006-08-08,-0.7047413912253548,0.1745496520469175,-0.7035598608705363,0.41285592295783924
2006-08-09,-0.7499283280119481,0.15352279183053869,-0.7351990029540673,0.3721925294492062
2006-08-10,-0.7887842635674623,0.14344659234258525,-0.785233728695752,0.33795195008282974
2006-08-11,-0.8069880257686032,0.15677857703631726,-0.8389917796389841,0.3141495057205492
2006-08-14,-0.8194204732455724,0.17873684427792894,-0.8775904937985662,0.2892704594464836
2006-08-15,-0.8323926929384291,0.19379215031166488,-0.9042235378061189,0.2723354542205376
2006-08-16,-0.8576802786350222,0.16036546617543931,-0.9660755743737746,0.2448210450425095
2006-08-17,-0.8975083122901233,0.0876934973419721,-1.0244100270098295,0.1961325191459028
2006-08-18,-0.9284195463215462,0.03212407920534679,-1.0684327272165675,0.15575903794561075
2006-08-21,-0.9550162239312645,-0.0005823972237857325,-1.1102915386897718,0.13376987070278104
2006-08-22,-0.9872360888144269,-0.038098690384553095,-1.1444708589518189,0.126748198138542
2006-08-23,-1.0195448238280354,-0.07003258372741324,-1.1736643369830486,0.1340248590338578
2006-08-24,-1.059551397754122,-0.09666688833784687,-1.1954607498535046,0.14271469112588842
2006-08-25,-1.1026443880121342,-0.11807647753314293,-1.21624344893189,0.14406916958328128
2006-08-28,-1.1432088608049298,-0.1258668389760879,-1.2315042738069022,0.15285410899716742
2006-08-29,-1.1927832830035527,-0.14188826012152664,-1.2424988169434696,0.15585664237847588
2006-08-30,-1.2224089507918625,-0.14196693780975678,-1.249482222854391,0.14404553255358996
2006-08-31,-1.2367764556796905,-0.13080258778221412,-1.2436769125949718,0.14099255966028693
2006-09-01,-1.2422763290766188,-0.10922677765324222,-1.2197176036214932,0.13377424811117328
2006-09-05,-1.250772184747596,-0.06664345165428201,-1.2095319261000677,0.13758408051286228
2006-09-06,-1.2432165353250169,-0.03343170885214708,-1.2039835066223727,0.14409526341920917
2006-09-07,-1.260557700833731,-0.05312187723494617,-1.2025246176062188,0.11367118082360796
2006-09-08,-1.2723211848399263,-0.06522586730936099,-1.222179890119527,0.09314683388466237
2006-09-11,-1.286590354304226,-0.08006773061517707,-1.2403893073431478,0.09336702269962602
2006-09-12,-1.2808606081926608,-0.08883168365354104,-1.237587468944226,0.11138901155728351
2006-09-13,-1.307088787588641,-0.11489892922066851,-1.2492312254591145,0.0880045420511392
2006-09-14,-1.3381395042849782,-0.14439902155050083,-1.2711896222538663,0.0682412598528873
2006-09-15,-1.3710904628164042,-0.16460253151291793,-1.3014308511660257,0.027392017569406114
2006-09-18,-1.3883377412736781,-0.18849339971843165,-1.3233596862579022,0.011066460732191181
2006-09-19,-1.3868073933505116,-0.2032141600345513,-1.3174839144318846,0.0056629480618775535
2006-09-20,-1.3766238423024257,-0.2050088165132087,-1.3037461371327366,0.002337100818107413
2006-09-21,-1.352214485182684,-0.19907761808800015,-1.2908329472438933,-0.012800917633173618
2006-09-22,-1.3453155920776605,-0.1792406784156382,-1.306838341189955,-0.04063577444675765
2006-09-25,-1.332386213281936,-0.15803192257407886,-1.3195362113695885,-0.06776515437470641
2006-09-26,-1.3375962323395931,-0.17167042254029977,-1.3175334031907133,-0.10846937550611782
2006-09-27,-1.3638107510585642,-0.17005201740284503,-1.3459389526276924,-0.13691025089622783
2006-09-28,-1.3810872932712728,-0.16172092465432197,-1.3397746339861214,-0.15105996044332437
2006-09-29,-1.386497450287767,-0.14565313538152072,-1.3280128375398244,-0.15150202298792845
2006-10-02,-1.3904236279896973,-0.1319423478329773,-1.3138513198755326,-0.14284440364191536
2006-10-03,-1.379663178314051,-0.14702505686714892,-1.2999085314790593,-0.1366684746574812
2006-10-04,-1.3754139314022198,-0.16182873152422328,-1.2794920234946343,-0.11155616688062507
2006-10-05,-1.4316225784963597,-0.24437705610884186,-1.3017482363857007,-0.13388706143763426
2006-10-06,-1.4751152807817094,-0.29987050189203507,-1.3277286448799033,-0.16567642939879879
2006-10-09,-1.5128958056633082,-0.3417507866942803,-1.348127378345143,-0.1913636124209242
2006-10-10,-1.5346015817385867,-0.36933668852269586,-1.3757738696410031,-0.20001068832770397
2006-10-11,-1.5393499726491455,-0.3790335264106588,-1.3882873921783012,-0.22669876995969424
2006-10-12,-1.5203893372977055,-0.3572253481517805,-1.391324336862612,-0.23518013249144004
2006-10-13,-1.524692848667619,-0.35379504685976426,-1.4080087457987176,-0.2781928457185638
2006-10-16,-1.5160714852451118,-0.34816487533486623,-1.424724019250718,-0.30945662332989493
2006-10-17,-1.508332806485023,-0.3414834225797162,-1.4267764849203197,-0.31360517349610734
2006-10-18,-1.5086590082921678,-0.3558156811929787,-1.4264169968373945,-0.323275345998698
2006-10-19,-1.4890466383472027,-0.3658835969316159,-1.42067781203056,-0.3215431891797159
2006-10-20,-1.4502034013214224,-0.3862880350648171,-1.4066744231869865,-0.3144493815399885
2006-10-23,-1.418137289096886,-0.39319777095875064,-1.3773828578450185,-0.2992528094774311
2006-10-24,-1.3913646532464676,-0.3919508845319949,-1.389193262617031,-0.2729216722745478
2006-10-25,-1.3624644372964518,-0.3714831060550745,-1.412793641111581,-0.2323641982352345
2006-10-26,-1.3163009985367204,-0.3551100142099563,-1.435410441727883,-0.18968759700972812
2006-10-27,-1.2699056289175858,-0.32971935235345895,-1.4395975414063604,-0.14836861800180562
2006-10-30,-1.2509779468246827,-0.33207674175963703,-1.4523684013656364,-0.11323081476265126
2006-10-31,-1.2257411002749656,-0.3345968124130492,-1.4548854725099791,-0.08727832493881127
2006-11-01,-1.201530798032147,-0.34711818633231684,-1.4296002382084176,-0.058570317185688885
2006-11-02,-1.2051299668757938,-0.38652807477387696,-1.391899404276778,-0.04420062824005838
2006-11-03,-1.2088459344134974,-0.40226631928311496,-1.3588060210279385,-0.03641813064149551
2006-11-06,-1.214510879694643,-0.4121393424949769,-1.329185388234861,-0.03167459084715644
2006-11-07,-1.2575630577727483,-0.44661633579120846,-1.3433274317399353,-0.0382745849044571
2006-11-08,-1.3015643449241234,-0.4713482626415037,-1.3452380032014586,-0.033693536916612275
2006-11-09,-1.3411937378060261,-0.49148938170476275,-1.3390142794478497,-0.026814039313793652
2006-11-10,-1.3942338746439313,-0.5169097706044073,-1.3523332692397771,-0.02435916000955626
2006-11-13,-1.4334352556520193,-0.5430092922833207,-1.351016965809358,-0.03925285874724713
2006-11-14,-1.464507920281177,-0.5717359125130971,-1.3546333241691388,-0.03775937019311622
2006-11-15,-1.5140664789876046,-0.5983399953902369,-1.3849404627038635,-0.05766172206778929
2006-11-16,-1.5588675857618297,-0.6106918241575474,-1.3867436859383329,-0.0671266194093972
2006-11-17,-1.5812015600460447,-0.5914127265812029,-1.3665062665435754,-0.07930094915680955
2006-11-20,-1.5697026374930743,-0.5452227971802317,-1.3307062223787924,-0.09265787652790393
2006-11-21,-1.5442524762297358,-0.4843995610252859,-1.2954068323458638,-0.08801671240240266
2006-11-22,-1.503794867067928,-0.42369678427082963,-1.2623065854024427,-0.05961669428071081
2006-11-24,-1.4562202949243903,-0.36153773936110345,-1.199901887785318,-0.03040558648664505
2006-11-27,-1.3996313271181398,-0.28551999984797083,-1.1361750773078132,0.002590031624839194
2006-11-28,-1.441417486586512,-0.27625693679098695,-1.1434837472520085,-0.021077294944427408
2006-11-29,-1.4752710148349322,-0.2655924181641937,-1.1642226108288247,-0.04674468944738703
2006-11-30,-1.5331197676117583,-0.2657333471235522,-1.1922353416027847,-0.07181135133130095
2006-12-01,-1.574518811566087,-0.2683822174338678,-1.218588897096603,-0.10028733174907808
2006-12-04,-1.6029092975398043,-0.2693856625840084,-1.2484528757106188,-0.11162002211325303
2006-12-05,-1.6269574188532618,-0.27534347698381606,-1.2932953970929895,-0.1561353813793347
2006-12-06,-1.639246110775117,-0.257212989295238,-1.3339550832034928,-0.2011161434184529
2006-12-07,-1.6372406182576258,-0.24466792450154948,-1.347561774348473,-0.24321469096961565
2006-12-08,-1.6436859562091035,-0.27022998039856133,-1.3569010971867714,-0.2863439368560864
2006-12-11,-1.6393248321323903,-0.2905899200341588,-1.3726420104258001,-0.3301697803148126
2006-12-12,-1.6375522091653807,-0.31758911568755216,-1.3829247744507902,-0.3543306652895041
2006-12-13,-1.6125460210155131,-0.34121663721941065,-1.3971715578291761,-0.3586446762126079
2006-12-14,-1.5745712534237994,-0.3543289751707533,-1.3873614339870728,-0.3565598191743935
2006-12-15,-1.5813538348384517,-0.38636843664095294,-1.4171570225396082,-0.34294902100645935
2006-12-18,-1.5654704136327262,-0.403474228486882,-1.4506426242534163,-0.3355894915799896
2006-12-19,-1.5629289441816174,-0.4433296927727869,-1.4711199567060054,-0.3416027637029426
2006-12-20,-1.5626503814142074,-0.47423707891514616,-1.4805571335622927,-0.32506905046895684
2006-12-21,-1.558454368104592,-0.4845319001612755,-1.4615287118975504,-0.28672757441433877
2006-12-22,-1.5517990283911016,-0.49573750390687266,-1.4252091282115316,-0.26286996141221647
2006-12-26,-1.5530514291205613,-0.5034697821400992,-1.3974099957665345,-0.2436550837712786
2006-12-27,-1.556811897107557,-0.49899497445818913,-1.3788880490179276,-0.22515624798172623
2006-12-28,-1.5435292434286532,-0.48493203019428816,-1.4013578035187766,-0.20892752210291968
2006-12-29,-1.528085613765734,-0.4604619922962811,-1.416298002456512,-0.1976697179643179
2007-01-03,-1.507127679360031,-0.43854947442136394,-1.4357574325447102,-0.21063213119553312
2007-01-04,-1.4935510694515701,-0.40972496042711454,-1.432522602632364,-0.20491449384081056
2007-01-05,-1.4563003117292297,-0.4325115954807021,-1.4194258133152662,-0.1971659452039569
2007-01-08,-1.4571790159984221,-0.4449002319666129,-1.409853125110519,-0.22213030693633617
2007-01-09,-1.4558820702032473,-0.4569881582598572,-1.3977847176541405,-0.23466358054205044
2007-01-10,-1.4461816658023816,-0.4476589823599878,-1.3699513178036309,-0.24100233180547118
2007-01-11,-1.4269809428064735,-0.4312607959129321,-1.3384143978088423,-0.24271281875020084
2007-01-12,-1.4161853897942165,-0.4083278932746653,-1.3236955370297765,-0.26208974376896693
2007-01-16,-1.4248146621233664,-0.37872868425505113,-1.3163868194421688,-0.27081729679907063
2007-01-17,-1.4303527066078363,-0.3342611678321008,-1.3148879344158169,-0.2692934020644284
2007-01-18,-1.4243704570997942,-0.282547587300634,-1.28843860928665,-0.25986235193318635
2007-01-19,-1.4018343513262672,-0.2860428209465942,-1.2586910492529089,-0.2616285704071527
2007-01-22,-1.3542368231335702,-0.2832616786262942,-1.2222563016759729,-0.26327934265900704
2007-01-23,-1.3121044547188434,-0.29849340815538206,-1.2008701141999283,-0.2619739572322489
2007-01-24,-1.2457577767466723,-0.31349204504363587,-1.1603267071411438,-0.24592180397086275
2007-01-25,-1.1955493185237878,-0.34215774125375403,-1.1285575687528844,-0.22813915008934574
2007-01-26,-1.1857310817428084,-0.407123550554804,-1.1506549500594676,-0.22612656147477084
2007-01-29,-1.1731154323098867,-0.45595874531418557,-1.1704173237514968,-0.21853017220500567
2007-01-30,-1.1423949471493828,-0.47452740568943347,-1.1826213492719444,-0.19492242997759834
2007-01-31,-1.1010514944819476,-0.4772554623124351,-1.1775704659599135,-0.169029005457716
2007-02-01,-1.0548539577693536,-0.4969722826912452,-1.1847812028339286,-0.14901313628367768
2007-02-02,-1.0341151322058746,-0.49208234747940494,-1.193244143715942,-0.13250057653525926
2007-02-05,-1.0123499437130186,-0.45415732558634886,-1.1890975006146571,-0.10336216574061727
2007-02-06,-0.9678752858168707,-0.4020669070382147,-1.17368089326826,-0.06703451800771996
2007-02-07,-0.9097877610569198,-0.3435810606679812,-1.1389217082217717,-0.0252372889089628
2007-02-08,-0.8434978160787027,-0.29625318791289185,-1.0928077057509817,-0.0029900106657187145
2007-02-09,-0.7637156477684028,-0.23458292057994984,-1.0417834681233125,0.03031774223565996
2007-02-12,-0.7011448842301793,-0.19150344944342182,-0.9908832106030283,0.050356587355204804
2007-02-13,-0.6323496868595937,-0.13752687715490272,-0.9370951064171065,0.06396734895533245
2007-02-14,-0.5770325120530759,-0.07189049740298853,-0.9053964984282579,0.06903429379781356
2007-02-15,-0.5178365254030324,-0.029090373914851562,-0.8629270075083763,0.08442568616963782
2007-02-16,-0.46653658692958394,0.023139308585837827,-0.8097689240408296,0.13677064777298295
2007-02-20,-0.4021871330005381,0.07942793699078361,-0.737874333505985,0.19634111118118
2007-02-21,-0.32572171817172607,0.1519248112012622,-0.6486126783075261,0.25471772923095276
2007-02-22,-0.23471392665895052,0.20138189638021964,-0.5607027327161065,0.3294539826742801
2007-02-23,-0.1123683059868238,0.26120856704574763,-0.45223764652480325,0.4268398901024563
2007-02-26,0.019894302003643713,0.3231591648864373,-0.33428337063473423,0.5259524672361463
2007-02-27,0.15746335908048265,0.39107145698597906,-0.2060285156570532,0.6376631561245354
2007-02-28,0.1516845617840367,0.3256487035802872,-0.2507376391102874,0.6573774161594242
2007-03-01,0.14538726716471848,0.26944951242740556,-0.28151648371438137,0.6786798626459034
2007-03-02,0.13639248860275535,0.21664601002770367,-0.2890184134729597,0.7017796731803597
2007-03-05,0.13242742016999318,0.1475129060559075,-0.31466086527405274,0.7171672394607923
2007-03-06,0.11303051275970821,0.07931445696037716,-0.3349117801091101,0.7112417509217275
2007-03-07,0.09055494803501912,0.010733907469020584,-0.3924162578378775,0.6771916601075915
2007-03-08,0.06052890538417839,-0.029958869996001867,-0.4275701883992827,0.6573433994659164
2007-03-09,0.02301501900122388,-0.0609455832201513,-0.4404920263201646,0.6384726068867423
2007-03-12,-0.01645600392274695,-0.06653452726498035,-0.4357558657929544,0.6247734398213682
2007-03-13,-0.05357444113946428,-0.0600448799852339,-0.4135976884397514,0.61576237691823
2007-03-14,-0.14262785136216447,-0.0899409328612817,-0.4705396783890874,0.5702123003527143
2007-03-15,-0.22497580176205928,-0.12677130974261855,-0.5031397404785674,0.5264598377519265
2007-03-16,-0.27471738045758004,-0.1635628925100615,-0.5234904510297906,0.47983786676889634
2007-03-19,-0.31147000658939017,-0.1762395784597466,-0.53072895068755,0.4550555897053271
2007-03-20,-0.3614042034120038,-0.19592008523398688,-0.5627971569590718,0.41693184585943616
2007-03-21,-0.4381887112663323,-0.219113085073028,-0.5879828572683757,0.38690939637215505
2007-03-22,-0.5231302186435289,-0.28945276927182234,-0.6327900819458577,0.31853986682858
2007-03-23,-0.6137309710206829,-0.34156609489092593,-0.6525805863524932,0.2428580366545453
2007-03-26,-0.6958252628096169,-0.3801428877043415,-0.6674361790373141,0.17903974607476614
2007-03-27,-0.7683186655465215,-0.40666196865560433,-0.6579512899694698,0.13716121526547012
2007-03-28,-0.820939056284078,-0.4325077960955831,-0.6580088090708963,0.10240800336959742
2007-03-29,-0.8759051502359922,-0.4767125097770198,-0.6783926840617581,0.07775359022122184
2007-03-30,-0.9152129297480367,-0.49630228499522594,-0.6950836215906727,0.05927455137456274
2007-04-02,-0.9463636977444402,-0.5301040399093706,-0.6901953830219307,0.04952192442838704
2007-04-03,-0.9623264289256765,-0.5339149117174825,-0.6921365354728737,0.051143145227590225
2007-04-04,-1.0005700018618948,-0.5673538271990051,-0.7095243994925293,0.04504329675396258
2007-04-05,-1.0271229358639267,-0.6085312454105972,-0.7159755325488351,0.02528491676096868
2007-04-09,-1.0321510397880107,-0.6406846842049736,-0.7125829966630971,0.018306016920722156
2007-04-10,-1.0416909629707667,-0.669703482888416,-0.7159595344417063,0.005695911620393657
2007-04-11,-1.0487979195968928,-0.6860249745134096,-0.6950150739075887,0.007952726700716345
2007-04-12,-1.0530813371022676,-0.7236516486721501,-0.6881061581670022,0.014613893611601167
2007-04-13,-1.0605405109612018,-0.7584880501327418,-0.6712003330575328,0.018703371415474474
2007-04-16,-1.0610601112274782,-0.7778012717262345,-0.6437010769893133,0.03481482570648386
2007-04-17,-1.0678358229505174,-0.7864248606124852,-0.6397902511775213,0.038351781622545496
2007-04-18,-1.0604216457499143,-0.794308710590265,-0.6348444290217183,0.05392375303365552
2007-04-19,-1.0448948052549585,-0.798841425320688,-0.6229506525335364,0.07077845926526295
2007-04-20,-1.0136544254561821,-0.7989149486926576,-0.6196820226293998,0.07713517302750653
2007-04-23,-1.016274425197511,-0.7836836383053546,-0.6402768940445828,0.07097460543387608
2007-04-24,-1.0045917295997877,-0.751853079446291,-0.6485011916753507,0.06846268167806928
2007-04-25,-1.0091254579368334,-0.7132573710174737,-0.6355145113970154,0.08345521174656964
2007-04-26,-1.0335418018893547,-0.6744491608215986,-0.6467872837288183,0.10068228686992323
2007-04-27,-1.0470190256699092,-0.6294257610495835,-0.6485393360537165,0.12265000335262793
2007-04-30,-1.062180861192127,-0.5827074960426967,-0.6539900569212374,0.15202158799975937
2007-05-01,-1.090288194647527,-0.585350031763477,-0.667265629178556,0.12806627140417148
2007-05-02,-1.1025084928744682,-0.5900561673586681,-0.6732103433182194,0.13415409365444286
2007-05-03,-1.1065569412023826,-0.5801680072363484,-0.6728512089578268,0.15389497656438655
2007-05-04,-1.0886780650162242,-0.5539328508295346,-0.6672073104542109,0.17283358608210486
2007-05-07,-1.0525339026793663,-0.5186257952420658,-0.65522654777068,0.21047631418399754
2007-05-08,-1.01229347607,-0.4804409229710208,-0.6436675137891905,0.2422072403249604
2007-05-09,-0.9883815652689631,-0.42316816788744743,-0.6255239054991938,0.2786302334463234
2007-05-10,-0.9578914415308034,-0.35169499707089685,-0.5904325135931286,0.30578172877236515
2007-05-11,-0.9571675197671421,-0.3242325297855066,-0.5821122607697313,0.3314897663137815
2007-05-14,-0.9500606966987407,-0.29791330109397657,-0.5886142563019496,0.35453456206547745
2007-05-15,-0.9477141271958804,-0.2718755228159506,-0.584115296463811,0.39379029742122024
2007-05-16,-0.9504705912375951,-0.26076952295296874,-0.5808081422754968,0.41846934509555633
2007-05-17,-0.9442296845647362,-0.24068354433649258,-0.5840740467889897,0.4089441547533914
2007-05-18,-0.9250266819979632,-0.21348669932808045,-0.5960360492490572,0.39756458851491383
2007-05-21,-0.9279418881693907,-0.195193100787008,-0.6094493696014426,0.3767874575377066
2007-05-22,-0.912320690139108,-0.16925267801385244,-0.6328744776494498,0.34540909721325624
2007-05-23,-0.8883362552909749,-0.15121539752470428,-0.6546561486128002,0.3082207202007821
2007-05-24,-0.8725145071025544,-0.13224196877477506,-0.6556291812197546,0.28308384963986966
2007-05-25,-0.8761761480342236,-0.14643222851945428,-0.6530432895459153,0.2485564323082309
2007-05-29,-0.860570572530263,-0.16492988429181157,-0.6419469134085445,0.22975620726632803
2007-05-30,-0.8343632023369214,-0.1891401298005793,-0.6150555009335397,0.20971775791890668
2007-05-31,-0.8045407240485616,-0.21764311927628652,-0.59838530361582,0.20844539178185742
2007-06-01,-0.7559304652151728,-0.22785587733597226,-0.5607772206246068,0.22483612579894222
2007-06-04,-0.6963874585732532,-0.22382648512986505,-0.5160516293072582,0.2470601202798199
2007-06-05,-0.6291842425317982,-0.218297241377229,-0.4538120487738922,0.27205729597709416
2007-06-06,-0.565037374403051,-0.1782959103154271,-0.403885157651896,0.32896925168715613
2007-06-07,-0.5163965524138615,-0.15538326052471174,-0.35856630291550007,0.36386440667564546
2007-06-08,-0.5198938775015063,-0.16703620001971756,-0.3472164908000201,0.3714337152984588
2007-06-11,-0.5134665541657164,-0.1877502633552625,-0.3519435320133869,0.3655159913664474
2007-06-12,-0.4911177883084584,-0.18166186961083403,-0.3378998606157572,0.371693837176902
2007-06-13,-0.4699241895982848,-0.17227905334397026,-0.327609807896355,0.3619906044551334
2007-06-14,-0.47051698407027814,-0.16620870191213177,-0.33376484378332155,0.350695326931967
2007-06-15,-0.46313135982021,-0.17021574624329475,-0.34318382605844033,0.3669313955376886
2007-06-18,-0.4485926726594965,-0.18378718583448436,-0.3580821226916809,0.36740224871619087
2007-06-19,-0.4322470298030201,-0.17563419128381105,-0.362118045602963,0.3681943755089946
2007-06-20,-0.39282392636070934,-0.1599019610680726,-0.34250249473772415,0.3742804146493744
2007-06-21,-0.37811980280800006,-0.153135768225506,-0.3311277104080798,0.3493458130814188
2007-06-22,-0.34310673913055695,-0.17115059591320958,-0.31132601404269067,0.33345541230988657
2007-06-25,-0.32500045439025316,-0.17639983910542165,-0.31639384710554075,0.32095714543221465
2007-06-26,-0.3092325610645122,-0.174815383172862,-0.3136342192438803,0.32070571935710007
2007-06-27,-0.31346791802879387,-0.17251226959205715,-0.29661132037340804,0.3088137840579279
2007-06-28,-0.3380433126791091,-0.17649035511422234,-0.25856320681390393,0.2689141763822984
2007-06-29,-0.34517396565097686,-0.1598284057887615,-0.2112497059425483,0.2504297168360419
2007-07-02,-0.33466424624301244,-0.13534087607992223,-0.16425183838255344,0.2455091842698001
2007-07-03,-0.3283264640252888,-0.11423518056675931,-0.12705032291973933,0.24371903755827562
2007-07-05,-0.3071184642967445,-0.09382121704901485,-0.10335649001789934,0.26532937048731686
2007-07-06,-0.2741927704914879,-0.08029802689545082,-0.08059514110693439,0.2985534440042198
2007-07-09,-0.23009947535194308,-0.061830869094110306,-0.04970458795191253,0.3469239395667613
2007-07-10,-0.17532487184486495,-0.030809941126523226,-0.014526145441319872,0.386148706880133
2007-07-11,-0.14109915610857793,0.0021529303408356314,0.0017437495387937281,0.40751471640225007
2007-07-12,-0.09894543266746612,0.04162332577789692,0.024189539276612975,0.4410374760331104
2007-07-13,-0.07733260065496499,0.06370164667655004,0.007038806665172355,0.49212719683219375
2007-07-16,-0.02811167309935241,0.07124307042128769,0.008377651705680616,0.542229746171224
2007-07-17,0.030767149070498413,0.08714455246089639,0.026929693399606068,0.5948600609886213
2007-07-18,0.10408476640937259,0.12129375573193818,0.06228584372192694,0.6684539900640843
2007-07-19,0.17612553140374057,0.14780162864287,0.10243602786499655,0.7615545273227822
2007-07-20,0.2495004963072752,0.1890852014986676,0.16905668600807824,0.843025955987497
2007-07-23,0.3236421678003877,0.25548628584311217,0.2455908759173846,0.9113424055773923
2007-07-24,0.39348825182437736,0.33778469452572907,0.3255504081036933,0.9931725345140564
2007-07-25,0.440884104322453,0.39480942688301285,0.3839980026227222,1.0456011298626733
2007-07-26,0.49477148203987437,0.45366112824258653,0.44493155760453373,1.105836929728907
2007-07-27,0.5192753258593362,0.4956391866001419,0.47001422936490267,1.1395486888984616
2007-07-30,0.5207735290242974,0.5211360398449911,0.49298525730544096,1.1657528682125382
2007-07-31,0.5180233328184263,0.5602470628741664,0.5176688913245758,1.201164098759326
2007-08-01,0.5118383510317113,0.5652594239700769,0.5474777929510067,1.2358627775673912
2007-08-02,0.5163897526989274,0.5717977555487965,0.5612345002148091,1.2868304930576155
2007-08-03,0.536536161031297,0.5821089495779959,0.5806413353909304,1.343105686968321
2007-08-06,0.529868438327149,0.587306746725257,0.5876610954917677,1.3559851930871147
2007-08-07,0.5218780036854609,0.6002802744851757,0.5706159401748476,1.3659864195925835
2007-08-08,0.5120639216161571,0.6137850357235569,0.5792873343284122,1.3913061661182764
2007-08-09,0.49375641081592647,0.6226572230026408,0.5934711832170578,1.4057270903569083
2007-08-10,0.4245098205595243,0.6093131882829568,0.5463993506921425,1.4190079163967515
2007-08-13,0.3716602954394454,0.598334286233556,0.5055988437168837,1.4194356761550866
2007-08-14,0.33034994617519087,0.5970475896603515,0.485519762576655,1.4166903916063545
2007-08-15,0.29437608114491115,0.5870205018252781,0.4485829477178358,1.4057940087363667
2007-08-16,0.2571635763984229,0.5555944123960446,0.4084015789335705,1.3994297317930866
2007-08-17,0.2429138030011081,0.5258655492023095,0.3795147440111835,1.3780914651566132
2007-08-20,0.21295862096511198,0.4990228595944406,0.33582610950694874,1.3607505503458475
2007-08-21,0.2028570241641213,0.4835041849709436,0.3166870737576785,1.3466843415207914
2007-08-22,0.19235856556283387,0.47614273285139147,0.31258657534871204,1.3260586712281828
2007-08-23,0.19692564379828473,0.4745334540619431,0.31976840447419963,1.3082920640521565
2007-08-24,0.21871115095641475,0.471875193904594,0.33178094596071883,1.2977546060653935
2007-08-27,0.2466288996876243,0.481638518051317,0.3579690312181516,1.2883025733535538
2007-08-28,0.26101804340363766,0.5137152998083934,0.39004299663267017,1.2798504403385371
2007-08-29,0.2320244377765559,0.5232669849866232,0.39809342276433773,1.253239331744695
2007-08-30,0.18776920505737832,0.49170098069546636,0.3963580305119666,1.1901813008272177
2007-08-31,0.13860466939821497,0.448760707470545,0.41006183076030317,1.139708067166735
2007-09-04,0.10115128962520901,0.3949260017273128,0.41725305692207587,1.104560938139753
2007-09-05,0.07795138205102402,0.3200530779349393,0.3985034354112405,1.076400219907173
2007-09-06,0.049328219040896334,0.2541913550643217,0.37733427930979835,1.0483901792485228
2007-09-07,0.043945139849281084,0.19099330452300825,0.3602716002247209,1.0310650875733154
2007-09-10,0.026604974821288846,0.10729579282784377,0.32291727657411984,1.0161296808330498
2007-09-11,0.017783857834165275,0.04005840850965991,0.29126080366806956,0.9890501829146787
2007-09-12,-0.014039043282701396,-0.021666655992350792,0.2500139692495201,0.962549227636478
2007-09-13,-0.028837985547508556,-0.0751408148412655,0.22013781326918022,0.9362385136798683
2007-09-14,-0.03601010715243375,-0.12565319199190503,0.19749914557310858,0.939930997416561
2007-09-17,-0.04372021826795874,-0.14767958473197157,0.17341829673620804,0.9686742110131485
2007-09-18,-0.049531880698347686,-0.15947794738441134,0.1532268435646787,0.9896967297166269
2007-09-19,-0.12529775282351602,-0.22658336576397153,0.07007009229194168,0.9510934525866959
2007-09-20,-0.16587105289377532,-0.2786307362394598,-0.01600154972288439,0.9134382130683378
2007-09-21,-0.22331550798241614,-0.3244925663739993,-0.08304247598219493,0.8659120989141464
2007-09-24,-0.2671242270645985,-0.3696377440879689,-0.15001065404765707,0.8282459982590573
2007-09-25,-0.2917824126423886,-0.3859880059207831,-0.2110096130434845,0.7739930128675547
2007-09-26,-0.3144021916991525,-0.39202094581234215,-0.2523917542544576,0.7218764657986959
2007-09-27,-0.30636751150863983,-0.3655672195916334,-0.27209407704203264,0.6950105180625843
2007-09-28,-0.30175134040116136,-0.3156838969130638,-0.28506058712982607,0.6827993914920022
2007-10-01,-0.3114863992741362,-0.26222197792949475,-0.2779128130304699,0.6777332844683714
2007-10-02,-0.32625198586875026,-0.21678933054980765,-0.2842978602932687,0.6241274265410015
2007-10-03,-0.32719829710513837,-0.1587160668459523,-0.2899114178367683,0.5805576226469058
2007-10-04,-0.31339475492670194,-0.09819523720996447,-0.2897462067076708,0.5531368815181607
2007-10-05,-0.28051584724343004,-0.03661072789938615,-0.2823084583283974,0.5458731657495465
2007-10-08,-0.2587211889641462,-0.009060523858921176,-0.2746935858941408,0.5429094820778751
2007-10-09,-0.22190851643201573,0.030865788685172132,-0.266425956305822,0.5349741593869305
2007-10-10,-0.20540690200851888,0.0865608286759831,-0.2667708709905214,0.5324905198772135
2007-10-11,-0.15633247776326134,0.15719407183346187,-0.26527584082271427,0.5421549240830577
2007-10-12,-0.1030084180184958,0.21633054194042062,-0.23445418378752647,0.556882866220901
2007-10-15,-0.03242751050004227,0.26535822254651925,-0.19798687960932293,0.574669558452279
2007-10-16,0.0368550460675018,0.3316066128246689,-0.16160416799569627,0.5833941854144873
2007-10-17,0.09889774587987107,0.4049133129814405,-0.1262716642757863,0.5924578996831571
2007-10-18,0.15604658857047943,0.49075741836592623,-0.07434160822775362,0.6213782317475544
2007-10-19,0.2222112397318055,0.5874844573678034,0.0076315569741060366,0.6577469353451797
2007-10-22,0.2343059331557771,0.6594635205947059,0.007518207367544315,0.6496272452736872
2007-10-23,0.2443728642055193,0.7356541087487323,0.007195918078334342,0.6511852366074482
2007-10-24,0.28035278032340655,0.7791439870486633,0.01629746941948615,0.6623433842286373
2007-10-25,0.31605692684379644,0.81650828294375,0.03177851894186918,0.6777471385841792
2007-10-26,0.3612870818723951,0.8568425857573515,0.06340626349168177,0.7165168977222118
2007-10-29,0.4260646864534262,0.8916072159061518,0.10321618347957981,0.7596809236606382
2007-10-30,0.49384048081825194,0.9161663764876558,0.16915670491259302,0.800023006267684
2007-10-31,0.5474092299753563,0.9508667323741958,0.24501723238877934,0.8545768336810432
2007-11-01,0.5899718359612669,1.0092577900617044,0.31074039649381613,0.9231500050173937
2007-11-02,0.6241045258949931,1.0563924907623197,0.3194730946740611,0.9343890217377271
2007-11-05,0.6838419414673599,1.0986793169511053,0.33721224687472323,0.9604225955732688
2007-11-06,0.7515703381528936,1.1523024598794918,0.3608429703460456,0.9931735420573934
2007-11-07,0.8237584034585037,1.2104682681630956,0.39253679664115354,1.0274668604679882
2007-11-08,0.8438267183455855,1.266917901585329,0.38972179286509173,1.0356971071486876
2007-11-09,0.8615128924012992,1.3028935845102507,0.3886300211253866,1.05743614857475
2007-11-12,0.8689708444915882,1.2938168305847602,0.3686975375704621,1.069842263301303
2007-11-13,0.8777954653168776,1.2491542211347875,0.365342682502253,1.0883030149704203
2007-11-14,0.8453647895470683,1.188015017964888,0.337319849839902,1.0949410690752681
2007-11-15,0.8273809381156874,1.1340040633314956,0.3157557958230025,1.116718735993081
2007-11-16,0.806312856759948,1.0915920560072716,0.29573948461266897,1.1408855747817674
2007-11-19,0.7992890981214635,1.0665832963781332,0.3041999286721387,1.1664757221657125
2007-11-20,0.7932100606474808,1.0510474314965519,0.3045796355361514,1.1563224537184609
2007-11-21,0.7907877596815159,1.035301652594915,0.31184278249807007,1.1696811822329964
2007-11-27,0.7823255482151121,1.0266934338139162,0.315001181032228,1.1843430129433181
2007-11-28,0.7908995643284407,1.0073190580281322,0.3219240977893032,1.2063603886883958
2007-11-29,0.7527706833919874,0.9653824606235678,0.27871835047364907,1.1927050287443162
2007-11-30,0.7270083271802462,0.9254731841194515,0.24863186453430583,1.1962172042989223
2007-12-03,0.7100028529302239,0.8906889422346231,0.23226636442990473,1.2134796947021873
2007-12-04,0.7156118668668494,0.8456228094980314,0.2190545219772943,1.2178160261999118
2007-12-05,0.7223828548867652,0.7939677617259912,0.21888427544855757,1.216663312752892
2007-12-06,0.7139932037692367,0.7318761813699158,0.2038205207921656,1.1985325548991455
2007-12-07,0.706996105492643,0.6675927615305607,0.19183053908533723,1.171778265967026
2007-12-10,0.7166754220416813,0.6275791642697293,0.2071534208648072,1.157704140022399
2007-12-11,0.7485680038895276,0.6283350110668942,0.22208574404684445,1.1625677337096134
2007-12-12,0.7559699167158536,0.6183101426351016,0.19760200100842654,1.1332476177991355
2007-12-13,0.7551351768338497,0.63656191666035,0.1875351415450356,1.1079956438824845
2007-12-14,0.7484528004844736,0.6837528463963134,0.18607289517011838,1.0850741379011977
2007-12-17,0.7419806030490496,0.7376223870209545,0.18639355797703258,1.050102520778789
2007-12-18,0.7148479667884898,0.7593746317771289,0.17918257946170496,1.0503866025989295
2007-12-19,0.6846666112711305,0.793018666203649,0.17140913583150832,1.0529213272260443
2007-12-20,0.6675975323686374,0.8367645783007187,0.16566838885425217,1.0606615289330652
2007-12-21,0.6504839777966526,0.8834968201218295,0.17304544285768106,1.0868502592316875
2007-12-24,0.6315757034247068,0.9116968549170945,0.16113750582927513,1.1144717495246643
2007-12-26,0.6161344183945571,0.9546726126199485,0.16092340122980706,1.1299140807871386
2007-12-27,0.6207724637016871,1.002049967253911,0.17817891775543018,1.1729751638891448
2007-12-28,0.624917525331308,1.0430074622404175,0.18520511582087582,1.1936245489601707
2007-12-31,0.6376514028498579,1.1135365948850997,0.20260781184946314,1.2106180327104872
2008-01-02,0.6559956403038272,1.1863713605130795,0.2322750527992325,1.2330806419141183
2008-01-03,0.6762746669988382,1.2510958011261841,0.25033783945514465,1.2690585493089919
2008-01-04,0.7068200745037838,1.3218533214340757,0.2823012572495748,1.3208451895567705
2008-01-07,0.7117860040045544,1.3334076206784422,0.30994995305328443,1.349176172816216
2008-01-08,0.7146453624725965,1.3512988602377618,0.34066272219519655,1.3810356411006628
2008-01-09,0.7041413972255762,1.3257418659803726,0.3547498477457171,1.3986556264353733
2008-01-10,0.6901014512222028,1.2999153342567311,0.38170274449593494,1.4123901921278932
2008-01-11,0.6909819968898913,1.2730635710562865,0.4137036219408656,1.4277389185134808
2008-01-14,0.6953704155760205,1.2467518208737862,0.4263925416481456,1.4302085876921193
2008-01-15,0.7220110775289957,1.225221388172284,0.4600986040410305,1.4311825808822818
2008-01-16,0.7228271358701032,1.1751310110286004,0.45850988974210755,1.4149597806705585
2008-01-17,0.7384329489499474,1.1274236972587452,0.4733700080721731,1.411722024698004
2008-01-18,0.7092801082260468,1.0744647523914685,0.46462803205678854,1.394423218433909
2008-01-22,0.685280594526492,1.038807816497459,0.4736067466950642,1.3728559871876758
2008-01-23,0.6521369555790373,0.986886977734939,0.47212802110954616,1.3676328327373724
2008-01-24,0.6144744504414157,0.9482890344811888,0.4399862468566093,1.3175770315241124
2008-01-25,0.5953498380870578,0.9089084013292599,0.41857535527688705,1.2936632867822098
2008-01-28,0.5856746191635291,0.8585509314705636,0.3907264047075515,1.2756591363274525
2008-01-29,0.5626909233836546,0.8072354186427831,0.3639487970466924,1.2448555979795939
2008-01-30,0.5537254642507272,0.7708159096860602,0.3416904191969813,1.2146002434054868
2008-01-31,0.551980136955265,0.7517680802175767,0.32343237699321775,1.186536328244429
2008-02-01,0.539306552716555,0.7501862936754045,0.3037311862072226,1.1513961462976803
2008-02-04,0.5309314959888041,0.7725269733409671,0.30690617578830537,1.119538741637463
2008-02-05,0.5234866620037788,0.8059171234210621,0.33111664927025347,1.103794561275467
2008-02-06,0.4558666288043498,0.7904686555332653,0.2857822856685022,1.061864668308949
2008-02-07,0.3880985941362889,0.7575744413811291,0.23200107562576522,1.040054693065581
2008-02-08,0.3361312729963949,0.7246595868295378,0.1965245244354978,1.027426464906777
2008-02-11,0.29787231020234395,0.687965991421996,0.17961853342814746,1.0125041683284135
2008-02-12,0.27468460494243563,0.6583739025729358,0.18579887862577388,1.004864002635113
2008-02-13,0.24931026092846384,0.6426180902675203,0.20176234693740905,1.0123067870456912
2008-02-14,0.22033054454931955,0.6260365058423705,0.20268228901519503,1.0112189138840217
2008-02-15,0.20016132954121174,0.6036273335983482,0.1912493369310406,0.9908432574069111
2008-02-19,0.17919434284509458,0.5760713575112587,0.1877963119902709,0.9794115394642451
2008-02-20,0.18255330903698644,0.5630031709068875,0.20006971628910772,0.9760861314624534
2008-02-21,0.2086897907525642,0.5543604526567011,0.2060222982206178,0.9903631240487237
2008-02-22,0.22830201581836693,0.5446117470004957,0.22289477318074405,0.9988844379074389
2008-02-25,0.2611183488077044,0.5408034032786315,0.2581243750585925,1.0034590605384828
2008-02-26,0.28634256960799787,0.5391309584495578,0.2908681060357615,0.9971910744463909
2008-02-27,0.3321907462758235,0.5625622843288072,0.3313681198478199,1.0239277715810153
2008-02-28,0.3910526008859221,0.6059556747437259,0.37932235497660205,1.0590606123097412
2008-02-29,0.43712665507316534,0.6624132546234403,0.4457939801723026,1.0899854532410782
2008-03-03,0.45646769762319106,0.6941882765385247,0.47944004585821,1.1177249723085603
2008-03-04,0.4980056133925366,0.7298839197210443,0.5260109510724695,1.1531220795921449
2008-03-05,0.5613539491321308,0.7786104152365325,0.5935066733131158,1.210643667735938
2008-03-06,0.6384620999721207,0.8314423226243475,0.6618487268805529,1.2851632146124374
2008-03-07,0.6889357052092241,0.8868681191954279,0.7412332814233956,1.3398995772565834
2008-03-10,0.7351044257350684,0.9405735910284057,0.788990834558695,1.4103275138579507
2008-03-11,0.7846295046756029,1.01082382065776,0.8286851138662015,1.490027053382278
2008-03-12,0.7818717967064813,1.0275487647342356,0.8238041876883123,1.5068270206659873
2008-03-13,0.7927219520156252,1.065540699284243,0.8350834148370143,1.5259903232004781
2008-03-14,0.8265876224415227,1.1159149356861804,0.8314596871256434,1.546283421793341
2008-03-17,0.8584972204279654,1.1667595794583738,0.8128681547896685,1.5758332476400372
2008-03-18,0.9071908603321786,1.2275906768375142,0.8106628821891906,1.6067464980504196
2008-03-19,0.904836529789693,1.2340488909707366,0.7686325801456544,1.5828095114404837
2008-03-20,0.8776040072203104,1.2251898544225728,0.7278914096291561,1.5562938252718785
2008-03-24,0.8492715630285598,1.2116321490600281,0.6849656181340381,1.5084820091265088
2008-03-25,0.8174292172563508,1.1781531443179296,0.6339188762660989,1.4554614082585222
2008-03-26,0.7824817740250976,1.1600496835137162,0.5872994347125815,1.4084642918098345
2008-03-27,0.745697667548381,1.147953626973509,0.5483321466417582,1.3655795559186226
2008-03-28,0.7117898271153071,1.1322151623095444,0.49658980456635604,1.332450339006849
2008-03-31,0.6754921039977234,1.1180735673783113,0.4627168470771658,1.3028794551624225
2008-04-01,0.6545634904586694,1.1162272063085004,0.43080713999022885,1.278581125786134
2008-04-02,0.5703754341037365,1.0567878776266995,0.3382431567711699,1.230977120417898
2008-04-03,0.4950660884272817,1.0062101852745406,0.2554985864356955,1.1925172412070122
2008-04-04,0.43846084707532623,0.9634556785637132,0.18243982026385708,1.1535417749252086
2008-04-07,0.3962773663561665,0.9252238491750259,0.1220748339225144,1.1308690326173672
2008-04-08,0.3602579894477128,0.8982198122451008,0.0642615467107965,1.1112282798010058
2008-04-09,0.3423249915174836,0.8889154757768007,0.029612932612221123,1.0910737361638023
2008-04-10,0.33757036915342964,0.8804541534971316,0.018858139968146958,1.0722573837880263
2008-04-11,0.3333345690235293,0.8766786331450631,0.026662574641185332,1.0538357390671291
2008-04-14,0.30398173343898516,0.8664889063796143,-0.015026225953922997,1.0198721862345514
2008-04-15,0.27755774785710935,0.8592097539148961,-0.02822206837281301,0.9857892982267946
2008-04-16,0.2434651118798562,0.8678410007705148,-0.043564737321332044,0.9477318269341592
2008-04-17,0.1532393558056055,0.8552857840910697,-0.08611774090662787,0.8861592505985366
2008-04-18,0.08455186432989528,0.8384360052934858,-0.10846471512722923,0.8069067922866345
2008-04-21,0.025054828797957864,0.7737317744809252,-0.16960926890170389,0.7389259083182547
2008-04-22,-0.021092301861915252,0.7417338735466479,-0.21701745234494893,0.6778813068708416
2008-04-23,-0.06924728804507574,0.7085217319976983,-0.2616599027307949,0.601260305084997
2008-04-24,-0.10625461702505548,0.6925878861012129,-0.3027264508340669,0.5485540732500808
2008-04-25,-0.13332564163751026,0.6874469857362574,-0.33996522626858566,0.4895812442398144
2008-04-28,-0.14260046361029619,0.7076503545805267,-0.3696267433540501,0.42948476164086
2008-04-29,-0.1390809657962513,0.7247754998091687,-0.3882051110948977,0.36981500576380744
2008-04-30,-0.12458027590973354,0.7280808432950993,-0.39064674123958243,0.30039818653476186
2008-05-01,-0.10808265518590035,0.7311597406350278,-0.37438169517917985,0.2321766637855109
2008-05-02,-0.1381552052181621,0.6857478624804778,-0.3668355946529174,0.13818912290253532
2008-05-05,-0.14521552584606418,0.6573262605517025,-0.3598082791574595,0.05855954649608664
2008-05-06,-0.1360301602635201,0.6361884375524154,-0.3367574843200488,0.0028225765875845837
2008-05-07,-0.12391808575451395,0.6299464304503167,-0.30869924660068554,-0.021772066053835703
2008-05-08,-0.15962971705577025,0.6014929984142549,-0.30009304633915,-0.07095653907726834
2008-05-09,-0.1672375203464964,0.5880788985323259,-0.2792137475218338,-0.1155954453086564
2008-05-12,-0.17483856635157832,0.5717406556756162,-0.2599066757567644,-0.141308443068346
2008-05-13,-0.1677176938384545,0.5508310537505035,-0.24547585457524976,-0.1953149773773853
2008-05-14,-0.15055018398765213,0.5315435446577537,-0.23894147947056685,-0.22052944395686117
2008-05-15,-0.1312451045764,0.5406190290765784,-0.21847653370778553,-0.21564585402546904
2008-05-16,-0.10962189765906298,0.520067900230334,-0.18625681295965502,-0.21592388229782364
2008-05-19,-0.07834736315896644,0.5185449709179281,-0.1215700350889495,-0.21817484131907597
2008-05-20,-0.03906694070457672,0.5091742673909566,-0.03817873719090051,-0.2114506499302693
2008-05-21,-0.006440051475951437,0.5200562125785544,0.018912362827910457,-0.18037490458477354
2008-05-22,-0.0030531986739122732,0.49705765827149356,0.045500011806268954,-0.15329890156184944
2008-05-23,0.010970361918029215,0.49757291524794706,0.07960495146906182,-0.1254550069133524
2008-05-27,0.028851468160071263,0.5133963593989901,0.10470623368480338,-0.11287889527254956
2008-05-28,0.04943649931620352,0.5247148467555618,0.12235863107209491,-0.09423662693146684
2008-05-29,0.09019442639585173,0.5518702614232939,0.16031973904762806,-0.06161880289765492
2008-05-30,0.14091583071183186,0.5830640841158585,0.18587787507358922,-0.0155030847646136
2008-06-02,0.18623550115086712,0.5971539996597172,0.21141958197517924,0.03431823729842237
2008-06-03,0.25649531157790467,0.6137787805085004,0.2360573433652007,0.10304696631425059
2008-06-04,0.3176108781573344,0.6381207151750338,0.2703444296352096,0.17165190346470954
2008-06-05,0.39094328114545196,0.6702386871237959,0.31314119971356785,0.24140701660419142
2008-06-06,0.432071813339138,0.7086821667956322,0.34519007092080023,0.2925316117682912
2008-06-09,0.3965856743989652,0.724485305294385,0.30588437744242575,0.2915440468110706
2008-06-10,0.3581906415978115,0.7424485932754571,0.28656139242523393,0.2932830340598823
2008-06-11,0.3330445752254152,0.7738961809673635,0.2749661693775872,0.33408156053893795
2008-06-12,0.2973047173635394,0.7858613352826435,0.23777283339228125,0.32235038832389684
2008-06-13,0.2828597999234053,0.8036791998370557,0.20894998288189984,0.32298177055642957
2008-06-16,0.27541572751883286,0.8270938527360708,0.1907231354682971,0.32656512321628856
2008-06-17,0.2837650722046878,0.8544056997854584,0.18842685741963444,0.3353323125282921
2008-06-18,0.29233102798186417,0.8882120318177792,0.2122320864507803,0.34648638087457356
2008-06-19,0.2975535986330726,0.9286475752254589,0.24108385362236698,0.38596341138670515
2008-06-20,0.30825513700434287,0.9649016837658395,0.2844892972832526,0.4566011952158143
2008-06-23,0.28641817782309376,0.9648657949139929,0.3068321001834619,0.5203985750615409
2008-06-24,0.2919461584323519,0.9728386220229688,0.32930640575114956,0.599464006590448
2008-06-25,0.3072745242655413,0.9915605965308297,0.3611273234840389,0.6748112255366422
2008-06-26,0.345663723301814,1.0073115300146973,0.41617563695274296,0.7626740875351132
2008-06-27,0.3352710196226206,0.9596482273558652,0.3980470309646449,0.8203990639406599
2008-06-30,0.3492173328575148,0.9301680282269508,0.36079300740669173,0.898581489015772
2008-07-01,0.37837582140144854,0.9029897901628064,0.3323907507674667,0.9722266420751481
2008-07-02,0.4047348054489485,0.8811416010932868,0.3255501787576241,1.0746237348220087
2008-07-03,0.4056105185702496,0.8493980435480575,0.32319788149105316,1.153679302078494
2008-07-07,0.4167680073825346,0.8355097413145732,0.35205145050524606,1.2296455636795263
2008-07-08,0.4240969812179718,0.8269846199827342,0.3960543717085483,1.2961455890114681
2008-07-09,0.42816752038141503,0.8039024439539808,0.45139868466605904,1.3033281170121775
2008-07-10,0.4291225617203541,0.768279856403281,0.4644683805388846,1.2677609993157812
2008-07-11,0.45813887934517683,0.7500241480619206,0.4924998906120343,1.240948423497924
2008-07-14,0.4738171993935292,0.7243015027912363,0.5168782800972159,1.2249461143605636
2008-07-15,0.4966050840727946,0.718411700455653,0.5567604928927047,1.2278912139708984
2008-07-16,0.5014936017619632,0.7137186043085927,0.5859572064682356,1.2552385551476493
2008-07-17,0.47276704110102746,0.6736976930473576,0.599842995026667,1.2367400865647062
2008-07-18,0.4555135399351297,0.6499259430594141,0.5987931618293064,1.2269329042164332
2008-07-21,0.465602779584725,0.6192943385750829,0.6127263692310806,1.2345936317474824
2008-07-22,0.4782564537150806,0.6059221001780171,0.6456190549514093,1.2615476650817412
2008-07-23,0.4899500940256371,0.6242253578207841,0.695396961065829,1.2707020854728739
2008-07-24,0.5312921607610359,0.6453773723640889,0.7629714069855218,1.2884710966771535
2008-07-25,0.5489260389540163,0.6632847491374237,0.7961313317398974,1.2983581904794246
2008-07-28,0.5654608748992397,0.6764207077099567,0.8453265182441776,1.295232051779781
2008-07-29,0.5935137435798905,0.6735457248208789,0.880164874082614,1.2846995509644463
2008-07-30,0.6018585390947815,0.6555643716820362,0.8895623686426462,1.2499665251970367
2008-07-31,0.5995060005517859,0.654384548141669,0.9042666895694823,1.2279019616458626
2008-08-01,0.6115867389818894,0.674220798716836,0.9006063785200724,1.2172477104978003
2008-08-04,0.6384562014834798,0.6788034038982365,0.9112733913132441,1.2099378876570295
2008-08-05,0.6718217098689989,0.6907206313044484,0.9578747021011396,1.2064787703011848
2008-08-06,0.6548425203231708,0.6678316883323521,0.9682404980819789,1.2087456226852928
2008-08-07,0.6502459157290896,0.6423377483322044,0.9831836010568846,1.230894712130786
2008-08-08,0.6473518955956388,0.6324954733781271,0.9792047050700655,1.24493058421591
2008-08-11,0.6265674925462474,0.6253691793637336,0.9537359194518442,1.2541137614547229
2008-08-12,0.6023144652081501,0.6336192257776736,0.9264068267744392,1.2455995930536214
2008-08-13,0.5695676207906408,0.6532833183806107,0.9064673612915818,1.2359322737967486
2008-08-14,0.5452197965482231,0.6780836474488435,0.8825011197460116,1.2435755003403801
2008-08-15,0.5376993509849451,0.7002702397077738,0.8642074172882626,1.246073926927019
2008-08-18,0.5575860142326636,0.7417223789645112,0.8581084468913457,1.2805395433142075
2008-08-19,0.5789313706493999,0.7794393864458032,0.874897083172144,1.3121333340783679
2008-08-20,0.5761656655764352,0.8123207733823561,0.8967574143473275,1.3479225825506478
2008-08-21,0.5845221528072756,0.8660922788109867,0.9360093484576878,1.3877351464786731
2008-08-22,0.6149346781889451,0.9367373782934656,0.9779460596146724,1.4285606129003365
2008-08-25,0.6550268905005866,0.9936283023712753,1.0164631668524433,1.4526350360087583
2008-08-26,0.6939067703228896,1.035301028601786,1.0518812109356166,1.474404868200813
2008-08-27,0.7368312963230312,1.0876023912314867,1.1185897132693712,1.4888763761235853
2008-08-28,0.7890534579370232,1.138597682042502,1.1831892829274318,1.5099983443045857
2008-08-29,0.8618338745205684,1.1912407707221546,1.2632912755979988,1.5203232738245513
2008-09-02,0.9647500863423808,1.2414117883237294,1.3417694514405965,1.5458818459126884
2008-09-03,1.0742058892620485,1.305924934368339,1.411798350942898,1.5803352611860528
2008-09-04,1.1969293634953322,1.3595030700471014,1.4930672031096064,1.6344615654484371
2008-09-05,1.2945603272875676,1.3931696016484751,1.5581529297929089,1.6950652109222557
2008-09-08,1.3891910453153213,1.4516545728504382,1.6462506165977342,1.7730851902575315
2008-09-09,1.4768432071814999,1.5111918562578233,1.7287947745780552,1.8415566380216888
2008-09-10,1.5444297162941367,1.5681998581460448,1.791914873707225,1.9040239353354513
2008-09-11,1.6105706203314154,1.637078784193541,1.8648231183246713,1.9770189105469367
2008-09-12,1.690780888082441,1.7176354645432585,1.9415692472536639,2.053582881748713
2008-09-15,1.7958458083274809,1.807533338413126,2.031895357297607,2.149004069198479
2008-09-16,1.8568073284091955,1.8980181153419038,2.091707182966218,2.246852021137031
2008-09-17,1.9275818283179573,1.9995259663630052,2.156245886248711,2.3324079638867103
2008-09-18,1.98878396582678,2.0836076059674014,2.217141489886454,2.4030545873350158
2008-09-19,2.0476459301397902,2.161968583109185,2.2738320606438274,2.4356317177599474
2008-09-22,2.098075022373798,2.2371816864277716,2.3197417489362815,2.4510316597732817
2008-09-23,2.1464114830881247,2.309059235066607,2.3606876126040937,2.480479702607018
2008-09-24,2.2044231453170418,2.391573929063021,2.4075157828481313,2.5214450081814497
2008-09-25,2.2764631771489467,2.458762200611478,2.4642420337439104,2.58274237836406
2008-09-26,2.3632577984294447,2.534615474104275,2.5303441590038087,2.6543609568611233
2008-09-29,2.4580641132332315,2.625246272727231,2.5969465962982254,2.7236089471184908
2008-09-30,2.495403080572938,2.663627281158866,2.628227722989695,2.7592790713006163
2008-10-01,2.53132564319472,2.7031151552124237,2.6577774150595435,2.774277848531031
2008-10-02,2.581378638763546,2.7317631541934837,2.7104012487707907,2.796208228354707
2008-10-03,2.6328944212183854,2.750338125042178,2.7514115402661408,2.8182376501521573
2008-10-06,2.6762929453189157,2.7932866066987128,2.79963318462155,2.868555972591983
2008-10-07,2.727264635842707,2.8229689357904713,2.827648802634574,2.949221872108852
2008-10-08,2.7990255724180284,2.826412794745186,2.856694263315154,3.0148052901330997
2008-10-09,2.868659423357209,2.8583422932111504,2.8876568351692082,3.0765249049448307
2008-10-10,2.922260793141874,2.9139025753625862,2.901774501025441,3.1039828258966438
2008-10-13,2.9909188258072863,2.9907379741758255,2.924747518581335,3.142797752911458
2008-10-14,2.9701841188386213,3.0090819209168895,2.893086582017458,3.161491821346711
2008-10-15,2.9648284771920292,3.030997643254972,2.8840039127334327,3.2028194847431184
2008-10-16,2.91272554491547,3.013645457611845,2.8327455113369773,3.183792846971104
2008-10-17,2.880832194179659,2.995504077659058,2.797053118411754,3.1534922112660406
2008-10-20,2.8563364317168145,2.989227069056084,2.7656460905629396,3.1587658642202694
2008-10-21,2.829552691446385,2.982993116489437,2.7494562450878948,3.145055612314282
2008-10-22,2.814206008391305,2.9659021641281025,2.73344115849079,3.125811265847464
2008-10-23,2.787610787282705,2.94433911973702,2.713078292288262,3.1119976597362
2008-10-24,2.7764553591527834,2.9396635662245236,2.7123940449417487,3.111174641568939
2008-10-27,2.7652866634519793,2.9490701348467114,2.7306927287317295,3.117968692420261
2008-10-28,2.763485452764192,2.9756437027134033,2.7519445576714867,3.122052866393637
2008-10-29,2.706569346974712,2.9548053675189667,2.7168185135610603,3.094532674290552
2008-10-30,2.670944876387136,2.944048796284484,2.6739053110153073,3.093376339744243
2008-10-31,2.650032603233044,2.9267628636371534,2.643554779213344,3.0835386294702336
2008-11-03,2.6348188537246786,2.911076000453587,2.620521338396944,3.096613582008442
2008-11-04,2.6319719366903627,2.8921043073618926,2.604137887130641,3.1153196416961375
2008-11-05,2.636464458242062,2.874097853034408,2.6107971220900668,3.1464097766593473
2008-11-06,2.6552147204838956,2.8384323915364384,2.612379086041876,3.1504566156771676
2008-11-07,2.645687926583417,2.8133283942979164,2.581819922316618,3.164100823908655
2008-11-10,2.646432597464785,2.7944327435227185,2.5695442101355073,3.181770297671469
2008-11-11,2.6541251741695846,2.765257776653205,2.5694193211874983,3.225991153782411
2008-11-12,2.6639497220347965,2.7505153738708388,2.592230265162374,3.25260411463166
2008-11-13,2.6785040348973372,2.728225855569633,2.594131091112849,3.2676093885359845
2008-11-14,2.687838902524164,2.7017907516655035,2.5714199267312225,3.276919221798168
2008-11-17,2.6879378423522104,2.6734294815164614,2.5627027826615514,3.2757857552859746
2008-11-18,2.701781686166137,2.6559998246050847,2.564788881140353,3.283075000239152
2008-11-19,2.717909855462551,2.654710564534031,2.569153406893514,3.3110135184347254
2008-11-20,2.720363454100156,2.642978456990965,2.5785348556020518,3.3128920339112216
2008-11-21,2.6980226797668982,2.616731757327759,2.5667234092309434,3.30225278677244
2008-11-24,2.6618529243457565,2.604316062266498,2.5243330490142584,3.280540263737481
2008-11-25,2.607018533588327,2.56588882627009,2.4646960151309614,3.2311468619405614
2008-11-26,2.557769452648912,2.5400770418525,2.4121227458992274,3.2034642128152897
2008-11-28,2.5134121749525193,2.518776780046414,2.3589474111200346,3.192557898009718
2008-12-01,2.4800007016850216,2.515011696377966,2.322803007955145,3.191644303328664
2008-12-02,2.4003712526741525,2.472341233860506,2.2067411629605296,3.1038192870400825
2008-12-03,2.3166679647374258,2.416766033288676,2.114171423744551,3.0217784540612445
2008-12-04,2.253935820581697,2.3709391825313455,2.0478046371259024,2.9331879220821535
2008-12-05,2.189522166723395,2.307309673545969,1.9781166793727254,2.8589330193110785
2008-12-08,2.1263376781710046,2.2292159391351074,1.9186556085703639,2.7807062348285627
2008-12-09,2.0648542669326346,2.147911796837112,1.838644234746376,2.71271177788394
2008-12-10,2.0132296297998504,2.082442985293791,1.7494767737315664,2.6375133419925487
2008-12-11,1.96334105881854,2.0339882181845366,1.67871410353344,2.5728173746062564
2008-12-12,1.9190356673726903,1.9734319229421198,1.6114541932395097,2.4971733243903067
2008-12-15,1.8755311497204854,1.9222797245558474,1.5436891016836398,2.4366605806293933
2008-12-16,1.8483580351791906,1.8701072289040306,1.4929468109343778,2.38291643594789
2008-12-17,1.7987750051895148,1.793325734301018,1.4228258157251403,2.2849936382200804
2008-12-18,1.744614906884614,1.7337764299156797,1.3707290617141734,2.197126860362793
2008-12-19,1.6774842080349928,1.6858899476725002,1.300654954223961,2.1264847367754434
2008-12-22,1.6379004651537519,1.649185063323992,1.2540591776044907,2.0594247155804304
2008-12-23,1.5986422393130453,1.6083339483347445,1.2081070904890294,2.01270851757081
2008-12-24,1.5714739817127696,1.5919639060316404,1.1866997247654487,1.9709332915575883
2008-12-26,1.5553088427957185,1.5974317377850997,1.1818567810144818,1.9515528090431682
2008-12-29,1.5515403389435376,1.6156569419947744,1.1827912812612515,1.9604656878202509
2008-12-30,1.540806481321318,1.6545778277859586,1.1957331908338835,1.9521196865262715
2008-12-31,1.539331528138294,1.684000051634488,1.2125517758324127,1.9437547719050199
2009-01-02,1.54719252981769,1.7129100458969602,1.2355000359816422,1.941288304163808
2009-01-05,1.5394866388118207,1.7051536894503723,1.2347030824121257,1.9594544085198171
2009-01-06,1.531128124093103,1.6940060694324834,1.2457111356456418,1.9832584084293374
2009-01-07,1.5523773179605935,1.6920265861528052,1.279471548985932,2.027644189351572
2009-01-08,1.5609250749976824,1.6856712748365925,1.2835567479975933,2.0779945442474927
2009-01-09,1.593797465085489,1.7006196142694885,1.3140936618878085,2.130517035423888
2009-01-12,1.6429033163070041,1.7112709461092634,1.3424862936797657,2.152639629632776
2009-01-13,1.6895523652958504,1.7402998097575473,1.3889941223227613,2.1765039456486206
2009-01-14,1.7564851949335076,1.7733111459969275,1.454121383170011,2.2067010714529274
2009-01-15,1.80855655398311,1.8044843200459608,1.486901548348883,2.205233827557136
2009-01-16,1.8437436533787217,1.834161915674075,1.5295505411399355,2.226522395669776
2009-01-20,1.891199928022206,1.87302442906009,1.562091830224855,2.2574671171554894
2009-01-21,1.8867658881500735,1.8723879533828258,1.5594775685875186,2.2295155373463844
2009-01-22,1.8560727032537623,1.8516400469839658,1.5270402963382652,2.18652046407396
2009-01-23,1.8401279604815164,1.8484709928322092,1.497472364383498,2.1306149984169047
2009-01-26,1.8328253419330331,1.8397356534926803,1.4833633074913937,2.074242944735302
2009-01-27,1.8418336832459987,1.8277780288287009,1.4848310657568085,2.034687136553596
2009-01-28,1.8622350221017996,1.8251888206221056,1.4965581674912556,2.022209719477105
2009-01-29,1.8531612498607242,1.8076001018793912,1.5001241285787155,1.9875790634227721
2009-01-30,1.8356027124680234,1.8108159798442671,1.4929351724361695,1.9384317402163345
2009-02-02,1.8042639683168018,1.809553703075127,1.4846162214748873,1.8898375713994873
2009-02-03,1.7716570680020396,1.8137797472149961,1.4798981236195377,1.832367537488307
2009-02-04,1.742924470374849,1.8247061705957315,1.4837059688352783,1.8034828287342286
2009-02-05,1.7307086695802874,1.8284488455624348,1.4963955275243435,1.783286213323281
2009-02-06,1.7234464252966366,1.8368484994517014,1.5314341442672152,1.7826627881476977
2009-02-09,1.7050457296139674,1.8473716012587156,1.5521893408151266,1.783089944266234
2009-02-10,1.7003005766015757,1.868522453052609,1.5918173094126569,1.8117429942895789
2009-02-11,1.661731114246641,1.8611389208964497,1.6007767682493488,1.8075815816245098
2009-02-12,1.6426030856723706,1.8745496767428342,1.6140786698801648,1.8306920510520623
2009-02-13,1.6496195334330441,1.8986302857985293,1.6397515199370116,1.8620849656248872
2009-02-17,1.6771012453324494,1.9241599184333382,1.667998938390094,1.8858247878596117
2009-02-18,1.674836334244068,1.9234794460984659,1.6767599125262074,1.8892800375804044
2009-02-19,1.6978959117216483,1.9195332667367524,1.688476961841169,1.9062046094066731
2009-02-20,1.714776728371548,1.92710809576606,1.710983561991642,1.9444247111268262
2009-02-23,1.7458334754696998,1.9465015011475182,1.7626386273717456,1.9960936759674337
2009-02-24,1.7618611873288335,1.9375213670855937,1.8049563501298853,2.046442348137015
2009-02-25,1.7651080483068706,1.8977570879819128,1.8275154851880526,2.0845103482211695
2009-02-26,1.7811949367403583,1.8678427165788976,1.8568123976318118,2.1391047522235285
2009-02-27,1.7973499655727034,1.8270273948275348,1.8958741942292627,2.1867123763945324
2009-03-02,1.8311951488166744,1.7943748914619257,1.9322087824483098,2.259524054055691
2009-03-03,1.8418209298562647,1.7483693189839553,1.9413881648774804,2.3062490791189254
2009-03-04,1.8656020304069392,1.7236087624423597,1.977141559590909,2.3582564911391115
2009-03-05,1.8825472985445808,1.7084573799357181,2.0223728506008976,2.4275799959691975
2009-03-06,1.8992120223372595,1.692729291909324,2.0285319219168114,2.458509612439367
2009-03-09,1.9062814101582513,1.6986557944962342,2.0463167212768023,2.499555741936578
2009-03-10,1.9329909389234659,1.7178928704760041,2.061625524223778,2.5557452998833514
2009-03-11,1.9356831514820925,1.6856347597950974,2.042037574357928,2.5791942897011406
2009-03-12,1.9354808450131786,1.671093691220989,2.0331013743384614,2.608464585209875
2009-03-13,1.9272055793928635,1.6459112384984362,2.012146519805506,2.616091044119297
2009-03-16,1.9352830349610337,1.6229938629201885,1.9990090221480952,2.6332505783509794
2009-03-17,1.9523217256056715,1.6012943980564374,1.9974172797469096,2.6662792321408872
2009-03-18,1.9535995244574946,1.5756622955333677,1.9967174517692947,2.681447735599415
2009-03-19,1.9567888532520683,1.5610851485591761,1.9826012427829163,2.6747571236789622
2009-03-20,1.9554277209366988,1.578573909326525,1.9842455822979819,2.679324777125162
2009-03-23,1.9427238102247142,1.603919927296226,1.9930404045742018,2.677135503720296
2009-03-24,1.8616849742507244,1.5722851913880411,1.9363862419467146,2.631422211807102
2009-03-25,1.7909855402673467,1.5581348029923474,1.8652100570275805,2.5912724713722297
2009-03-26,1.7219861404017138,1.5442821157213624,1.8001595145203013,2.55445004600055
2009-03-27,1.652700384057916,1.5060869316772516,1.7490112908341255,2.5132097838438425
2009-03-30,1.5925567247237604,1.4604952059279652,1.6991445986180087,2.4712681839637294
2009-03-31,1.5268215420870248,1.4037079279987685,1.6462443480507705,2.4401105986738987
2009-04-01,1.4732195802920585,1.3483281822067288,1.5966549858827057,2.428021335519539
2009-04-02,1.4191655349448746,1.316651739404592,1.5496336280132041,2.4392553844384612
2009-04-03,1.3622076060980595,1.2664323292551523,1.4986574656418947,2.420678721668584
2009-04-06,1.3253110912650776,1.2182809545966675,1.4601833289902832,2.419144424517402
2009-04-07,1.2995124166939143,1.1766287828451774,1.4437000385913377,2.418324552358673
2009-04-08,1.277095904150634,1.1040245704319056,1.428601347531223,2.4073942543919036
2009-04-09,1.260529186499588,1.056665866945574,1.4288876562384987,2.3914523128394105
2009-04-13,1.2273614052358817,1.0072325247031528,1.4114423987996412,2.337234265506541
2009-04-14,1.215530073480082,0.9749215131520576,1.3963290571564302,2.3005142259002986
2009-04-15,1.21329426939014,0.942021442275626,1.378787944586604,2.2573954901507105
2009-04-16,1.212629624625625,0.9330945010795763,1.3583524638019149,2.210808624809118
2009-04-17,1.2226644763340122,0.9127042822333031,1.3276467187613856,2.169579408950514
2009-04-20,1.2547410373084062,0.904270568035921,1.3073730601445268,2.1388980330228486
2009-04-21,1.233214208493827,0.8558414234762955,1.2513668094574322,2.070297449278099
2009-04-22,1.2189483994224226,0.8190490783840442,1.2116056602739647,1.9910719569870083
2009-04-23,1.194414063755377,0.7739636091979829,1.1649233386655113,1.9333371219389177
2009-04-24,1.1859708511475437,0.7403934119959293,1.1189577978472645,1.8790147389992466
2009-04-27,1.1784312612062526,0.7107798697819625,1.075311586857402,1.822816912497352
2009-04-28,1.1760285362061702,0.6875845754272913,1.0396037626484276,1.7672415100099086
2009-04-29,1.177444874460118,0.6803394907447672,1.0093480479909536,1.74662898739375
2009-04-30,1.1838901770114518,0.6901703619118058,0.9488918257566196,1.724457513297605
2009-05-01,1.1969356683094259,0.7048539745607483,0.8858945306778986,1.7231367463414067
2009-05-04,1.208653160936466,0.7220950432878539,0.8580033509375561,1.7239262376089162
2009-05-05,1.2019336046245073,0.7241359676313857,0.8190988276431496,1.6929165646584534
2009-05-06,1.1899394253043403,0.7286316616526876,0.7898838438071683,1.6750799919803603
2009-05-07,1.176252624177337,0.748388931669137,0.7713318691861686,1.6719742442735017
2009-05-08,1.1592379388326388,0.7443993918123746,0.7622029052599327,1.6802742671920137
2009-05-11,1.1328232696426186,0.7481383006509259,0.7380354972647191,1.672050183034707
2009-05-12,1.1030886286154464,0.7588404007711677,0.7158514442405973,1.663769019187913
2009-05-13,1.0882509594548422,0.7711884693606135,0.6983485866400242,1.6581273860871537
2009-05-14,1.043002684437547,0.7441836893741676,0.6762734499691215,1.616241320199781
2009-05-15,1.0213909423878411,0.7216034965253881,0.670175090851678,1.59078908766976
2009-05-18,0.9977674836629482,0.7193749443089029,0.6794760683280289,1.5750277206454109
2009-05-19,0.9517628069836773,0.7065481270835153,0.6498432818919857,1.5521191603011524
2009-05-20,0.9090304723209229,0.7050363775081402,0.6341059496910516,1.546517121431466
2009-05-21,0.8732015406683856,0.7322945392150081,0.6291970287900255,1.546082783129415
2009-05-22,0.8511961571306214,0.7393801014952814,0.6280426020987127,1.5446168813703256
2009-05-26,0.8280257744450132,0.7642369371416446,0.6505012949201489,1.5517266217071597
2009-05-27,0.784566029179196,0.7192573516848743,0.665649088825773,1.5133295196614607
2009-05-28,0.7451259503029118,0.6748237001527353,0.6621722589077762,1.4473271294953618
2009-05-29,0.7166543503660747,0.6313814143791677,0.6666795879032235,1.3995619065266243
2009-06-01,0.6800719289890113,0.6010688584023935,0.6692875658271241,1.336658180184251
2009-06-02,0.629055833896058,0.5287288990398236,0.6428645710806047,1.2403910263539981
2009-06-03,0.5817074111390651,0.4814003279151174,0.600618383076757,1.1558144905097714
2009-06-04,0.5343758039990376,0.4514805476573721,0.5617179031680418,1.071362267593281
2009-06-05,0.503512990244306,0.435475472949249,0.5321234868506044,0.990580057984622
2009-06-08,0.4857998213593833,0.4252861022362964,0.5204510261574073,0.9391101955566298
2009-06-09,0.48259797981150954,0.4300728674207895,0.5034820283810314,0.8967414588462128
2009-06-10,0.49187600092128,0.4494676512182228,0.4913561680313235,0.8570836572290245
2009-06-11,0.5176158139522042,0.4595515933282449,0.47189120383479755,0.8480090094062258
2009-06-12,0.5570476987954217,0.4901081276481856,0.45960205381448765,0.8673842385609125
2009-06-15,0.6009846806132402,0.5268097845771539,0.46251015060300016,0.9074944543151382
2009-06-16,0.6148531990401748,0.536550254404508,0.435000746142595,0.9219328927779579
2009-06-17,0.6165653538843269,0.5335539515990281,0.41010045418982666,0.9310787208615919
2009-06-18,0.6355902766954149,0.5322106793335796,0.42032579759874084,0.9579313852278856
2009-06-19,0.6542783815378095,0.5563666340302637,0.4434504656168325,0.9763186505906676
2009-06-22,0.6797174407836847,0.5757108469353034,0.49749637885285314,0.9983817753448794
2009-06-23,0.6558956393516585,0.5366697982896926,0.5215665611759965,0.983233413523307
2009-06-24,0.650781798870782,0.5138998018446455,0.5448426167109948,0.9663930538482354
2009-06-25,0.6382726280413692,0.4955043444359441,0.570385127071202,0.9488090842616332
2009-06-26,0.6088959150991483,0.46832172122375904,0.5893889722785378,0.9155975047048246
2009-06-29,0.5953357118360828,0.4775056059696891,0.6123841613540517,0.9104710708246003
2009-06-30,0.5815276960314197,0.4894113142946929,0.6441493978541369,0.9254690396042178
2009-07-01,0.5822360741347403,0.5242860933016418,0.6694122459598295,0.9524914494197954
2009-07-02,0.59884373916767,0.5649325569071747,0.6955809738757017,0.9872511738321591
2009-07-06,0.5821253015820171,0.5734930511236132,0.7042111167590221,0.9909826511899621
2009-07-07,0.5863894776073507,0.5748304184956846,0.7187448720242592,1.0100113527476835
2009-07-08,0.5784504236152799,0.5454633260676452,0.7182703561642592,1.0059440364611802
2009-07-09,0.575213393309804,0.5343736223584542,0.7140774389505723,0.994043039936168
2009-07-10,0.5574270506524674,0.5372256850187944,0.7025942108057215,1.012804524991634
2009-07-13,0.5733323296640646,0.536587721975589,0.7011272424200149,1.065424796242295
2009-07-14,0.5610193907219101,0.5301452308115391,0.6780218873049205,1.1194739002175167
2009-07-15,0.5551270217725719,0.5213365462330828,0.6654979709783605,1.173368166424877
2009-07-16,0.5017448205810395,0.46126598671501967,0.6077038532177482,1.168359507400427
2009-07-17,0.4472001478768994,0.40009859573882567,0.5582170126045132,1.1756972267287045
2009-07-20,0.3837126431449458,0.3473498580525652,0.5125622647646482,1.1773666441102
2009-07-21,0.33239736714100304,0.31208312360957496,0.4618037175076565,1.1870873485990572
2009-07-22,0.2910728698551597,0.2901680826373793,0.4222753349371881,1.1915508723534354
2009-07-23,0.26707679093646347,0.27519266169122514,0.39122011366128123,1.1982855244150001
2009-07-24,0.2185750708865459,0.23405036605513008,0.33198557595895456,1.1580880149297146
2009-07-27,0.1690724479296327,0.21881296227863178,0.27829204955241277,1.1376453418925236
2009-07-28,0.12468830469220157,0.22185651557865044,0.2345808671667926,1.1147685137407923
2009-07-29,0.07363851730400245,0.2216485359350146,0.2191360519456991,1.1125345956564772
2009-07-30,0.03684596925649599,0.2259742562066152,0.20065228285048958,1.1229921085230414
2009-07-31,0.023964650218376696,0.2434931484794908,0.18176603833005028,1.1250687623808957
2009-08-03,0.03753491724026154,0.25448611447711206,0.1640947655694482,1.1411082066867921
2009-08-04,0.03193587614123096,0.26004275354391476,0.1303176079781244,1.1589548695751193
2009-08-05,0.01565476278193965,0.2854464226868539,0.08957952548537249,1.1762270433812931
2009-08-06,0.010778216246531186,0.32390640333540244,0.07100709892635089,1.197301564989938
2009-08-07,0.004359836960981669,0.3471196107836467,0.05673620015052185,1.2257815689922256
2009-08-10,-0.005357892282818107,0.36110114724861986,0.0395556966618108,1.2319640106520493
2009-08-11,0.0006338402594691408,0.3744024919920379,0.037658741695008234,1.2474507233792573
2009-08-12,0.005626125085297332,0.3866826872574556,0.03182451188841417,1.2540640566752754
2009-08-13,0.03580927313221574,0.3941549978199667,0.02828604669900101,1.2512174125210835
2009-08-14,0.08152143228099551,0.4186789221021727,0.05902750451428634,1.2495066093563951
2009-08-17,0.1293590582177273,0.44281204061069407,0.08430657833550274,1.231015255610805
2009-08-18,0.10793011802708406,0.41808182296692953,0.08865163340800457,1.1867075229104265
2009-08-19,0.09932579882540771,0.3851137837885719,0.0837637042046343,1.1579720162295288
2009-08-20,0.10100378559443308,0.35276588448287677,0.07996218499065355,1.1449452506762305
2009-08-21,0.10363283235471345,0.31720109721992495,0.07145008118226188,1.124384648787964
2009-08-24,0.06572907960312242,0.2766899103056976,0.04920640397734291,1.070649678070321
2009-08-25,0.04495255408899703,0.2438236138593592,0.02386776872805762,1.0271994903743495
2009-08-26,0.03498803095325324,0.22244281569480895,0.009056501673941232,0.989836795626405
2009-08-27,0.0488993553564511,0.2149754711429118,-0.0017689491308315788,0.9662108429582537
2009-08-28,0.05841694675904517,0.21687092159580798,-0.019746466331100155,0.9430299176822413
2009-08-31,0.08380222623411997,0.22152749321415308,-0.03355368150265352,0.9211551906233805
2009-09-01,0.11684834184742458,0.2288430623892119,-0.04531719635105716,0.896930812171718
2009-09-02,0.1011184990876992,0.20757631481342886,-0.10023001882257981,0.8334870735248585
2009-09-03,0.08773368020885687,0.18949561043645374,-0.13780087513034522,0.7866856581473813
2009-09-04,0.07952304166598485,0.1657278574437635,-0.170541588084989,0.7516393899677539
2009-09-08,0.06399217012953055,0.12181539924245058,-0.20325390295262186,0.7217950826584748
2009-09-09,0.04580316211041219,0.08073730056567556,-0.21964578005062912,0.7065899961784005
2009-09-10,0.03353786948144142,0.042212940698963856,-0.24302729569558668,0.6834454926682366
2009-09-11,0.017416527236815534,0.008225491956307202,-0.2746076626735304,0.6503189439534424
2009-09-14,0.017301226324820933,-0.00702960234251185,-0.3022701501559879,0.6250284488782413
2009-09-15,0.034931752340011314,-0.02729740983296129,-0.320033965466527,0.6177765672977263
2009-09-16,0.04788526710580998,-0.06168574197464577,-0.3368276421729594,0.6158759336775345
2009-09-17,0.0332421517464899,-0.09486519274058383,-0.3407738057220548,0.5835665988434621
2009-09-18,0.03824513754214958,-0.09004500874819435,-0.35755040039348807,0.5804584080965283
2009-09-21,0.06873873569624034,-0.06943048030416847,-0.35646534737868735,0.5901819737667642
2009-09-22,0.08610596782997167,-0.04326919380412245,-0.3485994733776869,0.605044011601984
2009-09-23,0.11829409827408101,0.011803531575477921,-0.3345870868912544,0.6345130425591685
2009-09-24,0.14766612436692825,0.07262158859632824,-0.3189115713927085,0.6676373747650277
2009-09-25,0.17567880610068504,0.13851127684807688,-0.2819151040797632,0.6895094873489989
2009-09-28,0.21216922256977663,0.19692568624024068,-0.2379052163239106,0.7323177489512969
2009-09-29,0.22494107560698254,0.23321625678685962,-0.19499535991093733,0.7346600791532507
2009-09-30,0.2561953558321151,0.26496996762987285,-0.15149435488510535,0.767573768564848
2009-10-01,0.29399002942099894,0.2999557032153637,-0.11095187574769264,0.7847810548536076
2009-10-02,0.2859843592626019,0.23965597059298066,-0.12109405087833242,0.7588136468675374
2009-10-05,0.2958156544054812,0.18719884074484738,-0.12038081940253503,0.7551758555411965
2009-10-06,0.27078037710547204,0.15928966085432464,-0.12699326415947304,0.7279888714986027
2009-10-07,0.2508425437514203,0.11988343630948768,-0.1496434098600556,0.7036305041441371
2009-10-08,0.24634468880967958,0.09568555201836627,-0.14335800949150548,0.687871000397109
2009-10-09,0.24483017199612994,0.08899279485770503,-0.13224638067146396,0.6659849018810907
2009-10-12,0.24479935277230688,0.095277708347567,-0.10865835886387985,0.644171754562244
2009-10-13,0.25499177703111486,0.10841688332877397,-0.08742278546137947,0.6464051775994148
2009-10-14,0.2808261676089718,0.13987603723540715,-0.05668081735809879,0.6624745968016278
2009-10-15,0.3006402277910262,0.16848312191946083,-0.031393939837065996,0.6712035618672119
2009-10-16,0.32154009722673765,0.1917175531964505,-0.01493996341271947,0.6729731395072778
2009-10-19,0.34680090811354297,0.21069334710761756,0.006942956750052504,0.6986342871700035
2009-10-20,0.38780683479230577,0.24002271524633206,0.03608748166334115,0.735381576118205
2009-10-21,0.4326637815045762,0.2659465299514638,0.07821571846731061,0.7839084733817079
2009-10-22,0.46660671607860377,0.3010050070201649,0.1077642227999221,0.8266192907372657
2009-10-23,0.4960276756804494,0.34843671323945064,0.13758111437212828,0.8706154498149651
2009-10-26,0.5155747443984379,0.39297356940250233,0.16391288083616695,0.9021448063369147
2009-10-27,0.5364827621665962,0.45310237610480125,0.2026104422472934,0.9329625962868342
2009-10-28,0.5591186074312381,0.5183585402566153,0.24971095580434316,0.9708483481184459
2009-10-29,0.5489420873416463,0.5539335307179013,0.2880886273624358,0.9770052405633436
2009-10-30,0.5235151466896504,0.5763648849807168,0.31019515359312,0.990674949437883
2009-11-02,0.4649176137113841,0.5734164949176884,0.2808088448378072,0.9834193148380366
2009-11-03,0.40046897186512737,0.5792215449728823,0.24997788643682026,0.984376187808559
2009-11-04,0.3521512455755685,0.5827049425273995,0.23752195460577533,0.9926988526288522
2009-11-05,0.3249957345573011,0.5849885834841047,0.23962295880604065,1.0028074648801868
2009-11-06,0.2902175773949862,0.5369072544272927,0.20302987038466327,0.9890224936855595
2009-11-09,0.26441167883863265,0.506838719747095,0.17661741889662577,0.9691639938608401
2009-11-10,0.20915654599978373,0.46119057569392463,0.11339147252445606,0.9316301668490334
2009-11-11,0.16647399874974525,0.42587718931940893,0.048613460384646735,0.9204281675853355
2009-11-12,0.13636651366715474,0.40505871908009,3.056216357820152e-05,0.9137465641141849
2009-11-13,0.10830750166002884,0.37414043606256264,-0.04548807614894927,0.8915449335432605
2009-11-16,0.0773209342468675,0.3378009702385916,-0.09902951181055279,0.8791425306670783
2009-11-17,0.020272273921736257,0.29652286721241233,-0.16503863600563495,0.8483844460438704
2009-11-18,-0.011392355403296334,0.2801134938751145,-0.2196281107343193,0.8362047489989626
2009-11-19,-0.023861014519312815,0.26842900562610783,-0.2691637193468424,0.8334257857777632
2009-11-20,-0.04070714081160105,0.22270321647717498,-0.31133393168035245,0.8149241455759836
2009-11-23,-0.05039505748756822,0.1767627597466386,-0.3399953330734885,0.8031591692518786
2009-11-24,-0.09159073308910347,0.11001894850446604,-0.3778346635057006,0.793405851870043
2009-11-25,-0.1358330147900486,0.06719647836065375,-0.40189432069571196,0.7895742646132116
2009-11-27,-0.1576511147790243,0.03371736110022971,-0.41840618341687796,0.7964227036002756
2009-11-30,-0.2152199875308671,-0.03234532355439953,-0.459070945168119,0.7615190584321815
2009-12-01,-0.24712557166851618,-0.09142606970667838,-0.48998925532185905,0.751077047444043
2009-12-02,-0.282072349894108,-0.1394605651664829,-0.5306633743385412,0.7154459993823918
2009-12-03,-0.3021054751455861,-0.1776042377376782,-0.5576156330570415,0.67144429208545
2009-12-04,-0.310055949375167,-0.19967573684442946,-0.5875344001083717,0.6229228335790189
2009-12-07,-0.2998201659111419,-0.20521771887471546,-0.6138407810765992,0.5476538941716762
2009-12-08,-0.2827101355828526,-0.20758856033718595,-0.6307496230370534,0.4892704778584728
2009-12-09,-0.27717402755844583,-0.2202194824645622,-0.6484106962904755,0.443133601268577
2009-12-10,-0.2929579787979882,-0.23129555103264302,-0.6595892751181274,0.40351462244391134
2009-12-11,-0.3058500103237514,-0.2273066528871902,-0.6694876913589205,0.3773714936146194
2009-12-14,-0.2983159819549457,-0.2236797640161933,-0.6729942435291985,0.3476598584679239
2009-12-15,-0.2801139132957757,-0.21664941284543096,-0.6689204366361396,0.3329284347573173
2009-12-16,-0.24813138802803703,-0.2178135325473446,-0.6768440337883788,0.3171931059485372
2009-12-17,-0.22620387718059473,-0.2059692137000638,-0.6708703739524816,0.29929693027511023
2009-12-18,-0.2089846885117231,-0.20076841925021405,-0.6956979780148378,0.29863135914770117
2009-12-21,-0.20465620852069633,-0.1978092881906953,-0.7063790849086854,0.3006288430599735
2009-12-22,-0.20975089386306478,-0.1863289913454114,-0.7124189787309647,0.3051796914798619
2009-12-23,-0.21363338822330394,-0.17067757144757986,-0.7192371585499548,0.32136357510875924
2009-12-24,-0.21038081757777774,-0.13682361344116256,-0.719016080216449,0.3317189449821051
2009-12-28,-0.19924518204154756,-0.10126816192012138,-0.7078410855617078,0.3346279285772901
2009-12-29,-0.1830028653948127,-0.07439563947186822,-0.6885350730063395,0.35403756049285684
2009-12-30,-0.1592784062844669,-0.026294928609996115,-0.6554658090144503,0.3742450051934423
2009-12-31,-0.1134134404011754,0.022939877902359945,-0.6159769872834504,0.3900768283806816
2010-01-04,-0.08214864471528156,0.05903239606111601,-0.5857502131841095,0.373235997031767
2010-01-05,-0.09469891008050688,0.08731786281600858,-0.5937195991820621,0.3162551651926323
2010-01-06,-0.10195619009521194,0.12443983198317694,-0.5882178181694555,0.27838674837956107
2010-01-07,-0.08388916756417089,0.1653100361904574,-0.5781523102108166,0.24362475467515554
2010-01-08,-0.07187880775061296,0.21671798865325262,-0.5560585773983382,0.21842962444276662
2010-01-11,-0.04660538513053597,0.24888969756346957,-0.5097079278054083,0.21983816806161885
2010-01-12,-0.01923475928811121,0.2930878656742414,-0.45230015126589107,0.23678493501841255
2010-01-13,0.02274358860679566,0.31938101846457945,-0.373168097711447,0.254400725490614
2010-01-14,0.07697917918667586,0.34184212634712213,-0.2893466372777029,0.27140574172577964
2010-01-15,0.1495948988593667,0.38159458279573827,-0.18864431474961396,0.3039538244683968
2010-01-19,0.22819983984765252,0.42984325977585947,-0.08917605636301178,0.3256389153443148
2010-01-20,0.2990261978935032,0.47053222860559296,0.014058367312009278,0.33277063967161996
2010-01-21,0.35964822370408467,0.5004321092144349,0.0969653842601162,0.3336114312319116
2010-01-22,0.39527600627728,0.5354111931722496,0.1280075400497667,0.3389506777798964
2010-01-25,0.3793931742899914,0.4973786964288835,0.10408141148487429,0.3081527035385941
2010-01-26,0.3773376636285788,0.4935340765711151,0.07374113558507311,0.3080575217290663
2010-01-27,0.38170184468293183,0.498775895822301,0.05697785050819981,0.32002842809583576
2010-01-28,0.38317591628314007,0.5257239943280774,0.06544851300915756,0.3388811092068281
2010-01-29,0.36865470187576843,0.48867859587521456,0.07640224507440331,0.3645272936403154
2010-02-01,0.3601765968771238,0.43185437639005103,0.09459954804861921,0.39863851186344657
2010-02-02,0.3363522010011258,0.3682115815250995,0.11201190056293327,0.42406791997525334
2010-02-03,0.3195584738136431,0.30977078966947585,0.10945256166066457,0.45056425303334197
2010-02-04,0.3035362535255968,0.2702087146345952,0.10530794780407912,0.4810737171339709
2010-02-05,0.20813091742589496,0.17231652502250389,0.038635353163794545,0.4396984792351719
2010-02-08,0.12781477524587478,0.09110051086076536,-0.016056509854628292,0.4055354624114137
2010-02-09,0.05733496215955581,0.011694389626623228,-0.06685334996200892,0.36777152674144037
2010-02-10,-0.027780152835771493,-0.06875136187723604,-0.1348113229197782,0.32503571003376563
2010-02-11,-0.09376826335000855,-0.11867417825570971,-0.19407912139460387,0.290100083466459
2010-02-12,-0.1706673501187318,-0.1728973924567953,-0.2534506429419945,0.2489328680199839
2010-02-16,-0.23279120831157896,-0.23046067482165078,-0.2988877718900481,0.23836759084532808
2010-02-17,-0.29957439380709544,-0.2855362446064012,-0.3745964051068362,0.2102584262281558
2010-02-18,-0.3621811279625098,-0.33789951963312387,-0.44429777438389534,0.19178919122095858
2010-02-19,-0.42193746303261565,-0.37664774513353877,-0.5016765255678708,0.1805617124286523
2010-02-22,-0.4785213967329345,-0.4240012783475381,-0.5390457597906959,0.18554286948726356
2010-02-23,-0.5342258075730031,-0.4638834444591054,-0.5865103260097444,0.18080244899101885
2010-02-24,-0.6124612925683994,-0.5401874786970149,-0.6512511683550672,0.16987704151388502
2010-02-25,-0.6861269633484721,-0.5996120227465858,-0.7124785458022065,0.15326704529259216
2010-02-26,-0.7416913490686957,-0.6433722487432071,-0.7917657884955114,0.1495790835314805
2010-03-01,-0.7858968348402026,-0.6801214705665595,-0.8767145239201617,0.1340253965987984
2010-03-02,-0.8312558613339,-0.7335311260560451,-0.9529756961169265,0.10280271133099844
2010-03-03,-0.8671468613535356,-0.8073344525453477,-1.0036621534654324,0.07054149999653801
2010-03-04,-0.8865164785686719,-0.8602084580720211,-1.0353205331140052,0.05651575418316583
2010-03-05,-0.8954389013953985,-0.8903245641021843,-1.059427695979232,0.04631620087157455
2010-03-08,-0.9434232996708372,-0.9626873595913279,-1.1023482608439985,0.004356538739390776
2010-03-09,-0.9752044136051502,-1.0065804962314797,-1.1398399201914216,-0.020926578158048107
2010-03-10,-1.0083011916569815,-1.0575607168214411,-1.162674124831548,-0.04658818891861829
2010-03-11,-1.0338823644883435,-1.096632624311782,-1.1916149986510811,-0.054852212666938294
2010-03-12,-1.0505084186473097,-1.1393109785841578,-1.19923079276203,-0.037771391541769755
2010-03-15,-1.0574102174011581,-1.16553512364908,-1.194875145338367,-0.01513917406926366
2010-03-16,-1.059614430769143,-1.1705264924422298,-1.1770748646274538,0.004302806606412464
2010-03-17,-1.0640457474056273,-1.1800549318327163,-1.1618251460836668,0.017266018967551054
2010-03-18,-1.0480342048348439,-1.169257331224687,-1.155707124146774,0.03613024959052236
2010-03-19,-1.0197237930045144,-1.1460019236913328,-1.1490339033149557,0.08869264767327097
2010-03-22,-1.0142723141980718,-1.1237035333161136,-1.1219952861271472,0.12481514359892541
2010-03-23,-1.019008607978627,-1.1053096884479086,-1.0822892270480713,0.14429072790669803
2010-03-24,-1.0173051341911168,-1.0910970475340986,-1.0833487470458871,0.16433063228460676
2010-03-25,-0.9917234266122636,-1.052869259022315,-1.0859870391000026,0.1638595802974687
2010-03-26,-0.9661658847093499,-1.0206719025819626,-1.069599409073591,0.17417658455373558
2010-03-29,-0.9274713023139262,-0.9794777602961677,-1.051529021617737,0.18731701043537258
2010-03-30,-0.8772861961887617,-0.9277257636983502,-1.0053418971123158,0.22337298650266124
2010-03-31,-0.8210495272043006,-0.884901169921396,-0.9530095737614459,0.26411835617097107
2010-04-01,-0.7630864614525157,-0.8601817657013971,-0.8970399775439547,0.3074117274903286
2010-04-05,-0.7066101797876819,-0.8094375067554094,-0.8543613665428461,0.35390081387515715
2010-04-06,-0.6710299166004485,-0.7639118461374842,-0.8073098252670214,0.3670085239437958
2010-04-07,-0.627968358179009,-0.7267154566184919,-0.7372431400870173,0.3735365127810801
2010-04-08,-0.5655096057028568,-0.6782095304086107,-0.6791452089407225,0.3827018771432352
2010-04-09,-0.5035983137339453,-0.6150544525409574,-0.6255647515337978,0.41238691495853363
2010-04-12,-0.4447124085273776,-0.5456115912577786,-0.5801536906537923,0.4397356760209853
2010-04-13,-0.3989060018262157,-0.4679429401878239,-0.5197177334270077,0.47077683683615096
2010-04-14,-0.33413956206917467,-0.3792735534194075,-0.46436814931037934,0.5278728701258147
2010-04-15,-0.27346146043135044,-0.3083122597774442,-0.42048496696245297,0.5715686387574845
2010-04-16,-0.20326115085803312,-0.23974755307508153,-0.3732316328717343,0.6346136741828543
2010-04-19,-0.16257626220998103,-0.1866452550643318,-0.3311164436506948,0.6841558231551799
2010-04-20,-0.11579645196947788,-0.13116613729363297,-0.27290846991651174,0.7376027543264445
2010-04-21,-0.058977905611783135,-0.062365068035083814,-0.20726474726197383,0.8071499938121124
2010-04-22,0.029615853177807412,0.04286794473834198,-0.13334214324328567,0.8934155228924263
2010-04-23,0.12677388489348757,0.14356506858267382,-0.04144118973189506,0.99489022777827
2010-04-26,0.23208086651548226,0.28154254103879794,0.06327764767793577,1.1001371020853163
2010-04-27,0.3402571790277148,0.43048374538176293,0.17582389542019686,1.2245172739117407
2010-04-28,0.4252765344785031,0.548751080420662,0.2590898046119288,1.346815260196197
2010-04-29,0.5347389999708535,0.6831434103211018,0.3659541265011338,1.463369252311085
2010-04-30,0.6478099710713063,0.8107710152218238,0.47337992220020153,1.5692661003109518
2010-05-03,0.73891693600376,0.9352064287742767,0.5888184265167488,1.6630242115693
2010-05-04,0.819051451933584,1.063628559599203,0.6975984728339699,1.7409677078105892
2010-05-05,0.9039815495731041,1.1561028104116307,0.776939082495678,1.8020013041977152
2010-05-06,0.9923578339069578,1.2423498486836997,0.8607909520621102,1.8473264462121333
2010-05-07,1.0352023905346555,1.3063962237900646,0.8832810500004065,1.8809128819071257
2010-05-10,1.0808106927420928,1.3545024843505638,0.9114439179876824,1.8951533670338312
2010-05-11,1.0796895240746929,1.3559595241443432,0.8915540060236226,1.8669285819866495
2010-05-12,1.0868285019052841,1.374603989412086,0.9064059374051181,1.8347478887088073
2010-05-13,1.0925424422657828,1.3855826064338221,0.9121331894578606,1.793641458886008
2010-05-14,1.1050639582874775,1.3769876286864258,0.9332015953700852,1.7682590046184883
2010-05-17,1.1242885724215632,1.3802262507187582,0.9487804027135794,1.7586660638427865
2010-05-18,1.1499034746466508,1.3825306424210966,0.9828961857643868,1.7546451443832858
2010-05-19,1.1727296747044962,1.3880207883954192,1.0069599728508638,1.7627944681779906
2010-05-20,1.208294949851517,1.3933274306909704,1.0419454837173732,1.7660223151564347
2010-05-21,1.1958189083195714,1.3638825252090048,1.0332020468074556,1.7118583462312609
2010-05-24,1.1654033990973718,1.343193349257745,1.0224156115030962,1.6811571446455997
2010-05-25,1.1500195508745472,1.3317278734806073,1.030062921676146,1.6654975297858692
2010-05-26,1.1569028774811863,1.3395030112320414,1.0423381177073812,1.6615618753207193
2010-05-27,1.1650599372082286,1.353531449944571,1.050501931607173,1.6958590164269973
2010-05-28,1.146219719391564,1.3319503087662605,1.0253484365598113,1.6884045998792612
2010-06-01,1.1259768371301453,1.3204120491999,1.016419728320129,1.6869994701591817
2010-06-02,1.1050276870528175,1.3208860385613117,1.0163314906937313,1.6785072780305665
2010-06-03,1.0762933061232973,1.31445637697618,0.9902849810610791,1.6468855839577805
2010-06-04,1.0562554528636154,1.3174762349730829,0.9814951546076781,1.6327978579870985
2010-06-07,0.9957376098655679,1.2804964449966083,0.9336409619727691,1.5541516399136552
2010-06-08,0.9577342348027943,1.238195812498681,0.8896206001530684,1.4890599639372462
2010-06-09,0.9207361596579835,1.2115519995069652,0.8351951602828127,1.4346610373025739
2010-06-10,0.8971500673409165,1.174738522940502,0.788384863029535,1.4221833772203454
2010-06-11,0.8463581781370332,1.1288711208634563,0.7429957319973359,1.3783742070553757
2010-06-14,0.8222654582361082,1.0791042266110786,0.7039821775443591,1.3078743785031117
2010-06-15,0.8000003783696656,1.0375553520728296,0.6761351610022988,1.2608316578512753
2010-06-16,0.7543941173514948,0.9776456609650275,0.6234071938628143,1.2131500411353455
2010-06-17,0.7256835601554574,0.9290795868687284,0.5939814279007307,1.1632231421508175
2010-06-18,0.7072000316225454,0.9043624019855915,0.5640694638910606,1.125442465407515
2010-06-21,0.7025595021637646,0.8882266357545884,0.5470211625789572,1.1004557701983075
2010-06-22,0.7201573336080596,0.8795215717562402,0.543507506540816,1.0804009529712402
2010-06-23,0.743712884442387,0.8877095800420264,0.5455978321495049,1.0555187492400686
2010-06-24,0.7656623174858584,0.911413231887968,0.5367650193901308,1.0574559136067558
2010-06-25,0.7816813503692508,0.9315471611311219,0.5298393248853853,1.0589392751128093
2010-06-28,0.8030508841229235,0.9554608961059546,0.5362676071319529,1.0572373425435857
2010-06-29,0.8348247664598886,0.9757805654251226,0.5482372148461424,1.0818115612108572
2010-06-30,0.8264844355696919,0.9295447159658438,0.5289313091113916,1.066030473009603
2010-07-01,0.816559920907639,0.8814529111118421,0.5213263339769965,1.0732139210256524
2010-07-02,0.820703574520998,0.8517745441304134,0.5159073109250788,1.0857406425709444
2010-07-06,0.8234671554968442,0.8410953297619772,0.5324140382770838,1.1267384790386585
2010-07-07,0.8448709775961402,0.8359262631206205,0.5745083288976084,1.1719559015888341
2010-07-08,0.827656839301288,0.792599589343839,0.564205670444049,1.184046892263259
2010-07-09,0.8153116015256715,0.7570224497419344,0.5408985175052828,1.1904868209131398
2010-07-12,0.8031765970439749,0.7175010662898483,0.516907991146159,1.2052669446455515
2010-07-13,0.7752021728594812,0.6958772052321274,0.49773549171881554,1.235922138576623
2010-07-14,0.7231161798228632,0.6673446165020112,0.46880803965759404,1.2342948370648361
2010-07-15,0.6902911768619671,0.6616034992694365,0.4490496005930694,1.2331308192515635
2010-07-16,0.6761149221773519,0.6665660169565341,0.4424516630712223,1.2656792139001
2010-07-19,0.6140507623267326,0.6344507881634438,0.3736823838182692,1.2693062739931416
2010-07-20,0.569379681315222,0.6070052800657758,0.3123093148356279,1.267019360261875
2010-07-21,0.5313390593481923,0.5719491532126139,0.26702114592582954,1.2513689717471776
2010-07-22,0.48514553027191115,0.5265850981934261,0.22499136190901137,1.226501196478161
2010-07-23,0.44567996958184686,0.47149617342519784,0.15910552844277193,1.1702011720366656
2010-07-26,0.4034959601196734,0.42709463215615984,0.08621904939247148,1.1098748439098516
2010-07-27,0.37578814207114736,0.38891734109396436,0.016910849004538958,1.050817984564607
2010-07-28,0.34787470140276683,0.37905465106891717,-0.031531779781780185,0.9990196655398978
2010-07-29,0.34371023382661026,0.35788468066154533,-0.07952243269596262,0.9413079009931562
2010-07-30,0.3375058133792223,0.34617504173854935,-0.08913515090094343,0.8916490272730245
2010-08-02,0.3496650491483115,0.33471355905022354,-0.09793152358365594,0.8502048499263964
2010-08-03,0.33407790592427056,0.30299576614935786,-0.13442888120187682,0.8179662057129397
2010-08-04,0.3229466382775814,0.2770353271373945,-0.18475000870338165,0.8193336990158423
2010-08-05,0.31879374464217164,0.2672063242640405,-0.2061992362133243,0.8369332654561453
2010-08-06,0.32564956790509547,0.2825310678931382,-0.20816343235972062,0.8610465541978117
2010-08-09,0.34622882192670723,0.30999656708682805,-0.20296446413494817,0.8789731594360103
2010-08-10,0.3812833389918663,0.341825330485776,-0.1720008047409791,0.9165481545679515
2010-08-11,0.40756399620705047,0.3844966358122639,-0.1251610645435862,0.9505800523978297
2010-08-12,0.37208686591365137,0.3726924594023506,-0.15896521969952201,0.9241195614283996
2010-08-13,0.3356967968895771,0.3489531672145301,-0.18052898573483234,0.9113605401833441
2010-08-16,0.3118184073268163,0.3198258439472259,-0.20115640525269932,0.8921638978624346
2010-08-17,0.2951321983509391,0.3197034441770558,-0.20613513893531538,0.9085041299107642
2010-08-18,0.2847043542471232,0.31597403909517213,-0.21758538373615205,0.9300482195134187
2010-08-19,0.28962117961196077,0.32166213713033726,-0.19765972425029404,0.9581139310917737
2010-08-20,0.29016450144614514,0.311061357130216,-0.19566954950341556,0.9603668479340378
2010-08-23,0.293602728831626,0.3209102990229983,-0.1778043068946255,0.9688545784861036
2010-08-24,0.29718945283387316,0.32555452464003226,-0.13346314159492098,0.9880843457300086
2010-08-25,0.2926821621399377,0.32327121168710565,-0.09449811260926602,1.0021680743336092
2010-08-26,0.29321599846934726,0.3405834398622201,-0.04208724898216768,1.0311802733047843
2010-08-27,0.2984531235381905,0.3477142028466806,0.009468083184096148,1.0638979537892763
2010-08-30,0.2917557278785832,0.3685492569329946,0.04434057311860429,1.080536188778496
2010-08-31,0.28057082704558733,0.3946045092226097,0.056955120713926395,1.0853249141592083
2010-09-01,0.2847470171185767,0.44162158208017266,0.06526015858295327,1.0902358276167532
2010-09-02,0.21546179169663224,0.4090970494822523,0.009540377457864761,1.054112969238519
2010-09-03,0.14413930134848935,0.3829123398912537,-0.036818001423222,1.0103659536756848
2010-09-07,0.06494805438556214,0.3372252992767428,-0.11245095312447295,0.9728960082402573
2010-09-08,-0.005534718367232302,0.28114411891138996,-0.18269023197422035,0.9132327497659183
2010-09-09,-0.07282794694578949,0.2143079800539953,-0.23823605594319797,0.8696567478497005
2010-09-10,-0.14212524934403986,0.16203501801946596,-0.27304179724171096,0.8468320066103735
2010-09-13,-0.2036803136220825,0.11019724802900815,-0.3040169565214585,0.8154810216364209
2010-09-14,-0.27969675976106073,0.05712632116611705,-0.320455113731117,0.7707254526569581
2010-09-15,-0.32351218405940496,0.029593208163468953,-0.31846256823622704,0.7463723069189565
2010-09-16,-0.3547158437180685,0.024327716396225527,-0.3301378709235511,0.7356176970266435
2010-09-17,-0.36411702496181475,0.04241586903904298,-0.3263095526643437,0.7244156658896768
2010-09-20,-0.3606161945525721,0.0560710994903072,-0.3175596883148612,0.7244530744714678
2010-09-21,-0.3747897574656748,0.05346111718604797,-0.33712363455844085,0.6961717478369004
2010-09-22,-0.369518637958826,0.038068433395058235,-0.33441407124194616,0.6635738586355804
2010-09-23,-0.3682817639109111,0.04218332122305285,-0.3359903499130446,0.6245199998865318
2010-09-24,-0.37605318765863177,0.04149177643811225,-0.3298116997583001,0.5850375628672065
2010-09-27,-0.43329654141041646,0.018244813250734362,-0.36445195967816335,0.4926720963662135
2010-09-28,-0.49164283842422807,0.002412872505173591,-0.386719127117535,0.41158033866904725
2010-09-29,-0.5333445214564088,-0.009113447918468865,-0.39841146057831084,0.3418637948520179
2010-09-30,-0.5499315644706042,-0.004964580185195033,-0.41627253056196856,0.2916680976361635
2010-10-01,-0.5616506879950645,0.0168025434627849,-0.4282830575210598,0.2641071482983535
2010-10-04,-0.544850241742585,0.031532449992674356,-0.415988366755998,0.24748751323400187
2010-10-05,-0.5453100511237954,0.03787377392768904,-0.41673318215561145,0.22618011077119682
2010-10-06,-0.6010780634716087,-0.011577684576487834,-0.46254092065781127,0.16317794291937812
2010-10-07,-0.6528256708478106,-0.07152421164746303,-0.49605257822710513,0.13902430400060883
2010-10-08,-0.6932512818200492,-0.11426097353037327,-0.5361108226840782,0.11028308540432943
2010-10-11,-0.7259280198290441,-0.15696478292018617,-0.580135977677154,0.07835387466971863
2010-10-12,-0.736706874870667,-0.19280530951402355,-0.6227362091051397,0.05283839664206809
2010-10-13,-0.750440499707406,-0.21132384292636544,-0.6532805109485489,0.06435970934266148
2010-10-14,-0.7537407491024503,-0.22986586966658196,-0.6780885213351968,0.0706058287815912
2010-10-15,-0.733308654154351,-0.23161176202384465,-0.6831611599273569,0.07998379075902104
2010-10-18,-0.6982854053827828,-0.28371803450853667,-0.688099573892008,0.0992249358673436
2010-10-19,-0.6444473605925023,-0.33228044083592667,-0.6856271320311583,0.10151448445784031
2010-10-20,-0.6343715747409023,-0.3883598536843267,-0.7190714095904782,0.07833195077168241
2010-10-21,-0.6267874930790458,-0.4236720720269294,-0.7662474802847856,0.03679452509915657
2010-10-22,-0.6176341105339312,-0.4461102397994087,-0.7952230587395087,0.0037758156808680157
2010-10-25,-0.6126759758076128,-0.4712235923116657,-0.8167601943580918,-0.02018619595020649
2010-10-26,-0.600869527572186,-0.4686507878014401,-0.8144515094328499,-0.027413566503750854
2010-10-27,-0.5872812951434585,-0.45658522106195826,-0.7978561972029542,-0.018527487717666463
2010-10-28,-0.5621473520837942,-0.44454068336863156,-0.7729416969020286,0.00992192820191659
2010-10-29,-0.5104612123817507,-0.43533299706943923,-0.7275715932136329,0.04490200879521863
2010-11-01,-0.43583275869752525,-0.43931928236718837,-0.6636387851624699,0.09513090620802274
2010-11-02,-0.3704528107279023,-0.4270095184399865,-0.590732677387263,0.15042372815910465
2010-11-03,-0.29384990449887405,-0.42096322079822773,-0.5343292397065875,0.20146588251858094
2010-11-04,-0.2157471319429886,-0.392903210982953,-0.45258253773860635,0.2632901661735582
2010-11-05,-0.18147300567948565,-0.3856168385581867,-0.4217129305021326,0.25257257614131434
2010-11-08,-0.13360599389080496,-0.3572812566021785,-0.389590595545117,0.2439947772524994
2010-11-09,-0.08602993911964868,-0.3175744305537762,-0.3631292470589157,0.2497418564105753
2010-11-10,-0.05028806329026592,-0.2599081820471709,-0.3358383239156189,0.24699852130650232
2010-11-11,0.00035500577136919474,-0.20298853516186402,-0.29718658158798256,0.2534127762452913
2010-11-12,0.03987358621969562,-0.1466523298604709,-0.2555599553995875,0.2638849083905804
2010-11-15,0.06151805048345481,-0.12999727287728147,-0.21956265665888136,0.26320773227456834
2010-11-16,0.09840622471768408,-0.1041378446134257,-0.18372926982544685,0.2870337059189909
2010-11-17,0.09879627495812142,-0.10356747937112669,-0.1735042161000587,0.2697569230766309
2010-11-18,0.11835416420576232,-0.09407220374875028,-0.17349710740323285,0.2620721330707574
2010-11-19,0.10487206889277077,-0.10458191350326672,-0.18765556391649782,0.22620572261697372
2010-11-22,0.08780999171966994,-0.10141698342302395,-0.21133211657198694,0.19946751514019148
2010-11-23,0.08121715964556031,-0.08338523189706784,-0.23318622651058274,0.16656468995369414
2010-11-24,0.06073680785096376,-0.09908992798819428,-0.26639357557175936,0.13806925935568753
2010-11-26,0.03762120488485671,-0.1577388623185129,-0.3252033458256014,0.07596529988690194
2010-11-29,-0.0008732955123484945,-0.22120984550181325,-0.3746000245704724,0.020075243324154692
2010-11-30,-0.027243154482415932,-0.255770878808366,-0.39843164987002705,-0.011000157978917827
2010-12-01,-0.06692158020886996,-0.3034908779900021,-0.4154574212201519,-0.033990123540014336
2010-12-02,-0.15948136915643135,-0.3882183990053195,-0.5154687418984962,-0.07717182603232704
2010-12-03,-0.2659648602745659,-0.4840323708423098,-0.6350135789058867,-0.11076413507800949
2010-12-06,-0.38411186499669364,-0.5713497872483544,-0.7479998480535079,-0.13440652652814333
2010-12-07,-0.4840625223091088,-0.6525026117150652,-0.8561637503719891,-0.1654637926057696
2010-12-08,-0.5751821605587338,-0.7127530343025975,-0.9474429111994545,-0.18905869416971433
2010-12-09,-0.6520174744875511,-0.7564082039390567,-1.0428929187968385,-0.2109352939473627
2010-12-10,-0.7330371429394837,-0.7717104049667798,-1.1289591173531837,-0.2157768401987149
2010-12-13,-0.8091654785526096,-0.791415822707628,-1.2196489258425764,-0.24279435042237635
2010-12-14,-0.8782878872583111,-0.8094626457449416,-1.2961239181037738,-0.24817217896358285
2010-12-15,-0.9401281974217303,-0.8345571358168467,-1.3656537918054366,-0.24896178790520132
2010-12-16,-1.0003523078843555,-0.845600152722974,-1.4160353898210434,-0.25568952329566697
2010-12-17,-1.0422084485251852,-0.8790587466012098,-1.4729828818050312,-0.2548815137607061
2010-12-20,-1.0692992605013376,-0.9052388655015016,-1.5085784012549617,-0.25155023375938257
2010-12-21,-1.102987883213652,-0.9197770285344667,-1.5420861143846163,-0.25578847444774466
2010-12-22,-1.1335018088695623,-0.9285496460460199,-1.5924544849306406,-0.2633922186645487
2010-12-23,-1.1629788285988907,-0.9256911594383019,-1.6432786204246435,-0.2665418551043437
2010-12-27,-1.1673767010346492,-0.9307384370320565,-1.6786119349361086,-0.24042804110069654
2010-12-28,-1.1737768770186947,-0.9167715797338549,-1.697095626115712,-0.20971141252905234
2010-12-29,-1.1683913111303756,-0.9022709660730217,-1.7099717919058353,-0.18846403870494455
2010-12-30,-1.169473350670838,-0.8763523526373352,-1.7085749458824182,-0.1634099880469301
2010-12-31,-1.1650279222640199,-0.8467370186271943,-1.6849665662669633,-0.13207461124576883
2011-01-03,-1.144738592894427,-0.7917315235379928,-1.6600937283810535,-0.0898988088917087
2011-01-04,-1.153336625341696,-0.7917549127022822,-1.67510911203326,-0.07815911320021529
2011-01-05,-1.1454697669223168,-0.7715400638093456,-1.6803217041799008,-0.0994106609515298
2011-01-06,-1.1483679722221378,-0.7559643409718805,-1.6747177011126544,-0.12065887113960022
2011-01-07,-1.13832169482264,-0.7258149039827547,-1.6627699042842987,-0.12901244599596157
2011-01-10,-1.1325729040658779,-0.67764619079945,-1.6419529125878614,-0.11424082728933055
2011-01-11,-1.1046658809017849,-0.6073221163044306,-1.6177900930744222,-0.09143912345986267
2011-01-12,-1.0656249154184736,-0.5256997024296527,-1.5783320275747486,-0.04631926998323474
2011-01-13,-1.031425211913517,-0.44843131201834835,-1.5624755910146186,0.008645078071718725
2011-01-14,-1.0041014282875336,-0.37512501566120593,-1.5468779081268489,0.062066591280331124
2011-01-18,-0.9791850053249538,-0.2929448948849209,-1.5144610636861557,0.10905654161410978
2011-01-19,-0.951840934822645,-0.2069029561639124,-1.4703527691688907,0.16161611446945065
2011-01-20,-0.9465558756663732,-0.14577676701009573,-1.4184272681188081,0.15243394211105873
2011-01-21,-0.9213405014330144,-0.09437752127759637,-1.3465959738721356,0.15337357087313244
2011-01-24,-0.8931072475736279,-0.058002656396210765,-1.2596905034671277,0.16172785978244014
2011-01-25,-0.8655826219444774,-0.0355592529209042,-1.1844558876671847,0.16801821237753772
2011-01-26,-0.8226863960086,-0.004744608478531953,-1.102464250143511,0.18363697517804564
2011-01-27,-0.7701847636362117,0.04517787991880319,-1.0105747938192096,0.19027908706694147
2011-01-28,-0.7063818394129987,0.09111290956447282,-0.9145035061529938,0.2157599563678762
2011-01-31,-0.709598014740595,0.08499253046081426,-0.857722618594445,0.19510343760979448
2011-02-01,-0.7217665822069032,0.07631170112298925,-0.8101028036515094,0.18782960936054702
2011-02-02,-0.7894674455358242,0.04491026490143018,-0.8083164155912482,0.15261027665200427
2011-02-03,-0.8544864656179132,0.03387315985131356,-0.8056751654705672,0.13691503278853456
2011-02-04,-0.8923385323076831,0.024062729036452853,-0.7893974731189816,0.12415772564107638
2011-02-07,-0.9127966353808848,0.030454802150172412,-0.7545434975959481,0.11990549311342863
2011-02-08,-0.9258881182269977,0.03780728259754388,-0.7249896620967762,0.11342220003987075
2011-02-09,-0.9250186789183782,0.04409219039141339,-0.7012400404724524,0.1168964116815584
2011-02-10,-0.9016918153153567,0.05304742137911858,-0.665252818322698,0.12113729133883364
2011-02-11,-0.864433421655799,0.06882890929680387,-0.6255666556208698,0.13654823086921686
2011-02-14,-0.8164764293105267,0.08828803221353987,-0.5816122981004093,0.16475766858679697
2011-02-15,-0.7471376149721827,0.11928147735984374,-0.5441189012829276,0.21058718145811015
2011-02-16,-0.673853538280141,0.15070223900437832,-0.5132584529604209,0.26131093127118166
2011-02-17,-0.5955327017699102,0.19299541370770948,-0.4717168664885563,0.3133262769443544
2011-02-18,-0.5091817754306246,0.2592977664958544,-0.4146475527570339,0.3719680392302163
2011-02-22,-0.39348146605187895,0.3148470425575637,-0.3575188458645837,0.43925851945060007
2011-02-23,-0.3485442695225612,0.30732128866569325,-0.3235131813488479,0.46269701678749153
2011-02-24,-0.317004634908625,0.3052182721162324,-0.2895393138255942,0.47011262463778675
2011-02-25,-0.2632633247589367,0.30976807013810376,-0.23928396977713323,0.4991351227740122
2011-02-28,-0.21312164480381945,0.3353712219378489,-0.18636406638690944,0.4923638339753864
2011-03-01,-0.15801428426708175,0.3719797720733209,-0.14122778130514652,0.5071637249511545
2011-03-02,-0.1303986713551466,0.39527493830933913,-0.11667818002811718,0.5131114444144512
2011-03-03,-0.0870063983566232,0.4254568650407653,-0.07167168833322002,0.5257245489702301
2011-03-04,-0.09069513518719113,0.4192214960016108,-0.04405256255679126,0.5064231772609118
2011-03-07,-0.0994311175345804,0.4143229028890771,-0.019624974913766646,0.4862148738699178
2011-03-08,-0.114026806586825,0.39765868175093794,0.00462104417320512,0.4709847574566746
2011-03-09,-0.13108769500682743,0.39458717995643394,0.023530597963402292,0.44020185829287645
2011-03-10,-0.11381002511992101,0.4013583230061415,0.03867063562497915,0.4137417478099463
2011-03-11,-0.12880071558399614,0.37551492286672533,0.02520208000617531,0.3458883369956086
2011-03-14,-0.12392911101986707,0.3468447445979121,0.008374740284053285,0.3079885327608025
2011-03-15,-0.12990141225727897,0.32317681416398103,-0.0034457260890257808,0.27936108780360724
2011-03-16,-0.14228423712137978,0.2969349255985288,-0.027696222781927578,0.2728170846114844
2011-03-17,-0.19120212521402155,0.21806646173998992,-0.09068853122716451,0.2544667680554223
2011-03-18,-0.253390254224283,0.1445596850700321,-0.17601664897580788,0.25727946619531505
2011-03-21,-0.2960134457320195,0.08891683811188379,-0.25989783326660554,0.26137539399853543
2011-03-22,-0.3614606759321436,0.01049252431176676,-0.3495422111498181,0.21350551276063479
2011-03-23,-0.42279163851590074,-0.06493138563959958,-0.44084755750032134,0.17161847221105897
2011-03-24,-0.4811967382053202,-0.12186667180582515,-0.5204923194899115,0.13331278974111008
2011-03-25,-0.549407050067835,-0.21303344990786396,-0.5931570320101798,0.09590372464049249
2011-03-28,-0.5982578368022365,-0.29693385639289593,-0.6503192765067166,0.05596283853093739
2011-03-29,-0.6548585495760064,-0.38080477085471465,-0.6928403805447426,0.023100511346944918
2011-03-30,-0.7088866590840239,-0.45851032010526827,-0.7454125194784338,-0.0010180568745495966
2011-03-31,-0.7645485680456352,-0.5314149543499941,-0.8074868630773059,-0.04576420383128151
2011-04-01,-0.8007767309690489,-0.5927826810661618,-0.8499232441909962,-0.0964200894337344
2011-04-04,-0.8237097410995972,-0.6420725192029207,-0.8901509789990609,-0.1234760540566028
2011-04-05,-0.8321667666964594,-0.6862236476947319,-0.9173032428143466,-0.1433761050564937
2011-04-06,-0.8460219784885619,-0.7112627092527387,-0.9354694279354967,-0.15765699076050255
2011-04-07,-0.8430665843272045,-0.7251543962926887,-0.9543020391860115,-0.1598501731818829
2011-04-08,-0.8354535021061231,-0.7192498249929837,-0.9652540556380114,-0.1579988552050356
2011-04-11,-0.8160126202472359,-0.727948083183131,-0.9632290782016955,-0.16693156775621265
2011-04-12,-0.7784475331925919,-0.7130300952205954,-0.9354221787216349,-0.18146615105548286
2011-04-13,-0.7316761701758564,-0.6918150433008284,-0.9186477102001614,-0.1904201961368904
2011-04-14,-0.6732874560147628,-0.6616781340808578,-0.8911651287715431,-0.19177256009812663
2011-04-15,-0.6218033348648684,-0.6453523249651872,-0.8564647490823174,-0.18406893084064513
2011-04-18,-0.5618271909379069,-0.6004336323493784,-0.8191342952963117,-0.178514331577507
2011-04-19,-0.5263276451331453,-0.5516436003879756,-0.7948977932786415,-0.18134618152545215
2011-04-20,-0.48724513814339016,-0.4978670873481321,-0.7806291140510101,-0.1751035624898723
2011-04-21,-0.47450510147175984,-0.5202917462158159,-0.7949855531152877,-0.20427223340365716
2011-04-25,-0.4689395735423508,-0.5305862729219847,-0.8003521847374164,-0.21157142725077946
2011-04-26,-0.4702989699579839,-0.5232502258235786,-0.7754860163810586,-0.21438470509261204
2011-04-27,-0.45766995435244706,-0.5122285971405597,-0.7609372973435335,-0.22455251668700899
2011-04-28,-0.4492284983523211,-0.4990440510227959,-0.7582707753401479,-0.21472578793220132
2011-04-29,-0.4396206902736579,-0.46207477065228225,-0.7442185995090618,-0.18568330674850933
2011-05-02,-0.4252345751244499,-0.44048327603321985,-0.7293746926259156,-0.1383561160955033
2011-05-03,-0.40656273407365223,-0.41066916245982005,-0.7070911461373883,-0.09148187576072495
2011-05-04,-0.3691096117929494,-0.3887848970210642,-0.6767857892373617,-0.05793557468160884
2011-05-05,-0.3363739771554737,-0.35882658573028453,-0.6424075991181101,-0.03931792865083545
2011-05-06,-0.3128316466236636,-0.3349111469332552,-0.6485974446173534,-0.015343011588085232
2011-05-09,-0.2955287217369548,-0.304144653116832,-0.6476735392131695,0.01676713624993398
2011-05-10,-0.25286234320644874,-0.25745416278972805,-0.6174999967588497,0.05272012168377478
2011-05-11,-0.24068623984300666,-0.2206670490160265,-0.586660292389617,0.08380396387309526
2011-05-12,-0.2369489752946616,-0.17779271062989044,-0.5584486879091,0.09986885042821342
2011-05-13,-0.2242802205571661,-0.12816503167151866,-0.5279134990873501,0.12032620788726812
2011-05-16,-0.21549253361444812,-0.07180364983566431,-0.512327174529244,0.13624338252751428
2011-05-17,-0.20402120304037305,-0.05276928474340389,-0.5018795726583184,0.16202496016542045
2011-05-18,-0.19305848734118314,-0.01680136590956126,-0.5023599807264617,0.20200971828129086
2011-05-19,-0.1686581316652008,0.029738744664384822,-0.49346073222155756,0.23554210602065534
2011-05-20,-0.12301187986578943,0.09071324041149782,-0.4671550838364709,0.2773487095580331
2011-05-23,-0.08745692276696541,0.1485508540463239,-0.44345411218277586,0.31286949616591897
2011-05-24,-0.05226465085794084,0.16716071405886526,-0.44026215938159896,0.3496063458852367
2011-05-25,0.006273760981424996,0.1834528640640878,-0.4358702459828438,0.3679876166614168
2011-05-26,0.06428654607055585,0.20890674649304086,-0.42045134876023893,0.3955946702362348
2011-05-27,0.13377139315809772,0.22538112502789417,-0.3996201613471574,0.4231354253421949
2011-05-31,0.1961012770061146,0.2456220859580684,-0.359592168749184,0.45796715481634953
2011-06-01,0.25507340313278215,0.2659461732262712,-0.32116756022912296,0.49491316538963576
2011-06-02,0.2789758270870753,0.2476611278528279,-0.35702239345708087,0.4663135134231384
2011-06-03,0.3146081155656855,0.23110959340428386,-0.3802912894578867,0.4416265662974361
2011-06-06,0.3684894482398894,0.2125815545638506,-0.401437205357852,0.4212491015327288
2011-06-07,0.4254071986424881,0.19379033299453632,-0.4214159661865073,0.39144949483571556
2011-06-08,0.491298220662818,0.1967494905394441,-0.41881766794747316,0.38595570908785565
2011-06-09,0.5579150445581045,0.2224489192829472,-0.4159030190736397,0.3827063415290114
2011-06-10,0.6260801859798639,0.25803585141524027,-0.39532295357329444,0.37947866871112845
2011-06-13,0.7020548868807545,0.28018093914566794,-0.3801173608038471,0.37659615855422857
2011-06-14,0.7677001544625136,0.31618581347663327,-0.3600190146127815,0.37582981564013396
2011-06-15,0.8323013337352382,0.3526281073307849,-0.36432924921652043,0.36172953557915094
2011-06-16,0.8993760282279484,0.3678635273274643,-0.39033851215429627,0.33485686909647416
2011-06-17,0.983957009672271,0.3984412209067781,-0.4174483658005539,0.3067792254615856
2011-06-20,1.068388489587612,0.43774460255932995,-0.43300780738873823,0.29699237875004286
2011-06-21,1.1657673090700642,0.4718454756724667,-0.44198654207131993,0.2932434514489879
2011-06-22,1.270470887680153,0.48568875616667506,-0.45704337704494635,0.30094575219670444
2011-06-23,1.3830363865588422,0.500133250468908,-0.46926165089263927,0.2997549215676969
2011-06-24,1.5045136802779935,0.5314308431853567,-0.46584164441532305,0.3184945629972186
2011-06-27,1.6272443395624838,0.5637254020943328,-0.4483381222601323,0.3376898203902582
2011-06-28,1.7703735739268875,0.5887361389879797,-0.4302869209157895,0.3556547041156376
2011-06-29,1.925537176771035,0.6159337061041842,-0.4299336921207667,0.37718599435107064
2011-06-30,2.1078058148256607,0.6551336709775624,-0.4241266783164257,0.39214228693080333
2011-07-01,2.296413645265319,0.69383104466328,-0.4223395004180506,0.42185854554259544
2011-07-05,2.5039659046505496,0.7180425711880548,-0.4315040062819062,0.4608464104450439
2011-07-06,2.3374018651222497,0.7462903247666142,-0.42081777213634064,0.49791959339839875
2011-07-07,2.1992095560337113,0.7737430494610712,-0.41108349934510746,0.5489400837931903
2011-07-08,2.0762623906651427,0.8039855722298326,-0.38583167249081374,0.6123235863078134
2011-07-11,1.9648128798794784,0.8327569365462858,-0.34956450746347467,0.6895565087602115
2011-07-12,1.857508402999196,0.8482565410276732,-0.314893425139075,0.7403078495439633
2011-07-13,1.768627809188273,0.8659045603189125,-0.25664834253636487,0.7999564483578941
2011-07-14,1.6841594401045257,0.8958867807908253,-0.1752483993995379,0.8687595375404636
2011-07-15,1.6114233805001312,0.9343542890506915,-0.09054114086556533,0.9362576589030838
2011-07-18,1.5503259662788014,0.981668503196214,0.012899370846882901,1.008496144824689
2011-07-19,1.505072037430977,1.0320157889242312,0.11026615039021372,1.0606784013692963
2011-07-20,1.4854001234229144,1.046175993178422,0.19157497069825224,1.1091891645614662
2011-07-21,1.4777029790467149,1.0689999439952205,0.2858444671916229,1.152449344462047
2011-07-22,1.4871379463449117,1.1089421050634158,0.38380344475699213,1.2052907462567664
2011-07-25,1.5014519591105435,1.1608220882166693,0.4819354052623936,1.2837850623158182
2011-07-26,1.5303385743983913,1.216532600756251,0.5927250739865769,1.367664198660016
2011-07-27,1.5717170374128704,1.2766263860737879,0.7129318388954033,1.442066370193869
2011-07-28,1.6095452963356098,1.3031452636397094,0.795326311948657,1.5147266020180152
2011-07-29,1.6463092139852713,1.335009407664105,0.890075534576327,1.6117887612769233
2011-08-01,1.6991361557599365,1.3869702140396105,1.0020364294525914,1.7238287508892456
2011-08-02,1.756672873206103,1.4569700339263356,1.1301562086070747,1.8419408106725719
2011-08-03,1.8317539888146745,1.5302088106308238,1.2494507368896814,1.9622342786049143
2011-08-04,1.9084231726653675,1.6188778175363059,1.3673284301846511,2.0857891794414285
2011-08-05,1.9281099833886146,1.666941053113741,1.4454456324459408,2.1739020085234064
2011-08-08,1.977295421873082,1.7226462707666876,1.541649755355059,2.28016133907108
2011-08-09,1.9780340337560725,1.7117490683460714,1.5629141212878859,2.2976694707737586
2011-08-10,1.9547371340393491,1.683405386718688,1.56547506046085,2.2921567615022163
2011-08-11,1.9165403385130626,1.6281045989945753,1.51926760952683,2.269984943891356
2011-08-12,1.8705825487026344,1.55559114668007,1.46816234061983,2.227258357180248
2011-08-15,1.833580644730407,1.5087817726173802,1.4322363073454871,2.2038311782524693
2011-08-16,1.795000177371615,1.4735206063264166,1.4029883681890645,2.1841710366785163
2011-08-17,1.763206038988883,1.4796931745354376,1.373699540785678,2.1772910601593813
2011-08-18,1.7496089440353595,1.495405681065005,1.353901608032741,2.174921008570633
2011-08-19,1.6991549849124352,1.440713896592669,1.307415466668138,2.152557508223495
2011-08-22,1.6553760099461665,1.3930121886952533,1.2640348123701441,2.134168679055063
2011-08-23,1.6116375097722997,1.3784610933098962,1.2276240224649677,2.1211860431789913
2011-08-24,1.5557535069600965,1.3404117194794525,1.1700045754900095,2.097649449048859
2011-08-25,1.5094448547849626,1.3137650700680152,1.1304404394229812,2.070545824199663
2011-08-26,1.4725186048357721,1.2983495749894567,1.0918404378767275,2.050848082767347
2011-08-29,1.4467852372569945,1.27627245143626,1.0746751429945653,2.0459050165181516
2011-08-30,1.3920448965119643,1.2341256496895534,1.0343059324565693,2.0298918517656994
2011-08-31,1.3498241288284634,1.192023111530109,1.0016618388397607,2.0136446893991673
2011-09-01,1.3306606995574466,1.159470519345313,0.9809898522534882,2.0060250746851893
2011-09-02,1.3144161986355585,1.1499614161927445,0.9812921061916221,2.002293684733577
2011-09-06,1.2811263638021744,1.1289676764704708,0.972493030288291,1.9646906822696004
2011-09-07,1.2648443745760891,1.117618554205892,0.9817109331885722,1.9374845328123347
2011-09-08,1.2553190009247592,1.0991543103636576,0.9857775313064759,1.9047308824984581
2011-09-09,1.2474171761315307,1.0906606436149675,1.001100281107024,1.8824906281290945
2011-09-12,1.225312166993275,1.0634263502837158,0.9935892068501434,1.8501236634873008
2011-09-13,1.2153997981663083,1.0296068340694362,0.9975977436412531,1.835311109140857
2011-09-14,1.2145369376946547,1.0112211760343994,1.0003900427790087,1.8438150993981173
2011-09-15,1.223236409290639,0.9970034102300639,1.0117875992081085,1.85523924427235
2011-09-16,1.2286759888605352,0.9809305112714553,1.024455763855972,1.8723622482479871
2011-09-19,1.254234456671867,0.9687333876810407,1.0476809684167525,1.9037990164769754
2011-09-20,1.2849823230793849,0.9902943032151571,1.0665949263262227,1.94528236282208
2011-09-21,1.3293474640776017,1.0116654484597727,1.0933211053326246,1.9834202862638404
2011-09-22,1.342131859633454,1.0448083312803749,1.1220103780553945,2.0081580596757793
2011-09-23,1.3393295096046238,1.0268293904036256,1.1050795246130622,2.0166175446381778
2011-09-26,1.3343913063610011,1.009925656603757,1.0964954529091095,2.0330701702082465
2011-09-27,1.3284627167474463,1.0066378297115042,1.0816013108305496,2.0602570981853736
2011-09-28,1.338332691079649,1.010805549898015,1.0720500604951075,2.101081397779702
2011-09-29,1.338428331281664,1.0244421252390166,1.03650809693825,2.11091907535801
2011-09-30,1.3496456249206963,1.0405638150883643,1.0077951490058212,2.1209082789042513
2011-10-03,1.340943943722902,1.0379218937239025,0.9753970976373693,2.130194068083386
2011-10-04,1.304295713120976,1.0110116236692919,0.9241526781209451,2.128210212104368
2011-10-05,1.2496436628775198,0.9955274184038442,0.8931936961019452,2.0809556855177203
2011-10-06,1.1942643260439099,0.9687870223583236,0.8709332899864184,2.041857833233243
2011-10-07,1.1435916279047091,0.9440192132900522,0.8316445414819339,2.015240317887963
2011-10-10,1.1028644733400266,0.9382527096365842,0.8124167145090538,1.999798475771725
2011-10-11,1.044747740538983,0.8964783838504488,0.7521240253733548,1.949212722846405
2011-10-12,1.0119731195117712,0.8845141507486411,0.7063415333987013,1.917159217906593
2011-10-13,0.994566937447993,0.9056151993675324,0.683749922981648,1.8951008017027895
2011-10-14,0.984443215121095,0.9354542887905096,0.7019454911716627,1.8822378322264504
2011-10-17,0.9797538252047144,0.9531855036186837,0.7188665737246543,1.8678670847355805
2011-10-18,0.9778504586078732,0.9623708901665226,0.7293876587577425,1.848613160514467
2011-10-19,0.9683536552337135,0.9764680179402981,0.7406517933872311,1.8256673443764846
2011-10-20,0.9594385534793413,0.9779537497709327,0.752197472900472,1.8135399026648542
2011-10-21,0.9669632874669566,0.9935441665842731,0.7767807734179356,1.8106858156347856
2011-10-24,0.968525172199459,1.0010511846449608,0.799272040411724,1.8136128279568555
2011-10-25,0.9904807470552772,1.0093115243568127,0.8404732635490069,1.8031817205971044
2011-10-26,1.0190383297009264,0.9981234827784211,0.8718424540631435,1.798750338937662
2011-10-27,1.0411430881108128,1.0134003460653216,0.906001271931095,1.8078662916058037
2011-10-28,1.0428240176646848,1.0075154833445743,0.9162205076244787,1.768201878384114
2011-10-31,1.069827777546634,1.0239372794885082,0.9442097584465958,1.7369624555894423
2011-11-01,1.0794620505311978,1.055654780907935,0.9591481979466974,1.6975706216031337
2011-11-02,1.0542638624817955,1.0489098475179721,0.937603642717966,1.6424237464604476
2011-11-03,1.027139724360108,1.0477054400060666,0.9114798336533618,1.582041290604741
2011-11-04,0.9899111165697434,1.0427286405202612,0.8772846447647504,1.5183095161497626
2011-11-07,0.9728381778977255,1.0489705926808055,0.873854284890879,1.453206090136115
2011-11-08,0.9751121390118738,1.0737092016827938,0.8789323237177727,1.4174568275657315
2011-11-09,0.9815965637831177,1.1068506362775166,0.888662630005575,1.4028729056054496
2011-11-10,0.9558994014846418,1.099377407378301,0.8634369795161154,1.3420554513619056
2011-11-11,0.9433004064086987,1.0993806684760914,0.838867355656378,1.298973663077571
2011-11-14,0.9195542070390009,1.0988796136830115,0.796114620732822,1.2545297472673282
2011-11-15,0.9125385640867283,1.1010305950005248,0.7641201697444475,1.2253252968665127
2011-11-16,0.8982424798722549,1.104220495149177,0.7466713919211175,1.2139555792332752
2011-11-17,0.8739928847983923,1.0895879242466187,0.7394532815357416,1.2120776631010222
2011-11-18,0.8601131454511285,1.0678510913472201,0.7279086465445286,1.2363684535045782
2011-11-21,0.8459609087448342,1.046554542560256,0.7318025421505603,1.2830470823083764
2011-11-22,0.8272814045441855,1.0245173453890895,0.7161128897478471,1.334660094375716
2011-11-23,0.8316247607839463,1.0276668371443827,0.7241293563780361,1.3928782518325733
2011-11-25,0.8352405911593963,1.0117459433754892,0.7110834319679674,1.4332394510385122
2011-11-28,0.8473928101127376,0.9910509502485906,0.7114351651230905,1.489091297749067
2011-11-29,0.8280945350369934,0.9449137826962827,0.6768486518825741,1.484127601542224
2011-11-30,0.8231130270487831,0.9176168800899507,0.6598671410167839,1.5060424366321457
2011-12-01,0.7382151977054106,0.8344582829175385,0.546566898144365,1.4305224403398082
2011-12-02,0.6758265756467335,0.7570759315901249,0.46612364760596614,1.3683852011058488
2011-12-05,0.6253978898300867,0.694513203224927,0.40827358535964947,1.3163260239179506
2011-12-06,0.5823026965515534,0.6329287297724854,0.35098254356145625,1.277001126520134
2011-12-07,0.5591485453078043,0.5860442139503483,0.3187863157392309,1.2492707381773724
2011-12-08,0.5392869722450002,0.5608380427221921,0.30864596531780253,1.2558809609880686
2011-12-09,0.4968836032589229,0.5183355716028775,0.27778798595184484,1.2273631360489705
2011-12-12,0.45360531268988646,0.48237046137125594,0.2463025097384209,1.1815760953889185
2011-12-13,0.38961767909853956,0.4633791295818738,0.20879454166414999,1.1390482217341205
2011-12-14,0.3447755890882133,0.44731792082130595,0.17673295144142864,1.0991286303489611
2011-12-15,0.3028858422466759,0.4055441973741576,0.15372112437989952,1.065574339025592
2011-12-16,0.2640060078964226,0.3809261237224669,0.11909551422939574,1.0309473664609285
2011-12-19,0.24973163763670003,0.3566003490424066,0.10815870603323091,1.0231742046038306
2011-12-20,0.2330242791447394,0.33682244318038357,0.11519234770863342,1.0279147992562578
2011-12-21,0.15531919212215295,0.25783868460875337,0.04556955355409171,0.9899118378812142
2011-12-22,0.10237415238135232,0.15778631095252033,-0.011646388386963774,0.9576167530085519
2011-12-23,0.04573256303955849,0.07242382481370162,-0.06241878925132288,0.9266158200454658
2011-12-27,-0.014307376226052706,-0.003351769193998853,-0.11959675214110307,0.884381870314404
2011-12-28,-0.056213850630600894,-0.05727229638495694,-0.1621806894268133,0.8462613922105807
2011-12-29,-0.12308211341024272,-0.11354556279849157,-0.23535293880797967,0.7916770197428179
2011-12-30,-0.1846215649901624,-0.16666192865309004,-0.31679268642169517,0.7205365399135504
2012-01-03,-0.24352277507614756,-0.20325809158946473,-0.39265976500016403,0.6436681206093654
2012-01-04,-0.32364038052144284,-0.2712432446091268,-0.49328744164999894,0.5675463356714409
2012-01-05,-0.4037676030366065,-0.34976735847597,-0.5830360025894329,0.5070214166004454
2012-01-06,-0.4694430120656084,-0.4401265036447017,-0.6506143920788784,0.444516917848948
2012-01-09,-0.5338291221052994,-0.5273374188802914,-0.7052295080935757,0.3980700207014657
2012-01-10,-0.5814898262976536,-0.6053974816636422,-0.7387640818983484,0.3545542253679131
2012-01-11,-0.6412137907312325,-0.6816711159086835,-0.7682009971862114,0.3245511567999458
2012-01-12,-0.7006869737461929,-0.7379330402380008,-0.8079064070938387,0.31230905134094
2012-01-13,-0.7619300476350196,-0.7745584747603976,-0.8441124251456735,0.3111162027091238
2012-01-17,-0.8084381483857275,-0.7950462518429807,-0.8741134765865962,0.29869768967217314
2012-01-18,-0.8479371502471224,-0.8103767318071797,-0.887258657554601,0.2786175436880044
2012-01-19,-0.9128758339621353,-0.8572908162124037,-0.9239426404779468,0.23921785286084418
2012-01-20,-0.9574268477383445,-0.8965285715085572,-0.9515944256777846,0.21224612052374103
2012-01-23,-0.9864471345514938,-0.921075348231521,-0.9879904575290465,0.1823904160019404
2012-01-24,-1.0149864241454132,-0.9342382049614917,-1.0267019838351747,0.163233760891133
2012-01-25,-1.0325585440652851,-0.9192197023980383,-1.0535554902690976,0.14717937385430127
2012-01-26,-1.048353972221646,-0.9208499159171837,-1.0846636065757593,0.1414824591068145
2012-01-27,-1.0533154326105465,-0.9202259585949857,-1.0979925560425405,0.13803748553751038
2012-01-30,-1.0460144652713559,-0.9099785918660872,-1.1190403994700309,0.13851331446867793
2012-01-31,-1.029474253511786,-0.8999252883112651,-1.1338497627655806,0.1439995016400635
2012-02-01,-1.001192610259598,-0.8636467154190955,-1.138512476950823,0.1456696439515062
2012-02-02,-0.9736993939356892,-0.8293821801974719,-1.1344333376140252,0.130272698177188
2012-02-03,-0.9252468964994524,-0.7854662792476754,-1.125623078250982,0.1276708409499106
2012-02-06,-0.9140476791955896,-0.7791169684642146,-1.1544883646867568,0.09456589510550836
2012-02-07,-0.9004642579309895,-0.7581871514479214,-1.1673044544725557,0.06821464060792048
2012-02-08,-0.8975664742723375,-0.7108400407415522,-1.1646031516400912,0.05688164888115203
2012-02-09,-0.8856490057567534,-0.6623739409190181,-1.1524069756053599,0.051155272583857506
2012-02-10,-0.8495052715369052,-0.6211258157262195,-1.1268430042325104,0.03222747777206853
2012-02-13,-0.8408292027379729,-0.6086157428362012,-1.1087639051066338,0.005449175886578205
2012-02-14,-0.8334676820968069,-0.6015612849533659,-1.0992143757096513,-0.017474668875645392
2012-02-15,-0.8131041609960856,-0.5928268904292519,-1.0686448199978758,-0.03128661788252623
2012-02-16,-0.7883252072542597,-0.5772362575687072,-1.0434989136746766,-0.039848015597240806
2012-02-17,-0.7793638346818943,-0.5750202390019216,-1.0347817246428657,-0.0890943826774507
2012-02-21,-0.7722463765916248,-0.5808016284186351,-1.0006485815670894,-0.12358645610151736
2012-02-22,-0.7631642197783551,-0.5868810556148808,-0.9745095677439193,-0.1265875393221501
2012-02-23,-0.7613115591582067,-0.5990436025102972,-0.9484156189751632,-0.13429826184793306
2012-02-24,-0.7583286653407548,-0.6068015220993642,-0.9204390201794586,-0.15166798710736415
2012-02-27,-0.7334081171748588,-0.6002028213560404,-0.8749370254160722,-0.1453396516367036
2012-02-28,-0.7014345028832146,-0.5748737772662982,-0.820325680477282,-0.10692676238993215
2012-02-29,-0.6749904918163085,-0.5404524842499946,-0.7645410414223525,-0.05844673306440718
2012-03-01,-0.6398519612432724,-0.504002564823848,-0.7107002930807533,-0.01888082406142334
2012-03-02,-0.612036874638895,-0.4579348712019208,-0.6586322754597469,0.02571876507457987
2012-03-05,-0.5762986858339123,-0.42190196248579903,-0.5977573867232956,0.05915136703088632
2012-03-06,-0.5255477495242723,-0.3968953972663755,-0.5280320112728288,0.11201532817779276
2012-03-07,-0.5199430944760429,-0.3608876558398346,-0.5288096281790103,0.12698933531539763
2012-03-08,-0.5041291034096933,-0.33663277296892286,-0.5366150678058342,0.14321142991427518
2012-03-09,-0.49380795267763894,-0.3389633008270652,-0.5395776651572616,0.1674672358970805
2012-03-12,-0.46705127974277955,-0.33604670504125317,-0.5226620809445062,0.17898729572744784
2012-03-13,-0.4247170296339569,-0.32309873873465195,-0.4960896795920012,0.19378709745029987
2012-03-14,-0.43891167279304294,-0.34973304893691964,-0.5144104196801309,0.17567442621449905
2012-03-15,-0.46453251925078515,-0.3667646331178194,-0.5301920513180097,0.15621930109105628
2012-03-16,-0.4879024613228513,-0.37809750819355425,-0.5501653926082355,0.13423406508025845
2012-03-19,-0.49994013160519,-0.38843490600415287,-0.5778258211241759,0.11730356618580104
2012-03-20,-0.5170637301377774,-0.38990154064645993,-0.58510739098306,0.10876299291715844
2012-03-21,-0.5105519872037613,-0.3659390416309826,-0.5792428624068187,0.08971276538904074
2012-03-22,-0.4964019169354322,-0.31959198561866514,-0.5716213029649405,0.06965019266201464
2012-03-23,-0.48194374963306824,-0.2720828999797751,-0.5632344581440243,0.06421427595467737
2012-03-26,-0.46090433024133465,-0.2027838954405197,-0.5719868966598466,0.053946844669512994
2012-03-27,-0.47140514366231623,-0.1800494387625274,-0.6039314902208571,0.020170369954232863
2012-03-28,-0.4797660605390998,-0.11362163220957677,-0.6164341747881642,0.009409043758396518
2012-03-29,-0.47032050795794994,-0.046039181819573116,-0.6162683422352875,0.004796568504878533
2012-03-30,-0.44670004985588935,0.015485316479056375,-0.5978718584392654,0.03899571255286457
2012-04-02,-0.42056717929017506,0.08890661624736751,-0.5873365270443843,0.09061515053381405
2012-04-03,-0.39349075429457986,0.15581660283089976,-0.5652645830056228,0.14586485026473087
2012-04-04,-0.358884989713066,0.23159370653535463,-0.5414572424819314,0.2116125551836421
2012-04-05,-0.3320471280563042,0.2917790731605812,-0.513782009400031,0.2566113296959724
2012-04-09,-0.2907889590574229,0.3505156611355348,-0.483258703955041,0.3070662254132085
2012-04-10,-0.27303992266796306,0.39300246567763497,-0.4493339309260112,0.3416298954760497
2012-04-11,-0.28728550109749734,0.40922808882987943,-0.45168563682916946,0.3357943161657459
2012-04-12,-0.28906767671440725,0.43652253788365114,-0.4557098815928573,0.3104014082301215
2012-04-13,-0.2979598116570631,0.47024251724013716,-0.46345392867979796,0.2773040962556676
2012-04-16,-0.3221439720451999,0.49394159771789226,-0.4844010630993542,0.24282821659686718
2012-04-17,-0.3454725907257275,0.5188921568221219,-0.50059708427267,0.224134540356248
2012-04-18,-0.3825701451502102,0.5166979385006222,-0.5551749038329414,0.18779508970964087
2012-04-19,-0.4048282542888362,0.5294647717758636,-0.5954302209399819,0.14616632613185887
2012-04-20,-0.4251107882520465,0.5407769151209049,-0.613621984485551,0.1263757120548462
2012-04-23,-0.41877570714020884,0.5494995598396435,-0.631775621593148,0.11110536765066668
2012-04-24,-0.4032631829080092,0.5520475460955586,-0.6586217394967296,0.08078917928405399
2012-04-25,-0.37203636151388736,0.5468117267318138,-0.6730700381895436,0.04765511927617438
2012-04-26,-0.3550943939312635,0.4932114597633595,-0.6934284378323838,0.01689277116560294
2012-04-27,-0.3555413022430181,0.43555263080356943,-0.7082366969855864,-0.011007672176208825
2012-04-30,-0.3624352948819193,0.40113325782220866,-0.7253115296931105,-0.03201037277756389
2012-05-01,-0.34802672180703076,0.3860261766662418,-0.717297381219965,-0.065256942019757
2012-05-02,-0.35389213014049614,0.3727094581949751,-0.6993873081697353,-0.06911784056890424
2012-05-03,-0.34729085853917363,0.39450031234473754,-0.6646249362699018,-0.05190314926424549
2012-05-04,-0.3327562495596027,0.4195243771167924,-0.623291039829712,-0.04046481099847547
2012-05-07,-0.3602865107648017,0.40001048186824134,-0.6091718531706886,-0.07229783877502569
2012-05-08,-0.36985616095877283,0.38693769715828963,-0.589532852243524,-0.09484611081917076
2012-05-09,-0.3583435492137336,0.3911346764198038,-0.5687026129125224,-0.10176149338709917
2012-05-10,-0.3565695637987551,0.38324745232389934,-0.5406052225691417,-0.09420638705019581
2012-05-11,-0.3393672433795195,0.40048962848166925,-0.4973635767008282,-0.06698558774144946
2012-05-14,-0.29810165617641443,0.4229813381806237,-0.45961771265132284,-0.005755598747943844
2012-05-15,-0.2677456535638908,0.4488283258156288,-0.42908696433226867,0.05163192231331289
2012-05-16,-0.23728658337511865,0.4532966969904027,-0.39771524816635345,0.10980224269822249
2012-05-17,-0.18262309620641545,0.4768693203386388,-0.3564755613461386,0.17603467487636346
2012-05-18,-0.14678312368750476,0.482878617152602,-0.34333875597225894,0.20516199745769403
2012-05-21,-0.11971449510893185,0.49252277114979104,-0.3225979665434868,0.23878499585893134
2012-05-22,-0.1094325988036889,0.4689920331343476,-0.3073991296181851,0.2645825476501555
2012-05-23,-0.07425992556423403,0.46448046438772933,-0.26928604935571776,0.2919640781873047
2012-05-24,-0.03471558105428254,0.4636073853006995,-0.2260633871589852,0.32832671967117666
2012-05-25,0.00769167176687642,0.47642466356965957,-0.16769467371313412,0.3600647224832567
2012-05-29,0.055830858034047914,0.48761589325534094,-0.0968503905141062,0.3872371932836499
2012-05-30,0.10219288636430705,0.48283228087942665,-0.03691294736449952,0.42430712436716844
2012-05-31,0.14574274078426575,0.4719279499621657,0.012887365427453229,0.4477356002311607
2012-06-01,0.20118811656314622,0.4789260648584595,0.07205956729292338,0.47032622913306044
2012-06-04,0.1830614027136966,0.4563326264654626,0.07832131199133112,0.445202114251517
2012-06-05,0.17533997622868366,0.4368763444065625,0.09003763189194937,0.4355143241698433
2012-06-06,0.183936898621059,0.4419982640536891,0.09812522045161792,0.4301514137421424
2012-06-07,0.16077077389484087,0.4213157291022279,0.054602358050499754,0.3996238544481578
2012-06-08,0.14929791913619847,0.4357082853306232,0.030894865389928132,0.3717379475296309
2012-06-11,0.14270095748944664,0.45670121492730176,0.026760359122352584,0.355985177229897
2012-06-12,0.11047711625730013,0.45845292551329503,0.0056086881587474186,0.3309604258798969
2012-06-13,0.08326717990117058,0.4523973573964237,-0.025761406193513494,0.30381418646455255
2012-06-14,0.0639261420716926,0.4377219848576569,-0.0476750852867277,0.27712440070877287
2012-06-15,0.043311772775985774,0.4306998005765714,-0.08486089819832564,0.27092538192242455
2012-06-18,0.033165722198130715,0.4406089262248832,-0.11656439712850758,0.28264606123585084
2012-06-19,0.03462609041366162,0.46827747675848297,-0.126767837114703,0.3233618272366061
2012-06-20,0.033701665436268353,0.49893012264415754,-0.13822845000910194,0.34170273574267196
2012-06-21,0.045116778316816944,0.5169432529513625,-0.12358111965025674,0.37569495090127564
2012-06-22,0.0024904228173324755,0.5161238863171583,-0.15087626864573564,0.3572774602128462
2012-06-25,-0.02105191771684663,0.5223731161597398,-0.16658924386570928,0.3505590135019251
2012-06-26,-0.07921622416262145,0.5178305234798226,-0.20658044220590976,0.3385890561739697
2012-06-27,-0.10927096403493451,0.5295713737692673,-0.23774637435283433,0.3429226975501431
2012-06-28,-0.14644768695808497,0.5441805173758508,-0.24144647428003482,0.31949519567260604
2012-06-29,-0.1638354813673818,0.5517673353063497,-0.22730018041129615,0.31147686686342024
2012-07-02,-0.23716336582898884,0.5284049428337901,-0.2621647291361481,0.2529389710739446
2012-07-03,-0.3027438487844667,0.5113695438804333,-0.2885027958494605,0.21305837377607909
2012-07-05,-0.3526539197210552,0.5063276601776234,-0.31368167531613556,0.1749512326970317
2012-07-06,-0.37741480112062525,0.4966372276544803,-0.3301572275828537,0.15073599074772015
2012-07-09,-0.4100208010045499,0.49238519637399075,-0.3348081943748074,0.1306058954100731
2012-07-10,-0.41242741394335003,0.4904064693802689,-0.34416161154947417,0.11014714202299905
2012-07-11,-0.415045940259076,0.5029216568353359,-0.3662258607928148,0.07793387418318219
2012-07-12,-0.4105015590178359,0.4967807488828807,-0.3597949384200252,0.05658600151260489
2012-07-13,-0.39229106978016814,0.5027649305804442,-0.3345636477686444,0.06190900776895511
2012-07-16,-0.402964757824323,0.50313714264882,-0.3458940686480606,0.04859392495492172
2012-07-17,-0.40722498069345703,0.5033692127460835,-0.3593261452104223,0.05549472455539413
2012-07-18,-0.3918937337310842,0.5093509194087115,-0.3796331386820542,0.06548349002376894
2012-07-19,-0.3701718392744737,0.5064440911113988,-0.3907005198076711,0.08868339673919866
2012-07-20,-0.3451297003462108,0.5038470240538648,-0.39098499232529443,0.12307503508730726
2012-07-23,-0.3324447498092622,0.4948133536696152,-0.39821935607135733,0.1648702928915768
2012-07-24,-0.3297254282509491,0.4711240229850217,-0.41882683881954164,0.1755422563965933
2012-07-25,-0.31646409557689587,0.4416983254334296,-0.44305551856326325,0.17842804648813426
2012-07-26,-0.28862742230250166,0.402409503331289,-0.4629588687455619,0.19891569523124558
2012-07-27,-0.2920207464816466,0.3634444267681767,-0.5060902026942905,0.2186221927756218
2012-07-30,-0.319953970448113,0.2711975248778316,-0.5719889698973207,0.1841816517900237
2012-07-31,-0.33736339174337754,0.17067363554913548,-0.6157406795860966,0.15821268097865643
2012-08-01,-0.3589522726865942,0.07303066257327143,-0.6742197024087446,0.14221525683359224
2012-08-02,-0.3651818001537789,-0.0009435550910010611,-0.7254759226283694,0.10246955256529644
2012-08-03,-0.3890941360035633,-0.05919962852242352,-0.7748142163563816,0.07287304719422928
2012-08-06,-0.4507708087454874,-0.14219934845759144,-0.8811535953660047,-0.015696462685068923
2012-08-07,-0.5134654810798338,-0.22180212064838747,-0.9718936035085801,-0.09200779220495812
2012-08-08,-0.5834105994831121,-0.29019280602430547,-1.038870354744199,-0.1540189867443311
2012-08-09,-0.6503709854248397,-0.3455520863839686,-1.0848812234276093,-0.1999087431682303
2012-08-10,-0.7004633390244378,-0.3884792712898325,-1.121218920407473,-0.24886960137898778
2012-08-13,-0.7572872425665863,-0.42814772354285785,-1.165140092861437,-0.2947351953856507
2012-08-14,-0.7957432902599393,-0.46037215409985993,-1.199829544933021,-0.31575253808737797
2012-08-15,-0.8254777221989074,-0.485938039096792,-1.2148175699414936,-0.31705774351002897
2012-08-16,-0.8407836490607997,-0.4956560806941735,-1.2252213321405216,-0.31156659899156275
2012-08-17,-0.854110331707372,-0.5159339867876035,-1.2319101243623156,-0.3160111680610411
2012-08-20,-0.8546935433274669,-0.5205327984403898,-1.2288471463546953,-0.3345962834869505
2012-08-21,-0.851303115227425,-0.5255385848014288,-1.2156743032269621,-0.3413678976818411
2012-08-22,-0.8258196932000093,-0.5227664252435807,-1.205356441364273,-0.33441130727791196
2012-08-23,-0.7833211989761594,-0.5195403353152576,-1.1822798430223365,-0.3321002605294085
2012-08-24,-0.7667473036432004,-0.5339844099154426,-1.1931504633890133,-0.3286508703005995
2012-08-27,-0.7462556240539018,-0.5311981983642523,-1.202822370882878,-0.32073367427691235
2012-08-28,-0.7229713035763399,-0.5034013069261922,-1.1770930109807796,-0.3255170532209808
2012-08-29,-0.686455743822371,-0.4742861389025325,-1.1538725360886242,-0.3364746028978198
2012-08-30,-0.6584837836291095,-0.44485419605879706,-1.114510146998403,-0.3296261443538329
2012-08-31,-0.6286561655157372,-0.41060105406160174,-1.0906581116971357,-0.32147502433993264
2012-09-04,-0.6033096862490483,-0.3680102623367123,-1.0506095636161423,-0.29468388838932125
2012-09-05,-0.5720830380158557,-0.33101011971082606,-0.9967707958595965,-0.26365638838654115
2012-09-06,-0.5308719050134381,-0.2918333961373005,-0.9264309931463977,-0.23167770623563239
2012-09-07,-0.562360168276315,-0.3097210460154179,-0.9359919837005226,-0.226601069539531
2012-09-10,-0.5811683530818418,-0.3241039591032475,-0.9333944696033335,-0.2290677562829994
2012-09-11,-0.6098673058213412,-0.3660041415350921,-0.936759166797089,-0.23133382747954856
2012-09-12,-0.6339571425808473,-0.3751341242072669,-0.9296562984399307,-0.21680208904442672
2012-09-13,-0.6347086778579749,-0.3764285114590545,-0.9102196475634838,-0.18952771701655455
2012-09-14,-0.6835380839870491,-0.39062224755246344,-0.9482238383477232,-0.19156711514910887
2012-09-17,-0.7104798272893297,-0.40723136516300806,-0.9853579051779141,-0.21248049639728872
2012-09-18,-0.7271723704924126,-0.42257153127551833,-1.017623654531513,-0.2355583852997462
2012-09-19,-0.7477959594560782,-0.44657787855262504,-1.0343790156948252,-0.253492813801725
2012-09-20,-0.7680085282931709,-0.43875571949063086,-1.0190194592355986,-0.26272484396296725
2012-09-21,-0.7762054465773816,-0.4155363356212046,-1.0092375518401102,-0.25328498410423017
2012-09-24,-0.76411721487267,-0.36327264660756003,-0.9876271817452819,-0.22830600385618738
2012-09-25,-0.7537335819749496,-0.3217656092603257,-0.9523743973543383,-0.20309865507928232
2012-09-26,-0.7472404012378913,-0.29942324554350797,-0.9415944902109912,-0.21712028437053105
2012-09-27,-0.7400908002009637,-0.28496296440839064,-0.9431199583382648,-0.2177632461824514
2012-09-28,-0.7448634671806362,-0.2911704721496416,-0.9389175377752969,-0.21610765065185542
2012-10-01,-0.7320009711105883,-0.3021414973627734,-0.9314309128545258,-0.2163858729347186
2012-10-02,-0.7084819402023762,-0.2915250883917991,-0.9129206028160083,-0.21295586465733998
2012-10-03,-0.6584144259962003,-0.2574162406203864,-0.890366990101098,-0.20594509644096728
2012-10-04,-0.6279022595573263,-0.2207534303560932,-0.8598734624431965,-0.20437957741604365
2012-10-05,-0.608773240926004,-0.18610100041880812,-0.8189924972117592,-0.1977663790201847
2012-10-08,-0.5814257784798242,-0.15152214747105966,-0.7647080280163487,-0.18289405901194433
2012-10-09,-0.53974481086883,-0.12855498350995634,-0.7122265408190798,-0.17775582704980342
2012-10-10,-0.5153289918348399,-0.14782038961895694,-0.6634919234644088,-0.1832875364374587
2012-10-11,-0.4919886108229904,-0.15733252265810124,-0.6332270610483388,-0.18639823875813183
2012-10-12,-0.45287169758384127,-0.14465500019107844,-0.5751024099848614,-0.18114261963770517
2012-10-15,-0.41830815277835937,-0.12729757077949988,-0.5083732323894321,-0.18620668755709283
2012-10-16,-0.3782687200365438,-0.1020301085108185,-0.45720686266409366,-0.1878655135585214
2012-10-17,-0.3434673311355055,-0.08840379247284438,-0.4143563043502281,-0.16646698808754912
2012-10-18,-0.313203736741891,-0.04993829688589169,-0.3734653507803414,-0.15481381301226227
2012-10-19,-0.2679208839551486,-0.01694716271190035,-0.32631470897355885,-0.13262659776556776
2012-10-22,-0.25466730344067423,-0.033976346516540974,-0.291230981500087,-0.13927272651734107
2012-10-23,-0.25222819872012014,-0.0366242503532474,-0.2421680645895917,-0.1229388047708307
2012-10-24,-0.27312196188151827,-0.039049953438880854,-0.23764628842644656,-0.10233532433078253
2012-10-25,-0.2744220033496947,-0.04691126761282772,-0.2313694830534067,-0.052720143682215455
2012-10-26,-0.27119115494847856,-0.03338742949142376,-0.20662577375895672,0.02574556548015995
2012-10-31,-0.25212111767995865,-0.006872159488694355,-0.1781305316443836,0.09913175902482452
2012-11-01,-0.21494638561496046,0.024619012530073363,-0.15085575484238348,0.1671906677592501
2012-11-02,-0.17209391004100566,0.036145837321734244,-0.1287302747489814,0.2064010392720038
2012-11-05,-0.12887792753750396,0.04043587524773825,-0.11828508304177844,0.2411813971525638
2012-11-06,-0.09078753602779474,0.06352044979861893,-0.09253484838887688,0.27414156219538954
2012-11-07,-0.04196535694067635,0.1135279638952063,-0.07219717537523894,0.32483106591117256
2012-11-08,-0.05403517770695751,0.09363895495742625,-0.10478308957189753,0.3110761249056918
2012-11-09,-0.084622861228754,0.05233304236320648,-0.12157502996837742,0.2817431467900551
2012-11-12,-0.09045148087448522,0.03420618307020543,-0.12338813998770419,0.25751745204507853
2012-11-13,-0.07950421265628486,0.016441562114888387,-0.11361748018889545,0.2394862569463345
2012-11-14,-0.061519921030595705,0.015148910070095414,-0.08108412416590893,0.22045986842528015
2012-11-15,-0.07376148095149374,0.0025968103170235473,-0.08007294227978323,0.1840985885562
2012-11-16,-0.07555118440140447,0.006896604832236982,-0.08653984740142083,0.1657008493577371
2012-11-19,-0.07988682461706675,0.013072103446759418,-0.09038811472109083,0.16002427584007556
2012-11-20,-0.12794191308847097,-0.047848492788058465,-0.12978492049392568,0.13249036290318666
2012-11-21,-0.1654520288748955,-0.09879579812630543,-0.18108749435456067,0.12312840069583778
2012-11-23,-0.19719454907250236,-0.14807677435315833,-0.2207077656763721,0.13184118320279511
2012-11-26,-0.2515796459794965,-0.2120093537684409,-0.2903866377645795,0.1230521209366705
2012-11-27,-0.28520319638246555,-0.26193805222018524,-0.369331345560545,0.11640759161462164
2012-11-28,-0.3076549017168915,-0.29039548812062216,-0.4540855490066958,0.123308628733025
2012-11-29,-0.33024985535956525,-0.2972239607265558,-0.5446828560505608,0.12905034578096441
2012-11-30,-0.3341909351287878,-0.30432081871314,-0.6108142456532615,0.11306410567827298
2012-12-03,-0.3352931773123758,-0.31317605156931144,-0.667955404822291,0.10216307675695512
2012-12-04,-0.3524204912942018,-0.3034038292368661,-0.714448597288403,0.09385595865496871
2012-12-05,-0.3654193699729373,-0.27814899760900447,-0.7413706786426959,0.07953412008103324
2012-12-06,-0.3600135475633106,-0.2663017967581244,-0.7568495302611452,0.06704801600154486
2012-12-07,-0.34675145455486506,-0.24082364245907542,-0.7611156773105686,0.06862519224207775
2012-12-10,-0.31958865870142084,-0.2114414834114552,-0.7654798188316819,0.08475661680386734
2012-12-11,-0.2893642893173631,-0.18219520892050664,-0.7579490917417157,0.10807151032628745
2012-12-12,-0.25116848120063257,-0.182056656613704,-0.731686430420262,0.12500601397249617
2012-12-13,-0.2111752066280885,-0.17273159251080622,-0.7084170460822934,0.13766128544950856
2012-12-14,-0.1794359813966687,-0.15647151007593402,-0.6786150463768713,0.15309715593084924
2012-12-17,-0.14200412992823788,-0.14847928979145836,-0.6271352199312343,0.16588878956468822
2012-12-18,-0.08686962425795405,-0.14042584692252075,-0.5741314242873032,0.16417109811072975
2012-12-19,-0.04755590380635709,-0.13940455520243364,-0.5299915061866436,0.16248536572395414
2012-12-20,-0.0237159086190251,-0.13561531271704413,-0.48673616489154414,0.16658514158296636
2012-12-21,0.002993284696278797,-0.1218120782894218,-0.4523617515561083,0.16616264157782473
2012-12-24,0.0012038738789784832,-0.12816294702425196,-0.43143007203065314,0.17947176396320255
2012-12-26,-0.013187414048700706,-0.10134753962509621,-0.423306407010552,0.20927780955892109
2012-12-27,-0.022956812016844328,-0.07579577100988585,-0.4001632842135308,0.2376500642713997
2012-12-28,-0.00917407905748187,-0.054773025613833466,-0.3617046869095021,0.2675745106543481
2012-12-31,-0.010906389246947564,-0.04488804483324018,-0.34964917536516543,0.2953268863484918
2013-01-02,-0.03709404232763478,-0.06276274057285117,-0.3351718516380531,0.2897726673698287
2013-01-03,-0.13330718943231257,-0.17573412179586984,-0.4031246272859861,0.206305455908218
2013-01-04,-0.20867887964676102,-0.27568574459829986,-0.4814092706243766,0.12702852511295212
2013-01-07,-0.2621742299667303,-0.36654723235413134,-0.5584445417968622,0.03462189611368418
2013-01-08,-0.32265977854695277,-0.4427012985217561,-0.6249169319963424,-0.05483151443270416
2013-01-09,-0.3856392909876854,-0.49751700719753095,-0.707625248738969,-0.13333364722449917
2013-01-10,-0.45535456274355735,-0.5348786309112507,-0.7636321087959745,-0.22186842348746885
2013-01-11,-0.5218896718728427,-0.5625305673523857,-0.8149890216234569,-0.3136231384591714
2013-01-14,-0.5911707798621865,-0.579076755587082,-0.8591840395712349,-0.39403468604916025
2013-01-15,-0.6501620559775972,-0.5928632203803323,-0.8905523928786794,-0.4624644657395617
2013-01-16,-0.7057634554329965,-0.5992589944445259,-0.8974275180247183,-0.5045921342935987
2013-01-17,-0.7618589640886109,-0.5947541828949313,-0.8965983497849374,-0.5331034649710158
2013-01-18,-0.7998213854478117,-0.5886648351873479,-0.9026377261438912,-0.5639090973832541
2013-01-22,-0.838031967631663,-0.57241820070676,-0.9139279628288917,-0.5947900402384697
2013-01-23,-0.866531927513815,-0.5466357982643602,-0.9054341984823197,-0.6307523310538066
2013-01-24,-0.906743012159597,-0.5202852165556108,-0.8971058329822097,-0.6449039939549577
2013-01-25,-0.9301921251347789,-0.5176142256146564,-0.8764908702178583,-0.6416286008952254
2013-01-28,-0.9471687956077531,-0.5073996236692739,-0.8615943365779257,-0.6315242908291518
2013-01-29,-0.9533270519915895,-0.475281290174262,-0.8520285114596635,-0.6053644066428167
2013-01-30,-0.9296251629628289,-0.4292603396302118,-0.8375803450051007,-0.5739572229534999
2013-01-31,-0.9217492232744435,-0.383246508432539,-0.832182425200928,-0.5535355368320986
2013-02-01,-0.90124500471553,-0.3387440042298327,-0.8207881413610508,-0.5209792699735325
2013-02-04,-0.8866852883058314,-0.2855998496527218,-0.8149972687231399,-0.46513374482375236
2013-02-05,-0.8936708848181382,-0.2834505457660352,-0.8206206123801834,-0.43531461485743767
2013-02-06,-0.9097790474555867,-0.3053833707445292,-0.8225874086453007,-0.43028595615140736
2013-02-07,-0.9426184907158894,-0.3121885311408014,-0.8084250634848209,-0.40937382805324274
2013-02-08,-0.9636738912751803,-0.30592031496928074,-0.7922205522490586,-0.37427722742154956
2013-02-11,-0.9653275145833875,-0.30766089307574107,-0.7754889922340485,-0.3399674904598823
2013-02-12,-0.9454561258703286,-0.3174274024146248,-0.7516937269715478,-0.3047335664258957
2013-02-13,-0.9146835661863891,-0.31184760176393833,-0.7251280638125486,-0.26795603524719946
2013-02-14,-0.8727731278510956,-0.2829041283417667,-0.6918124938779978,-0.22242973948797892
2013-02-15,-0.8019624025850387,-0.25736870697250286,-0.65508937269195,-0.16527552615241622
2013-02-19,-0.7139195521448245,-0.22785629683432984,-0.6334917714901389,-0.101847052028323
2013-02-20,-0.6137119245293551,-0.2021265371786917,-0.5989671779456376,-0.04438541602072833
2013-02-21,-0.5575280857477549,-0.21474720024462374,-0.5715344972314502,-0.025384678700012223
2013-02-22,-0.49936101297158014,-0.24615604021999188,-0.5484876304624992,-0.015936755586253976
2013-02-25,-0.4418042281738786,-0.2742035482546488,-0.5453985806762601,-0.0166839117338668
2013-02-26,-0.45103468968273897,-0.3213350671167926,-0.5865204681439101,-0.07700223157212659
2013-02-27,-0.4632850929764875,-0.37491319142642426,-0.6448333194836405,-0.12289927726072307
2013-02-28,-0.5050070721631558,-0.4306373492150744,-0.7182986706500915,-0.16982038380764766
2013-03-01,-0.5540387851312646,-0.47135442659645344,-0.7697018276073936,-0.21141729672978096
2013-03-04,-0.6029165021079105,-0.4944600040780799,-0.8196352711241263,-0.25526131308421735
2013-03-05,-0.6375513675943693,-0.5055667421483196,-0.8491530525714731,-0.29096669928532076
2013-03-06,-0.6983353064593573,-0.5617753177566861,-0.8937590543166924,-0.3326256349958785
2013-03-07,-0.7557389634230228,-0.6224778369616136,-0.9404506479367202,-0.3696326103136966
2013-03-08,-0.802609876074249,-0.6798738715804821,-0.9721469205610821,-0.39536084197766336
2013-03-11,-0.846021457987039,-0.7420555141137877,-1.0066329117877704,-0.4175322411013243
2013-03-12,-0.861916175384476,-0.7898474527470292,-1.0485780828328846,-0.4246132688370139
2013-03-13,-0.8640004347825082,-0.8333793350821131,-1.0712188625407988,-0.4070089020360258
2013-03-14,-0.8686648393966881,-0.8651765993446978,-1.0789334023136605,-0.40234150895925636
2013-03-15,-0.862954343617432,-0.8747091911950227,-1.069806588972186,-0.3976030566803467
2013-03-18,-0.8427305795405124,-0.8679893572756546,-1.0496354542533326,-0.3956279828025281
2013-03-19,-0.839950664900749,-0.8442014373179505,-1.032988547499443,-0.3906559012672264
2013-03-20,-0.8153475822301077,-0.7977648569845966,-1.0003377144066403,-0.37974225810850426
2013-03-21,-0.7833339494072018,-0.7511588902487664,-0.9603412341973624,-0.35721772030418386
2013-03-22,-0.7571055983993897,-0.7417200746742925,-0.9279917511813194,-0.3475799793762067
2013-03-25,-0.7447586102460048,-0.7377794884066218,-0.895357980152376,-0.3276944271704796
2013-03-26,-0.7289612915353804,-0.7374871118556445,-0.8649599895354967,-0.2994933137034985
2013-03-27,-0.727921185003547,-0.7249860496899664,-0.8339663610153767,-0.25618169962057596
2013-03-28,-0.7179077635612565,-0.6892918060602824,-0.8023012495338706,-0.18865264597520617
2013-04-01,-0.6946723254082311,-0.6284279078654134,-0.7866248022325688,-0.11379337334975696
2013-04-02,-0.6678769398030623,-0.5664493459766333,-0.7586598814860764,-0.04133853910837832
2013-04-03,-0.6247969369312207,-0.4896761981466226,-0.7353926974248048,0.03646387436573415
2013-04-04,-0.5941888114432988,-0.4189313982959753,-0.7176866320805795,0.0835701408137635
2013-04-05,-0.5562485995340809,-0.3384612580680029,-0.7050050213221263,0.12281795589530915
2013-04-08,-0.5123777256458951,-0.27193871108109646,-0.6746535072820514,0.1828884318034095
2013-04-09,-0.462926963269802,-0.21779997358811598,-0.6322065911271114,0.23278427303561305
2013-04-10,-0.40389918887624904,-0.15190149842661058,-0.5850717503838783,0.32347836335448177
2013-04-11,-0.36512506203358097,-0.10421613277548501,-0.5540661519773576,0.3948326171839906
2013-04-12,-0.3192829043910125,-0.04734493627211454,-0.510856946223674,0.4778007724384488
2013-04-15,-0.25546198657588276,0.01035149516539544,-0.4647728801047468,0.5791718742769572
2013-04-16,-0.27998905143315,0.0263862508537816,-0.4738641226594781,0.5846740785221046
2013-04-17,-0.3199550980302467,0.03926940039465985,-0.49787180911173445,0.569278940340238
2013-04-18,-0.39413238616637297,0.004310764724482985,-0.5408647284656414,0.5284618773352714
2013-04-19,-0.4665254429528757,-0.04089932248909179,-0.5791445810297401,0.4906947503218858
2013-04-22,-0.523891868315641,-0.10597799220766577,-0.6071164382008836,0.46237784540128835
2013-04-23,-0.5660787028976011,-0.1625000922445775,-0.6186443291976375,0.4387714535300759
2013-04-24,-0.6196136834251861,-0.22907757337170892,-0.6277736334590899,0.40833241960471506
2013-04-25,-0.647241520323111,-0.27311818500268753,-0.6408064339474192,0.37726589023725077
2013-04-26,-0.6658325386243475,-0.3273277451220736,-0.64698761964716,0.3534324492735063
2013-04-29,-0.6653888938891678,-0.3814336683035998,-0.6403457048145462,0.33546151093728005
2013-04-30,-0.6505511449242711,-0.43172588391978906,-0.6378496762714934,0.3389948205455821
2013-05-01,-0.6102036607826729,-0.477249537091444,-0.6239646400451766,0.34882609344686294
2013-05-02,-0.5972654991056436,-0.5193862434401276,-0.6213842960713308,0.323478248501804
2013-05-03,-0.5883050875240583,-0.5579167493025352,-0.6187757078747607,0.2931988332176425
2013-05-06,-0.5932773459324949,-0.608253740840952,-0.6277985022820084,0.2564981020926213
2013-05-07,-0.6030769467375917,-0.6469431903768402,-0.6445714368257232,0.21280444773507767
2013-05-08,-0.6007312791188073,-0.6639274907714151,-0.6640305705072705,0.1713642754715467
2013-05-09,-0.6102145465598178,-0.6854765868938862,-0.6884818442506829,0.13405373855189837
2013-05-10,-0.6199716614384605,-0.6912306382596041,-0.7114884743973392,0.08226890382215545
2013-05-13,-0.6233635257352308,-0.6967765614932008,-0.7159638827668532,0.04004337601675964
2013-05-14,-0.606532012932598,-0.6951515395400031,-0.7065847514701932,-0.009812503902356804
2013-05-15,-0.5979860804814179,-0.6880820981272812,-0.7105700407978436,-0.05044083132016947
2013-05-16,-0.5845403329181454,-0.6684447403736993,-0.7057401529489038,-0.07836199056095161
2013-05-17,-0.5776408258039377,-0.6482137131721641,-0.693405403550515,-0.08046904021115976
2013-05-20,-0.5599307369032225,-0.6381068462072301,-0.6690084821519627,-0.08253406272961039
2013-05-21,-0.5344203175204126,-0.6325710996882189,-0.6351383608501163,-0.07489163970942034
2013-05-22,-0.5027977840953884,-0.6222628775101595,-0.5902722058428053,-0.03528030149611251
2013-05-23,-0.4918030149198942,-0.6408672417153197,-0.5561080713431807,-0.017581406692179835
2013-05-24,-0.45737781864748034,-0.6501034975526133,-0.4983575094566858,0.013458218649494832
2013-05-28,-0.393904488332792,-0.6442636959456116,-0.4427510152736608,0.0490009205180539
2013-05-29,-0.3409013006836478,-0.6192572972778796,-0.40023696783135426,0.08018151717065605
2013-05-30,-0.28947031289208996,-0.5896657096547802,-0.3567105672490557,0.11181718556743564
2013-05-31,-0.24070110561605657,-0.5591686143756227,-0.29487013601488,0.14018830108526475
2013-06-03,-0.2077476387012357,-0.5239170683033237,-0.24918898137186907,0.15033134435880305
2013-06-04,-0.17024363390953956,-0.47163317362744533,-0.1969259993466342,0.16516272451826003
2013-06-05,-0.12538121436008534,-0.4195843644528474,-0.14526442693677993,0.18408175195194657
2013-06-06,-0.10657956669693464,-0.39155881642361434,-0.13317939490326217,0.1805709950126035
2013-06-07,-0.0779273221243259,-0.3443204159789525,-0.09784693950502164,0.1914742052785342
2013-06-10,-0.05713848287877024,-0.313318199371251,-0.0983058868260339,0.21780850490457618
2013-06-11,-0.006938046517923929,-0.270533094590914,-0.08583046140912838,0.25811100563071887
2013-06-12,0.04363699254546317,-0.24537002364449356,-0.07102576159493608,0.26770187837663484
2013-06-13,0.09007426050309891,-0.2376905706861436,-0.07135836838573485,0.2803539857805194
2013-06-14,0.12781718649700077,-0.23704239986367634,-0.07838847496567684,0.26926157969839953
2013-06-17,0.15622271737300517,-0.22283215627765401,-0.08975391496298016,0.26380525990705705
2013-06-18,0.18226999006611633,-0.1976968699636101,-0.10592708814242134,0.2659160678953112
2013-06-19,0.2116688695474105,-0.1641569367265447,-0.12908656261369722,0.2715843912819237
2013-06-20,0.21896616377699268,-0.13135181504135723,-0.1609130741030534,0.2620210188383575
2013-06-21,0.17006153107195865,-0.1822520755467822,-0.263368498557087,0.21291030670507277
2013-06-24,0.11898387642018612,-0.21780138918183387,-0.34969485688626456,0.17456251031999143
2013-06-25,0.05098204561603884,-0.2666143280706763,-0.43669723435623103,0.13407363737487327
2013-06-26,-0.007803574325567518,-0.3135200179170639,-0.5241874199397324,0.08568119653459863
2013-06-27,-0.06035993441843735,-0.37326570867847514,-0.6200073514921776,0.042870865233804414
2013-06-28,-0.10663966726439261,-0.4328991399251036,-0.7012386549237356,-0.006373277091527577
2013-07-01,-0.15192682664559695,-0.4889025713913484,-0.792954717765713,-0.06148713492780703
2013-07-02,-0.18522159674839178,-0.5439288424567841,-0.853272049055825,-0.10594433125273096
2013-07-03,-0.22316338968043453,-0.5806707321186836,-0.8997364977422798,-0.14095666128537443
2013-07-05,-0.26652750962752786,-0.6009920358685047,-0.9347699758843606,-0.16493348484619344
2013-07-08,-0.3141781090966138,-0.6174111728922851,-0.9881883012465539,-0.20683615377764328
2013-07-09,-0.36914586721411397,-0.6146703807490427,-1.0344270992094649,-0.24120607222244894
2013-07-10,-0.4333244184728833,-0.5956362467553479,-1.0795899216082967,-0.28332186842118895
2013-07-11,-0.4743123590642508,-0.5813013128926852,-1.1039506222751128,-0.31712916385285306
2013-07-12,-0.5492931661833949,-0.6164239848753695,-1.1633151048764618,-0.34474892660525097
2013-07-15,-0.6207504165135463,-0.6482456059571424,-1.2221514828590263,-0.37098803783375156
2013-07-16,-0.6810141308937697,-0.6760985325183709,-1.2796451323756015,-0.4039375642942656
2013-07-17,-0.7412879844203208,-0.6819015251509777,-1.3203767488053226,-0.4383471395466485
2013-07-18,-0.789472004353278,-0.6794912410525086,-1.3312839221282364,-0.46162317446888734
2013-07-19,-0.8393409703157856,-0.6626732617194856,-1.3365885889778544,-0.4772841314153841
2013-07-22,-0.8977418744162604,-0.6689416396186545,-1.3432756235822914,-0.4651123532791843
2013-07-23,-0.9356036792941097,-0.6764165982310711,-1.33111879089255,-0.45314026852086475
2013-07-24,-0.9505661330395594,-0.694153016213956,-1.3291983498322975,-0.43843155731688715
2013-07-25,-0.9657661509970111,-0.7028129830894841,-1.3094527293733322,-0.43695766593784346
2013-07-26,-0.9656434751420406,-0.7176267894675562,-1.2855691796709143,-0.42419727109393957
2013-07-29,-0.9601746716066903,-0.7165589427241499,-1.2323987558404814,-0.40390495767841283
2013-07-30,-0.9515183913035811,-0.709337743304034,-1.1923069303067695,-0.3921639877492029
2013-07-31,-0.9359204827420408,-0.6960641997092232,-1.1566026008160202,-0.3903720177160683
2013-08-01,-0.90932089046957,-0.6837307194019365,-1.1057962230689757,-0.3744350244332211
2013-08-02,-0.9138234241282359,-0.672159395047592,-1.0754183262644155,-0.37884644801902617
2013-08-05,-0.9134653381265135,-0.6754180052262436,-1.05185478712392,-0.391196024538831
2013-08-06,-0.9149296316433371,-0.6663250645003538,-1.0163505960949346,-0.3848493690033169
2013-08-07,-0.8995131292723488,-0.6496407798930114,-0.9900788122085766,-0.36718470586582996
2013-08-08,-0.8808992502328582,-0.6275068750332657,-0.9666322666864955,-0.35013169794713295
2013-08-09,-0.8428077601164382,-0.5924731732014852,-0.9582742887891992,-0.340746848960809
2013-08-12,-0.7983279144757992,-0.5596491393296108,-0.9481072605264101,-0.31581853795303116
2013-08-13,-0.7477623779047419,-0.5307395178268159,-0.9101663156911735,-0.2842392728803282
2013-08-14,-0.6931225428037892,-0.498918110363329,-0.8368951336641008,-0.25521833177901865
2013-08-15,-0.6593171212328574,-0.46147889049654817,-0.7800670291100416,-0.21962750909324555
2013-08-16,-0.6688783147700837,-0.4679067082636652,-0.7847324777632682,-0.22090963447467593
2013-08-19,-0.6725987924091239,-0.4673370712282451,-0.7738025129438416,-0.2113273662082681
2013-08-20,-0.6889844428323635,-0.4645507712567657,-0.7661417154540576,-0.19304238284236316
2013-08-21,-0.7013095967667298,-0.4616438646190697,-0.7387127452380354,-0.17164468554757045
2013-08-22,-0.6951298410497607,-0.4490951088177114,-0.7102866221553437,-0.14305080628276373
2013-08-23,-0.7068631998603944,-0.4414002325931512,-0.6968785869835977,-0.14046255949166747
2013-08-26,-0.709514907218934,-0.43602628695872625,-0.688058527295275,-0.13110060270648696
2013-08-27,-0.706307195525288,-0.41638905971738505,-0.6729264842363696,-0.11832566096203352
2013-08-28,-0.7714613950380315,-0.4739335383150966,-0.7028972982878345,-0.14740724798812105
2013-08-29,-0.831138647919351,-0.5127919235374919,-0.7268637603860656,-0.17149206000329073
2013-08-30,-0.8634257301100764,-0.545193631822513,-0.7268658968536739,-0.1982763823808175
2013-09-03,-0.8852837998458623,-0.5688655384611109,-0.7175107848704932,-0.25850374127652515
2013-09-04,-0.9139293146640248,-0.5615172844291395,-0.6970443930219027,-0.2942205203156525
2013-09-05,-0.9419458486963678,-0.5595655295186691,-0.6769227818700521,-0.3115301870416917
2013-09-06,-0.9498546232067326,-0.5485992092789365,-0.656939851693279,-0.32555694016694575
2013-09-09,-0.9525906856130043,-0.5132016501299534,-0.6092839271832923,-0.3551928184787605
2013-09-10,-0.9458894632738599,-0.5086429787243303,-0.5724401585622112,-0.395146732852262
2013-09-11,-0.9332168712345169,-0.5014692306876417,-0.5498446768450328,-0.4539674130188739
2013-09-12,-0.9023764912150667,-0.49122523960704684,-0.5395783851669693,-0.4973050132954581
2013-09-13,-0.8597633182219457,-0.4863763503023264,-0.5180732877402606,-0.5412899243392102
2013-09-16,-0.8175773049993951,-0.474531211021991,-0.5104223839275964,-0.5922031022446266
2013-09-17,-0.7653787542833553,-0.46572290183048815,-0.501843325696,-0.6287125481740095
2013-09-18,-0.7257099141157125,-0.44242533680084734,-0.49016170148998506,-0.6682573399806456
2013-09-19,-0.7124091747284703,-0.42985517394399414,-0.4836859733231339,-0.7133974325666564
2013-09-20,-0.6968812080495446,-0.4170769916062388,-0.4799223955336888,-0.740200912156894
2013-09-23,-0.6788075813707534,-0.39591477158230237,-0.5051887792346216,-0.7525676049909181
2013-09-24,-0.6709227456887675,-0.3742236201665169,-0.5267215033528204,-0.7536688794852057
2013-09-25,-0.6638692926807654,-0.33698873458901485,-0.5349986023522387,-0.7483989138335324
2013-09-26,-0.658382872697603,-0.3089372299665616,-0.54633080450573,-0.716429809634962
2013-09-27,-0.6479439530585619,-0.2899599481743877,-0.5433425683154608,-0.671040626303832
2013-09-30,-0.6219249528411241,-0.25631520236391037,-0.533304509045164,-0.6156171380833997
2013-10-01,-0.5759621124118733,-0.22016393135907067,-0.5222381170810791,-0.5421840009413109
2013-10-02,-0.5388747912155938,-0.17085679407463258,-0.495252399292637,-0.4867757291616296
2013-10-03,-0.5011967956120091,-0.11563850258947704,-0.45446843309362284,-0.4279347719148051
2013-10-04,-0.4519378226681098,-0.07406336146917764,-0.4273166032557229,-0.38092392045885287
2013-10-07,-0.40668485064942544,-0.05189273914434656,-0.39337609357686965,-0.3195329298302553
2013-10-08,-0.36744804073544407,-0.03438934271211651,-0.3668608178899852,-0.2534897345238085
2013-10-09,-0.3454492631712629,-0.05301997361707038,-0.3465618989752692,-0.20557719470398192
2013-10-10,-0.3220490313884506,-0.06959997317845383,-0.2973372740716418,-0.1597523102754554
2013-10-11,-0.36583212053149017,-0.13328217973065817,-0.31668492418687366,-0.16060873934101255
2013-10-14,-0.4179238268240104,-0.18900682988965617,-0.3412262966452109,-0.1821317969155833
2013-10-15,-0.4619360309386943,-0.2300081621387322,-0.39317358667210356,-0.21156503476718208
2013-10-16,-0.5114230616330054,-0.2639414315603963,-0.4273664083568973,-0.2425613147712046
2013-10-17,-0.5759532107686329,-0.2913941625845724,-0.4655168658027126,-0.27990053875213505
2013-10-18,-0.6537144839475556,-0.32670340319715546,-0.5037439002028865,-0.33872316739039504
2013-10-21,-0.7248266034325371,-0.3847132850021499,-0.5372847162810089,-0.38170504310567943
2013-10-22,-0.7923141873512216,-0.4385320151722886,-0.5652200258538735,-0.3939068500193415
2013-10-23,-0.840035150695595,-0.4955126284131668,-0.5861634696982954,-0.40097206624945037
2013-10-24,-0.8797804407405331,-0.5287019412796911,-0.5964589928224399,-0.39384613903516047
2013-10-25,-0.9051287271104762,-0.5388488397054426,-0.6066512775892363,-0.3849838308574364
2013-10-28,-0.9174705430696841,-0.5443320349795103,-0.6120448421613421,-0.36861664932011495
2013-10-29,-0.915813458276625,-0.5565814966795767,-0.6051926297256017,-0.3578324788421411
2013-10-30,-0.8997499191011479,-0.5683481775055773,-0.6244814943945909,-0.3310446491390494
2013-10-31,-0.8778181906430284,-0.5786399172909404,-0.6521994965735258,-0.3147588570760113
2013-11-01,-0.8505190401903087,-0.5786564226838128,-0.6703588966942211,-0.27680084977586855
2013-11-04,-0.8201017559567789,-0.5729217165675251,-0.670671974979246,-0.21825793852638797
2013-11-05,-0.7748518363560659,-0.5622569660036233,-0.653567164562113,-0.1802608070941339
2013-11-06,-0.7285068416194432,-0.5331712779359906,-0.6349974103873148,-0.14207710199153753
2013-11-07,-0.6868565172234056,-0.46689579765102224,-0.6251574862662627,-0.10480348673363399
2013-11-08,-0.680241922887353,-0.47578974803827456,-0.6251438533036894,-0.08020356581786153
2013-11-11,-0.7109019564022541,-0.5113412408539305,-0.6519576863915184,-0.09028861739452389
2013-11-12,-0.7486890540487389,-0.5407894727605065,-0.678481112892075,-0.08897610361707764
2013-11-13,-0.7640270774493787,-0.5672383536795232,-0.7015493642733992,-0.08094204575583178
2013-11-14,-0.7837982714994645,-0.6123483669569886,-0.710702079700632,-0.08111218147950681
2013-11-15,-0.766380443795577,-0.6510287533609989,-0.7031998258071843,-0.07281915796963843
2013-11-18,-0.7655947546215701,-0.6904523822432783,-0.7153046720647992,-0.07179119245294434
2013-11-19,-0.7788442111527719,-0.7515797571268955,-0.7421101608480987,-0.0803962098746076
2013-11-20,-0.7932869090655658,-0.8046039348075962,-0.7488369929998647,-0.09733499331187012
2013-11-21,-0.7978901724211638,-0.8392273477031521,-0.7529228262167369,-0.11748714517276317
2013-11-22,-0.8119043627218538,-0.8749692079665536,-0.7569816081518084,-0.14991110107522063
2013-11-25,-0.8192923196629854,-0.9174762770802593,-0.7538286504172709,-0.17989999643382273
2013-11-26,-0.8362887028856982,-0.9391987730682911,-0.7553207862073765,-0.18760503700544295
2013-11-27,-0.8341163129093744,-0.9652273099598048,-0.7461273959183158,-0.2034930185610696
2013-11-29,-0.8258606982737993,-0.9994310062626993,-0.7134616728496971,-0.21057131626233766
2013-12-02,-0.7924460529503389,-1.0294132245911634,-0.6869417324119901,-0.22114278798593864
2013-12-03,-0.7508430297461579,-1.04964840348996,-0.6624766087998217,-0.24367883077710056
2013-12-04,-0.7259760294416352,-1.0621172713816196,-0.6552584552056175,-0.2694467876983155
2013-12-05,-0.7025823005094729,-1.0685331753286365,-0.6313761817197683,-0.2716704057501491
2013-12-06,-0.6681824213931928,-1.0650002986522362,-0.5968337465502797,-0.2676028600733281
2013-12-09,-0.6456648116360587,-1.0627121267456576,-0.5822287114828192,-0.2529696392934077
2013-12-10,-0.6216281866637197,-1.04311364346852,-0.5546802012763594,-0.2227910719995993
2013-12-11,-0.5971836872484897,-1.0031933955818282,-0.5311851927602554,-0.18461532185781235
2013-12-12,-0.6036537470185032,-1.0140662444802762,-0.5164858355285163,-0.1763147263334939
2013-12-13,-0.6049059682432179,-1.0062322863611792,-0.5035082658614924,-0.15247360829731235
2013-12-16,-0.5890722545495021,-0.9961461325597595,-0.48009488199978123,-0.12308443914107864
2013-12-17,-0.5789455479323421,-0.9899969184070321,-0.48361626825711235,-0.08235734363518556
2013-12-18,-0.568437549371952,-0.9556136632484273,-0.47380386184413853,-0.019238760321789224
2013-12-19,-0.5953488916678495,-0.9368854130370603,-0.5243848063371347,0.026090763277174182
2013-12-20,-0.6131351490217076,-0.9164902478381436,-0.5550795190688694,0.06442755564875774
2013-12-23,-0.6175407221891274,-0.900270469915821,-0.5706101032675897,0.06903454905034394
2013-12-24,-0.6366229166034697,-0.8886177600580708,-0.5919653541812405,0.0670425247385841
2013-12-26,-0.6445153035107036,-0.8559467161279612,-0.5928645028986039,0.06812045565464536
2013-12-27,-0.644191886905214,-0.8143422257789555,-0.6084669783468792,0.08365483101404947
2013-12-30,-0.6249633462959533,-0.7738913240841457,-0.605810205717265,0.10259997348640451
2013-12-31,-0.6033147487523154,-0.7079432533083042,-0.6021543206847874,0.13052610396839912
2014-01-02,-0.5845027077669395,-0.6312434517737346,-0.5987679780029902,0.13753175327158368
2014-01-03,-0.5781646819641624,-0.5577894139433152,-0.6093641816833854,0.14186290930736795
2014-01-06,-0.5658806769945627,-0.5043628682680292,-0.6174793916478972,0.15478978482700126
2014-01-07,-0.5532290101708387,-0.4527070400985688,-0.6199192382446956,0.15741522003519642
2014-01-08,-0.5227869488133189,-0.39899153123636244,-0.6308672819147899,0.14085066335499996
2014-01-09,-0.48266627634379866,-0.3292636862267687,-0.6286629425247007,0.12054214347652287
2014-01-10,-0.42446789320911044,-0.2613590594352213,-0.6152182404202544,0.1142492539722576
2014-01-13,-0.35677675358722544,-0.18950311189732102,-0.595395314327453,0.12464603533530863
2014-01-14,-0.30798089320622446,-0.15783196125863366,-0.5893023928788849,0.12932228742665314
2014-01-15,-0.26327883913541794,-0.14498047257643906,-0.556120746849617,0.12063766294268517
2014-01-16,-0.22914978785226336,-0.12909028075863735,-0.5103104476609852,0.1175533028978706
2014-01-17,-0.19592548536861842,-0.1019673443759654,-0.4513028372480246,0.13187896397359955
2014-01-21,-0.14917378968394993,-0.06006350241079774,-0.3796638534839278,0.1426940170237449
2014-01-22,-0.11046968396103163,-0.019216723307266054,-0.30273739556991297,0.15222982807788366
2014-01-23,-0.062139303945481526,0.03586517139850509,-0.21573239901713123,0.1717225097216744
2014-01-24,-0.02207937803225898,0.09262238598845864,-0.14361940154161007,0.20703935306066504
2014-01-27,-0.03738237512397771,0.10155599751051209,-0.11792142459820887,0.1912547614300061
2014-01-28,-0.05763937897603611,0.1053514417056225,-0.07970589985878421,0.18032950170555764
2014-01-29,-0.06350831224729583,0.12928373936273424,-0.03578692967067022,0.17360957206022773
2014-01-30,-0.07025893905176128,0.12835571048284483,0.0017143790223821782,0.15467113252382392
2014-01-31,-0.07831101987530238,0.12448091208487462,0.029367831301021358,0.13665581749705552
2014-02-03,-0.08747432334674923,0.11330122923340281,0.034750994983861645,0.13110502976754582
2014-02-04,-0.15715695173703553,0.05437969804560821,0.02450624363508477,0.04467352351503124
2014-02-05,-0.21282434656399107,0.006325074972349532,0.03357871772506447,-0.025421107701433826
2014-02-06,-0.246803208681361,-0.03394751062123175,0.04831938991315904,-0.08868477549466983
2014-02-07,-0.28788374807101774,-0.07719472368832685,0.029610671759675744,-0.1415121856731123
2014-02-10,-0.3420840907099736,-0.12761498015146613,0.008399287190774507,-0.1970770782935233
2014-02-11,-0.38612512176801134,-0.15760426748144052,-0.01617113413782443,-0.23368586785365572
2014-02-12,-0.44593300735689917,-0.1909468692937533,-0.055563157523096526,-0.2676499234960722
2014-02-13,-0.49303157411909726,-0.20351861858349726,-0.08403139748469839,-0.29403876106492094
2014-02-14,-0.5343364363723103,-0.211693816547522,-0.11000315169087789,-0.3202279382326782
2014-02-18,-0.5790641601223622,-0.21279414354646267,-0.1438482799926715,-0.34533079104217085
2014-02-19,-0.6269494045269607,-0.20654555141240188,-0.17932934699721914,-0.3740845250545649
2014-02-20,-0.6765103324697843,-0.1970532062422176,-0.21542365746358128,-0.41817705658140497
2014-02-21,-0.7076031020490584,-0.18891916280760637,-0.24067425377893953,-0.4539421096342245
2014-02-24,-0.7247510382613933,-0.18028281958794296,-0.2661188648663953,-0.47138247378497383
2014-02-25,-0.7447949871029103,-0.175055743939536,-0.2791488926675834,-0.49140501850599505
2014-02-26,-0.7418267690784474,-0.1815177875620957,-0.28843094060081953,-0.48078228423513364
2014-02-27,-0.7414273370043617,-0.1859392525749529,-0.2872721399609,-0.4640943669754453
2014-02-28,-0.7358226971314621,-0.18186555262531667,-0.28259548982420357,-0.44325191532133995
2014-03-03,-0.7293311507842961,-0.15866149273479496,-0.27469508466668735,-0.41623825838273365
2014-03-04,-0.742281670740905,-0.14211715873246883,-0.27937748913750554,-0.3902784128060203
2014-03-05,-0.7957379564000884,-0.13694685443518778,-0.3016095161721818,-0.44093864721985565
2014-03-06,-0.8385010120957461,-0.13830072839344448,-0.32790180011616216,-0.46912750239463535
2014-03-07,-0.8683249084876131,-0.127718911645297,-0.36048095536870506,-0.49634369356650954
2014-03-10,-0.8868195112052665,-0.11106637097034416,-0.3832198987056127,-0.49371517644099705
2014-03-11,-0.8765036342150796,-0.09243964566072059,-0.39471497775357145,-0.491026300022368
2014-03-12,-0.8438381184967817,-0.05977789700153316,-0.41323655913743046,-0.4968937134389927
2014-03-13,-0.7994998598845647,-0.03033512838557633,-0.41695254188863184,-0.5048209570813064
2014-03-14,-0.7912822490476334,-0.006949534445692987,-0.4424491342406519,-0.5146838030745573
2014-03-17,-0.7836624470682455,0.013288009236697682,-0.4562150984530361,-0.5078829263315732
2014-03-18,-0.7875708175055198,0.03510541325510264,-0.4905678240453458,-0.49512909720196774
2014-03-19,-0.7885447748606733,0.058071891802388906,-0.5325473573620372,-0.48714321882267864
2014-03-20,-0.7808933617118775,0.07556058079801806,-0.5712284511781722,-0.4627198971527445
2014-03-21,-0.7534576934056708,0.10025959997058917,-0.6158927475199448,-0.42688515137495653
2014-03-24,-0.7199163052259199,0.11919256819443974,-0.6592797494758427,-0.37186744053757487
2014-03-25,-0.6810104796305128,0.13860251719610667,-0.713987260153369,-0.30838723659200634
2014-03-26,-0.6359623024548603,0.17966453415245873,-0.753823720999031,-0.24814586812712167
2014-03-27,-0.5958746479763146,0.2179159405372086,-0.7722837663701655,-0.22984178264965693
2014-03-28,-0.5491176828750748,0.2612612750902377,-0.7647458729331089,-0.1865251635861445
2014-03-31,-0.5072266775216835,0.30472191264631643,-0.7512714463180149,-0.11710064786782151
2014-04-01,-0.46278858538220324,0.3543247642952288,-0.7518483799375923,-0.06524208890029679
2014-04-02,-0.4157116613504517,0.3923037691089687,-0.7328152863881526,-0.02126462137740075
2014-04-03,-0.3586072872205719,0.43073079143535853,-0.7153000007479384,0.02048070831901847
2014-04-04,-0.30005364830124354,0.4828772156619086,-0.6869019267774843,0.07045005342877869
2014-04-07,-0.26847457521429147,0.4883177015126318,-0.6722492103672287,0.09162092200729205
2014-04-08,-0.24853187171178187,0.4763335769887403,-0.6686986159945234,0.10101612785367214
2014-04-09,-0.2277428225405028,0.48546563042322644,-0.6479662067980059,0.1092216060535626
2014-04-10,-0.22305244105245506,0.48278083667552646,-0.6497073478518952,0.11470243603735557
2014-04-11,-0.28377681051928305,0.4135999113774186,-0.6928428215281863,0.06983788786048353
2014-04-14,-0.3499802014966331,0.33062871725618803,-0.7473681702098258,0.03179766217823039
2014-04-15,-0.4121693152646281,0.2519160709980086,-0.8039804579587354,-0.0032916105324142983
2014-04-16,-0.47555607943512096,0.18937520151340873,-0.8518162344757505,-0.02286292132164688
2014-04-17,-0.552140412814001,0.1305063734470337,-0.9034361721582338,-0.03607987020992971
2014-04-21,-0.6185877325615133,0.07464597516194499,-0.9389233708027926,-0.050654129750910055
2014-04-22,-0.671366468205274,0.0316912327503219,-0.9848812471990194,-0.05961461459888211
2014-04-23,-0.7249566523591104,-0.016255694762431713,-1.025744097839799,-0.08183633790311609
2014-04-24,-0.7689463265261324,-0.04188945702526179,-1.059582136091789,-0.08838612567890487
2014-04-25,-0.8061424882577879,-0.05857305120436373,-1.086194965324321,-0.10115556298465939
2014-04-28,-0.8482264071244172,-0.11627308413680949,-1.1262285039548166,-0.13423201251727887
2014-04-29,-0.8760671668855127,-0.16439630003754946,-1.1624149396054495,-0.14566484774969618
2014-04-30,-0.8922702393691294,-0.2137204949349955,-1.1918601559624054,-0.14360907929670924
2014-05-01,-0.8954301389868055,-0.2567107870583113,-1.191367115036406,-0.14444983679232043
2014-05-02,-0.8928598586122454,-0.29537870638331215,-1.199672918001568,-0.13108153723716792
2014-05-05,-0.8891578515708899,-0.3115871868446572,-1.2064535502840843,-0.10457905810605356
2014-05-06,-0.8738690016005577,-0.32779863056738,-1.1962350101057413,-0.07041761203752024
2014-05-07,-0.8984045868832596,-0.3652465183904593,-1.1954833574069144,-0.058772402152657596
2014-05-08,-0.9069024626827249,-0.39817327890139753,-1.1948415750881012,-0.0407870993799651
2014-05-09,-0.9010966653197662,-0.39993888030732677,-1.1765945978661743,-0.02795363790627772
2014-05-12,-0.8956910923700891,-0.3721237459377384,-1.1417225462607978,-0.01761764282691235
2014-05-13,-0.9004948672960218,-0.3716008517502976,-1.1143304377175076,-0.03289487903460985
2014-05-14,-0.9211522795542493,-0.3885906954972358,-1.064432758337189,-0.043765824353111396
2014-05-15,-0.942928159114378,-0.41736651772449557,-1.0359728579115888,-0.0809479490453235
2014-05-16,-0.9844328943225437,-0.45828600667362274,-1.0517351670356363,-0.11725851026741047
2014-05-19,-1.015308537809066,-0.5111563688693812,-1.0703109325229427,-0.14377173739417654
2014-05-20,-1.0354343683856908,-0.556480249677929,-1.104431218256665,-0.187218943937836
2014-05-21,-1.0563367609495922,-0.5988228032697613,-1.1476895311147797,-0.23580894971153124
2014-05-22,-1.1046283907008612,-0.6376060824751181,-1.2107668307500514,-0.2774521247029131
2014-05-23,-1.1339690895384336,-0.6759820730923362,-1.273330188460305,-0.31542380034941186
2014-05-27,-1.1634728535880094,-0.7191952790529726,-1.3242119150549447,-0.34557598759158425
2014-05-28,-1.215025373579464,-0.7659176264851851,-1.354025715904028,-0.38777973868627796
2014-05-29,-1.2464954805548534,-0.7998096273421712,-1.3820479048340004,-0.42120621104203004
2014-05-30,-1.2698306153287815,-0.8416293544535796,-1.4064825839643325,-0.449238998281434
2014-06-02,-1.2952205630241176,-0.8658008658172077,-1.4168333813084166,-0.4634251182127839
2014-06-03,-1.3252105421149725,-0.8876296722125251,-1.417647711111796,-0.4658648729256189
2014-06-04,-1.3448775975318557,-0.9064069570701969,-1.41232748151453,-0.45444402412871177
2014-06-05,-1.3405997392744606,-0.913724254400423,-1.420117881402356,-0.442332076600239
2014-06-06,-1.3520501936462914,-0.9332133530720961,-1.4163069304283598,-0.4849017350793857
2014-06-09,-1.3645531275112464,-0.9453969391889597,-1.405461211977632,-0.523269356210374
2014-06-10,-1.3637982385303271,-0.9484367514021809,-1.4023454821266979,-0.5641251319857477
2014-06-11,-1.3560628389617526,-0.9602977114267607,-1.3956169572584851,-0.6010037987038608
2014-06-12,-1.358653166938143,-0.9660418867865984,-1.4045839512806446,-0.6366766154692888
2014-06-13,-1.3883646321723513,-1.0130021488489698,-1.4380808906471707,-0.6638183410791381
2014-06-16,-1.415688331388093,-1.0535383360153912,-1.447287201826807,-0.6919688457375431
2014-06-17,-1.438528334159912,-1.0752854576454773,-1.4623311226354039,-0.6945797527004061
2014-06-18,-1.448587287653474,-1.0674898673529394,-1.4577348757044957,-0.6906515781302712
2014-06-19,-1.4652661835214191,-1.0540370206770768,-1.45505523593369,-0.684754335265861
2014-06-20,-1.4891970460654376,-1.0355493808556755,-1.434918203067574,-0.6817639391365466
2014-06-23,-1.4942451001932535,-1.0211044222401613,-1.3994477936364031,-0.6536122824073398
2014-06-24,-1.4991387564957785,-0.9994775780173684,-1.3597232610262155,-0.6208372269791749
2014-06-25,-1.5014995036159133,-0.9638310801014899,-1.3525159968139606,-0.5963399093890863
2014-06-26,-1.4872052420220978,-0.9299874768921099,-1.3271398694386944,-0.5532774513192519
2014-06-27,-1.4679458357468955,-0.876956253237026,-1.3021420657075131,-0.5050759208584998
2014-06-30,-1.4417007154655233,-0.8107112675991693,-1.2725660792187528,-0.46486913614557895
2014-07-01,-1.4126732990415864,-0.7441829479336088,-1.2318377262030835,-0.4203477902213777
2014-07-02,-1.3946026842671657,-0.6970731559077221,-1.2055802672448854,-0.3831792175235404
2014-07-03,-1.3689075719960615,-0.6569884078126119,-1.167536377166547,-0.3543307053833129
2014-07-07,-1.3436131990611082,-0.6063420731067617,-1.1416577084478874,-0.3332889757867442
2014-07-08,-1.2995255792244778,-0.5603600717624297,-1.1155072747188528,-0.3442544773177288
2014-07-09,-1.2785392634940334,-0.5372588722027747,-1.1081016177934462,-0.3486715275930085
2014-07-10,-1.2578810669669378,-0.5118285766905449,-1.0989598872390074,-0.33979642131291415
2014-07-11,-1.236829679748899,-0.4864340479949462,-1.0729619043560688,-0.3168862512061979
2014-07-14,-1.1756181244266133,-0.46754305176955324,-1.0392287639200652,-0.28577663738007003
2014-07-15,-1.1280296935368663,-0.44487761843626783,-1.0125629866207422,-0.253531770705372
2014-07-16,-1.0823258900313482,-0.42465173850834276,-0.9796098127830399,-0.21761995772127546
2014-07-17,-1.024331945609037,-0.3977908697489757,-0.9619062153760122,-0.185502890248625
2014-07-18,-1.008422805432492,-0.3915635368800531,-0.9624610034145412,-0.1781850013620588
2014-07-21,-1.0033622466761407,-0.4221721709788106,-0.9576272197846609,-0.1949931668538044
2014-07-22,-0.9896186879771729,-0.44517261731166835,-0.952332550573952,-0.20233506426694725
2014-07-23,-0.9782410146963884,-0.45580450192194927,-0.9370048860758187,-0.2117252572490523
2014-07-24,-0.9430231860074461,-0.46509019797383727,-0.9245180003706491,-0.20313826937955698
2014-07-25,-0.9000996496805456,-0.4571018339324634,-0.8997886184806786,-0.19996651273631663
2014-07-28,-0.8523666136082586,-0.45924300624751063,-0.8845531781656177,-0.19535591077109463
2014-07-29,-0.795815568370482,-0.4578874572500009,-0.8639227968744216,-0.1917474972942892
2014-07-30,-0.7365104971530766,-0.446492947651683,-0.8295364550289542,-0.16776411551869885
2014-07-31,-0.6644261879810746,-0.4156965382538247,-0.7806240183071474,-0.14265275576341066
2014-08-01,-0.6840632682778792,-0.4450498321705738,-0.8243172896196093,-0.17808636566796004
2014-08-04,-0.7016866085740929,-0.48394967356195506,-0.8493707247527561,-0.21655144751529068
2014-08-05,-0.7230440145256349,-0.518454782244768,-0.8598754597383745,-0.23925224571351272
2014-08-06,-0.7706546792381618,-0.545147661604722,-0.8791569510518602,-0.2708016920718549
2014-08-07,-0.8107410572716425,-0.5680882031656548,-0.8964898696611354,-0.2952942337307356
2014-08-08,-0.8559019316480659,-0.5701937868642551,-0.8961858289338909,-0.32936613687262345
2014-08-11,-0.9329279919757852,-0.573782379620669,-0.92848023741627,-0.37585893160182615
2014-08-12,-0.9942750266708041,-0.5878060775999614,-0.9637495610307851,-0.41448771779140176
2014-08-13,-1.054326254456056,-0.6090447521905953,-1.012356119267959,-0.4646789884322504
2014-08-14,-1.1182112856805708,-0.6227232298852508,-1.0532259128436496,-0.5045834424070225
2014-08-15,-1.159040677539555,-0.6400857347360756,-1.0774080666385284,-0.5286660305102976
2014-08-18,-1.19589766684281,-0.6496953751465986,-1.1055909198858753,-0.5427331198731474
2014-08-19,-1.2375032356093978,-0.6675099936139328,-1.1604228365360445,-0.5799797422624299
2014-08-20,-1.2845737520290847,-0.6934433213984317,-1.2041898216476907,-0.6125141664248129
2014-08-21,-1.331014583942032,-0.7262600734220693,-1.246034902903818,-0.6136194554535156
2014-08-22,-1.3757705770164959,-0.7365246036856598,-1.2762185073009935,-0.6035750980683868
2014-08-25,-1.4231421917919729,-0.7444481505511056,-1.310046691478837,-0.5787581246253206
2014-08-26,-1.4794294770989542,-0.7662423745161708,-1.3509564714673732,-0.541047925955524
2014-08-27,-1.525353093591446,-0.7696953445635965,-1.3698284042730775,-0.4955113581694546
2014-08-28,-1.5408285758770384,-0.7639000404087256,-1.3773152063753578,-0.448737525412702
2014-08-29,-1.5225141696124018,-0.7574047190533949,-1.379216699413346,-0.4017367460111551
2014-09-02,-1.5009645050519744,-0.7494983283085832,-1.3635841441687422,-0.3744619595428624
2014-09-03,-1.464166973825733,-0.7365086616655109,-1.3506008325704264,-0.3435213227685301
2014-09-04,-1.4095929512855145,-0.7248616789365497,-1.3235192199159738,-0.31546779406542924
2014-09-05,-1.35378980819201,-0.6937303429456931,-1.2713943182095404,-0.28891505773166787
2014-09-08,-1.2921793291550971,-0.6640915619870623,-1.2194933590524173,-0.2546471944153579
2014-09-09,-1.2282032413176307,-0.6246543368799222,-1.1674921032179828,-0.21044593554672805
2014-09-10,-1.1711201102258701,-0.6026779389026554,-1.1231660282140783,-0.19443450095660342
2014-09-11,-1.1185180959578365,-0.5779057150656493,-1.0576401451748132,-0.1721810962625428
2014-09-12,-1.053856489647675,-0.5505190999117054,-0.9868178419000276,-0.14393095839281925
2014-09-15,-0.9886765121898127,-0.5114104140383264,-0.9111496009996661,-0.12527627227001223
2014-09-16,-0.9152003568628763,-0.500331579795765,-0.8308249516490224,-0.10675347534847458
2014-09-17,-0.841792305090718,-0.4872102961627596,-0.7457237147612205,-0.06665991936395343
2014-09-18,-0.7643660840800991,-0.4500269093829658,-0.6440827334988591,-0.01195477845193043
2014-09-19,-0.6894900774379071,-0.39383156808717634,-0.5587642845114161,0.026212493782818227
2014-09-22,-0.5998933639808064,-0.32248763359456367,-0.465209258311645,0.06876987742220614
2014-09-23,-0.5009166954417817,-0.25637834909535034,-0.36753697180701256,0.10722722719132431
2014-09-24,-0.38728775198390303,-0.18449071647528367,-0.2918225278871314,0.15284507339670342
2014-09-25,-0.2907613583166945,-0.11203261258743998,-0.21972395261068545,0.208428448855293
2014-09-26,-0.2348994552631535,-0.08315993421161795,-0.18658677330589155,0.23516871263682257
2014-09-29,-0.1771979262717643,-0.05782670800994519,-0.13986153025686512,0.2545893964830564
2014-09-30,-0.11659131132732367,-0.028468927422148425,-0.10228449522672241,0.27189107965213427
2014-10-01,-0.05689411314537521,0.017004064734164645,-0.06500856052250571,0.26255038304449757
2014-10-02,-0.021659190866358837,0.024846401617726326,-0.05339250011870779,0.25296375337777804
2014-10-03,0.024636163686848938,0.06535982222011338,-0.03906483475156537,0.25955957009979236
2014-10-06,0.09138824803665829,0.11144873910082617,-0.017102483330374178,0.2886696122268753
2014-10-07,0.16308037285619179,0.1727017196886394,0.011869941377437581,0.3249895837616451
2014-10-08,0.22524385613245623,0.22647796710939871,0.022034273779408954,0.343225447563222
2014-10-09,0.2626791560794935,0.25894007136584424,0.0054184076198385495,0.35359574369893026
2014-10-10,0.2764958703483415,0.2808815338616253,-0.0324333660220998,0.32335239272536287
2014-10-13,0.2787489886484069,0.2429366763892741,-0.0636517961277736,0.30011772592098057
2014-10-14,0.2736930504421797,0.20235370225744623,-0.10587260536448465,0.2731439287156184
2014-10-15,0.2638233029711245,0.17379949357015378,-0.13607283095094197,0.24897607704983624
2014-10-16,0.25590536218994026,0.15577190766203625,-0.18015939874476525,0.2169472028484218
2014-10-17,0.25485173428827024,0.15926302267967526,-0.20550181903776932,0.20529517070341496
2014-10-20,0.23960640342858266,0.12337553588471101,-0.2491299454338906,0.19846229986921352
2014-10-21,0.21281708984210174,0.08350446213658984,-0.2880534438742044,0.18902280017925
2014-10-22,0.1464406658223578,-0.019118239600847207,-0.3369031009860445,0.17416962161397528
2014-10-23,0.09295029579689272,-0.09384296749021905,-0.3897397500008773,0.1392816556985349
2014-10-24,0.02662884838010645,-0.17427561835667202,-0.4544767642174212,0.11197253112613498
2014-10-27,-0.029388395678775173,-0.2327302916070799,-0.5183062524794005,0.09673053211207236
2014-10-28,-0.08612871814210384,-0.2773073238774655,-0.5723123520273987,0.06861446950650148
2014-10-29,-0.1392767306393873,-0.32464225758449267,-0.6393723202106404,-0.014134712568417975
2014-10-30,-0.19705926789284134,-0.34840567290116886,-0.7037170840601722,-0.07918214395842864
2014-10-31,-0.2664412537185671,-0.3793592965076863,-0.794433458055999,-0.15088608059643613
2014-11-03,-0.34345278026690096,-0.4343304184421896,-0.916509679821909,-0.2372460579148198
2014-11-04,-0.41651195685040737,-0.4850335656579551,-1.0085792658911028,-0.29708535030470806
2014-11-05,-0.4718657434838072,-0.5488255977758932,-1.0910718821681407,-0.35883450679413736
2014-11-06,-0.545802618794746,-0.6066810743618948,-1.1581790254183522,-0.40755886687231746
2014-11-07,-0.6129002595299634,-0.641095704670665,-1.2219022268846045,-0.43182344168760234
2014-11-10,-0.6776576902296447,-0.6797256430638654,-1.281730762696447,-0.43272895087194346
2014-11-11,-0.7357183317915799,-0.7014853958205407,-1.3316924921523134,-0.4304142042134322
2014-11-12,-0.787248252972498,-0.7167341229744124,-1.3445800703368154,-0.4029114846039889
2014-11-13,-0.8384421324734884,-0.7140993656730723,-1.34816099293325,-0.36375482002342413
2014-11-14,-0.8857412972938988,-0.7138429925662106,-1.3479141222593827,-0.3428482277039726
2014-11-17,-0.9181191376355324,-0.7004026689022969,-1.352966571850731,-0.3187493436934353
2014-11-18,-0.9425549512157775,-0.676588156021344,-1.3368772044915331,-0.29524135781739735
2014-11-19,-0.965435499215821,-0.6670345495018661,-1.3242830231116396,-0.26904523052103935
2014-11-20,-0.9684484906565839,-0.6564770427885291,-1.3094284263117844,-0.2513155096028729
2014-11-21,-0.9699027576978703,-0.6246290555186026,-1.270562449437675,-0.23028260868049022
2014-11-24,-0.9512993770410056,-0.5891429995305907,-1.2296990343770324,-0.2024142031431073
2014-11-25,-0.9067387937833262,-0.5482163413249346,-1.1774848373993387,-0.1652340019122569
2014-11-26,-0.8373150838221299,-0.5184023143610333,-1.1229446246782087,-0.12377492682916028
2014-11-28,-0.7575223119286124,-0.4930965899426049,-1.078308698733678,-0.06473390472063043
2014-12-01,-0.6859833379452336,-0.4566807691691665,-1.031086251075512,-0.03414313567156579
2014-12-02,-0.607568512325519,-0.4239600723239964,-0.97313647663847,-0.010967423448956274
2014-12-03,-0.5203239513197858,-0.3961129125569041,-0.9234768947947534,-0.014884666799151678
2014-12-04,-0.43674352707892383,-0.36604808189251653,-0.8720958706724113,-0.006090480501234515
2014-12-05,-0.3523919982280505,-0.32289392227229463,-0.7955392392676144,0.030554235136207163
2014-12-08,-0.2728578133535389,-0.2743830291977556,-0.7068908310284231,0.08405328110929931
2014-12-09,-0.2048321089671808,-0.23156733470512955,-0.6074573707153843,0.13638957385685685
2014-12-10,-0.13489263202195872,-0.16224634955027756,-0.497952961827852,0.18175496063660226
2014-12-11,-0.10085609656660552,-0.12157895859708504,-0.416543004223591,0.1813482098692662
2014-12-12,-0.04949988562484048,-0.07765862975539645,-0.3337576377308772,0.19761618610861795
2014-12-15,-0.03485117667934361,-0.03439367769821755,-0.2925843099068224,0.206014304774372
2014-12-16,-0.021606667931172774,0.009841268679915348,-0.2342074051213615,0.21977031071975586
2014-12-17,-0.011140157970123923,0.025530140814529853,-0.16966223094311178,0.24132045338591354
2014-12-18,-0.02371753093432095,0.023037656389076257,-0.12820512716668156,0.2060397485959867
2014-12-19,-0.09115190990952785,-0.02816349011847037,-0.1597118328788487,0.15652048265812413
2014-12-22,-0.14239494648312373,-0.05417358275665259,-0.17623324061998635,0.11502760268550104
2014-12-23,-0.17880310705879815,-0.0641274501716181,-0.19344617961589564,0.09034085024866133
2014-12-24,-0.2041138372397036,-0.07679625319923558,-0.19527977084125472,0.0803432647694615
2014-12-26,-0.21287093811609603,-0.07984847917293257,-0.17844831784241685,0.08524422428577658
2014-12-29,-0.19637087089934968,-0.07051975364724714,-0.15915797981778648,0.09296687148690799
2014-12-30,-0.16144064972669311,-0.03776302914538019,-0.11214336994433073,0.12156626330830266
2014-12-31,-0.13129343553311107,0.004850479105208778,-0.05276887272416584,0.15796068365677685
2015-01-02,-0.11099205800258223,0.02965332931152971,-0.011399964069731365,0.20805594759682652
2015-01-05,-0.08034485597719872,0.07369691397869003,0.04300048174686926,0.25395433938574874
2015-01-06,-0.08165887235886114,0.0941026595558305,0.066570313297014,0.29394288363767884
2015-01-07,-0.08451401009727355,0.11970310535211337,0.1075457348720576,0.30809248825139546
2015-01-08,-0.09215348232869222,0.14147037897663034,0.1253050909149945,0.3131435370290958
2015-01-09,-0.11732217468177747,0.13454232519855075,0.11925533305499085,0.30183260044027566
2015-01-12,-0.12377782197142774,0.12794144119931852,0.0995269373373673,0.29278635416611987
2015-01-13,-0.11692576432717512,0.1280087905731111,0.08349599982708822,0.3075475472206152
2015-01-14,-0.10791104237960202,0.13323619297400754,0.08009882017333722,0.34084976016615165
2015-01-15,-0.0976302690601674,0.15067757858387054,0.07201381795965371,0.3875991642318146
2015-01-16,-0.09294845290045482,0.1506907069698107,0.07823454179182986,0.41485733124519825
2015-01-20,-0.09639367825237259,0.13927462919519068,0.08124636727406927,0.4384001845953248
2015-01-21,-0.07739072619092136,0.14268083470565432,0.08306671802598821,0.4590278912051129
2015-01-22,-0.06421213819098043,0.15991092380685912,0.08086162324363562,0.4731129860307883
2015-01-23,-0.07141389973730676,0.15712761358350247,0.062360257764105045,0.47062314430620045
2015-01-26,-0.06379313889021002,0.17038525116953665,0.053690741043928,0.4671183666028145
2015-01-27,-0.04609317910681928,0.19562115389876641,0.05380604652619142,0.47747266999987
2015-01-28,-0.06270950458918413,0.14949647315381756,0.014644868948743752,0.4836787537838163
2015-01-29,-0.09962769104377191,0.12205770643635228,-0.013025023141053072,0.4604790890888697
2015-01-30,-0.1496280598705884,0.08984324525397054,-0.048535745505739206,0.4349374276916349
2015-02-02,-0.21070190935633654,0.04368096570646285,-0.09626754490608418,0.386321686520274
2015-02-03,-0.2682781421230674,-0.006165632416245557,-0.1421875302667932,0.3354151335564467
2015-02-04,-0.35871057351353847,-0.06853662373000577,-0.21584296662985067,0.2673189316584456
2015-02-05,-0.4151318491903439,-0.12309489712919952,-0.26542592863688874,0.19040764353523112
2015-02-06,-0.4737994042497361,-0.1780103679367935,-0.32002389685373483,0.10234057815271197
2015-02-09,-0.5160202985454901,-0.2135076640933576,-0.36419694817624554,0.02513822970422285
2015-02-10,-0.5539407853504925,-0.242971251700265,-0.42900907256181536,-0.05346119690208664
2015-02-11,-0.5911693686035265,-0.28547014081298533,-0.4751763700414958,-0.11745077108173226
2015-02-12,-0.6194629764542326,-0.33559443612858153,-0.5081081089842431,-0.17691483259576582
2015-02-13,-0.667536947242461,-0.40191657477289555,-0.5425748863524754,-0.2556383368915666
2015-02-17,-0.6963227744675892,-0.4578930895799161,-0.5557865958367676,-0.33937976758288313
2015-02-18,-0.7375405980952894,-0.49441200821610387,-0.5659193751473744,-0.4016310474767924
2015-02-19,-0.7553126615453555,-0.5184656382569265,-0.5736697397925731,-0.4502879764334849
2015-02-20,-0.7570368825150158,-0.5321682584504591,-0.5736909697264806,-0.4935431696702651
2015-02-23,-0.7553610916045881,-0.5371155381012983,-0.5753847143531637,-0.5328400155950107
2015-02-24,-0.7371574862025096,-0.54116362806452,-0.5772286102889835,-0.5712936512108645
2015-02-25,-0.7191507048917556,-0.5203927192787117,-0.583906769045858,-0.5833746003938916
2015-02-26,-0.6814371003209587,-0.5026412497667194,-0.5823464172380903,-0.569489005442742
2015-02-27,-0.6393839206346806,-0.473797318520807,-0.5780032360434875,-0.5619592458059098
2015-03-02,-0.5921678073128199,-0.4461370018698378,-0.5550274547244006,-0.5560468448478033
2015-03-03,-0.5473154283358187,-0.435964773754027,-0.5314957062860542,-0.5567442400648411
2015-03-04,-0.4869612017757959,-0.4209497093297102,-0.48491796009587923,-0.544482308688516
2015-03-05,-0.41586700741331567,-0.38936679931498086,-0.43954203516122914,-0.5296671305681525
2015-03-06,-0.32773934603449106,-0.3275274526539638,-0.3797046235222047,-0.4857037633939618
2015-03-09,-0.28251121592603523,-0.2831126068285986,-0.34625533309146495,-0.4794263061213328
2015-03-10,-0.2230195091438009,-0.23702847972401786,-0.3071898892703572,-0.46199652714548917
2015-03-11,-0.21002531251490372,-0.23032298690704514,-0.27781537745457113,-0.4570366883390459
2015-03-12,-0.17069029864597635,-0.23840495300943726,-0.25222643501239284,-0.4525909934396044
2015-03-13,-0.1492550491772564,-0.2376241512858358,-0.25935465281741127,-0.48332893813270994
2015-03-16,-0.13374613416966807,-0.22329330204692516,-0.26597081146959606,-0.495838859251457
2015-03-17,-0.14713807934727935,-0.20209498965576447,-0.27918663035880886,-0.5094165872725299
2015-03-18,-0.16226732450774312,-0.1785719985777506,-0.2907348040724453,-0.5101780641065224
2015-03-19,-0.1775670960265732,-0.17430770492517195,-0.32200546985376305,-0.4997007072880952
2015-03-20,-0.20020661142922946,-0.15198259296390748,-0.33562125514418273,-0.47668841588730193
2015-03-23,-0.21613775514647024,-0.11654860871785544,-0.35914663566449606,-0.4815987527883378
2015-03-24,-0.22424862906988854,-0.07260132009060045,-0.37716175205420704,-0.4644938818309358
2015-03-25,-0.23883798618242855,-0.0378151323161656,-0.38429760260891227,-0.42688543172202675
2015-03-26,-0.2724517865658457,-0.07257924520315204,-0.420827787609027,-0.4225597604420988
2015-03-27,-0.3018127613504263,-0.09743076003776656,-0.4368546860975307,-0.4268183413888327
2015-03-30,-0.31834070014666266,-0.11599553688693905,-0.4347685655101946,-0.41337821759793125
2015-03-31,-0.3499047293594287,-0.14262239895681397,-0.4637631108026939,-0.4183918329190448
2015-04-01,-0.4017750438615329,-0.17868909215487896,-0.5162348840396564,-0.42438359822953176
2015-04-02,-0.44234032232286385,-0.21509517539148879,-0.5628620995474871,-0.42372880061604196
2015-04-06,-0.4636703376018876,-0.2463508022252864,-0.6054964323432395,-0.4102769662859485
2015-04-07,-0.48336139229161734,-0.2690503611422734,-0.6590156192492733,-0.3918534608490183
2015-04-08,-0.5164304933044259,-0.2808601838970014,-0.7032045823194167,-0.38293200178563086
2015-04-09,-0.5483365545848218,-0.3040889367834484,-0.7238218439895919,-0.37435903286890915
2015-04-10,-0.5708660274603852,-0.32321090994529134,-0.7373322765341997,-0.36889139940686866
2015-04-13,-0.5916281051756134,-0.3325871826012711,-0.7577530943044238,-0.3646764678890141
2015-04-14,-0.6232969874606373,-0.31483997014360865,-0.772398870124647,-0.3473015387495046
2015-04-15,-0.6490232681287973,-0.28496567381172583,-0.7648098746352028,-0.3292036392265704
2015-04-16,-0.6716379884275058,-0.2578612735525973,-0.7433543953606031,-0.307222944881413
2015-04-17,-0.6670423347555623,-0.22894036398044426,-0.7254003055328089,-0.281360682164408
2015-04-20,-0.684392366780008,-0.22563885706034437,-0.7470209745188972,-0.2918955943536588
2015-04-21,-0.6940539656496016,-0.22324040786400817,-0.7979985179509425,-0.3109917252247786
2015-04-22,-0.7120023892403246,-0.20277428511816464,-0.835406886762375,-0.31895422362998505
2015-04-23,-0.7091862099261879,-0.181274984974783,-0.8694501476019519,-0.3206621224251835
2015-04-24,-0.6966311641509311,-0.13535426011944435,-0.8735670334859554,-0.32699606150321775
2015-04-27,-0.6795704107828258,-0.099485446940892,-0.863733218123296,-0.33153003771948986
2015-04-28,-0.6550824355279141,-0.0772104761418091,-0.8448399498407201,-0.3377616660587494
2015-04-29,-0.6270228528671109,-0.04751954385259702,-0.816558683669061,-0.3427347038132771
2015-04-30,-0.6034346207502694,-0.02185055429646606,-0.7768967878727208,-0.36322224586431384
2015-05-01,-0.5833160561390339,-0.007182350802372898,-0.7768552239187493,-0.42315532062705
2015-05-04,-0.5673778079906727,-0.0048551660381059795,-0.7947001053991183,-0.4734575283792208
2015-05-05,-0.5389298622213285,-0.008059001533834712,-0.813478570478688,-0.5024218336320119
2015-05-06,-0.5278386538994682,-0.03271712877591128,-0.8410068852088908,-0.547291499794154
2015-05-07,-0.5245933218123128,-0.05853488794166872,-0.858677361565623,-0.5842096217860719
2015-05-08,-0.5231074394129817,-0.08575302572169775,-0.8779062421414899,-0.6080539868976117
2015-05-11,-0.5559709505370388,-0.13045737137101993,-0.9402001359297188,-0.6315631599587928
2015-05-12,-0.5728340337780174,-0.17569463386506418,-0.9858917289782254,-0.6444296137586424
2015-05-13,-0.595804141563622,-0.20864664919419376,-1.016662728954854,-0.6624878210405422
2015-05-14,-0.6191749921034482,-0.23584853671346917,-1.0295981791005908,-0.6678988834578669
2015-05-15,-0.6446238320536176,-0.27657257018984194,-1.0777667235788169,-0.6702309392304235
2015-05-18,-0.6701588085861792,-0.2901306268676277,-1.1169813252205278,-0.6502483313301566
2015-05-19,-0.6789018542060992,-0.2897485510014652,-1.1370870970980163,-0.6423284020415122
2015-05-20,-0.6917332660283805,-0.2841624365943928,-1.1567061733526491,-0.6248229294332952
2015-05-21,-0.7048045800216461,-0.25694241525385414,-1.168940661629787,-0.5913523365616514
2015-05-22,-0.7100475649545409,-0.2330357091446527,-1.15093397930911,-0.5536610565386831
2015-05-26,-0.698136538335079,-0.21491417365159612,-1.1099238906532491,-0.5216073260352554
2015-05-27,-0.694709228222033,-0.22234102165639846,-1.0953124702072863,-0.5105399284402913
2015-05-28,-0.6917307334108586,-0.24984198788168738,-1.0787358886767382,-0.5191059550832277
2015-05-29,-0.676146038561752,-0.28973257264703056,-1.0524105375402013,-0.5083262513720829
2015-06-01,-0.6895327454375701,-0.3475995682823144,-1.0348093954592141,-0.5030979865023419
2015-06-02,-0.678219362821338,-0.40423294966796264,-1.0206832357571227,-0.47994268388436856
2015-06-03,-0.6694302113869393,-0.43535231848948014,-1.002758966317402,-0.4309972243973924
2015-06-04,-0.6571986521842192,-0.4536436667781308,-0.9583420443992356,-0.3954751371692624
2015-06-05,-0.6557294923444412,-0.4648152985855689,-0.9487994827699667,-0.35977071562516216
2015-06-08,-0.6569351640489044,-0.4793738157309388,-0.9412416438739014,-0.3228209648637188
2015-06-09,-0.6699057603483165,-0.49607013661446714,-0.9192412113333335,-0.3115138869681374
2015-06-10,-0.6672523078863403,-0.48835843226657627,-0.8863870920216709,-0.2886914465514869
2015-06-11,-0.6659274717838224,-0.49186990902935307,-0.8783368798389232,-0.2912221609765454
2015-06-12,-0.6630274433968113,-0.4735902451252775,-0.8538024753306931,-0.2741040516077525
2015-06-15,-0.6701702359429512,-0.4733405555356361,-0.8379539703196315,-0.25345012177539283
2015-06-16,-0.6568532479887788,-0.4639734892477255,-0.8224087742296815,-0.23495047784694978
2015-06-17,-0.6363223089363157,-0.43850861986088585,-0.8061382738943255,-0.20237798592879727
2015-06-18,-0.6099921142971071,-0.39160948259608025,-0.7717988082124851,-0.15738252278031262
2015-06-19,-0.5965204190845852,-0.3554673447352861,-0.7470574136377158,-0.10686529013879664
2015-06-22,-0.5516954460435394,-0.32757897973908806,-0.7217852979236921,-0.056764093678439244
2015-06-23,-0.5072904809222907,-0.2867569221140385,-0.6795920304133971,-0.00908865307807503
2015-06-24,-0.4384361101303272,-0.24382558123236822,-0.6208653482464934,0.03046564382439545
2015-06-25,-0.38598241437560654,-0.20396660709005762,-0.5746968623956604,0.066190442341781
2015-06-26,-0.33150617723922343,-0.14781440742572854,-0.5094653681361582,0.10284200032291689
2015-06-29,-0.24463293735735533,-0.09876983274084422,-0.43459527394987135,0.12809656770907152
2015-06-30,-0.2401096588823551,-0.12661219326220574,-0.43482176734338945,0.08605102507018571
2015-07-01,-0.2251097470740638,-0.13719049990596285,-0.4086602459117204,0.059469772439828046
2015-07-02,-0.20166576710672723,-0.1468247190320856,-0.38150438583831936,0.04666637689500349
2015-07-06,-0.18130571442584717,-0.1298895563264199,-0.3455777259785786,0.02597747853278391
2015-07-07,-0.1756204976206495,-0.09973383546287062,-0.32136081479947287,0.012581580542919992
2015-07-08,-0.17991891321514844,-0.055712999645874534,-0.2860141065197073,-0.009583046066792267
2015-07-09,-0.23118199756577967,-0.05643711773541067,-0.27469858233408484,-0.03504965781274306
2015-07-10,-0.25517515838567895,-0.029007893902307798,-0.2570941397452194,-0.037237896348383016
2015-07-13,-0.28998920554974417,-0.036159435632477185,-0.2654449447685912,-0.0450212925447108
2015-07-14,-0.3425366886838488,-0.06835632802358402,-0.28067336495856515,-0.05033489803282588
2015-07-15,-0.3952959644326575,-0.09683630837960777,-0.2764528378576565,-0.0629198163826147
2015-07-16,-0.4341099368228102,-0.1145102415577383,-0.2645442329640726,-0.07747979682127736
2015-07-17,-0.45611510819195966,-0.13953258614402303,-0.2591776829571581,-0.07438898196590178
2015-07-20,-0.452019883976787,-0.16993740735062707,-0.24309481725568682,-0.0718304382933907
2015-07-21,-0.43562310316999264,-0.17887256838070603,-0.21499677146080312,-0.0735431668256014
2015-07-22,-0.3997719360114487,-0.17389692714917568,-0.20189603634075987,-0.05678218238224
2015-07-23,-0.37605800430266517,-0.19890324245490662,-0.18059130204268733,-0.04096138985898286
2015-07-24,-0.34631928014086333,-0.20179462296347267,-0.14526292488884643,-0.05205754156137572
2015-07-27,-0.3162727291162638,-0.2110171848015095,-0.11988358997949287,-0.08031499613312489
2015-07-28,-0.28337261174793005,-0.20280696334914855,-0.10059799720261486,-0.12593652087679164
2015-07-29,-0.26773555664641846,-0.17797376132954398,-0.0872675761207931,-0.16451643718026673
2015-07-30,-0.25883537613762014,-0.14021876878610384,-0.06957002663541942,-0.18395204869955464
2015-07-31,-0.22500984591108705,-0.08263023596025809,-0.046010404134883436,-0.1845435698988646
2015-08-03,-0.195781303701883,-0.022013544948584124,-0.03490645663054443,-0.15587645631057115
2015-08-04,-0.15354068848227156,0.05425266695947971,-0.0320989948073488,-0.11632988636150557
2015-08-05,-0.09723578660772042,0.14631654191588606,-0.02461059328695011,-0.07877114165794524
2015-08-06,-0.03340556416768948,0.23908702794327732,-0.005796127621813808,-0.04626694282684725
2015-08-07,0.028251610540001814,0.3118558976381316,0.021615099635943963,-0.00960196763036279
2015-08-10,0.09301460746269263,0.38379540496914627,0.07251813011520508,0.03943971763822116
2015-08-11,0.1512294213528065,0.4632070825244624,0.11636439964786333,0.08400101480238087
2015-08-12,0.21695688345177122,0.5388420277998721,0.1666173104019888,0.13829046592357863
2015-08-13,0.3023035996801991,0.6140759379757147,0.2186629603858071,0.2005761735715529
2015-08-14,0.4025479979377229,0.702246489513757,0.29535424439911756,0.2823381691396307
2015-08-17,0.5035615947405397,0.816531100670008,0.39443649338705006,0.35308476540859285
2015-08-18,0.6171646539207424,0.9484999482910886,0.5017816415372891,0.43242953055174566
2015-08-19,0.735834978804179,1.0818346940770533,0.621478785398481,0.5038649321412513
2015-08-20,0.8731689978577009,1.2200331785831708,0.7470356106041065,0.5740933491540938
2015-08-21,0.9900435635381608,1.3410519930837583,0.868692553560046,0.6454071296776334
2015-08-24,1.0805984483786295,1.417260003037855,0.9669486760165278,0.7310763179359596
2015-08-25,1.1320882963104564,1.444767701148721,1.0046450681818024,0.7293271336215015
2015-08-26,1.1597693218321687,1.4699472756187175,1.0433431512257854,0.7190329673919498
2015-08-27,1.1476616139812619,1.4202282959769053,1.0004781625192243,0.6891023229114179
2015-08-28,1.1150991308489506,1.3728536569979806,0.9537350976719999,0.6486103971290169
2015-08-31,1.0788309566040202,1.3307884001950294,0.9353609740193276,0.6099489365800755
2015-09-01,1.0412500531579474,1.2880782337305925,0.9372508224158953,0.5791243541060002
2015-09-02,0.9834217564014649,1.2229830643293516,0.9008848698502273,0.48739365955734515
2015-09-03,0.9289466655416845,1.1376644437502421,0.861904586929758,0.4069419130161638
2015-09-04,0.8714405470517606,1.0542018103586843,0.8051226957515994,0.34690205048257033
2015-09-08,0.8110317126128225,0.963755955970116,0.7512525791220362,0.30237811777218293
2015-09-09,0.7484070325039954,0.8835637917733283,0.6672993862977019,0.2420008846665956
2015-09-10,0.6960479575367012,0.8049860534082869,0.5935676526562128,0.20652601631575185
2015-09-11,0.6544260769457588,0.720987334436643,0.5478378256438103,0.17630755047890848
2015-09-14,0.6231089345119983,0.6582032125903673,0.5230246969356103,0.16445527471303448
2015-09-15,0.6002770072393404,0.608751726841124,0.5045420725270958,0.17439157865477647
2015-09-16,0.5787485182840504,0.5598820876325944,0.4836951203718348,0.17996638828392433
2015-09-17,0.5508614712609502,0.5195394600303062,0.4582977560607279,0.19054271430807532
2015-09-18,0.5245666842941207,0.4888401747361381,0.4284748898722275,0.21690476970788375
2015-09-21,0.4761640928721012,0.45759724587536094,0.3851008681320983,0.2290922813933081
2015-09-22,0.4512165461605185,0.44174574392008437,0.36222203531926633,0.24845290470059114
2015-09-23,0.4222398544371228,0.43296763799262156,0.31940646164512965,0.25630644727694585
2015-09-24,0.4153531076741481,0.437582371743416,0.2901618397178965,0.27041144111051907
2015-09-25,0.4158417743986656,0.4534995339416087,0.26332716795641564,0.29881592032838916
2015-09-28,0.43745522023095446,0.4875053000919011,0.23745310824698287,0.32707273093969996
2015-09-29,0.4139277007500277,0.4633720914827388,0.20130764452766736,0.3368693951847531
2015-09-30,0.3905260745569039,0.42812210400048695,0.1808254352905717,0.35112006390919165
2015-10-01,0.3611302945298843,0.368603687823607,0.1416146918139972,0.3756481168446118
2015-10-02,0.3252144976619734,0.3283505967860194,0.12316068577394086,0.4134877099713749
2015-10-05,0.26836314043891274,0.2748409782212068,0.09959675630897953,0.45223939562875415
2015-10-06,0.1835569973285717,0.22243228238003615,0.03582218657291993,0.42446159063206584
2015-10-07,0.11805288116745667,0.1784701750149989,-0.0011709977669444216,0.39950309820439217
2015-10-08,0.06867263174857359,0.1456945666773782,-0.0320764427263677,0.3506615559784668
2015-10-09,0.02211112875742641,0.10360691131339024,-0.05509745234336444,0.3266862078065943
2015-10-12,-0.0005460197575015221,0.065443474223801,-0.0641297224530636,0.30639531105902496
2015-10-13,-0.015741260506775854,0.035438596138181,-0.07492782679142172,0.2978582304395335
2015-10-14,-0.04150430025221455,0.04098925789907536,-0.07347865031279129,0.3017207154329186
2015-10-15,-0.06767393058162073,0.05224595524027255,-0.08147210922854332,0.2957511799857313
2015-10-16,-0.10360496463072572,0.05376341072223941,-0.1031088813196532,0.2821852017114129
2015-10-19,-0.12917084446640412,0.05642956237699728,-0.11776571607093568,0.2765917200326262
2015-10-20,-0.12229693233470625,0.0754143261689618,-0.12168934509002756,0.30418847650479636
2015-10-21,-0.11980340463599091,0.09720514681839669,-0.12232760964039105,0.3451235747813849
2015-10-22,-0.11864944114205164,0.13349688415432376,-0.1320925001689683,0.38269697359832944
2015-10-23,-0.14473255662675585,0.1451494736206542,-0.17113432497009923,0.39711498423758923
2015-10-26,-0.17333566565624842,0.09566211668556407,-0.2185354731925073,0.41872791042463453
2015-10-27,-0.20546634463733193,0.05597959681167476,-0.2368749390091205,0.4318123995616051
2015-10-28,-0.237113790408465,0.02328534420416528,-0.23102915638408972,0.43550947891969993
2015-10-29,-0.2744464391750637,0.005803148840719695,-0.2223264695266961,0.4033851996008448
2015-10-30,-0.3066429107137217,-0.004506495657296259,-0.20924069440572318,0.38827925600412433
2015-11-02,-0.3311846736664679,0.0036378222095819596,-0.1984284000241305,0.36500793008675597
2015-11-03,-0.34116213567847625,0.014035364878822405,-0.20274020553459476,0.3429493877911081
2015-11-04,-0.32786002846362117,0.037833025645627426,-0.21736965206857203,0.3346090743534394
2015-11-05,-0.3193488487318493,0.06788331220706148,-0.22708128149264184,0.34099839792137787
2015-11-06,-0.2857272262926823,0.10897189069667625,-0.23567418209279603,0.34949735005062826
2015-11-09,-0.25132144087109154,0.16957157561575123,-0.22359832555373416,0.36808361047580646
2015-11-10,-0.2395313336909762,0.19696299163321904,-0.22196135329349675,0.37445443398485384
2015-11-11,-0.19733518072497658,0.22006104968568807,-0.21935197542898216,0.38033781021957125
2015-11-12,-0.1503227612507663,0.2513251799219875,-0.19891134262853963,0.38987564861428314
2015-11-13,-0.09763324856952238,0.2847822283756251,-0.1837358320713587,0.36756166157886166
2015-11-16,-0.07873645009972151,0.2795155970106298,-0.20213066643345073,0.35319207616599174
2015-11-17,-0.08194790538730154,0.2679675142875388,-0.23691124017386447,0.33789926075455085
2015-11-18,-0.08603444097165895,0.2563488461711055,-0.2602380591231536,0.33512369720507057
2015-11-19,-0.1144306834103362,0.22119061797634307,-0.2926508320406006,0.327130762420895
2015-11-20,-0.13348781725388587,0.2042702587436339,-0.31678692363512717,0.3255745334406105
2015-11-23,-0.1288445576792263,0.20146255113331019,-0.3343118040454761,0.3285618329135024
2015-11-24,-0.11166563049239302,0.19876199608802889,-0.35298290691810597,0.32652191824712357
2015-11-25,-0.09873645743747793,0.20031973786953416,-0.358520866698851,0.332210725651876
2015-11-27,-0.08112759858300699,0.2177697628420886,-0.34753118593494386,0.33648877782291137
2015-11-30,-0.054947965856773584,0.23975875465375843,-0.3352890697973356,0.3480586661532759
2015-12-01,-0.004111509973768972,0.27437941884890965,-0.30700001391755244,0.37298925595924587
2015-12-02,0.04970141400125262,0.3096429817642362,-0.2754074100030859,0.40136438186666173
2015-12-03,0.10341361181636939,0.35306797692922787,-0.22187100076459015,0.4151647900487465
2015-12-04,0.1388248191529728,0.38214595683839625,-0.18461380985708536,0.43649922943605846
2015-12-07,0.15234369139635634,0.3788873235209461,-0.17277793137570083,0.44876066375757145
2015-12-08,0.16689754719689737,0.394442442718937,-0.1441769046526946,0.46396864201387766
2015-12-09,0.18569904435414714,0.42716299989546097,-0.10167883783056919,0.5064827069490769
2015-12-10,0.22055676338111047,0.458597071536961,-0.0534919445749209,0.5500297144775493
2015-12-11,0.27137672888587305,0.5147993820870007,0.0038393737618526483,0.5906242599915309
2015-12-14,0.2900861286320624,0.5271981624000364,0.03456914175804063,0.6028245312385487
2015-12-15,0.3200443812624971,0.5474529574134861,0.07024521494489745,0.6145803732220275
2015-12-16,0.35591843538170614,0.5519750238411575,0.11114393536911153,0.6195492701479212
2015-12-17,0.3893964735055078,0.5425437259083346,0.15558397977562963,0.6108436440626712
2015-12-18,0.4081778662480327,0.5336172193316965,0.19824509591645884,0.6060933210224403
2015-12-21,0.4092130577737314,0.5134149765244949,0.19835894902591028,0.5980235164301401
2015-12-22,0.42712287060430143,0.4980689194178664,0.21491548398853919,0.5885045958399518
2015-12-23,0.43980488208580837,0.4996144675195391,0.22470229265096492,0.5781025260548601
2015-12-24,0.45305765021048244,0.5205944079883059,0.23737283757671854,0.5700925307984068
2015-12-28,0.4667581814385744,0.5581925310457553,0.262283311446953,0.5798832713639211
2015-12-29,0.48161770300488804,0.5961285196929323,0.2936266430777718,0.5869063999800093
2015-12-30,0.49743823031603795,0.6402161312137907,0.3241727605076609,0.6016382444714377
2015-12-31,0.5390099114910424,0.6959484213893617,0.34854603042912047,0.6114916034413546
2016-01-04,0.57185783511358,0.7574318478975848,0.38028826295500623,0.635319162539301
2016-01-05,0.5961451855253801,0.785756543469852,0.41210146011882154,0.6302217090804323
2016-01-06,0.6319366338615288,0.8187677851003012,0.4568733441644878,0.6261962864340446
2016-01-07,0.6730388161328974,0.8680201607026229,0.4770370593401742,0.6412409091568556
2016-01-08,0.6917454439730465,0.8670524162932777,0.47981813180542515,0.6353104277938582
2016-01-11,0.7096016729089701,0.8815991808357766,0.48505988425901536,0.6254249779010583
2016-01-12,0.737670406325047,0.9145594781171945,0.5026098074751801,0.6463352118302591
2016-01-13,0.7544594190692552,0.9565308834497565,0.5365167864199221,0.6763793743701585
2016-01-14,0.7409474611216258,0.9545269997898245,0.5468961124304443,0.6848515666448415
2016-01-15,0.7227158040575024,0.942762984552358,0.5561145470221088,0.6996092245684422
2016-01-19,0.7060336141993719,0.8985725132471394,0.5443345878907611,0.716959262308563
2016-01-20,0.6877291912752319,0.872508991660081,0.5412829762057435,0.7345993608770265
2016-01-21,0.6909506303447506,0.8645333933806905,0.5454012992467365,0.7516291709005212
2016-01-22,0.6989780182931862,0.8674877348709092,0.5512327941915354,0.7960572730292058
2016-01-25,0.683481554054836,0.8397818167432708,0.5597253423804761,0.8348602945596764
2016-01-26,0.6605180846631575,0.8156848135063307,0.5769995606100558,0.8445514140487462
2016-01-27,0.635788885641889,0.8136725119401208,0.5832328674467132,0.8287141632853132
2016-01-28,0.6195834094335333,0.8076952171130373,0.5842844518017113,0.8241004326061769
2016-01-29,0.6224760337123089,0.8074816254349848,0.5855036370690256,0.8263555619258975
2016-02-01,0.6032134934263254,0.8068151296974952,0.5544946359065714,0.7891849169708242
2016-02-02,0.6062118960725495,0.821242553363646,0.5266527600267555,0.7770407166864983
2016-02-03,0.5786209068237496,0.8277905780983381,0.48590610870235373,0.740710161467961
2016-02-04,0.5624568418838469,0.847629760571194,0.4615730874107773,0.7220890275501242
2016-02-05,0.5739595028727983,0.8877374285430242,0.4457799464527445,0.7152927145295428
2016-02-08,0.5606361025921764,0.8714683759477081,0.4262585824567146,0.6993096627431169
2016-02-09,0.5438535853850383,0.8512363015414229,0.40046853671466054,0.6735324684411702
2016-02-10,0.5139240378541675,0.8352851418570263,0.3642647600174246,0.6627001264349717
2016-02-11,0.4978465260506281,0.8273102171005426,0.34548090367248996,0.655716707155756
2016-02-12,0.47059861836888195,0.8285026183393834,0.3111681658803145,0.6419222701313503
2016-02-16,0.4318601154661214,0.8283002520176553,0.25285705213448956,0.609298110507817
2016-02-17,0.3943986654213365,0.8198102853176777,0.18610244796116393,0.5581704362879893
2016-02-18,0.34850302560332286,0.7926929412464666,0.09842444213800812,0.5210140377681283
2016-02-19,0.2972642064277299,0.773905572450952,0.027525918077205735,0.49528462881382207
2016-02-22,0.25545427512682334,0.759697768821121,-0.014772385917941803,0.4855018231660067
2016-02-23,0.2102799865200867,0.7367327013252065,-0.07422582810588636,0.47347041128500267
2016-02-24,0.1597779576776439,0.7126260768486831,-0.13807656281921366,0.4690070618568774
2016-02-25,0.110852637614513,0.6867322702098326,-0.19106599690869042,0.4612486151115737
2016-02-26,0.07236418311119812,0.6634246223107645,-0.22697714282193457,0.47775293605500496
2016-02-29,0.0378389496351894,0.6498707609023521,-0.25109114016191314,0.5089495242256455
2016-03-01,0.010909391113749042,0.6505603844770103,-0.27715916810580093,0.5313886728086883
2016-03-02,-0.043293366386195097,0.5922246313149288,-0.3490821219323452,0.5277338311904075
2016-03-03,-0.08795096300719414,0.5346129492611578,-0.41434603099066397,0.5254907135853741
2016-03-04,-0.12317368341419709,0.4826306932972981,-0.46255582128444517,0.5266176513524313
2016-03-07,-0.157675728973703,0.4357090279391522,-0.5054938229645217,0.5106644721183371
2016-03-08,-0.19122831958222833,0.40543429894744787,-0.5582896476733342,0.4811279431129405
2016-03-09,-0.2142421535991767,0.36699473923902054,-0.611261337009381,0.42428086326121156
2016-03-10,-0.24328511984588935,0.34972024948473435,-0.6444068618366464,0.3798498115355389
2016-03-11,-0.2733701294368012,0.33883025029862623,-0.6418839404663257,0.3513412335511076
2016-03-14,-0.34302233807673527,0.3060991786281605,-0.6595847164326609,0.3020146581635056
2016-03-15,-0.39826019096922677,0.2652882478129427,-0.67344754802945,0.2614091336318813
2016-03-16,-0.4432063390929147,0.23985747323289552,-0.6895622433589416,0.23383770790233066
2016-03-17,-0.4807126257376194,0.20649971709964884,-0.7043516144367774,0.2153675790393365
2016-03-18,-0.5080356427023617,0.1982422216728997,-0.7255832776897537,0.18101652494333095
2016-03-21,-0.5426814659162998,0.20573439870092375,-0.7389660905184381,0.17074323265242414
2016-03-22,-0.5902165786615059,0.21091532558813783,-0.7549930312344709,0.169194289984312
2016-03-23,-0.6085337638546722,0.21494654301418412,-0.7849077532803164,0.1773105237612403
2016-03-24,-0.621092963362986,0.21152364865942855,-0.8121696689909178,0.17733750624038008
2016-03-28,-0.6259264371674709,0.20798839123739765,-0.8335474111257178,0.18122046534480857
2016-03-29,-0.6157799292586803,0.19468505821537996,-0.8420122503616556,0.1906126712921096
2016-03-30,-0.6117094391931392,0.1748041356707547,-0.845052391956802,0.1601491441642262
2016-03-31,-0.6044729585942817,0.16466285083510182,-0.8465583093968884,0.13006070881638
2016-04-01,-0.5904713261556823,0.15474734720180286,-0.836724626836845,0.12397568278202414
2016-04-04,-0.5782174413316526,0.13436782572622727,-0.8252985829941173,0.11031831805126857
2016-04-05,-0.5621178103327814,0.13658543731059614,-0.808669491969854,0.08975579079544095
2016-04-06,-0.5730026711753681,0.11906255400750339,-0.8095300664944024,0.05917508052526781
2016-04-07,-0.5876247348195985,0.07796001326247926,-0.8052038630400797,0.0244147114409776
2016-04-08,-0.6392580872905195,0.02977486234998663,-0.8240146811452005,-0.024617147251645544
2016-04-11,-0.675180089078868,-0.019529800960804134,-0.8365105938756913,-0.0646190324222307
2016-04-12,-0.6947024732923828,-0.06422095846163832,-0.8323548749491362,-0.09167076860748534
2016-04-13,-0.7210891407101183,-0.08934108447167065,-0.8435702048693384,-0.11537726813043232
2016-04-14,-0.7593157783307735,-0.13405969290110498,-0.8751207382847332,-0.1580779761609821
2016-04-15,-0.7850295773693906,-0.16894960129474904,-0.9033961776873228,-0.17895540307311006
2016-04-18,-0.8103475068922585,-0.20774054161894376,-0.9117185022472466,-0.1787491025614588
2016-04-19,-0.8371536552264532,-0.2385592978539187,-0.9239854489226624,-0.17440066474387006
2016-04-20,-0.8584835298577255,-0.2411009686770553,-0.9136891823330726,-0.1659654534527365
2016-04-21,-0.847937081027464,-0.22902381135234084,-0.9104909612826754,-0.13789405067853758
2016-04-22,-0.8563013669560052,-0.20342344645782798,-0.9230690138840171,-0.10586275843451301
2016-04-25,-0.8433405932618668,-0.20519997245408572,-0.9254761907087302,-0.07891996505127966
2016-04-26,-0.8057906043419372,-0.20630030214531772,-0.9152919594017003,-0.07166866104739948
2016-04-27,-0.7703921108121752,-0.19436650973591013,-0.8837981695338769,-0.06093180727367181
2016-04-28,-0.7349039769131127,-0.18039378529399872,-0.8492930443635811,-0.0558449441580757
2016-04-29,-0.7242046355479907,-0.19786258842375634,-0.8344204663942281,-0.06890313780127146
2016-05-02,-0.7242616978428242,-0.23791842324757345,-0.8273586483331453,-0.06269404563782782
2016-05-03,-0.7152291994614082,-0.2712668687624299,-0.8162013159564998,-0.0424104592196882
2016-05-04,-0.7160891805334246,-0.3102302536300683,-0.8086398795984591,-0.043660027977050306
2016-05-05,-0.7339183968834209,-0.33528313462081544,-0.7945383842607914,-0.02623790013393118
2016-05-06,-0.7408799487350843,-0.3456971667050217,-0.7699870127931467,-0.0011227269045085263
2016-05-09,-0.739374213932853,-0.344742930140009,-0.7225157484580813,0.03896927865694914
2016-05-10,-0.7335656851493733,-0.3322819751302372,-0.6739249309236739,0.0737868450812016
2016-05-11,-0.772101933552503,-0.3263301999260011,-0.6480682220452738,0.0965134717830719
2016-05-12,-0.8116645368428625,-0.3197778157036917,-0.6574225892883073,0.12186152974885128
2016-05-13,-0.8478576028341496,-0.3018738969414149,-0.6589167315252009,0.16601125296920705
2016-05-16,-0.8910694037845478,-0.27613339658057817,-0.6773443885625986,0.2118054788168005
2016-05-17,-0.9141295404569366,-0.25657484154513016,-0.6954856469255762,0.26107534550070094
2016-05-18,-0.9428427308328129,-0.26159280247230676,-0.730014331815466,0.3008107265783753
2016-05-19,-0.9521474337724454,-0.23308866764090436,-0.7454836755663258,0.3345027947066279
2016-05-20,-0.9424206557034427,-0.20181379670455898,-0.7537320196537218,0.35961631412270506
2016-05-23,-0.9192048296257117,-0.16440756944458687,-0.7527901072140069,0.36260885842224705
2016-05-24,-0.9043231913257014,-0.11150828355594969,-0.7521817195934307,0.37361579447112514
2016-05-25,-0.9121455447724154,-0.11726993444226856,-0.7721207519101142,0.36210400216567684
2016-05-26,-0.9260495345204574,-0.12350550978903198,-0.7917280400225563,0.3412961066241909
2016-05-27,-0.9095204078501646,-0.1320537564414913,-0.7885774400571757,0.3409563162911653
2016-05-31,-0.8874094497640526,-0.13871421076785295,-0.7787875579898698,0.33302671072535206
2016-06-01,-0.8712169929907805,-0.14370809236611534,-0.7734951339201694,0.33279797926690463
2016-06-02,-0.8412093964214644,-0.14905235924486304,-0.7615779835714837,0.32702522172682297
2016-06-03,-0.7899540425375849,-0.1504588175287804,-0.739127657815745,0.3418595257486312
2016-06-06,-0.7501321699135373,-0.1514591908264385,-0.7045460077436294,0.3547879913002373
2016-06-07,-0.7009173495113123,-0.14227507806940737,-0.6602039250663658,0.36845562578159585
2016-06-08,-0.6336586089272742,-0.11994211880447014,-0.5944503107022542,0.37558071867878756
2016-06-09,-0.5601448408612546,-0.10983178989809984,-0.5435634429071162,0.3839768013664808
2016-06-10,-0.48142464627374537,-0.08620697925659901,-0.48615095086851945,0.4110091432873831
2016-06-13,-0.41285437432852334,-0.07462866290781253,-0.4356357956407626,0.4425475136996442
2016-06-14,-0.3692593475403004,-0.06318293530256365,-0.3723829151132889,0.46150181305064747
2016-06-15,-0.3017453796200661,-0.024954403715278173,-0.2946865744828793,0.4744593519482739
2016-06-16,-0.22408832130946033,0.03097410262521916,-0.2255180948589367,0.4874450907300395
2016-06-17,-0.1438352230402364,0.09730104101883269,-0.1667043672993849,0.5183248543418106
2016-06-20,-0.06633388537481695,0.17668009598133336,-0.11222680543438415,0.5613692123554777
2016-06-21,0.014424459454887892,0.24825720851861766,-0.053010527430984236,0.6057874056250621
2016-06-22,0.10203080915517392,0.33010579212139046,0.004081211552454825,0.6500199524627702
2016-06-23,0.20455447097684493,0.42361458732577173,0.07742867804590395,0.709960721853661
2016-06-24,0.2846818575920978,0.509927130194575,0.13619020940801843,0.7517468764861943
2016-06-27,0.24488498104695988,0.46514267147957106,0.09719356373195176,0.7317368636845218
2016-06-28,0.18723552593505866,0.39157771690760357,0.04780326402921362,0.658988048742459
2016-06-29,0.10550355554934075,0.3082023809146865,-0.004033798119055111,0.5899724149627639
2016-06-30,-0.002431603335451608,0.19767470859155586,-0.08985340478859215,0.508749659872393
2016-07-01,-0.12863491047055467,0.08806276899062389,-0.18728224417277664,0.43712540867131194
2016-07-05,-0.2312036437391432,0.003222083412492403,-0.2746468866712581,0.3882647761861954
2016-07-06,-0.325490028363398,-0.07859247536716109,-0.3507143154387665,0.33986754568611843
2016-07-07,-0.413159938329603,-0.16706144842611012,-0.429160718417268,0.3011167689346201
2016-07-08,-0.5049361019895551,-0.239741614444036,-0.5167230156135798,0.28159003339881206
2016-07-11,-0.6144632024045933,-0.33730057348226233,-0.6322859275060214,0.22535916520275598
2016-07-12,-0.6979058254773519,-0.42985906110529015,-0.7389826808178476,0.15855769410333687
2016-07-13,-0.7639306334047866,-0.5143295137914715,-0.8360557636661174,0.0635113557811648
2016-07-14,-0.8109771614048736,-0.5957196200251734,-0.9261734870633705,-0.005027832175028274
2016-07-15,-0.8672568317905254,-0.6566513548338722,-1.0074530294135764,-0.07744043188671933
2016-07-18,-0.9234294738645795,-0.7012455646065965,-1.0802938257971388,-0.1502544678837922
2016-07-19,-0.963120810898078,-0.7280839859508454,-1.1375327063513487,-0.21473674591426561
2016-07-20,-0.9988179075123743,-0.7574750025039959,-1.1987006610382165,-0.28758362354556066
2016-07-21,-1.0244149260987647,-0.7971322744942203,-1.2232721544975969,-0.34880161011589156
2016-07-22,-1.051636067644461,-0.829411336939583,-1.2565228445099832,-0.39766830306074064
2016-07-25,-1.08222544985407,-0.8613873124773188,-1.290467797781466,-0.4438876912083796
2016-07-26,-1.0962667578490068,-0.882850968148082,-1.3264738537490153,-0.48105136199423665
2016-07-27,-1.106883866753765,-0.8972956599432214,-1.371316023656331,-0.5055984103856338
2016-07-28,-1.117651930611604,-0.9236760662737048,-1.4063479179317062,-0.510064994409131
2016-07-29,-1.1366002901951535,-0.9278685870248932,-1.4220756968812274,-0.5040453501526658
2016-08-01,-1.1533970986290731,-0.9189770226331766,-1.4277330595987245,-0.5018254921214875
2016-08-02,-1.166105348174718,-0.8982780383017429,-1.425301519095363,-0.48726530984433275
2016-08-03,-1.1964882047400527,-0.8941806517799329,-1.4343236258454717,-0.49882422943980576
2016-08-04,-1.2312052135461935,-0.9070743465041731,-1.4359136807823023,-0.5174289261513557
2016-08-05,-1.2421099992771183,-0.9011488363197723,-1.4250051256116614,-0.5185857593736548
2016-08-08,-1.2764516149059846,-0.9335354423569113,-1.4672417744149788,-0.5616292234779546
2016-08-09,-1.2882476415886717,-0.9657859639414828,-1.5075970027405636,-0.602756857772326
2016-08-10,-1.2902626249343996,-0.9941555207795069,-1.5267763363205367,-0.6308547390138953
2016-08-11,-1.294822735940029,-1.0182315560822535,-1.5677298911010509,-0.6720573025963067
2016-08-12,-1.2927121129673587,-1.0366020925020165,-1.6130760183778414,-0.6986285812139316
2016-08-15,-1.2811077579366512,-1.0357480745568863,-1.6469200884325128,-0.7105725915736293
2016-08-16,-1.2710278492447136,-1.0238399533731106,-1.664743813033434,-0.7138050357200596
2016-08-17,-1.2937875195041566,-1.0282080759050383,-1.6956448732118359,-0.7053188975955897
2016-08-18,-1.3038671409479206,-1.0209463043008253,-1.714933053676337,-0.6767023121719209
2016-08-19,-1.3130734830387671,-0.9898896028683758,-1.7143095831396487,-0.6585147701160717
2016-08-22,-1.3107712151476842,-0.9527826719900353,-1.6989529264995822,-0.6212896875573845
2016-08-23,-1.3070884144919375,-0.9201485528766182,-1.6595651482188676,-0.5713485543919499
2016-08-24,-1.291756006074265,-0.8812682594521584,-1.5935886243940063,-0.522624274050823
2016-08-25,-1.2590155180065146,-0.8643808133647641,-1.5253824443588722,-0.4889254410473507
2016-08-26,-1.2127205272498134,-0.8298469553073349,-1.4368929632808705,-0.45858126004968197
2016-08-29,-1.1569730638993645,-0.7754007574211828,-1.3713207369832028,-0.4248242014110849
2016-08-30,-1.0906232821806705,-0.7245100083727978,-1.3115920038914355,-0.3936353301633776
2016-08-31,-1.005310396436351,-0.6614497011793037,-1.257424565789549,-0.3544908539470955
2016-09-01,-0.9085749939745982,-0.5973935654936742,-1.17984988148013,-0.324482336686173
2016-09-02,-0.8165803182252297,-0.5288339376839845,-1.0855709428983802,-0.287595894027503
2016-09-06,-0.7162134902681857,-0.4524114741617181,-0.976636064667488,-0.2426473108040287
2016-09-07,-0.6153396132009648,-0.369753891262572,-0.8637918300444537,-0.17905846883757914
2016-09-08,-0.5020252267681836,-0.27181576707555977,-0.7296622587981767,-0.09978312500248296
2016-09-09,-0.38342633179788965,-0.17797402111161797,-0.5881911837486111,-0.0025247276998050013
2016-09-12,-0.37287223786944484,-0.1934885767128512,-0.5564290068400342,-0.0008187706361371758
2016-09-13,-0.37447336424099253,-0.23367801004544717,-0.5407372868280258,0.009414618863235509
2016-09-14,-0.4143658131902004,-0.26772857696429075,-0.5655249822996048,-0.029897845952676104
2016-09-15,-0.4354795709265266,-0.3058300264741853,-0.5893698527110646,-0.06270407886521273
2016-09-16,-0.4574269190820213,-0.38551977014416666,-0.6187129945300869,-0.09691938340556862
2016-09-19,-0.48686321125563403,-0.4479509927021981,-0.645150480313124,-0.10832413683149006
2016-09-20,-0.5092707131317868,-0.49134833092871216,-0.6700416784358822,-0.1084005208047822
2016-09-21,-0.5403840824473237,-0.5134972186739916,-0.6734052667357197,-0.0992405084622537
2016-09-22,-0.5610497430735839,-0.5373931495722816,-0.6893416115675222,-0.08290583928234486
2016-09-23,-0.5806512553166676,-0.540024048917713,-0.7030492855089039,-0.0888888525294239
2016-09-26,-0.6229700211017414,-0.5270478203476704,-0.7226411813872285,-0.08626786356469138
2016-09-27,-0.6811055016677902,-0.5201921945727406,-0.7622015546866385,-0.08108300110369605
2016-09-28,-0.7299995244067938,-0.5223690556903104,-0.7936788812830494,-0.07163659464965728
2016-09-29,-0.757341664156877,-0.5095585411853165,-0.8261239097479712,-0.0650922401514843
2016-09-30,-0.796986118893556,-0.5103760455602524,-0.8801890613713541,-0.07854943783546556
2016-10-03,-0.839969668696799,-0.5223415643765307,-0.9392934819572241,-0.0898990184057131
2016-10-04,-0.862837306056409,-0.5336670354686075,-0.9895482417695499,-0.09861792875626609
2016-10-05,-0.8962530666016323,-0.527550644347433,-1.0424980232395173,-0.10811405360394581
2016-10-06,-0.9145353754231036,-0.5124887344101571,-1.0955020082068638,-0.12253854095020152
2016-10-07,-0.9312207450112656,-0.4874052651411686,-1.1243286446023446,-0.129557137440421
2016-10-10,-0.9482996300759666,-0.47231958413387104,-1.1521593946388795,-0.1295406891441988
2016-10-11,-0.9548754826154001,-0.45023025442608217,-1.1608204367908188,-0.13497667377335418
2016-10-12,-0.9999006547301813,-0.4665245873487223,-1.2081791162668225,-0.17855388948141657
2016-10-13,-1.0345021486436736,-0.4711607741114709,-1.2536421218447886,-0.20882841427669524
2016-10-14,-1.063008736009435,-0.46870710643682545,-1.2952584373527773,-0.24715328865881359
2016-10-17,-1.0848065172437025,-0.4856508565107877,-1.3362457409091284,-0.28106674933366627
2016-10-18,-1.1089974775687055,-0.49526441078845757,-1.3649556752303913,-0.3028711522293699
2016-10-19,-1.1395898969942788,-0.5018596647494366,-1.395914310309014,-0.2962057442866503
2016-10-20,-1.1483145977563878,-0.5061259595988974,-1.4105421381555483,-0.29263888939395044
2016-10-21,-1.1609357535217077,-0.4879410545887992,-1.4106704459833097,-0.27319013403643927
2016-10-24,-1.1732898265344174,-0.46770933547620686,-1.4017412188034832,-0.22886061606496094
2016-10-25,-1.1797456289425328,-0.4557503926906891,-1.3861762724545077,-0.17409804522588096
2016-10-26,-1.1727812361610046,-0.4347999917196543,-1.3682974761390247,-0.13252248771957537
2016-10-27,-1.1696475851050023,-0.4035783416971098,-1.340423908247401,-0.07958416379483355
2016-10-28,-1.1442704486667827,-0.3967566458264726,-1.2955317470071661,-0.02975154359481855
2016-10-31,-1.1027429679974983,-0.37988809798749845,-1.2167568440813405,0.03291772782632122
2016-11-01,-1.0497345798033644,-0.3451432518116309,-1.1169092813514605,0.10515546467589154
2016-11-02,-1.0205693622229937,-0.32042601048529834,-1.0277034068351756,0.1954367583387213
2016-11-03,-0.9784432632800277,-0.2929140780947072,-0.9462322865341627,0.28308159204612304
2016-11-04,-0.9331148650600286,-0.26997109142910464,-0.8650453416710839,0.3838267626257477
2016-11-07,-0.8692258087883459,-0.22871079060399022,-0.8004551187665978,0.4910215331485725
2016-11-08,-0.9258062414746712,-0.228420673625986,-0.8408935633220426,0.5593624893353907
2016-11-09,-0.9812070746151522,-0.2155937265827673,-0.8729170137986907,0.6248614917231766
2016-11-10,-1.052530877710443,-0.202492632931259,-0.9381018592857838,0.6480613387152396
2016-11-11,-1.1251703977916556,-0.21015169578279178,-1.0206322379743944,0.6491075818111056
2016-11-14,-1.1849609625325819,-0.20018351938184498,-1.0963641168087654,0.6143286021328145
2016-11-15,-1.2400045166164217,-0.19503981237016493,-1.1561010001818,0.5659420860924671
2016-11-16,-1.3024352770697383,-0.2077499106246018,-1.2161265221917827,0.5236200603004808
2016-11-17,-1.3627641173056817,-0.21585567124629979,-1.2746200481621717,0.4835163631591096
2016-11-18,-1.4137522615214322,-0.22891469324735597,-1.316775657474462,0.44503596110024096
2016-11-21,-1.4393122919171009,-0.21979965442260235,-1.3407944591726133,0.4023375254446125
2016-11-22,-1.4742763139648913,-0.218849800846884,-1.375120581496977,0.3551207255653533
2016-11-23,-1.4962051740875615,-0.21823438781048887,-1.4082772356587538,0.32452401593369473
2016-11-25,-1.5048385342502018,-0.22593828164877958,-1.4249273693005222,0.29756038692172243
2016-11-28,-1.4984532046674413,-0.2336656113563335,-1.4316086110922968,0.2759139388703462
2016-11-29,-1.4956822486631893,-0.24336079082212003,-1.425967011316379,0.23451482492039402
2016-11-30,-1.476274301672444,-0.23170858920939735,-1.3950132407516642,0.21005429887002874
2016-12-01,-1.4319692756050075,-0.2366547871051047,-1.341572199309673,0.21151015699254477
2016-12-02,-1.3862977874689801,-0.3090495281985283,-1.2947030187852497,0.21041974028265484
2016-12-05,-1.332050924222493,-0.3627938639840659,-1.234576291116356,0.21181750700043606
2016-12-06,-1.2791461272509443,-0.4136653710800926,-1.1755657037314955,0.19221334125540465
2016-12-07,-1.2046337099007034,-0.44066933531548064,-1.1058419367964478,0.193231660924493
2016-12-08,-1.1901200848416218,-0.47455621997936476,-1.0914915014444153,0.1947760356367372
2016-12-09,-1.169323778645928,-0.511450178904905,-1.0721790890567005,0.16232155014450275
2016-12-12,-1.1562416802642883,-0.5530112394064544,-1.051144762971896,0.11909015658774404
2016-12-13,-1.1497146954209783,-0.5839148017165581,-1.047541967826602,0.0642718460761482
2016-12-14,-1.1736677176290689,-0.6404438584927804,-1.0424598795918045,0.029691385653921754
2016-12-15,-1.227638729488482,-0.6922167415588888,-1.0414178796392528,-0.011947027494811078
2016-12-16,-1.275760554913023,-0.7243978324157536,-1.044740682874186,-0.05395739841441319
2016-12-19,-1.3187204244095088,-0.7458500549588979,-1.0624722866219074,-0.07446539607601801
2016-12-20,-1.3430593069056203,-0.7493685441265188,-1.0756828821619242,-0.09295716810125074
2016-12-21,-1.3523333656493466,-0.7574224719840666,-1.0711452757338766,-0.10173762850324194
2016-12-22,-1.371232511230677,-0.7627334940256815,-1.07563763270884,-0.1268239222449814
2016-12-23,-1.4044636903624121,-0.7669637610569323,-1.0799249906606754,-0.15467398631352727
2016-12-27,-1.4169265783204845,-0.7482831372046075,-1.0810781666738174,-0.17583546550792406
2016-12-28,-1.4067021773381918,-0.7265308856395883,-1.079365682242987,-0.18278941767713516
2016-12-29,-1.4219021659520827,-0.7234172519329924,-1.0920926668345416,-0.18983983764527493
2016-12-30,-1.4322357593218082,-0.7133750444660478,-1.0945077617131544,-0.1784648725189083
2017-01-03,-1.4326698017733708,-0.7332138378456854,-1.098902862751203,-0.15451886737988157
2017-01-04,-1.4502286359470884,-0.7519242911755949,-1.1257049115578364,-0.12226987925765113
2017-01-05,-1.464988199664164,-0.7723315747917516,-1.1543421477070779,-0.10173241766028815
2017-01-06,-1.4850733818126383,-0.807742742589085,-1.184981538105554,-0.0841156188198478
2017-01-09,-1.5183951471201935,-0.8779206128698556,-1.2209403049483116,-0.045645090076083895
2017-01-10,-1.565411870849781,-0.9316254103289386,-1.2584613270411147,-0.0292834174345466
2017-01-11,-1.6039663967049123,-0.9804523695417361,-1.304045206877749,-0.01509257146233516
2017-01-12,-1.6295158980382434,-1.0214598204978687,-1.3500481833690476,-0.0019165682710918256
2017-01-13,-1.647366388757354,-1.0423508610847367,-1.4060809740608302,0.006312489160672921
2017-01-17,-1.644716263071122,-1.0574170156782805,-1.437627072298242,0.022682847296359866
2017-01-18,-1.6537483443256789,-1.0628332369322822,-1.462243904775752,0.0312686808646339
2017-01-19,-1.6498503396394426,-1.0861272688345183,-1.481992697890488,0.04038056843516744
2017-01-20,-1.6374123761864199,-1.1139286831935344,-1.487874252414901,0.05026170615095229
2017-01-23,-1.6062953701442138,-1.1481079692844365,-1.5006502236763597,0.05900356959324989
2017-01-24,-1.5743487250833412,-1.164356675160065,-1.4958089794949072,0.05741882252478321
2017-01-25,-1.5674725621631402,-1.1742272915320908,-1.4779762264331195,0.0459028635590966
2017-01-26,-1.5729006199571116,-1.2270442470356326,-1.4709477730877512,0.03726327818128984
2017-01-27,-1.571130487313139,-1.265481468489022,-1.4681613245696168,0.03533128680940967
2017-01-30,-1.55890624252756,-1.294029185660114,-1.4542906338808834,0.0384818335213233
2017-01-31,-1.5667282605001294,-1.3535705526139943,-1.4260910723399685,0.033486527491557797
2017-02-01,-1.563195379094234,-1.4164161387331073,-1.4078504004453385,0.043873000224268564
2017-02-02,-1.5476474883898972,-1.4770499232020484,-1.4004610222943175,0.041830981976223744
2017-02-03,-1.5371437562836012,-1.5256302500889631,-1.3987844259834967,0.04192173105872187
2017-02-06,-1.540862284756679,-1.5794481091606487,-1.4402838790484205,0.027830675824517162
2017-02-07,-1.542376964134362,-1.6277768899967267,-1.476880954463864,0.007325419248920806
2017-02-08,-1.5416348177691028,-1.6721924355462836,-1.4722052367758005,-0.010364482134953983
2017-02-09,-1.5117668230412888,-1.6993707792847121,-1.4559608896665688,-0.02728827033670229
2017-02-10,-1.4767690574923675,-1.727244380669687,-1.4272589803062201,-0.08407883033893748
2017-02-13,-1.4310042417412179,-1.761121212565335,-1.3901102732334958,-0.1372180559845498
2017-02-14,-1.3856497524722045,-1.783918277852947,-1.3819532803473409,-0.19061246675912216
2017-02-15,-1.343793352544886,-1.803947050900272,-1.3809070398864633,-0.23257759566773123
2017-02-16,-1.2928796056475351,-1.8183669343155333,-1.3935236912923512,-0.2525037126997428
2017-02-17,-1.2577764783687142,-1.8140400619196648,-1.3890515432906299,-0.25904624366349904
2017-02-21,-1.2192372760613195,-1.7926578216639337,-1.3764072045832914,-0.24157145015575948
2017-02-22,-1.1829528875938167,-1.7810549200595136,-1.3732108334633617,-0.21602804411025264
2017-02-23,-1.1493883929339779,-1.7643205340484778,-1.3630966291254487,-0.17419904253984841
2017-02-24,-1.1157763120178952,-1.7625104163709946,-1.352207993190319,-0.1251471690247245
2017-02-27,-1.0905560390383104,-1.7470109359807362,-1.3205470785116877,-0.08368256945022783
2017-02-28,-1.050455304919778,-1.7119816386864775,-1.2641431611670495,-0.036886903326621506
2017-03-01,-1.0143209894470941,-1.6832930370132313,-1.205003916512474,-0.0009289280744858513
2017-03-02,-1.0294960623789668,-1.695691154823912,-1.2392292213397886,0.004240007340857129
2017-03-03,-1.059143148845476,-1.7206597675111752,-1.2791791134802517,-0.005301300939294216
2017-03-06,-1.0909129996932743,-1.7352557626626905,-1.3150879421695278,-0.01720545065879955
2017-03-07,-1.1189598558340033,-1.738787546368906,-1.3544370490151412,-0.034519702948459394
2017-03-08,-1.1489380234565993,-1.7499516009001452,-1.393285452140396,-0.0412059616423388
2017-03-09,-1.161082955617723,-1.743213987353598,-1.4384829747173602,-0.04603599913780186
2017-03-10,-1.1664183621212179,-1.721166110611169,-1.4695022566829352,-0.03150747566372171
2017-03-13,-1.1745915347269889,-1.699400398544867,-1.4961038529633075,-0.006747373596430043
2017-03-14,-1.1684503688564722,-1.670257617584356,-1.4965781036958945,0.023788581494640273
2017-03-15,-1.1469055287084224,-1.6359203933073259,-1.494898838306774,0.048315290484231395
2017-03-16,-1.1720044163724728,-1.5990804880072704,-1.5087874138929243,0.06238615039242106
2017-03-17,-1.1859281709163463,-1.5478420393079826,-1.4967644772676827,0.09512879372895419
2017-03-20,-1.14906097877803,-1.4888008958083472,-1.4685617491489535,0.14430643136846158
2017-03-21,-1.118189012297124,-1.4111907965480728,-1.433249926638277,0.19759459768146992
2017-03-22,-1.1641429707001039,-1.4523863852982433,-1.465183744145606,0.1682108762838867
2017-03-23,-1.211229074693851,-1.5060509034981637,-1.4923989411527399,0.1448682235968827
2017-03-24,-1.2696268486782503,-1.5396545914214643,-1.5184333209192453,0.11659125450810479
2017-03-27,-1.3177122882617756,-1.563550427960657,-1.5462840760619763,0.09665033539503876
2017-03-28,-1.353315640585581,-1.5786291103984806,-1.5760388928781939,0.0738096616329556
2017-03-29,-1.405529087689859,-1.593442744971924,-1.6245676195624914,0.03579905703689493
2017-03-30,-1.4624384301264448,-1.6146198676959758,-1.665890347632172,0.027020673894513302
2017-03-31,-1.5144469529860418,-1.6245597731113397,-1.6954812460505035,0.009744987866528592
2017-04-03,-1.5573791950009201,-1.6231376556230086,-1.7272534087012137,0.01852615697080773
2017-04-04,-1.58405106594179,-1.619547006078326,-1.7361719446094293,0.016723376547027564
2017-04-05,-1.6055292163787396,-1.6079776479885448,-1.7189843595442589,0.006592937718236542
2017-04-06,-1.6213190721155804,-1.5997639854127945,-1.7074863275721808,-0.01288784906033584
2017-04-07,-1.623501599767396,-1.5666606188362886,-1.6786819603421301,-0.04122003920092576
2017-04-10,-1.6034878234886172,-1.5246170452127827,-1.646880466992977,-0.06793571763924597
2017-04-11,-1.5913969201117664,-1.4671556745996948,-1.624424907893398,-0.08203921235107094
2017-04-12,-1.575547605872561,-1.4097892897238251,-1.5981571749661696,-0.07569525160661053
2017-04-13,-1.5468971330805736,-1.352672225927605,-1.5710100258538535,-0.09037415046905131
2017-04-17,-1.533672515986213,-1.3126983562773746,-1.549336224251987,-0.1284827247048285
2017-04-18,-1.5396713362753678,-1.2902272382432147,-1.5490808084382395,-0.16492243939819254
2017-04-19,-1.5274664252966803,-1.249155230884937,-1.5114622636818373,-0.18445577706564603
2017-04-20,-1.5087165666972628,-1.2016556864525665,-1.4932257155317339,-0.2038088206134003
2017-04-21,-1.5071230628179493,-1.1661646667473733,-1.4930421723540979,-0.20707721717266758
2017-04-24,-1.4903067416077656,-1.1186454410885989,-1.4818002079191837,-0.2055689741982625
2017-04-25,-1.519597558007541,-1.116080866881567,-1.5042953110034323,-0.2153954082342737
2017-04-26,-1.5600679675029707,-1.117816264960676,-1.5667992400361996,-0.22671839390995369
2017-04-27,-1.5961177241503108,-1.1199902998608096,-1.6227342395372883,-0.21489076949738217
2017-04-28,-1.6310551136686284,-1.137494438913797,-1.6626382710672614,-0.21192697073704012
2017-05-01,-1.6536283844612774,-1.149609876550841,-1.674024426095937,-0.2365510169258865
2017-05-02,-1.650716792847715,-1.1717728448583278,-1.6854477409918387,-0.26642629246975275
2017-05-03,-1.6244414934622933,-1.1652090600367264,-1.6849202514018962,-0.3043977036339301
2017-05-04,-1.587398052107432,-1.1522716985470773,-1.665885142403017,-0.31737712932269
2017-05-05,-1.545775248077799,-1.1359157612850765,-1.645713633438134,-0.29673838407030834
2017-05-08,-1.512780455132297,-1.1139789120324661,-1.6168616022764295,-0.2822285002697912
2017-05-09,-1.4714286032868906,-1.063170841479944,-1.5761069653196527,-0.2618859267164279
2017-05-10,-1.4167429259284892,-0.9970038392373144,-1.5382675947894613,-0.23112002804076986
2017-05-11,-1.3522775431568859,-0.9254276338330321,-1.5075553036819151,-0.2004069858343705
2017-05-12,-1.302510254642281,-0.8490558919271424,-1.4620139437115267,-0.16484620900784933
2017-05-15,-1.252732910897424,-0.7661202634062934,-1.4084472004428596,-0.13036600737494614
2017-05-16,-1.2151128533643463,-0.6741414242618003,-1.3546421262848007,-0.0995215373764997
2017-05-17,-1.1656816719721181,-0.5626724091063955,-1.2733772623864303,-0.054598066089632344
2017-05-18,-1.2197897756336225,-0.5977645154845497,-1.3282914479128465,-0.12196502010728973
2017-05-19,-1.2493112299853764,-0.6461740648281781,-1.3594967901877797,-0.16231856657442806
2017-05-22,-1.2714344079637987,-0.6752218780312328,-1.3942201616747412,-0.20949011808150858
2017-05-23,-1.290519694721873,-0.6916803254457524,-1.4191437157752096,-0.24206800490953892
2017-05-24,-1.3088162785454585,-0.695800905196303,-1.4261118749431587,-0.2619619270181966
2017-05-25,-1.3204910599610473,-0.7082175682242636,-1.424031113793857,-0.26729406349974355
2017-05-26,-1.3329185718346426,-0.7194300090524267,-1.428034374450339,-0.27207664586597796
2017-05-30,-1.3468348940539334,-0.7020482156281067,-1.4256715802506084,-0.2562982308462903
2017-05-31,-1.3546051214077561,-0.6764745115352514,-1.4212061261512037,-0.24390261899546697
2017-06-01,-1.3524342856036282,-0.6201164851955583,-1.4037898970556126,-0.2236189396269395
2017-06-02,-1.3840566226714814,-0.5603849434116126,-1.39318867465847,-0.24624846299433326
2017-06-05,-1.398563388605985,-0.5113790615615247,-1.3765057001855543,-0.2597851221291549
2017-06-06,-1.4210514531484264,-0.4355634552285642,-1.3690408345138851,-0.25451092765341266
2017-06-07,-1.4320228317371069,-0.353998347206701,-1.3486381069356215,-0.24506363492643643
2017-06-08,-1.4373077019391962,-0.2630846700061495,-1.3353431293685785,-0.23058244632885394
2017-06-09,-1.4378434934934483,-0.17502846307391914,-1.3367404314365998,-0.2392457762352874
2017-06-12,-1.4328854620149578,-0.1715640173624716,-1.3372851098978968,-0.2571594703859775
2017-06-13,-1.430326814782832,-0.1661564287550163,-1.3346068027778584,-0.2581021930649022
2017-06-14,-1.4099729033672466,-0.14894259220062311,-1.3376584527236004,-0.251002235652864
2017-06-15,-1.41385358343635,-0.12830634334880722,-1.3304307468606007,-0.24108275621844732
2017-06-16,-1.4050402605209773,-0.08752184892582579,-1.3184497227691112,-0.23921537681297764
2017-06-19,-1.3946030472420816,-0.04687403371535388,-1.2841078528173255,-0.23205514061051652
2017-06-20,-1.4053801817711191,-0.02962209944144583,-1.2519461796032236,-0.22373823829124603
2017-06-21,-1.425978928881649,-0.014049994357686113,-1.225540674303043,-0.22228098028777926
2017-06-22,-1.432742226480252,-0.001468276261169316,-1.1958220622268654,-0.24238494286368759
2017-06-23,-1.4293902620318593,0.018850305297229395,-1.1662354765618261,-0.24945796299626677
2017-06-26,-1.406668390784591,0.023710044569599967,-1.145679480064645,-0.2389236818919706
2017-06-27,-1.3597891688795263,0.04246042217647694,-1.0967723440279735,-0.2306454376753593
2017-06-28,-1.3432375483215022,0.04261471861113247,-1.03996482897967,-0.20529006205860156
2017-06-29,-1.3498773812981713,0.023238940273386126,-0.9860550675162079,-0.21244243978139682
2017-06-30,-1.3950609787109804,-0.02795918717550804,-0.9361781506054462,-0.2233880800638677
2017-09-06,-1.4441750815574594,-0.05614110412142804,-0.8892180268518408,-0.22897426756947112
2017-09-07,-1.4892166904905062,-0.08007183338265546,-0.9670647491018569,-0.22984991202594005
2017-09-08,-1.5247996765003433,-0.09545141004554485,-1.0378886387925237,-0.22168419603563308
2017-09-11,-1.5664471203368011,-0.13983838868814044,-1.07456320384674,-0.22713870514309056
2017-09-12,-1.6456654666230537,-0.19650342421666978,-1.1543484370560233,-0.2354147799719948
2017-09-13,-1.7197993163309826,-0.2465664449668946,-1.220245983346966,-0.2598559093525017
2017-09-14,-1.7896032478255766,-0.29153961527594485,-1.2877553715551864,-0.28934783981577283
2017-09-15,-1.8346998962258725,-0.35304965133014216,-1.34340830076822,-0.3023488722824999
2017-09-18,-1.883408750735991,-0.4057143020364112,-1.39089535686884,-0.3173962032335402
2017-09-19,-1.9261928406272497,-0.45387305539108497,-1.454196642422802,-0.3454397300663428
2017-09-20,-1.9644505936145122,-0.49420556839595003,-1.5266289330758904,-0.3901216204639116
2017-09-21,-1.9838804375539316,-0.5347936980672345,-1.5808797030457367,-0.41887828173809266
2017-09-22,-2.010517775876262,-0.5736200028364951,-1.6357038732217786,-0.4288386303667189
2017-09-25,-2.026116810674775,-0.603343991195088,-1.6784016977633334,-0.43505046720231283
2017-09-26,-2.036622987591146,-0.6387644393026399,-1.6914756799298445,-0.4487003924703301
2017-09-27,-2.0263833777471056,-0.6609578552370348,-1.6954990810161101,-0.46506252157656824
2017-09-28,-2.0386368851719863,-0.6762264902753802,-1.6874386210614825,-0.5172534768080105
2017-09-29,-2.049886663337593,-0.6895022062201847,-1.6750580725294077,-0.5723587379748718
2017-10-02,-2.063729534227944,-0.720927967032327,-1.6505115936051293,-0.6173230074439586
2017-10-03,-2.091055541038957,-0.7406747880134097,-1.633684849093201,-0.6747829622979618
2017-10-04,-2.0996951722270683,-0.7701255671637686,-1.6264412455020867,-0.7397264852379566
2017-10-05,-2.09538917057448,-0.792012684502565,-1.6069349601778227,-0.7914888562003961
2017-10-06,-2.1266065058675196,-0.8172836293405802,-1.5737520837775185,-0.8487485732079951
2017-10-09,-2.149938700089805,-0.8311140032032941,-1.5319210585003105,-0.9158019363002752
2017-10-10,-2.1763426041703418,-0.8337513560269024,-1.4806158314163977,-0.9719440911053816
2017-10-11,-2.188459474912826,-0.8574706737140021,-1.4293923903533272,-1.0081202894475927
2017-10-12,-2.177910939831638,-0.8626968503707881,-1.381322590007642,-1.0327476722887394
2017-10-13,-2.1473412757901937,-0.8458380919518276,-1.328993131018986,-1.0515721590077813
2017-10-16,-2.09610221520779,-0.8053396497462971,-1.2970033489098332,-1.0658428252571925
2017-10-17,-2.050592700703402,-0.7590179920944723,-1.2622385474300695,-1.0600059132142299
2017-10-18,-2.007121494993988,-0.7055163195911828,-1.2264181764427171,-1.0444323519826966
2017-10-19,-1.9557986969565961,-0.6399784247241429,-1.201532475358556,-1.0429315107661128
2017-10-20,-1.9158233729764793,-0.5826653590670015,-1.173568136245997,-1.0170789135486829
2017-10-23,-1.8720291385091752,-0.5334936472223704,-1.161922459528995,-0.9854440231007877
2017-10-24,-1.8349341085383848,-0.5064532831861219,-1.1447603322540238,-0.968271614717511
2017-10-25,-1.7814196613473015,-0.4573111918207725,-1.1379563301944866,-0.936521094361794
2017-10-26,-1.7460344083066488,-0.4081759890221134,-1.148037739386889,-0.9080278626450449
2017-10-27,-1.6972311562455396,-0.35469705604792967,-1.1556627947686846,-0.8678849983372957
2017-10-30,-1.6980985645525677,-0.42427405611857594,-1.157120561407533,-0.8105216455223185
2017-10-31,-1.7014053953173547,-0.4891478146916106,-1.154080889369666,-0.8015214374121181
2017-11-01,-1.7089263124988208,-0.5561133245634758,-1.1444494582514333,-0.7804268773079927
2017-11-02,-1.7079413303786941,-0.6092037759405189,-1.1330144078051658,-0.749585395696781
2017-11-03,-1.6909188345225885,-0.6634632879469007,-1.1299671472056458,-0.7178952521231203
2017-11-06,-1.6826268886178815,-0.7119759622603808,-1.112969107740925,-0.682460484248373
2017-11-07,-1.643354071954226,-0.7540720842341043,-1.0929612064215652,-0.6441937696464141
2017-11-08,-1.5918796876643928,-0.7708855015359496,-1.0650428245601409,-0.6423862495704886
2017-11-09,-1.519670669439677,-0.7723515009838154,-1.0350774874105684,-0.6469514261581195
2017-11-10,-1.462563526210991,-0.7553500223022739,-1.0055559758072032,-0.6438426850493343
2017-11-13,-1.4134252481575085,-0.7262510016603645,-0.9657481589251029,-0.6399194479414377
2017-11-14,-1.3699385612355768,-0.685310010069299,-0.9463531418282011,-0.625994420329587
2017-11-15,-1.327694912332219,-0.6400281633402977,-0.9129244943013787,-0.6038549137429281
2017-11-16,-1.294549241382414,-0.589367748962783,-0.8914542311719351,-0.5633818253662459
2017-11-17,-1.282371160119868,-0.5548486848845378,-0.884789759319002,-0.5260019040432893
2017-11-20,-1.2715933478957886,-0.51291825555974,-0.8715931333158319,-0.49100186106680765
2017-11-21,-1.2382609864085643,-0.4698355189827876,-0.8506271449457433,-0.45840394290670944
2017-11-22,-1.2099649699256654,-0.4537782562185205,-0.8415125753685708,-0.45410710109737773
2017-11-24,-1.1713502142722314,-0.4385735454943943,-0.8487722187497313,-0.4355032382182071
2017-11-27,-1.1273615675623119,-0.41949502878111966,-0.849986729590635,-0.4039950724715309
2017-11-28,-1.0983321455061816,-0.38626985325706686,-0.8478123573967359,-0.3697768419213447
2017-11-29,-1.098912730872601,-0.3469210377756392,-0.8626851686479716,-0.39296804128462604
2017-11-30,-1.1040266677363217,-0.36283402096645306,-0.8764414496983316,-0.43155560585002417
2017-12-01,-1.1309252216427954,-0.3812253036865443,-0.9408258110605694,-0.4499052763537014
2017-12-04,-1.1411565705695428,-0.3924936051891488,-1.00908719821397,-0.4398569616953536
2017-12-05,-1.1495037088328437,-0.43434351318623676,-1.0642738283433177,-0.42301785221742977
2017-12-06,-1.1717836887186988,-0.4586999979170629,-1.1090143990380605,-0.43728940240244724
2017-12-07,-1.179893000746125,-0.47182603213770175,-1.1511898973132637,-0.45555306965547704
2017-12-08,-1.1877683217935486,-0.45941960089527956,-1.1878125179001604,-0.46864217557903626
2017-12-11,-1.191509419190676,-0.42498010793103796,-1.2264182320132435,-0.47403993161717284
2017-12-12,-1.195460139447725,-0.4056365574580132,-1.2625329357272144,-0.4656001862248735
2017-12-13,-1.191290441560073,-0.3727398191252977,-1.304913532821087,-0.4489681910214443
2017-12-14,-1.1538132965375196,-0.3317617263300477,-1.327510406355821,-0.43003857463845907
2017-12-15,-1.1267619858808438,-0.28846856702611956,-1.3327575237759315,-0.413729835189122
2017-12-18,-1.1117058190936708,-0.2606869607213475,-1.3120215148962795,-0.414722428476546
2017-12-19,-1.110471586976441,-0.2522372030136785,-1.2803315573179743,-0.4214442717351922
2017-12-20,-1.117715016853091,-0.24337457549929073,-1.2373989610119438,-0.4360062013563071
2017-12-21,-1.1428382009672615,-0.2346694118922181,-1.2070364947589083,-0.43260501837607457
2017-12-22,-1.1567713153292056,-0.21770158146281066,-1.1695896336811744,-0.41580651240875843
2017-12-26,-1.149792035590654,-0.2015562201120564,-1.1365144203158881,-0.39724731740426467
2017-12-27,-1.1228704435940535,-0.18419800104411924,-1.11775920769924,-0.36374412926062116
2017-12-28,-1.0926285859627887,-0.17913896843597638,-1.0791768706298999,-0.33466363069061117
2017-12-29,-1.0634788570677014,-0.16457739252704248,-1.0116081337601597,-0.3126951630849375
2018-01-02,-1.0253777693397896,-0.13474015498004413,-0.9491805626590143,-0.2927485754561956
2018-01-03,-1.001047860262832,-0.1380142233635766,-0.881825206357975,-0.2745392498743311
2018-01-04,-0.966723556421128,-0.14802391762863806,-0.8007249409238468,-0.2422669895264411
2018-01-05,-0.9314299393484492,-0.14463825624788906,-0.7315121022716023,-0.20131238793964262
2018-01-08,-0.8987582001970853,-0.1389759342558042,-0.6841247352339305,-0.1527392859790081
2018-01-09,-0.8449185289773031,-0.12363951413136937,-0.6315006721052424,-0.10857780340093938
2018-01-10,-0.7952294795070023,-0.1000735458603222,-0.5734512060148572,-0.055203436932085945
2018-01-11,-0.7455270761593439,-0.0669931174676122,-0.5010964058622184,0.0007575424907670221
2018-01-12,-0.6893924917201086,-0.02857014541403373,-0.4307554642764279,0.00952636889736207
2018-01-16,-0.6464676049492698,0.00819943262207869,-0.37982807162383647,0.03172917315793699
2018-01-17,-0.5925423698103449,0.04231538522107251,-0.3152436750284369,0.05126611050442755
2018-01-18,-0.5615849142720087,0.06713743250674714,-0.2626656776578639,0.0634661055610645
2018-01-19,-0.5358680409894495,0.10782185144309359,-0.21479033610148088,0.0802842367171023
2018-01-22,-0.4950778076725065,0.16442015727904805,-0.1541915538490417,0.08935550715780984
2018-01-23,-0.4489653627615125,0.21769832910180828,-0.07634602336861933,0.1089359926030864
2018-01-24,-0.3693456242596316,0.27580379645455755,0.022270137426868186,0.13906369051441192
2018-01-25,-0.262751770886765,0.3548753713214417,0.1091965996655936,0.17175306563892578
2018-01-26,-0.15134071753369688,0.4384212886635567,0.2108935781069104,0.21150843488539597
2018-01-29,-0.03548695541824664,0.5215410396743866,0.3058826081950798,0.2627258046053722
2018-01-30,0.08248112102706645,0.597212705926876,0.4050017008286301,0.32199612413507717
2018-01-31,0.20517547540395623,0.6807803871196767,0.5003928585432517,0.3962667606306474
2018-02-01,0.3302830436823658,0.7696731754241404,0.6000575833756994,0.4693559491691042
2018-02-02,0.4802390644792434,0.8636222749474209,0.715170690743285,0.5694154941012106
2018-02-05,0.605939096794762,0.936887082464246,0.8132998130906661,0.6506096424224281
2018-02-06,0.6169108220135039,0.9500456238464055,0.8005566595519363,0.646124437321178
2018-02-07,0.6205005176587491,0.9537461178655974,0.7888641944384219,0.642859025744218
2018-02-08,0.6482244238267784,0.9674682629004182,0.7779379820171444,0.6436789945258453
2018-02-09,0.5921662455521043,0.9189021479860644,0.6916836902424576,0.6007376696798108
2018-02-12,0.5573897183781811,0.8767182360034093,0.6243494614800069,0.5863205552314382
2018-02-13,0.5215156803887235,0.8316214665016013,0.5584338770704087,0.5665527150078981
2018-02-14,0.49135939983356575,0.7838604649406767,0.5073350899192769,0.5524065070269168
2018-02-15,0.4641260768705219,0.7267647873304014,0.4666265815898668,0.537208707423925
2018-02-16,0.4492331098754497,0.6635559356814673,0.43060180455303876,0.5214250611866942
2018-02-20,0.43074791431251347,0.6047053827781997,0.41100182395506546,0.5139309998043419
2018-02-21,0.40573866442822404,0.5570655322823295,0.41297415165742424,0.514524542199725
2018-02-22,0.38642342475195046,0.5333839366132598,0.41230285443950726,0.5124022566515927
2018-02-23,0.3882162038426418,0.530111136849953,0.4038006893043216,0.5378199634782302
2018-02-26,0.37425758362824174,0.5056556474175374,0.4024698871867198,0.5652848086317454
2018-02-27,0.350762062181952,0.4850571371654651,0.39128620820631776,0.5924853098384333
2018-02-28,0.3190149854302948,0.4774198581432013,0.3800049819243025,0.6118699581770032
2018-03-01,0.28394040586751906,0.47154109502980224,0.3464704317639926,0.6000777808811116
2018-03-02,0.23961663049634185,0.444879129183723,0.2877856162357851,0.5928875340341705
2018-03-05,0.2272984909689178,0.42974454594917294,0.2515291535663254,0.5696373305994763
2018-03-06,0.20786319307073053,0.4287545841369502,0.233146144980908,0.5520470533030378
2018-03-07,0.19964450160398045,0.44606464426918324,0.23319497270957998,0.5431834317251989
2018-03-08,0.204185148530327,0.47477628878529327,0.22331801054346814,0.5354105880166612
2018-03-09,0.22045219358305115,0.5108984196916145,0.21990821081265766,0.5279647752923223
2018-03-12,0.2361857910482406,0.5571668833504958,0.2004983653326066,0.5063296573476128
2018-03-13,0.2647793133075338,0.6072734198438484,0.1943929496338451,0.47543055136429585
2018-03-14,0.30177253762739437,0.6415880373185091,0.20204695642897694,0.45817127083499204
2018-03-15,0.3308761772569797,0.6851704779050315,0.22944122434381878,0.45433885961510423
2018-03-16,0.36471837637395677,0.7225929331711607,0.27581523575191813,0.4630447273603313
2018-03-19,0.40622904514783653,0.7811421534285792,0.3200274811580034,0.47313473378543386
2018-03-20,0.44578325700284416,0.8288712370650798,0.35911528304748586,0.47981555959424343
2018-03-21,0.4986282377013751,0.8931848574998045,0.42267257776210676,0.49019978969917427
2018-03-22,0.5633281256585532,0.9768464488491106,0.49709860815999896,0.5147055672942417
2018-03-23,0.5748718568738542,1.045868953273503,0.5127047971748669,0.5261720524465208
2018-03-26,0.5659309743270913,1.0770782950420672,0.5183264769053304,0.4995314423097956
2018-03-27,0.5224992499945305,1.0546922503902652,0.48732018876399236,0.46476511636692813
2018-03-28,0.47830571682729495,1.0130806631231424,0.4538717541218719,0.44186008721018066
2018-03-29,0.4520016207732908,0.9716110578734403,0.431951539938189,0.4270784687339536
2018-04-02,0.4420855678301542,0.9271427853157572,0.41176521324293835,0.41472407004389733
2018-04-03,0.39925507020041157,0.8481518349069407,0.37934158765409826,0.3789888692464691
2018-04-04,0.32955932322859605,0.7961685291553371,0.33969516727359333,0.3340116794775117
2018-04-05,0.27341240843834624,0.7527440884963668,0.30565212779331213,0.2987160419868105
2018-04-06,0.2293601428756525,0.7101401503843977,0.2871784076640485,0.2504979226686584
2018-04-09,0.15326992864482816,0.6535516251593741,0.21580907939669774,0.1845713852982113
2018-04-10,0.07732629707956361,0.5990026551362071,0.1634718907168954,0.11946462471329208
2018-04-11,0.006309572277883593,0.5211167252978729,0.10459118503273035,0.018575292438156497
2018-04-12,-0.06387216763766185,0.4558130731120407,0.04188929558474394,-0.05697583951931722
2018-04-13,-0.13661313510193865,0.39934391805468594,-0.016499503428497042,-0.13050265204195827
2018-04-16,-0.19079311238228344,0.35306449382164373,-0.06190585110038633,-0.19837489369880715
2018-04-17,-0.23185406028442532,0.3365782327822516,-0.0971791919640226,-0.27083765884809297
2018-04-18,-0.27850996876616946,0.3167571770159291,-0.12334289022294155,-0.34026684802715157
2018-04-19,-0.31868593375104964,0.3131249289326795,-0.13600515969246654,-0.4040040784678467
2018-04-20,-0.33607568666928905,0.3027994529471502,-0.15612923908645207,-0.45871449095527667
2018-04-23,-0.3643701295748765,0.2767827127192682,-0.1795908073104514,-0.5129098565242697
2018-04-24,-0.38468330314712396,0.2521034141393578,-0.2000891942887005,-0.5579343991141905
2018-04-25,-0.4108061827160961,0.20172219699535898,-0.25131112137881856,-0.5841883773857227
2018-04-26,-0.4216746096403527,0.17147005843612567,-0.2951057788051102,-0.5958071478958228
2018-04-27,-0.4568438240077525,0.11238698339717888,-0.3346405171391585,-0.5804099734282786
2018-04-30,-0.5006377618376249,0.0595181436584465,-0.36296586033411105,-0.5601357669830744
2018-05-01,-0.5526524577571144,0.017441002358820998,-0.37543550088878613,-0.5492012979641249
2018-05-02,-0.5781627139357607,-0.03821473823610423,-0.3815920803221866,-0.5164121193842554
2018-05-03,-0.6134144600322821,-0.07617951157387347,-0.3944458504860273,-0.4893182359683416
2018-05-04,-0.6297570352798079,-0.09089925790571543,-0.3874766002395795,-0.46110155469454794
2018-05-07,-0.6639951419797082,-0.13074479178197518,-0.42441103267107183,-0.4631638811043524
2018-05-08,-0.6867006155793814,-0.1709352025681474,-0.4729150988899902,-0.47295353242939064
2018-05-09,-0.7008560791503338,-0.20655910756048323,-0.5004349783710244,-0.48021037100852637
2018-05-10,-0.7310695723459636,-0.2401284360236581,-0.5313052511461143,-0.4968433018006023
2018-05-11,-0.7752225162452966,-0.27819657485921706,-0.5622092404933794,-0.5163286389684746
2018-05-14,-0.8155289570375994,-0.30296812150278823,-0.5679985764030693,-0.5314444175204474
2018-05-15,-0.8477874152153736,-0.3227054611478147,-0.5639404505560254,-0.5452615165736084
2018-05-16,-0.8778993574589142,-0.3448937228721068,-0.5638494609485546,-0.546275132787903
2018-05-17,-0.9080121085779645,-0.352626912767375,-0.5676259812521178,-0.551930714884662
2018-05-18,-0.9261857870877148,-0.35769541669252375,-0.5485126325770351,-0.573900299075105
2018-05-21,-0.9319340007948439,-0.3430979852723797,-0.5286302085861169,-0.586523325539697
2018-05-22,-0.9283199944812639,-0.3281802460458987,-0.5242071724794397,-0.6173652714238927
2018-05-23,-0.9287102698593023,-0.31662979350043724,-0.5161177920957098,-0.6345611331801622
2018-05-24,-0.9318437807747242,-0.3160892683931768,-0.5008876330183409,-0.6579256120424766
2018-05-25,-0.9457182330924553,-0.31205776588058487,-0.4887416830656373,-0.6740801422655959
2018-05-29,-0.9459057430177408,-0.2993768861457116,-0.45972104849073864,-0.6724808777926772
2018-05-30,-0.9867555358374539,-0.29437949045059786,-0.49980918485454195,-0.6617891420170169
2018-05-31,-1.0422899568830422,-0.2971764031593291,-0.5369468656987109,-0.669586386346663
2018-06-01,-1.0780588878224153,-0.29543012654937556,-0.5760688067492059,-0.6943510289309186
2018-06-04,-1.1334496974865336,-0.3305727038957216,-0.6077526999751718,-0.72353194108723
2018-06-05,-1.183173995428621,-0.3811726257245471,-0.650102881936789,-0.7635398061930311
2018-06-06,-1.2361043471385138,-0.4112194524784336,-0.6796330353627457,-0.7849535065385825
2018-06-07,-1.302557406693629,-0.440967644013926,-0.7357240447380544,-0.8014474700222269
2018-06-08,-1.3493147243146413,-0.47132529646528654,-0.7823556290205029,-0.8219874071315162
2018-06-11,-1.381153577105682,-0.49530184264387694,-0.7971950634483376,-0.8344100647032415
2018-06-12,-1.3986106267260594,-0.5030131966586652,-0.8183400915957987,-0.8387311502421325
2018-06-13,-1.4032299154452073,-0.49005147556491446,-0.8251225437522139,-0.8382884125676926
2018-06-14,-1.4116142990215335,-0.45570121772269706,-0.8248086046401237,-0.8410305830564654
2018-06-15,-1.4157557785917647,-0.4317377362268987,-0.8167927972382144,-0.8357578089293203
2018-06-18,-1.403288791848862,-0.41035444089676026,-0.7958309621092405,-0.8138627927648223
2018-06-19,-1.3664846181700168,-0.3705447397751133,-0.7744873131962716,-0.7712658886129395
2018-06-20,-1.309869216646168,-0.31028379740548095,-0.7976025760846693,-0.7187571809177423
2018-06-21,-1.233462388137762,-0.2525164386781872,-0.8199540081528899,-0.6781056393539889
2018-06-22,-1.1549104351365638,-0.2149505091894362,-0.8536736033742044,-0.6383929964777634
2018-06-25,-1.0641033527704058,-0.16477063993045835,-0.8625389137995154,-0.5925393505120554
2018-06-26,-1.0456460098945115,-0.17316811179038888,-0.919688513947083,-0.5747627183478974
2018-06-27,-1.0201522999842778,-0.16053868839646188,-0.9529069632164938,-0.5443262040474848
2018-06-28,-1.0086813728269235,-0.18085873141113623,-1.0019288943791742,-0.5354702069513395
2018-06-29,-0.995863772783241,-0.19840341900881417,-1.0432238145069768,-0.5295566673850562
2018-07-02,-0.9855178353843604,-0.19876177221918687,-1.0572065991191046,-0.5179328125835189
2018-07-03,-0.9622353936007034,-0.21102261047728285,-1.058068924744876,-0.5108900425972616
2018-07-05,-0.9397139130091302,-0.219245482886838,-1.0512659815601253,-0.5037868769923532
2018-07-06,-0.9248679237131029,-0.23022677356366675,-1.0511696847699012,-0.49519914726666325
2018-07-09,-0.9082470582678908,-0.2549633105789704,-1.0483119373361576,-0.4992848547197757
2018-07-10,-0.9018497666217463,-0.2696857548928427,-1.0919215410206486,-0.5118858162962151
2018-07-11,-0.9032009851034567,-0.2654893886928756,-1.1293945052381935,-0.5195484955089363
2018-07-12,-0.9036828543684848,-0.2628010416694844,-1.192204806244369,-0.5403985214355359
2018-07-13,-0.9195386500839613,-0.29041206671713554,-1.2507672701380825,-0.5604773960153563
2018-07-16,-0.9182105685335751,-0.32257949223013427,-1.3052460479069599,-0.5704450942494831
2018-07-17,-0.9272649389229286,-0.3372153177922124,-1.318909650878142,-0.5759605612628579
2018-07-18,-0.9158322673376827,-0.3352750871160553,-1.327861086414481,-0.5812660706475913
2018-07-19,-0.8955441503247408,-0.32251874529844876,-1.33967391738536,-0.5924927596172658
2018-07-20,-0.8869736588365078,-0.3077813931011283,-1.366388095325657,-0.5914502843454514
2018-07-23,-0.8723993284393552,-0.2861615550463241,-1.3839984403992018,-0.5856712817750486
2018-07-24,-0.8619073437101592,-0.26739725620658883,-1.386152556615446,-0.5909056360279018
2018-07-25,-0.8554635871304376,-0.24227101369383655,-1.4031727574759247,-0.5978204056006055
2018-07-26,-0.8586305676532677,-0.23669262365919602,-1.4106715629364974,-0.613190207954749
2018-07-27,-0.8405814656653009,-0.2508910137613309,-1.4291486483525555,-0.6215646800148497
2018-07-30,-0.825618302722568,-0.28795789958219375,-1.4380218337097894,-0.6604963005131741
2018-07-31,-0.8157722656883993,-0.34579451128692495,-1.4625416301868288,-0.6995776590750254
2018-08-01,-0.8187096632810898,-0.3990655232790779,-1.4719449851816995,-0.7364823508806888
2018-08-02,-0.811229730919529,-0.431130026725898,-1.4793624392889098,-0.7662894539452717
2018-08-03,-0.8411301841575951,-0.4778153434382386,-1.474570020982252,-0.7954918896323883
2018-08-06,-0.8563122951181633,-0.5220008605900079,-1.4544152036263318,-0.8090103006138221
2018-08-07,-0.8775100605286125,-0.5543475353874957,-1.4168046809904609,-0.8148268527027056
2018-08-08,-0.8874624544471911,-0.5869445119906992,-1.376867684094041,-0.8101706532450125
2018-08-09,-0.883032829345933,-0.6166030673742368,-1.3156415889693396,-0.7849571770904118
2018-08-10,-0.8797578677744123,-0.6440968985821971,-1.2521228817950687,-0.7276928215100125
2018-08-13,-0.8956882673603804,-0.6839668788183751,-1.2033758254536364,-0.6763618997254923
2018-08-14,-0.909285843584486,-0.6933594983099063,-1.1715175681743064,-0.6393315879812231
2018-08-15,-0.9266076749646198,-0.6850740938888568,-1.1245522077215417,-0.6214726624124055
2018-08-16,-0.949870598066724,-0.6943876170982007,-1.0863409105333781,-0.6173852251374006
2018-08-17,-0.9818537413457995,-0.6890617684582147,-1.0962076325650565,-0.6187513276461044
2018-08-20,-1.0067645466082724,-0.6691083737140583,-1.1230475430437532,-0.6265372676960043
2018-08-21,-1.0168805501168292,-0.6300127608269059,-1.1323124750353157,-0.6265225036628167
2018-08-22,-1.0255522443264904,-0.5784747930588183,-1.1484863425470895,-0.6398610909329508
2018-08-23,-1.0454134952393892,-0.5438623020932948,-1.1614934517124371,-0.6444358684181039
2018-08-24,-1.0699762846135958,-0.5064617540501338,-1.1741035081679652,-0.6626118873961556
2018-08-27,-1.0698364310981936,-0.47783525425975387,-1.1809679991972102,-0.6783667836556848
2018-08-28,-1.1055813008598,-0.4476557402784683,-1.2024881484387422,-0.6892872069383259
2018-08-29,-1.128492401816959,-0.4157979914750667,-1.2085144538697152,-0.6948521556456162
2018-08-30,-1.1305181527420272,-0.39048277284019833,-1.2025723152867518,-0.7081704666852473
2018-08-31,-1.1316988811878586,-0.3488479507707988,-1.2075654403388127,-0.713972800701592
2018-09-04,-1.125647379055181,-0.3059174577453936,-1.2318868453210643,-0.7091265707818919
2018-09-05,-1.1215260505815168,-0.26004853516752746,-1.2421058664234028,-0.6950755379473129
2018-09-06,-1.1069996024446656,-0.24003467169037335,-1.258402260457141,-0.6820516486157786
2018-09-07,-1.091086930221738,-0.22621144757519782,-1.2582314475064598,-0.6688903922176944
2018-09-10,-1.0581389412578202,-0.21847292821025488,-1.2409298438058918,-0.667851670879509
2018-09-11,-0.9927899076981137,-0.18831862101082963,-1.210657263752535,-0.6360131672307707
2018-09-12,-0.9271606738304974,-0.1717072142335669,-1.1671232894118992,-0.6080342248543483
2018-09-13,-0.8630518460225381,-0.12273382421461744,-1.1018074873289745,-0.5910615609621951
2018-09-14,-0.8153886096061416,-0.07349593275754278,-1.0313283050740474,-0.5548900206501567
2018-09-17,-0.7621005053141864,0.0010209865964982444,-0.9433831711568368,-0.5131262430572358
2018-09-18,-0.7242930236547425,0.05673018685587927,-0.8579905939792981,-0.4653416747230813
2018-09-19,-0.6776220347592544,0.11626474085874343,-0.7753295903433071,-0.4105848923891651
2018-09-20,-0.6147145165264346,0.17543285366593833,-0.6890686576813695,-0.3613764278032607
2018-09-21,-0.5844601681353273,0.23636613869467524,-0.6332980805920356,-0.3082312026503583
2018-09-24,-0.5504457338101266,0.29736634969589687,-0.5803440098570981,-0.24857009007193875
2018-09-25,-0.5153963414577373,0.36357740026176044,-0.5350708340242504,-0.18076792495423755
2018-09-26,-0.460158323234101,0.44051426121964543,-0.48087495369465405,-0.12377121967547754
2018-09-27,-0.3917385644994705,0.5136346731420927,-0.4317874883074308,-0.054460207143027746
2018-09-28,-0.30841738808085645,0.5936820476164466,-0.3695788638823943,0.03284981968631497
2018-10-01,-0.23511495202382704,0.6746695078067192,-0.29549837826557085,0.11350682043187275
2018-10-02,-0.1337979181016161,0.7523102970749282,-0.221291466039507,0.18570445838131908
2018-10-03,-0.03392891369863344,0.8392173710539754,-0.13972579343619007,0.24573863775717794
2018-10-04,0.0628268795534194,0.9170877512176318,-0.052241429269134755,0.29414399119635753
2018-10-05,0.16595908773812557,0.9890212442661906,0.047544647351059725,0.3314741200542507
2018-10-08,0.27679172227271387,1.0740134055379174,0.14608094429576984,0.3792254831659275
2018-10-09,0.38672566282546994,1.1487944468136293,0.25372041069837736,0.425606333421619
2018-10-10,0.5163651712184362,1.2349127257215289,0.39131780736516275,0.4946180609392037
2018-10-11,0.5686157825412367,1.2595316241370198,0.45067211827126985,0.5350906272274124
2018-10-12,0.5978246872127984,1.2910036613625755,0.4680613889343996,0.5412534375394654
2018-10-15,0.623932864477203,1.318267600448953,0.4898787146588941,0.5568923536246233
2018-10-16,0.6579280731686369,1.3503101293214594,0.5081340831785097,0.5707229531001242
2018-10-17,0.6710817612168761,1.3784602804930757,0.47866509192044704,0.5646864609666732
2018-10-18,0.6980236535531603,1.41496993955886,0.45957382363216587,0.581820835387963
2018-10-19,0.7083131584339221,1.4520366772708762,0.46489368416531823,0.5867424753233964
2018-10-22,0.7311643929744492,1.483023066516593,0.48884793630135875,0.6033267668683928
2018-10-23,0.7676283843193142,1.5228007712317846,0.5061419746904167,0.6101481407128797
2018-10-24,0.8178514390781892,1.5579323879259885,0.5347383316512353,0.6315785686122994
2018-10-25,0.7962681024789211,1.5490389995825267,0.5261888219330415,0.5988929450238148
2018-10-26,0.7715592091245528,1.509378869041467,0.5074339317437168,0.5632043395779237
2018-10-29,0.7375377389924475,1.4670985158286434,0.4850594962840206,0.5262602319397798
2018-10-30,0.700950132908076,1.424358760143598,0.45659408470059687,0.5089037569636288
2018-10-31,0.6603671760105019,1.37326427583138,0.43673795895608786,0.4762084363629696
2018-11-01,0.6221440812941963,1.3414348407922725,0.4183297193904558,0.4203517978398579
2018-11-02,0.5854447107504218,1.3057768273983952,0.38847507780835994,0.37309791886909754
2018-11-05,0.5768236254410543,1.2754612252833564,0.38229029920696217,0.3559225264358167
2018-11-06,0.5867354047495926,1.2685124765743516,0.3916990962551533,0.3490983044650549
2018-11-07,0.6005367855024718,1.2755440132431604,0.40423306657210534,0.3443613623774936
2018-11-08,0.6056628169989994,1.2626017855010558,0.4229144393502788,0.34730916783136534
2018-11-09,0.6118369547083073,1.259823394774424,0.44464192457523016,0.3597560335619532
2018-11-12,0.6275409450564496,1.2446593850401495,0.4808431179116725,0.3352348300319126
2018-11-13,0.5970919610801445,1.218353986745298,0.47370576836960243,0.30701451464962376
2018-11-14,0.5959089307591046,1.20701422371898,0.47405227867533706,0.29012293939085204
2018-11-15,0.6109629813667877,1.208040201176775,0.49436128571491306,0.27667550207556085
2018-11-16,0.6220590473968426,1.2222723270860048,0.540893165320781,0.27710907691146747
2018-11-19,0.6394017780948531,1.2514751898951848,0.5955938647820913,0.2936974558448844
2018-11-20,0.6364292233804113,1.2371904604610109,0.6426704576323574,0.3171072672026928
2018-11-21,0.6191784323383575,1.231338985473727,0.6529548665221241,0.30543942728881585
2018-11-23,0.6057513508628763,1.236095250679619,0.659407496462101,0.30487650308391684
2018-11-26,0.6041200898013781,1.2648884518204198,0.6794907114488045,0.31216887320524456
2018-11-27,0.5972634260706673,1.290297397406239,0.7049195028930532,0.33148605964919015
2018-11-28,0.6086775075012992,1.3130455453884262,0.7562955118695853,0.37715057058551094
2018-11-29,0.6176213962262886,1.314753297517663,0.7948498865034986,0.40816158081081905
2018-11-30,0.6269383610329298,1.316271972110483,0.8582478858809048,0.4787722074274195
2018-12-03,0.6610738516816749,1.3333950144241349,0.9276884952646992,0.5519696184629619
2018-12-04,0.6944328814574869,1.3521280215087597,0.9909038103847236,0.6426457877480478
2018-12-06,0.6783616334031902,1.3273325474301518,1.0027424056246674,0.6249069371384773
2018-12-07,0.6799112370418117,1.3093577110730077,1.005577480810593,0.6136798691910127
2018-12-10,0.6614987474894651,1.2693669615145156,0.989526569325082,0.5928256726840317
2018-12-11,0.6565027670884444,1.2475512958363744,0.9885133279292397,0.5884976732915885
2018-12-12,0.6576621040690883,1.246950411267166,0.9924949059318617,0.6017723276567623
2018-12-13,0.6913682605348211,1.270664523911879,1.003842477936173,0.6354994693865094
2018-12-14,0.7389113824598837,1.2920875999430903,1.0273199115816911,0.6664059769963012
2018-12-17,0.7759021546819176,1.3074322072495541,1.0491306224083798,0.7037574303771448
2018-12-18,0.8055814633089451,1.32408545821306,1.0662883857717187,0.721212823340696
2018-12-19,0.852104226542682,1.3665664337722474,1.0874282218166484,0.759060824722766
2018-12-20,0.9026963543280783,1.397345412159902,1.1081951592613846,0.7938894480523662
2018-12-21,0.9577296750496659,1.4166654631134181,1.1184651439084479,0.8215281021241281
2018-12-24,0.9990477055077733,1.4127973176714779,1.1237081816326877,0.8339135699604427
2018-12-26,1.0179427990374057,1.3993669405008604,1.0924872205775311,0.8305100398317241
2018-12-27,0.9663677221330051,1.3208804047110048,1.0060133163620157,0.7628124474473587
2018-12-28,0.9197844190450868,1.2590491764066496,0.9272449051176479,0.7067830742023243
2018-12-31,0.8803218924735119,1.2212793869808507,0.8747081877376623,0.6662730502760351
2019-01-02,0.8338186016597106,1.181273953345835,0.8369376595553166,0.6355575700042376
2019-01-03,0.788903422900072,1.145460361185689,0.8045124581838788,0.6174470085063503
2019-01-04,0.7289604347177472,1.0826451952289786,0.7317087175042432,0.5969398026370365
2019-01-07,0.6249462667090954,0.9716594136974929,0.6264186162386226,0.5305272147961291
2019-01-08,0.5362282107456567,0.871202210907461,0.5224208076258736,0.44589507088588526
2019-01-09,0.4609616420614068,0.7898213016213854,0.4320134824801887,0.35511272079190864
2019-01-10,0.3803762676340605,0.7317424642262073,0.35075697193617933,0.2689494131871225
2019-01-11,0.30879759829547754,0.6823749702258528,0.26660012012739587,0.178086068510259
2019-01-14,0.24363830726762037,0.6515079994235342,0.19329833810643895,0.08001604800862501
2019-01-15,0.19134602383688232,0.6297776834105546,0.13104545229869735,-0.010070533187853186
2019-01-16,0.15330342153187085,0.5798819250747154,0.06226666921417736,-0.08166372637161558
2019-01-17,0.1165924820583526,0.5497788346187805,0.006936409915201979,-0.16638323086296605
2019-01-18,0.08821982796008214,0.528882852491112,-0.05622854831646801,-0.23706093195426292
2019-01-22,0.0506879902891857,0.5040214341162226,-0.12220293256153011,-0.2959040270901873
2019-01-23,0.010375152043380345,0.4540479047000745,-0.19060251444382129,-0.3786648325256765
2019-01-24,-0.009639699145365731,0.4242213285746689,-0.2411434654563042,-0.4581445874103985
2019-01-25,-0.04237591772701866,0.398870011465366,-0.30074159874960926,-0.5202815811217917
2019-01-28,-0.07956082146342451,0.36203341019179325,-0.32998711149736354,-0.5910810988079068
2019-01-29,-0.12069958319094184,0.32308063968429596,-0.3579797633099958,-0.650341835856299
2019-01-30,-0.16780007133584043,0.28093960578579025,-0.3909482050511733,-0.681609384675585
2019-01-31,-0.2254759065646184,0.1929447776801667,-0.45558880002941426,-0.7165544384223184
2019-02-01,-0.2887317288296032,0.09679425286395482,-0.5105228227981367,-0.7437424308617689
2019-02-04,-0.3347512382840287,-0.00018149029921973858,-0.5466549309301583,-0.7558077829520472
2019-02-05,-0.3831727371819444,-0.10029584598583993,-0.5669506122864992,-0.7911278414983806
2019-02-06,-0.4244512783644969,-0.21227848731468063,-0.5879855357414869,-0.7916551108141167
2019-02-07,-0.4569933365993808,-0.3092102099822268,-0.591945362625606,-0.7805929898440794
2019-02-08,-0.49673151917975933,-0.430252088444226,-0.5942834157903291,-0.7571437010364538
2019-02-11,-0.5244267926981054,-0.5380020588090054,-0.582986257132365,-0.7168656851586556
2019-02-12,-0.5537166752458079,-0.6205258778146268,-0.5637663406683232,-0.6956281885014273
2019-02-13,-0.604834147285828,-0.7348087301147499,-0.5546056124017349,-0.6727371767404308
2019-02-14,-0.6533811154391205,-0.8145452538425334,-0.5292181824032695,-0.652881676278901
2019-02-15,-0.6920232882571457,-0.8732861683950102,-0.4959321791889036,-0.6283447941217939
2019-02-19,-0.7416064388388834,-0.9179095184317057,-0.5243470273170946,-0.6312636195703518
2019-02-20,-0.7901416597613882,-0.962071589370272,-0.5470383539020616,-0.6267595313605921
2019-02-21,-0.827100796304466,-0.9951600722559524,-0.565780155332395,-0.600618131982972
2019-02-22,-0.836960643627449,-1.0240773635366616,-0.583587397140295,-0.5563479502895914
2019-02-25,-0.8559054901425651,-1.049774930879929,-0.5908207810029575,-0.5029276393448481
2019-02-26,-0.8651190141136575,-1.0804008677043127,-0.6022712215313116,-0.4441529446611295
2019-02-27,-0.8732502008389496,-1.08919327221946,-0.6136598549271556,-0.38618785185615395
2019-02-28,-0.8685839908135248,-1.0871545086171446,-0.6159100860000866,-0.32769400647524544
2019-03-01,-0.8597836855277045,-1.0668618431750134,-0.6152850654923178,-0.2734988878256793
2019-03-04,-0.8463660375286504,-1.031113519333927,-0.6220915514297306,-0.20662213303529584
2019-03-05,-0.837080321186062,-0.981951382208137,-0.6475793841969155,-0.13581379313736994
2019-03-06,-0.802935533258751,-0.9180481640381529,-0.6620186691153521,-0.07333140423249451
2019-03-07,-0.7746627998388219,-0.8342672834185471,-0.6799147247285513,-0.05031427681833236
2019-03-08,-0.7432569603677012,-0.777689231959158,-0.6999864080802548,-0.03416839799288997
2019-03-11,-0.6989312027459043,-0.6940208176879296,-0.7243010520521227,-0.010395872012013202
2019-03-12,-0.6911768009188415,-0.6938196055143983,-0.7421067809970372,0.00047059081046824336
2019-03-13,-0.6727433278593333,-0.6816078652460474,-0.7514700142309256,0.0146729782958352
2019-03-14,-0.6665329820104808,-0.6613783309422856,-0.7753501378962806,0.03917087306181651
2019-03-15,-0.6419573313211683,-0.6322079907055246,-0.7874388641790437,0.08096699892894045
2019-03-18,-0.6258856663618693,-0.5906954376150844,-0.7793002612004463,0.12363617959918101
2019-03-19,-0.5992989926970763,-0.5295508810263321,-0.7592555485985392,0.17544883160234387
2019-03-20,-0.5530464883719485,-0.4575392396435014,-0.7249313578003209,0.22298196540234133
2019-03-21,-0.509045001995833,-0.3758354308626491,-0.7064762716111357,0.2717457068853467
2019-03-22,-0.4811042036469352,-0.32709772743165805,-0.7000733902686218,0.3242763813518276
2019-03-25,-0.5214067864412513,-0.3569328817750566,-0.7458302572315584,0.29701590401518796
2019-03-26,-0.5449317624631105,-0.39058697824756894,-0.7833849479423051,0.2740254758638562
2019-03-27,-0.5783707353626426,-0.42543836353920333,-0.8208659669657554,0.25642924563884373
2019-03-28,-0.610176128601035,-0.4568480648418367,-0.8583779124840795,0.23626245880083901
2019-03-29,-0.6492189073138833,-0.4857016644139432,-0.8856235631819533,0.22877422839287845
2019-04-01,-0.6881729006113261,-0.5135534965035412,-0.9173590780398255,0.234106533487102
2019-04-02,-0.7489214911427503,-0.568814431086521,-0.9819345051738785,0.2371556701427022
2019-04-03,-0.7863762665810071,-0.6275685942835539,-1.0437278209040162,0.21965162365354723
2019-04-04,-0.821375372887143,-0.6880562324251683,-1.0960964861400788,0.21708975706362726
2019-04-05,-0.8750195206732905,-0.7289761393991938,-1.1411823640528613,0.20511753298871324
2019-04-08,-0.9303102119419028,-0.7769391754061719,-1.1602057096200498,0.2063267757961647
2019-04-09,-0.9731294375254441,-0.7973555919173407,-1.1764378873126868,0.21040627280628413
2019-04-10,-0.9907636812967097,-0.8268153583824674,-1.2143349109383779,0.1989091649647264
2019-04-11,-1.0065345941623725,-0.8414529889557131,-1.2385046091742606,0.16192098998592663
2019-04-12,-1.0140911779726391,-0.8515121821351443,-1.2442051913152075,0.13800596956097083
2019-04-15,-1.0183815149861992,-0.8543168775153777,-1.2864611723019437,0.11502974097468813
2019-04-16,-1.017079228476295,-0.8412710544431736,-1.3055372140334587,0.10137699318799692
2019-04-17,-0.9983895989079724,-0.8073936537127909,-1.304483828183657,0.09785018244000152
2019-04-18,-0.9624167108971782,-0.7740865178995158,-1.301463280906209,0.11112273325806028
2019-04-22,-0.9131859675864847,-0.7352362260441218,-1.2942384285506463,0.12457047624003005
2019-04-23,-0.8432525534383676,-0.6698690686891111,-1.275249564811674,0.13567607459519793
2019-04-24,-0.7908032885059115,-0.6220651154093887,-1.2599231253726275,0.1331637300375201
2019-04-25,-0.7339045367046956,-0.5823091839081702,-1.220269539102999,0.14657724836428018
2019-04-26,-0.6876081211699607,-0.5374937910712846,-1.1779198261858275,0.15352222098674384
2019-04-29,-0.6398868120293629,-0.46993377512502044,-1.1296180515211487,0.15405335453359612
2019-04-30,-0.5678438419005264,-0.3911368645593229,-1.063926372831044,0.1709240914378695
2019-05-01,-0.5052877217271007,-0.30256791858635934,-0.9744194321543631,0.19241378171370724
2019-05-02,-0.4429138929794776,-0.20541780274918023,-0.8894588693939788,0.2117147486186929
2019-05-03,-0.3736686555673944,-0.11271850060277498,-0.7960790484648332,0.22573118252393837
2019-05-06,-0.33689936259700554,-0.024252700659743345,-0.6984031268043552,0.21550287410092828
2019-05-07,-0.2938836686855231,0.0636406954362447,-0.6032129636544997,0.21651003102052482
2019-05-08,-0.2774116757981263,0.12735461585885655,-0.5634059968578626,0.20204018770196147
2019-05-09,-0.2514220056847328,0.21364764692212077,-0.5085734909351922,0.20517201772970312
2019-05-10,-0.2175270021087642,0.3107225505616048,-0.44677543487414806,0.223186311665067
2019-05-13,-0.16804241086673735,0.41851244999843695,-0.376658683618724,0.23982112374608394
2019-05-14,-0.1963600877936066,0.43155355383373045,-0.40773189094759904,0.19786943328432538
2019-05-15,-0.22288993490694467,0.4338074377938701,-0.4422206044214786,0.15922217593751134
2019-05-16,-0.24349820031555403,0.4310588019070327,-0.46790095138851295,0.1232399755874639
2019-05-17,-0.2509827577292584,0.43950529512082137,-0.48429980141994383,0.11049530001190246
2019-05-20,-0.2534473467843956,0.4429860685770177,-0.49225895346016807,0.09293173557033989
2019-05-21,-0.2648973744677258,0.4258311276716573,-0.4946335429265324,0.07250793473407494
2019-05-22,-0.27069176062402445,0.42780747134900166,-0.48394096483042615,0.05675230228728913
2019-05-23,-0.2699930800898974,0.4283447272991588,-0.45582037869852843,0.05158176146494042
2019-05-24,-0.2676861439530082,0.42989704000153195,-0.4469512773547137,0.00918304077629184
2019-05-28,-0.24541886185663725,0.42565112421263596,-0.43991541610391294,-0.021491317095677805
2019-05-29,-0.2202204905472846,0.4245188355418383,-0.43468239885299953,-0.050863518424828086
2019-05-30,-0.21024026624510103,0.4356584850306433,-0.4362824255154426,-0.0773424109373809
2019-05-31,-0.18270336936974396,0.43859084513226493,-0.4322456484184998,-0.10121297095525485
2019-06-03,-0.17135437825984787,0.42105508307167605,-0.43822769932569844,-0.12428600532275971
2019-06-04,-0.1606584562630677,0.37863134507654067,-0.4243563362719587,-0.14109185957045212
2019-06-05,-0.18983642490094868,0.3154527098672574,-0.4825817673770703,-0.1975977681481599
2019-06-06,-0.23818047142262316,0.254137070270132,-0.529320098715965,-0.23802485101409826
2019-06-07,-0.28362871214705176,0.21488731579901088,-0.5719426951263746,-0.28597766207694086
2019-06-10,-0.33720612514510934,0.1425350804528718,-0.6423638555937841,-0.3213170034609066
2019-06-11,-0.39409726967658154,0.08212309346822469,-0.6928081023750092,-0.3469146366977278
2019-06-12,-0.4529990431392227,0.03411881780244792,-0.7319262782717789,-0.3647403217053897
2019-06-13,-0.48746582433881985,-0.009940821981049761,-0.7717772943031648,-0.3742321727200947
2019-06-14,-0.5099145331369221,-0.052052980227307616,-0.8031274306529999,-0.39968370121338137
2019-06-17,-0.5473956015378243,-0.08385604178106763,-0.8178463326948398,-0.40744857538148194
2019-06-18,-0.5664516099147918,-0.10437302389893008,-0.8161624443618859,-0.4104285931913235
2019-06-19,-0.6102848715976599,-0.14446806769730933,-0.8685667910366626,-0.40543358290484244
2019-06-20,-0.6414872571135073,-0.1787842625108495,-0.9036770954093882,-0.39673090294793845
2019-06-21,-0.666320709027673,-0.20785412582057589,-0.96524568823572,-0.38755112533891406
2019-06-24,-0.681025618616758,-0.2217116790811965,-1.0166991145576016,-0.3804906608534215
2019-06-25,-0.7067416177042951,-0.2193643123799652,-1.0489329135375522,-0.36860721597590135
2019-06-26,-0.7613593925266935,-0.2652576260620814,-1.0888873127087002,-0.35841525060459495
2019-06-27,-0.7952741325546467,-0.2813790744676793,-1.1113961455681596,-0.34372740448666
2019-06-28,-0.7865813510551147,-0.2937112777524255,-1.132614799686098,-0.3477577958161313
2019-07-01,-0.7682399690222277,-0.30248648404814293,-1.1302330851329123,-0.3823340645444628
2019-07-02,-0.7572952185882618,-0.33027646499665997,-1.135828938576289,-0.3997099285116981
2019-07-03,-0.7289522905921657,-0.3475103216728012,-1.131548926032432,-0.41161357584008584
2019-07-05,-0.7124116974160541,-0.36728324847067373,-1.128881772604511,-0.41139021295879213
2019-07-08,-0.6804986798997401,-0.3779883057471646,-1.1127366050333567,-0.4097784969403964
2019-07-09,-0.6502034976861265,-0.38895643205220143,-1.0868721855941534,-0.4091990073542011
2019-07-10,-0.6273644905215489,-0.38860598077941844,-1.0414823831005067,-0.3883103787842386
2019-07-11,-0.6088085366020379,-0.4054242410353103,-0.9911250749413064,-0.37595167734924845
2019-07-12,-0.5810392695786801,-0.4142515707152838,-0.9538492118891534,-0.3480090333694187
2019-07-15,-0.5584050321885248,-0.41416586503777075,-0.9379249334554814,-0.3205120987699608
2019-07-16,-0.5204985035152506,-0.40980737135514334,-0.9058468155223327,-0.2966836187777695
2019-07-17,-0.4810431176358497,-0.40092035085881467,-0.8717101615021701,-0.25837802639524016
2019-07-18,-0.43376965944888546,-0.3817333476999832,-0.8099268213920654,-0.23078491725422087
2019-07-19,-0.3877878437067281,-0.3303841321414034,-0.737136246784252,-0.19021083706019104
2019-07-22,-0.3540823687762415,-0.2692163445263189,-0.6602927145437184,-0.14331238907105093
2019-07-23,-0.30829450639163986,-0.19488264443562578,-0.565868620863999,-0.06835737398926849
2019-07-24,-0.2773117608132407,-0.10736190532731268,-0.4741877857967302,0.018840894053513028
2019-07-25,-0.22558821594372847,-0.030577772571914477,-0.386790625429803,0.08297588792915124
2019-07-26,-0.15853979367948906,0.048422715342640796,-0.31031897970533584,0.15628630009384528
2019-07-29,-0.08878995449348952,0.1259764427394875,-0.23848937522534966,0.22312393369304967
2019-07-30,0.004861531068238028,0.22086917861652527,-0.15391436711065468,0.29841966089563615
2019-07-31,0.12346503070873353,0.3323374633579902,-0.05306263361453444,0.37305403936033055
2019-08-01,0.23418007335587657,0.4209462899372586,0.04070930242320266,0.4327538860099652
2019-08-02,0.33195052803328595,0.5174003912917345,0.10223810287797322,0.4876021338746129
2019-08-05,0.4217811855050352,0.6198248159669114,0.1862764771767404,0.5464795011175961
2019-08-06,0.4380456437821571,0.6277535167995549,0.19332772639766407,0.5626674190279479
2019-08-07,0.46823548180053176,0.6336725573923732,0.18571527065888488,0.6052423623150811
2019-08-08,0.5039674329622386,0.6433434467781485,0.1855940511533115,0.6548780491378892
2019-08-09,0.5433433376006411,0.6551641135467328,0.1909582320545194,0.6733198756074965
2019-08-12,0.5553936376839137,0.6800432129798872,0.20043610370972711,0.7048326881024428
2019-08-13,0.5858829213597857,0.6823464985541939,0.22434204996569707,0.7517701229417801
2019-08-14,0.5921605698653275,0.676899074818009,0.2488617726464923,0.8103684640288519
2019-08-15,0.5415805544219207,0.6454740379555158,0.1965849086408935,0.8217042462015189
2019-08-16,0.5121337631124062,0.6357341546216163,0.15548465563392935,0.8354102806637036
2019-08-19,0.46635430879971984,0.6220379022726645,0.10912810224021223,0.8322443264135169
2019-08-20,0.4215031732680306,0.5924336141879568,0.07337901147425646,0.8146770869392627
2019-08-21,0.37442949501021955,0.5686366581809509,0.05051189820537427,0.8041579021383444
2019-08-22,0.3464801664329222,0.5558907872072597,0.021185043073920024,0.8087406839578789
2019-08-23,0.33243039187318935,0.5425440665658978,0.005904708493695659,0.8254701065489336
2019-08-26,0.25957002619621794,0.4532218457785002,-0.047706895469966024,0.7829831416594897
2019-08-27,0.18899387532882722,0.3695558323876298,-0.09611932285508637,0.7477418637854896
2019-08-28,0.11302972520066826,0.296343530364467,-0.1468344288618667,0.7026762854238644
2019-08-29,0.051490545331973676,0.22941092103886393,-0.20217455969957032,0.6649131621942713
2019-08-30,-0.024968783055108405,0.1619117893360551,-0.2506319629274308,0.6161899393259668
2019-09-03,-0.09144453594446574,0.1090300645600163,-0.2840423113900302,0.5861595349999432
2019-09-04,-0.15877728776404995,0.06741100909658462,-0.3212602740827528,0.5599706898310035
2019-09-05,-0.22268370063776446,0.021398813107460883,-0.34224316600097354,0.5491247600493029
2019-09-06,-0.30519659351048073,-0.03462768035906413,-0.40037349152923124,0.5135256065682542
2019-09-09,-0.36115419284523437,-0.0789741546698623,-0.44186840617078277,0.5000056436798148
2019-09-10,-0.40144706090439575,-0.1297478953558312,-0.4824303207994495,0.4553930722532482
2019-09-11,-0.4469488511512547,-0.16786262066547653,-0.5064144929075364,0.39164624974372275
2019-09-12,-0.4824896008349409,-0.2082605545749029,-0.5519167276162638,0.3124965704455902
2019-09-13,-0.4997852058193674,-0.2507112804933258,-0.6076952771654496,0.23992029769512838
2019-09-16,-0.509661653207258,-0.3017856442914131,-0.6614717804124746,0.1772573937085191
2019-09-17,-0.4933613259708241,-0.33522412567982834,-0.7028972511997814,0.13802881551496618
2019-09-18,-0.46556560294482674,-0.3577777046387503,-0.7334678700031014,0.09060285492453769
2019-09-19,-0.44980642043970154,-0.3572390550673919,-0.7529124842448893,0.05975651562062365
2019-09-20,-0.43113025194980964,-0.33523984869607004,-0.7394324855954765,0.0477992667756421
2019-09-23,-0.4272037167293031,-0.3104373056764075,-0.7248494807164286,0.05341422429028303
2019-09-24,-0.4172174250491516,-0.26112206282993217,-0.69670022287192,0.05646607289444286
2019-09-25,-0.40636629256117784,-0.23746957571270957,-0.6728851008748455,0.054338236190741705
2019-09-26,-0.4002251451742049,-0.2217599272381703,-0.6279772152286431,0.034933444095023504
2019-09-27,-0.36924207358820144,-0.1844568566107477,-0.5723009378940512,-0.011999938550780444
2019-09-30,-0.3425214466063083,-0.15572861347102565,-0.5298283035695258,-0.05364782192333668
2019-10-01,-0.30978787942355923,-0.11765224033343485,-0.4708321655688577,-0.07494265110391864
2019-10-02,-0.2848243862350658,-0.08206164722316357,-0.4432430482276174,-0.12708563238733622
2019-10-03,-0.31461774594796565,-0.08739564058659004,-0.47843147437790734,-0.16057076165553497
2019-10-04,-0.33954274775913,-0.1025158634917606,-0.4900395014096894,-0.19022852608518423
2019-10-07,-0.3781878975398363,-0.13381214376735706,-0.5375504263394247,-0.21787780704453583
2019-10-08,-0.4245873561927681,-0.1591893794619682,-0.5827711557156843,-0.23948885330008166
2019-10-09,-0.5076289041895992,-0.20292416634624064,-0.6514921619129966,-0.27323875546007426
2019-10-10,-0.5879873649029909,-0.23231348104626848,-0.7144275897273727,-0.29785630051760237
2019-10-11,-0.6614308215305158,-0.25267261933701285,-0.7766636982777748,-0.3299212925928826
2019-10-14,-0.7463829011200642,-0.2988100513303586,-0.8449582907950614,-0.3898618397550047
2019-10-15,-0.8051979938778636,-0.3197170946657081,-0.8935324727551757,-0.4464444214061388
2019-10-16,-0.8738542935279792,-0.3435849397608109,-0.9589413897354857,-0.4966691651031735
2019-10-17,-0.9259468939902623,-0.35235570086508594,-1.0095247724480765,-0.5344238151625086
2019-10-18,-0.9625639230484107,-0.3672530164780588,-1.0423362284843998,-0.5830927547852702
2019-10-21,-1.0009279057428264,-0.40620515426138304,-1.0902996171229145,-0.6312112176280302
2019-10-22,-1.0582708714060862,-0.44324480490562435,-1.140926764250776,-0.6628927666681099
2019-10-23,-1.1122451554291324,-0.5013714077652828,-1.1647601106444263,-0.6771437826309282
2019-10-24,-1.155755367970855,-0.5535598934112392,-1.190324724114542,-0.6811011784433897
2019-10-25,-1.181896218484093,-0.6023346903606579,-1.2168560458372981,-0.6819893509874124
2019-10-28,-1.213796026970958,-0.6486689622841489,-1.230555862192651,-0.6764912711355621
2019-10-29,-1.2393748373931475,-0.7039716021367718,-1.2252218033443159,-0.6756216411456233
2019-10-30,-1.2701419472491726,-0.7577655338293338,-1.2040822659615287,-0.6702627890495854
2019-10-31,-1.2814957155063582,-0.8060647831035863,-1.171593237308706,-0.6631679081264001
2019-11-01,-1.2741827541889141,-0.8399852620478694,-1.1558313332283234,-0.6560675698412096
2019-11-04,-1.3010945888750314,-0.874948700237802,-1.1680720881999647,-0.7002232857350096
2019-11-05,-1.3297079600251975,-0.9125075898204662,-1.1661784555537598,-0.7606004482580985
2019-11-06,-1.3400738691249996,-0.9321704190117623,-1.1807437954308009,-0.798614767607614
2019-11-07,-1.3579478937241414,-0.9581355423044589,-1.1882833727708568,-0.834281302662463
2019-11-08,-1.3627959106148269,-0.969846788794187,-1.2053079132599551,-0.8677675464417831
2019-11-11,-1.3643720702043416,-0.9645416890828837,-1.2086424214888567,-0.9030525103226676
2019-11-12,-1.3650147807691955,-0.9599731971024265,-1.2012478570497038,-0.9342443201711208
2019-11-13,-1.3555683451268057,-0.9605930344341709,-1.1775422290188902,-0.9571708777158808
2019-11-14,-1.3491006060520045,-0.9551009164772397,-1.160053387764431,-0.9718283518735161
2019-11-15,-1.3401314462342422,-0.9428894610592762,-1.1491032891073434,-0.989182499482361
2019-11-18,-1.3519763793832558,-0.9320382513012195,-1.1519564497915573,-0.9852255866193768
2019-11-19,-1.355043798830587,-0.9090843737168374,-1.153427712631797,-0.9648338538239931
2019-11-20,-1.3446682815566964,-0.8574581123046536,-1.1466569467925902,-0.9305784720082435
2019-11-21,-1.3395728620782568,-0.8259341028469963,-1.137999362110743,-0.891662592951835
2019-11-22,-1.328035094137337,-0.7855647100102376,-1.1146671828385168,-0.8524959668191872
2019-11-25,-1.2975626544872618,-0.7421676096182049,-1.0923302444365988,-0.8090706187003681
2019-11-26,-1.2759564918594735,-0.724346927512441,-1.073377046497752,-0.8385921602249278
2019-11-27,-1.2570526601823466,-0.7017899315379774,-1.0243759520360223,-0.8690219235830121
2019-11-29,-1.2210767852823878,-0.6928596806847052,-0.9690884332833312,-0.884052797024582
2019-12-02,-1.1766049137837586,-0.6887704960138832,-0.9065763442074768,-0.8959419152857212
2019-12-03,-1.1525528296771101,-0.7201508892259291,-0.8733251430996173,-0.9035337485509289
2019-12-04,-1.1321012805615602,-0.7688537528156436,-0.8809718405160072,-0.9171059364585801
2019-12-05,-1.1175166682523736,-0.8257490623817916,-0.8855518420322789,-0.9276781748622116
2019-12-06,-1.0901604971212142,-0.8505664729312464,-0.8796098220613355,-0.924526111168369
2019-12-09,-1.0814593122740002,-0.8833784829960926,-0.9145628005713352,-0.9470302829085652
2019-12-10,-1.0808046851666866,-0.8841462252260464,-0.9363079350235335,-0.9450426242581663
2019-12-11,-1.0587514011270052,-0.8710357037113119,-0.9520868413482544,-0.9373688238682503
2019-12-12,-1.054837188290066,-0.8636422540268888,-0.9636430154725146,-0.9302383891170457
2019-12-13,-1.0550869843817199,-0.8458368277141369,-0.9829248614230407,-0.9499720405122025
2019-12-16,-1.052217074907377,-0.8108735153382355,-0.9904334594240933,-0.9952321297342908
2019-12-17,-1.0695286075896833,-0.7947110947656706,-1.0054116032755482,-1.0506331873331396
2019-12-18,-1.0747375285630663,-0.7584163336111123,-1.0089282401790232,-1.1171144997240372
2019-12-19,-1.0534939817152225,-0.7216012978914731,-1.0042157294034584,-1.1754465713286604
2019-12-20,-1.0252640913979547,-0.6835637879282197,-1.0076462105051243,-1.2068718829486824
2019-12-23,-0.9988702369365194,-0.6488574398220041,-0.9994354390278453,-1.2318978052104557
2019-12-24,-0.9804991389331684,-0.6114710748305855,-0.9858760743019097,-1.2291053320305039
2019-12-26,-0.9537912480656465,-0.5728837619279653,-0.9663263341263458,-1.2261595760409723
2019-12-27,-0.908641331127416,-0.5341875058719823,-0.9371309047243801,-1.2145754839240055
2019-12-30,-0.874759753412457,-0.48529722545089143,-0.8909648679813151,-1.2122510777704645
2019-12-31,-0.8255645960974874,-0.4484956990750194,-0.8535762133321372,-1.1860991206910632
2020-01-02,-0.7887680655095132,-0.4073349601492792,-0.8104567234370993,-1.1836380278315972
2020-01-03,-0.7711941254400299,-0.4189954618128594,-0.7788689369334394,-1.153983928242497
2020-01-06,-0.7820728560618102,-0.41838119582285854,-0.7545904744394929,-1.1273222696162826
2020-01-07,-0.7818105823483893,-0.4049785361131855,-0.7367432157906105,-1.082949315797204
2020-01-08,-0.7805518581460921,-0.382375292442516,-0.7241554219835052,-1.0213998463185037
2020-01-09,-0.7805397679549422,-0.3439784190902178,-0.7106483325208311,-0.9442474936873774
2020-01-10,-0.7640482660304266,-0.3042099588546754,-0.693878486424338,-0.8689480055697527
2020-01-13,-0.7378114826101081,-0.2546381346739708,-0.6679395938190678,-0.7842130337720389
2020-01-14,-0.7183282894345104,-0.21471390957013187,-0.6368709665773389,-0.6969934166896097
2020-01-15,-0.691773610040125,-0.1823200790326483,-0.5908900121646022,-0.6109356541530715
2020-01-16,-0.6520121090254329,-0.1385148979875384,-0.5407353262073564,-0.5184719880680551
2020-01-17,-0.6326576250826573,-0.11318363658785084,-0.4946864633600303,-0.4522995123043534
2020-01-21,-0.5874106080214186,-0.07639718070104153,-0.4337679994940642,-0.37512200330588136
2020-01-22,-0.5313120604092044,-0.01773968397991536,-0.3554881443729934,-0.30545084777944054
2020-01-23,-0.463972799354948,0.03974702398671147,-0.2632937386639938,-0.22031507198664935
2020-01-24,-0.3764504711619297,0.1128665473975582,-0.16254799025487104,-0.11269004135942241
2020-01-27,-0.30576047550487284,0.1965902233917751,-0.06421688687653397,-0.031802105251150424
2020-01-28,-0.25679414844820897,0.23699137936120587,-0.002159855848449965,0.042309553526461915
2020-01-29,-0.20519859207280974,0.28819407456021173,0.06425704280580408,0.10964521375030557
2020-01-30,-0.1412608112913337,0.3561524808293752,0.1460048195932742,0.16434207074658083
2020-01-31,-0.0652403457706572,0.4356214453990997,0.2367872103967363,0.2546012641600625
2020-02-03,-0.023742911845325513,0.5002652648343108,0.27953134807564894,0.30618212259091265
2020-02-04,0.02479569335887931,0.5555962922845629,0.3173831098108477,0.36327123026316605
2020-02-05,0.06535700498656898,0.5827860200061814,0.3657614842095781,0.43894906002339895
2020-02-06,0.10683574794647054,0.6185997916554236,0.3768370195185595,0.4917758339780067
2020-02-07,0.16849015222599376,0.6519616286720107,0.4135530729163402,0.5465719027989568
2020-02-10,0.2574840578532161,0.7072657039859731,0.4617594943471361,0.5941981795571881
2020-02-11,0.3491825585010368,0.7864108936815305,0.5211798544660151,0.6659421606369151
2020-02-12,0.4497054495839355,0.8838459882258167,0.6020462853417272,0.7509335055153122
2020-02-13,0.5427333330253159,0.9922420608930548,0.6947420239025739,0.8390199944754083
2020-02-14,0.6524929696026734,1.1075121175978972,0.7897240779284737,0.9278530014016523
2020-02-18,0.7575585197650551,1.2247344724314944,0.9203308485852082,1.0321852268351508
2020-02-19,0.8665538490938873,1.3298375324770237,1.0588521917461489,1.1557756801336019
2020-02-20,0.9984545350766156,1.4560421068753215,1.2079090709033569,1.2954611566690464
2020-02-21,1.151617458414505,1.5961098654989085,1.3561077343893277,1.4511132034938934
2020-02-24,1.3125732360063294,1.7315250486458509,1.5091555408298651,1.6248755189752555
2020-02-25,1.4580058279892198,1.8578890367152294,1.6394163468342107,1.7835630428269624
2020-02-26,1.5789623298364237,1.9710699443621384,1.7604607787265134,1.920906189341393
2020-02-27,1.7152141431115187,2.083478105321931,1.9092906168598476,2.039288043257312
2020-02-28,1.838003935161005,2.1572076468787458,2.0452881687528213,2.155880114833377
2020-03-02,1.9875824951690657,2.25369647016559,2.194259749379481,2.285515842883667
2020-03-03,2.1185390291476964,2.3420969699443583,2.321566837019341,2.4124442035721976
2020-03-04,2.267822704546976,2.4373069014794826,2.4647636843249394,2.5459817259220303
2020-03-05,2.4037931206305228,2.530383041538244,2.5968799114267993,2.6870783328645063
2020-03-06,2.53336995191812,2.629959595999445,2.720819691432402,2.8309723088756185
2020-03-09,2.6860105229610536,2.734881304515342,2.878702678559894,2.9855499226499354
2020-03-10,2.7923222989401477,2.8001671469402956,3.0125624292863327,3.085182299565024
2020-03-11,2.88064171056815,2.8740905218599977,3.122163267402105,3.2007202754792394
2020-03-12,2.975815328983112,2.9398400898943784,3.2082586216458853,3.3037932455356267
2020-03-13,3.0069620816405336,2.9521755402904093,3.248481666832268,3.3643432999899767
2020-03-16,3.0193089779519138,2.9474872001127768,3.2628787892276505,3.4178514194902405
2020-03-17,2.971593835413287,2.861097879314239,3.1877620464115086,3.404870787080788
2020-03-18,2.9294263248741323,2.7581108321394994,3.1201488936854433,3.38751564621239
2020-03-19,2.873744910248134,2.681100579704224,3.044762156098831,3.33445402220421
2020-03-20,2.830352229320479,2.6288057666155975,2.975113977667509,3.2804572085204793
2020-03-23,2.7836783696409433,2.5837766622724203,2.9194310208968117,3.238283754871265
2020-03-24,2.746140562894713,2.5620921936554484,2.9050659537070445,3.2093017766015417
2020-03-25,2.6696196599127258,2.504099531811188,2.832495812596377,3.1383234424286464
2020-03-26,2.601252355851317,2.464434661290827,2.7530158629272004,3.0868677781955554
2020-03-27,2.5174536508661753,2.415038727394917,2.6524775649556505,3.0342032383709996
2020-03-30,2.4423760057060933,2.3755925123765023,2.5625434143251,2.984666173994703
2020-03-31,2.3613709697552987,2.3271157708250754,2.4834357745454567,2.932087226258303
2020-04-01,2.289252108113995,2.2798448778348073,2.4160882299654256,2.9131939273700347
2020-04-02,2.2125308587046884,2.216820678100953,2.3534368864107114,2.8879019298231214
2020-04-03,2.1477410155119223,2.1656551506042865,2.289340523442447,2.8798390265746354
2020-04-06,2.1065925625069575,2.130167065385411,2.2240527771211904,2.871545537067522
2020-04-07,2.0223724705974253,2.041820790309371,2.1040476652193596,2.837043401194361
2020-04-08,1.9290883144047588,1.9846160258959553,2.0042758743048985,2.8062794864939096
2020-04-09,1.8354140763005313,1.9090939842443762,1.8823091571339794,2.769201591537879
2020-04-13,1.7625559904371624,1.8424811943869968,1.7631886364627427,2.7219481065119133
2020-04-14,1.6979469245592933,1.795766043567411,1.6657433749131085,2.678380201219365
2020-04-15,1.6232212274585223,1.7459942097719312,1.5737389405745867,2.6380351772611412
2020-04-16,1.5628449583735469,1.7183347261259196,1.5049118331469131,2.579410802822747
2020-04-17,1.510680243621387,1.705090229739839,1.440487444439766,2.5358439991070263
2020-04-20,1.457450948150042,1.6834633354437314,1.371118455280936,2.4706357842661695
2020-04-21,1.3992572085170383,1.6702523814551062,1.3128846082181593,2.4234568927080513
2020-04-22,1.3185783827725612,1.6187344889316795,1.2335383033231453,2.3897179689187817
2020-04-23,1.2364657000849955,1.542285816900855,1.1773690633980802,2.355202117282049
2020-04-24,1.167283402347796,1.4993678080299542,1.1346867243954775,2.3314906220372027
2020-04-27,1.102718672843503,1.4524245741046145,1.0855168478607042,2.312008809091458
2020-04-28,1.0242751439309152,1.4270984220301015,1.046644013414331,2.2896537761244886
2020-04-29,0.9530144689876278,1.4017226119828823,1.014667602340327,2.2785715068494987
2020-04-30,0.8763807483468747,1.344259971739635,0.9786219366190194,2.2703402535915522
2020-05-01,0.8203775606980016,1.3052634018251326,0.9535976983559863,2.263889069887729
2020-05-04,0.7525420460499025,1.241147210380659,0.9190206719395836,2.2482383217803643
2020-05-05,0.7120340334913553,1.1887212691481024,0.8943567610651146,2.24480333835248
2020-05-06,0.6932282757535355,1.1375871852758166,0.8869102120697093,2.257424747265488
2020-05-07,0.6842803645129982,1.084417245686441,0.8705912769392392,2.296441046869514
2020-05-08,0.6911536753075164,1.0472599009898165,0.8601993554643214,2.349089463021172
2020-05-11,0.6915603806128362,1.0230630423758493,0.8725591902077217,2.379701912746182
2020-05-12,0.7071625195922461,0.9977527680260355,0.9055306525023333,2.393011926486677
2020-05-13,0.723664208468882,0.9603272734251644,0.9396215286452595,2.418894050974876
2020-05-14,0.7353775588663284,0.8820972939185906,0.9487517747859454,2.4298471849621057
2020-05-15,0.7608195052611674,0.8133098584211901,0.9757753026002719,2.4498295060441637
2020-05-18,0.8023082011160403,0.7422930089258039,1.0250154009882109,2.4724641819053677
2020-05-19,0.8094246292704949,0.6614868958781123,1.0214436233480062,2.4695961718142354
2020-05-20,0.8167479497271186,0.5992790559282652,1.016255729333871,2.4729163274262027
2020-05-21,0.8082844852538813,0.5242883269055102,1.0047121203581955,2.472630870515979
2020-05-22,0.8061784963206514,0.4588424370363217,1.002062274790268,2.481105084048018
2020-05-26,0.8004999649203068,0.42539599305559694,1.0201326932274495,2.484084167195086
2020-05-27,0.7949013196921018,0.4017760757444172,1.02903695001266,2.469209715116476
2020-05-28,0.7921817596539618,0.39368735886030615,1.024206502301255,2.445368537303501
2020-05-29,0.8107437779180877,0.3945291860801337,1.0432974456530109,2.424784757198907
2020-06-01,0.8250887187173112,0.3862719613393851,1.0802310052741064,2.4126464131551093
2020-06-02,0.8485828751526132,0.41447346555155556,1.1282318979502302,2.4019085461803638
2020-06-03,0.8798095693695285,0.45236981012273697,1.172892798472171,2.396823096661577
2020-06-04,0.9146750003222596,0.49394068126224416,1.2159948928553816,2.4013877427401775
2020-06-05,0.9447866014002329,0.5394853353506878,1.2753364471011062,2.4106281262332265
2020-06-08,0.9686658240866376,0.5785363947470136,1.3168691483633126,2.4028834128467267
2020-06-09,0.9910635334965068,0.6374813843426866,1.3768999983676713,2.411257202384966
2020-06-10,1.0323954337432892,0.7164023577171428,1.437658109664902,2.4197960473650064
2020-06-11,1.0717638652767145,0.7929185473726558,1.5034337994855813,2.4109888728302145
2020-06-12,0.9909351989834144,0.7334532089158038,1.4415944663783515,2.3308293671837395
2020-06-15,0.9170446911089628,0.695897215493097,1.3799479674677781,2.2485475502826056
2020-06-16,0.8415421548371755,0.6759781692693204,1.3174514257482035,2.18077280874595
2020-06-17,0.7651166531652674,0.6560999082676804,1.2440141841863384,2.129390367257037
2020-06-18,0.7023019353084575,0.6342632786936566,1.172002918567061,2.0723862291605006
2020-06-19,0.647142064030185,0.6336940917146614,1.1119625535822804,2.022843378838692
2020-06-22,0.5986698890238717,0.6402914077908474,1.0519817491256065,1.9671011573120176
2020-06-23,0.5501417975519429,0.6633819910939575,1.0082159588041557,1.936464599642616
2020-06-24,0.5366478491952209,0.7009523745483462,0.9924646560491392,1.9299102773173173
2020-06-25,0.5032686164015264,0.7184726641695166,0.9536634394781982,1.887115820773584
2020-06-26,0.47813986166848627,0.7204398804637226,0.9199257445788955,1.8484572973518576
2020-06-29,0.4293234850938521,0.7141217349978763,0.8609456389861904,1.8220221202776374
2020-06-30,0.38918042011875975,0.7183177774864089,0.7630874221466615,1.7880499570693946
2020-07-01,0.3501095722627982,0.7116450139490439,0.6725903999430657,1.755207342895284
2020-07-02,0.2936037530114524,0.7090611760138135,0.5994386942791573,1.716891187457273
2020-07-06,0.23480986917720756,0.7208822188642678,0.5407394508660441,1.7008985130476195
2020-07-07,0.17382597637846134,0.7112104602926005,0.48719650086573396,1.694137828375206
2020-07-08,0.09918709822185667,0.7053202532178539,0.42819132671767746,1.6731116725026487
2020-07-09,0.03644654493232272,0.7003897278320955,0.3846813256300963,1.6711378768517748
2020-07-10,-0.026312602113504738,0.7032500923337854,0.3365184209650568,1.6524495649421889
2020-07-13,-0.07540511731350508,0.722818744510111,0.29046485510941794,1.634310003017991
2020-07-14,-0.12489268542910778,0.727693521368203,0.24520513735665056,1.5987883493409698
2020-07-15,-0.18095189246687027,0.7438251058721101,0.16671259804381097,1.5643047125663956
2020-07-16,-0.22136935754611364,0.7720421011921573,0.08502084468660899,1.486172931304538
2020-07-17,-0.25684702772719525,0.7985520042938248,0.010867855378147604,1.4240847039051507
2020-07-20,-0.2799993523716842,0.8352034507776257,-0.05690193985472771,1.36903286801755
2020-07-21,-0.29625413732715783,0.8485729508331238,-0.10883657457469297,1.3262315609589885
2020-07-22,-0.2981489806462059,0.8626879553952578,-0.1420415777617371,1.2775075213255227
2020-07-23,-0.28436582056980897,0.882784716461141,-0.15364728497742017,1.2332035076626766
2020-07-24,-0.2926149553763261,0.871114501659138,-0.1810459936965451,1.1973331737390582
2020-07-27,-0.312447170656135,0.8633153493530985,-0.2132593696964077,1.161509545006712
2020-07-28,-0.31582584519990214,0.842790190211792,-0.2300717323125382,1.1296818347789568
2020-07-29,-0.33164518781989744,0.8072637591072778,-0.24514400063223504,1.091521600936362
2020-07-30,-0.3576297997142775,0.7777270907812626,-0.26571476342081224,1.0426236319093896
2020-07-31,-0.3593015261623216,0.7626067871724904,-0.2876919475023692,0.9919702426139616
2020-08-03,-0.36340155047556505,0.7376942966074588,-0.29194483697323226,0.9347969857931562
2020-08-04,-0.34610572172961357,0.7109605997572457,-0.3023954699441486,0.89384588760836
2020-08-05,-0.3349431549030576,0.7010096860976508,-0.2976902040168002,0.8629326756120544
2020-08-06,-0.3226025062296621,0.7127410506050853,-0.3214225433258589,0.8134530090820346
2020-08-07,-0.3224469233312979,0.725754276400382,-0.33622829853007996,0.7746093663740441
2020-08-10,-0.318754511671442,0.7374992987946714,-0.3505993364344832,0.7268101100906349
2020-08-11,-0.30514574706413267,0.7573726374295094,-0.37471978392831384,0.6609503930870442
2020-08-12,-0.2978687512333921,0.7830906029307678,-0.3853113659255078,0.614644882754977
2020-08-13,-0.30904228297747904,0.7989149056596508,-0.3921218869605334,0.5800410800970721
2020-08-14,-0.31538759863402827,0.8400569709465894,-0.3929586595226584,0.5618611032547874
2020-08-17,-0.2976807464354922,0.8948757742450294,-0.3810073826136645,0.5480020737021051
2020-08-18,-0.2771944724576567,0.9376263626437448,-0.3615382713926115,0.5496258162262659
2020-08-19,-0.25130446762227754,0.9810882201782165,-0.3312037401310472,0.554380517700851
2020-08-20,-0.21564433165475522,1.0255922449123591,-0.3110854899880967,0.567143752050678
2020-08-21,-0.17095840429832646,1.085032149714662,-0.28038791623115406,0.5716235116820164
2020-08-24,-0.13077526257540387,1.1370546000425292,-0.2367921370201686,0.5845154094243071
2020-08-25,-0.08774401553062143,1.191643354597904,-0.20019696057554087,0.5852730591214224
2020-08-26,-0.02378750767821189,1.2331314808661367,-0.152671292771683,0.5797191995735373
2020-08-27,0.045137676680257394,1.2705592125519471,-0.10559032351805005,0.5756915550216603
2020-08-28,0.129920085684529,1.320446797527034,-0.045268218482150936,0.5833117009506831
2020-08-31,0.24306084510732026,1.3751459569832316,0.03527809119537557,0.6177559785857928
2020-09-01,0.37138993377826174,1.43319945440363,0.13325776908735323,0.6379663236232465
2020-09-02,0.500052288242503,1.4756228584550695,0.24571694206665737,0.6619073932411094
2020-09-03,0.6065845180289705,1.5306190356392766,0.3477061905666478,0.698562892481495
2020-09-04,0.6570111288784579,1.5240993746177325,0.38386612704418566,0.7413005608656298
2020-09-08,0.7011081986787154,1.512997177356313,0.4143015467071143,0.7981089264287783
2020-09-09,0.6981422609097702,1.451903781354722,0.40914916077039437,0.8319491768594681
2020-09-10,0.676651629961209,1.408657890790279,0.40887752680463246,0.8821552930812259
2020-09-11,0.6341784787561339,1.3627753366125561,0.4153109162845664,0.9246105420947686
2020-09-14,0.6130613107452078,1.3426744132177437,0.4211827635062983,0.9736012054216786
2020-09-15,0.5841705805128562,1.3352791619157924,0.41391172490317996,1.0047080035955804
2020-09-16,0.5637130634274659,1.3260922999373614,0.42409521963284263,1.038544576937904
2020-09-17,0.5518375934828577,1.322562859715223,0.42498899509208704,1.065090137327244
2020-09-18,0.553171603628322,1.3212432844748623,0.44136581385303053,1.0965049709659218
2020-09-21,0.5653623379674595,1.3197882770622775,0.4556361093380152,1.15777200016977
2020-09-22,0.5622508041890426,1.3321883805313015,0.45252639639032305,1.1460019521076497
2020-09-23,0.5677020630934737,1.3428835777390529,0.4477023687788144,1.1516047656565884
2020-09-24,0.5620999542931375,1.3184418672668146,0.41868284140018985,1.1087172558496143
2020-09-25,0.5730842372723919,1.3017775899415185,0.4004198899126833,1.0777728544575622
2020-09-28,0.5642828100829346,1.2815812362607653,0.39275926500979164,1.0642293751397562
2020-09-29,0.5475610061792454,1.2487603835982246,0.38151406663427795,1.0153652594154716
2020-09-30,0.5301347862674859,1.2359697146433664,0.3739775154331006,0.9707097437396904
2020-10-01,0.5211673445306183,1.2381692409664244,0.3609376979313129,0.9337314279687307
2020-10-02,0.5165672212317599,1.2568361891278181,0.3417343152829584,0.8955866001411692
2020-10-05,0.49946714048258706,1.2480983616885681,0.3471711828689696,0.8836140790613303
2020-10-06,0.49017657350485183,1.2193713309951497,0.35713899014193407,0.8657417001398382
2020-10-07,0.4766308097816367,1.1811421171766991,0.3524417716426514,0.8616108172292907
2020-10-08,0.4590343440385538,1.1460411639255392,0.3315247624909069,0.8609122068954744
2020-10-09,0.4477262138434555,1.1187853951666162,0.3239147225968143,0.8669451652855354
2020-10-12,0.4215885598832198,1.0805943469530983,0.33342296189682363,0.8814073064897768
2020-10-13,0.38304867451513813,1.0175605625673254,0.3399643223256392,0.8881063045447981
2020-10-14,0.3463297636818746,0.9807992431253248,0.3507839485947985,0.8946970327152681
2020-10-15,0.3372245984230769,0.9533500827373721,0.36118231110522214,0.9119465838373879
2020-10-16,0.3339159718384353,0.9335629123360532,0.390243457365386,0.9337424036071478
2020-10-19,0.3461858645512215,0.9298212535216,0.4234971625418332,0.9670250793448409
2020-10-20,0.3450345648989149,0.9147952580680221,0.465753335798981,1.005868997005171
2020-10-21,0.36303476008297664,0.9060399736633896,0.49887490989915395,1.07573582534584
2020-10-22,0.3874920217705428,0.9161661018126308,0.5343115795323271,1.1626561214845286
2020-10-23,0.41933559398893133,0.9419996293313785,0.5843921224492056,1.2432024607217003
2020-10-26,0.4581497861655668,0.9852310327443496,0.6243982393047172,1.3326026824157777
2020-10-27,0.48195429061473916,1.0376186480227731,0.6439839166833355,1.4060263165585196
2020-10-28,0.519713618317286,1.097735017685734,0.6833323984953763,1.4759997015115578
2020-10-29,0.4807935329247014,1.0888277101190715,0.6633816080519175,1.5365346021271324
2020-10-30,0.44808562757674986,1.0754623657186317,0.6709275263710925,1.604000882639179
2020-11-02,0.4225264099656098,1.047252096636538,0.6750093180053675,1.680234483748142
2020-11-03,0.39781230662240663,1.0400187170865263,0.6755979860490304,1.7408856281487566
2020-11-04,0.37847490286946245,1.0304681142539474,0.6519300294323527,1.793606523850939
2020-11-05,0.34770381859494226,0.9418833234551512,0.6291465326705129,1.8442818876858023
2020-11-06,0.2917221528715069,0.8523768033188291,0.6005961333836656,1.8697065400709243
2020-11-09,0.24746991753901568,0.7765849966969629,0.5917366216901895,1.9126110614606324
2020-11-10,0.18971915736494335,0.6888712330780117,0.5379838010513475,1.8816640504699427
2020-11-11,0.14438635700302205,0.5889287528740154,0.4585818041586288,1.858943209782608
2020-11-12,0.11103059481075492,0.4570581106031899,0.38893655508283853,1.8441363478383128
2020-11-13,0.05831413119074412,0.3434284920313642,0.32055865313811965,1.8309965190850739
2020-11-16,0.004957937838302673,0.21985387909947146,0.2547325813510391,1.8205329812220066
2020-11-17,-0.04412882573865238,0.11235466675530159,0.17116057796370976,1.8094397536471332
2020-11-18,-0.08150639398408802,0.021016492614652726,0.0854145776885825,1.8155470447067452
2020-11-19,-0.1301352738409283,-0.045286073732821376,0.0046418817126131365,1.8216356340868518
2020-11-20,-0.17100481688221006,-0.09266380275148373,-0.04657394412597943,1.8242853305850457
2020-11-23,-0.22023619049608265,-0.12837625033871564,-0.08356384741672106,1.8092814719323067
2020-11-24,-0.2582798667267149,-0.13998840037115678,-0.1267194147384184,1.7684701186028
2020-11-25,-0.314509322038088,-0.16082228020113146,-0.18702053612738118,1.700446896819627
2020-11-27,-0.3752732374611919,-0.17166259367235734,-0.23568114521576547,1.644600087173814
2020-11-30,-0.4135117842423582,-0.1783905366933789,-0.26927538164460924,1.5969383379131903
2020-12-01,-0.4459679914382298,-0.17849705076207775,-0.31341617947772543,1.5256667041027279
2020-12-02,-0.4964721211326523,-0.19220389862644285,-0.3690955915021985,1.4626278962606054
2020-12-03,-0.5308529474165765,-0.203004106673889,-0.41057651274363016,1.406738932790255
2020-12-04,-0.56161878463389,-0.20609698582053354,-0.45867808254507875,1.3588118377289047
2020-12-07,-0.6072898999108913,-0.195730348937946,-0.5174824767512574,1.302729051110737
2020-12-08,-0.6306241869174936,-0.17712506393220248,-0.5600965540178695,1.2497033254422245
2020-12-09,-0.6331036362833925,-0.1506380308188323,-0.5864564122168989,1.2047724985556598
2020-12-10,-0.6420392009857271,-0.18084930174373126,-0.6239864677182823,1.1825821616137575
2020-12-11,-0.6446166692547908,-0.2169875759559508,-0.6578287111525103,1.1715004857278184
2020-12-14,-0.6482454374228772,-0.24117692867006016,-0.6786655198762434,1.1583548616875627
2020-12-15,-0.6492832707835905,-0.25529733194346155,-0.7054607102375778,1.1508920837864516
2020-12-16,-0.6753052529789288,-0.26495116750873093,-0.7605366937147677,1.133120294330898
2020-12-17,-0.6750887840478282,-0.24856748765919912,-0.8073599372994466,1.1090987751599803
2020-12-18,-0.662835576420341,-0.2313265820115238,-0.8381785583667983,1.0835289150696132
2020-12-21,-0.6557968549782189,-0.20810319422468612,-0.8493887221583224,1.0653813018136489
2020-12-22,-0.6357786295765813,-0.1807807326161066,-0.8529649036710932,1.0453767798487499
2020-12-23,-0.6040176916360219,-0.15597728156760435,-0.8598764738967818,1.029572416399663
2020-12-24,-0.5755031738639222,-0.13988684991274306,-0.860321804598517,1.0196127214079604
2020-12-28,-0.5378885395770293,-0.11677051273476804,-0.8380194927717258,1.0198545453039325
2020-12-29,-0.5245239939430774,-0.1019819957682306,-0.8188755361147463,1.0175374519367417
2020-12-30,-0.49278437232547767,-0.07424180153612847,-0.7869570610681668,1.0106343793322587
2020-12-31,-0.4577962484559799,-0.03968953067532154,-0.7435446539606854,1.0183304810409763
2021-01-04,-0.4192062894759925,0.007008314395386744,-0.7139354517296014,1.0457137258283276
2021-01-05,-0.39055680449694546,0.05802916968462733,-0.7155440139525646,1.0652621704638074
2021-01-06,-0.36036827854894904,0.13500175822549873,-0.7114005229445228,1.0849426193349756
2021-01-07,-0.31235170755952707,0.20364906398061913,-0.741170382055019,1.013349308905866
2021-01-08,-0.293013618622359,0.23022485468975515,-0.7658368813556303,0.948441830956386
2021-01-11,-0.2676027454268098,0.2596256912040624,-0.7946605335391475,0.8767897375829813
2021-01-12,-0.2517418331508117,0.2894352553733329,-0.7930664479995315,0.8328874400124799
2021-01-13,-0.22298901304917357,0.32091347401667475,-0.7642064950988149,0.7891598036441477
2021-01-14,-0.19699513033532048,0.3536000657443649,-0.7348433639385522,0.7443287493300166
2021-01-15,-0.18062694236606358,0.4124060149585743,-0.7134206157642998,0.6948414189067695
2021-01-19,-0.16733853677560945,0.46527961524936534,-0.6804439263683235,0.6396024539862457
2021-01-20,-0.1563975138317836,0.5294401139541196,-0.6347497681669748,0.6003334554804105
2021-01-21,-0.15260164364252193,0.5740968607253684,-0.5735868119848944,0.57723212738371
2021-01-22,-0.1384744936239361,0.6144261435651324,-0.48352353706017615,0.5604786288057149
2021-01-25,-0.11374557161929048,0.6527797760500494,-0.38528659698644985,0.542408484163373
2021-01-26,-0.05711732880540143,0.7130125511159716,-0.2864964646322355,0.5395535582875095
2021-01-27,-0.005264038314422905,0.7720525760052098,-0.17990104856971348,0.5511831708746739
2021-01-28,-0.006821731449754154,0.7818339539832422,-0.11953225395726538,0.581764326716069
2021-01-29,0.001248911411588964,0.8021572053763895,-0.0838848209015727,0.6144698339099178
2021-02-01,-0.035622995594466515,0.7958792470896525,-0.08551268101739386,0.6434916928821083
2021-02-02,-0.0721630353633177,0.7820715016632921,-0.08416963383222807,0.6637378886030216
2021-02-03,-0.10685156513638942,0.7559286742548856,-0.12924311740225725,0.6926300403630159
2021-02-04,-0.12871711212047712,0.7334806276509832,-0.1743361752991361,0.730377896765894
2021-02-05,-0.15914514258566664,0.7113675427444107,-0.22529759728293336,0.7345398065635718
2021-02-08,-0.1903422537959451,0.6879496179301682,-0.2849338737345139,0.7255768531300095
2021-02-09,-0.2140959167266591,0.6872314969710019,-0.33610285318038263,0.6788072593467803
2021-02-10,-0.22497744858392835,0.7095658076219762,-0.3667149620572732,0.6361000094180678
2021-02-11,-0.2437828366719425,0.7399314395784373,-0.3899817120718799,0.6181946381309722
2021-02-12,-0.25508026926979344,0.7689314726955784,-0.40979395577005123,0.6057243587532422
2021-02-16,-0.2438002289823255,0.80268175423466,-0.41754993790771355,0.6140565246968424
2021-02-17,-0.22353214910606864,0.8381157359400502,-0.41611224915415673,0.6468854810112057
2021-02-18,-0.20106144937613066,0.9022150564192566,-0.3982433359328993,0.6896811710331184
2021-02-19,-0.1720760260914019,0.9886013648636299,-0.380106716725102,0.7412593828806971
2021-02-22,-0.11765583017095683,1.0697537942721176,-0.3231605565861,0.7817916840001288
2021-02-23,-0.0536403076234968,1.1224819776881199,-0.26995251583298374,0.8418967009062174
2021-02-24,0.021629045444751874,1.1827828357922328,-0.2060604306805064,0.9045018296920404
2021-02-25,0.08941380557124008,1.2567311900986506,-0.14757050847132067,0.9589037644602896
2021-02-26,0.09928602374661058,1.2940132030366054,-0.12654428737705536,0.9833150344757557
2021-03-01,0.11455664175256672,1.3202490868215182,-0.11599895579126428,1.0197417051555604
2021-03-02,0.09571618503474616,1.3312797047701679,-0.1384949945977521,1.018020073962249
2021-03-03,0.08401279170242458,1.333783225713327,-0.158783565121878,1.0308319934292587
2021-03-04,0.06794382272358185,1.3076014049486255,-0.1879622908242911,1.0350937394197672
2021-03-05,0.04578082142562864,1.2919206215777794,-0.20735806421981068,1.0572030094490745
2021-03-08,0.002323852769947562,1.2839560283402534,-0.24794206751823747,1.051258344105251
2021-03-09,-0.05511993080181812,1.2563878467451564,-0.30331492194832255,1.0403435896443838
2021-03-10,-0.12524879627002228,1.1928846537208455,-0.34367522892534585,1.0281785783947197
2021-03-11,-0.17514379034125097,1.1372886515909635,-0.39561806058450716,1.0059566331098533
2021-03-12,-0.23065112581771408,1.0919719810594266,-0.4505427338822842,0.9853018193599499
2021-03-15,-0.28227516939193936,1.059992451654684,-0.5081075639387078,0.9722931943827673
2021-03-16,-0.32401799494822614,1.030044045575395,-0.5550712273543947,0.9676337035347338
2021-03-17,-0.3540147727931316,1.0227242785157666,-0.5905937776242038,0.964503902030525
2021-03-18,-0.36762258204901527,1.015635584543904,-0.6277638749795187,0.9807432054755039
2021-03-19,-0.4089325434322103,0.9793592084566853,-0.6494571021511958,0.9876340147476529
2021-03-22,-0.4270943063646192,0.9476492386925301,-0.6657448652903458,0.9974556745831236
2021-03-23,-0.44353790014657396,0.9226803521865412,-0.6621894471908187,1.0118815035483464
2021-03-24,-0.4675754669667361,0.9134129480041707,-0.6561714615971331,0.9551520573412052
2021-03-25,-0.4916582903843932,0.8888485154668562,-0.6629939699677522,0.9084629321304286
2021-03-26,-0.5138978193849234,0.866384902809873,-0.663363676240232,0.8432413732897525
2021-03-29,-0.5555823776658466,0.8402443105482846,-0.6801386246802458,0.7469075463889456
2021-03-30,-0.5869586397180419,0.8255788034957949,-0.7017850078035799,0.6336496659810408
2021-03-31,-0.5922090428758177,0.8040172778468542,-0.7062460898584388,0.5231514204527614
2021-04-01,-0.5769291766675737,0.767810002748424,-0.7052669135420516,0.4362410235743403
2021-04-05,-0.574482877582448,0.7112207052533551,-0.7034340370030975,0.3540392033856808
2021-04-06,-0.5962343595500263,0.6432973168477583,-0.7283586408570009,0.2752103398697849
2021-04-07,-0.6275892757770665,0.5866210626178621,-0.7460261635314054,0.22458299212303784
2021-04-08,-0.6537990827948009,0.5411199224197641,-0.7813288779775336,0.16031649623605726
2021-04-09,-0.6674741957229521,0.5163157051853992,-0.7844599953283999,0.13148177242201015
2021-04-12,-0.6841801174790619,0.4922765584841763,-0.8093381377043644,0.12553448279695492
2021-04-13,-0.6777204941723097,0.4885422689249824,-0.8092546550867902,0.1340002750306628
2021-04-14,-0.652759348326477,0.48894019257047017,-0.8040940456656847,0.14570255363328102
2021-04-15,-0.6124245541628447,0.48471825658967704,-0.7903593421730062,0.17003805114682882
2021-04-16,-0.5850372361673597,0.47682591812538994,-0.7770631371843036,0.19851980936199512
2021-04-19,-0.5498242848352156,0.47184773669458774,-0.7806828857048129,0.23390050830324766
2021-04-20,-0.5064448653584771,0.4466465980490482,-0.7532941918840171,0.2837170554042355
2021-04-21,-0.47940859936419394,0.4342174003953261,-0.741720126770314,0.29191096687641654
2021-04-22,-0.46777269376592834,0.4293306511202265,-0.738187008992278,0.2612679445978373
2021-04-23,-0.4798501134698082,0.4147288954143756,-0.7535183483892501,0.24694561704842588
2021-04-26,-0.4958084611065726,0.39773064224172855,-0.7631707562248838,0.22162429679235157
2021-04-27,-0.5018506776166877,0.3874171782972929,-0.7388112280315074,0.20557936829039006
2021-04-28,-0.5145291790045217,0.3914793737446673,-0.7060192382358187,0.2142776005339434
2021-04-29,-0.49863571032683973,0.39959140333594373,-0.6818335724849398,0.23127528583940077
2021-04-30,-0.4695451698985761,0.40247528487878204,-0.6659217526084769,0.2640423947331631
2021-05-03,-0.4307608172665908,0.41073286677011794,-0.6383366134048415,0.2931162050239372
2021-05-04,-0.38382218541893576,0.422747093412929,-0.6179625385769014,0.31050302568887145
2021-05-05,-0.33959555539096864,0.42052832317122435,-0.5772699289001777,0.32196733562782553
2021-05-06,-0.30330915870748304,0.435706935252125,-0.5149892956536102,0.35056776467103823
2021-05-07,-0.2670666974012967,0.4683618074367687,-0.4687211041718473,0.4035272392068311
2021-05-10,-0.21228217878541644,0.5013967554350139,-0.4266279276603558,0.46492202667965593
2021-05-11,-0.15054663502560525,0.49405266295015204,-0.378919641435689,0.5112158355574172
2021-05-12,-0.09142314635439464,0.49442996951040935,-0.3528934014593496,0.5783289160421728
2021-05-13,-0.10779845481837619,0.444040596579508,-0.39952187987861587,0.5753925420403535
2021-05-14,-0.13937717939598687,0.402377471447722,-0.47735845799262744,0.5576721309193392
2021-05-17,-0.18785258739552915,0.3518019631213744,-0.5665488616040147,0.5108495641728712
2021-05-18,-0.23990012365584062,0.30112009599342515,-0.6576627753115829,0.46345373585334776
2021-05-19,-0.2934974399846378,0.24685618817223465,-0.7333377355927222,0.4165041816142807
2021-05-20,-0.33816192538996614,0.2081029494025303,-0.8128348515360515,0.3778273320810707
2021-05-21,-0.38925286727564873,0.16355724511157085,-0.8773156918929673,0.3760485805212926
2021-05-24,-0.43395885442624377,0.1294753238448583,-0.9360109997196101,0.3979003157495673
2021-05-25,-0.4881823481448799,0.07600804853743849,-0.9933243841770795,0.4151291407881313
2021-05-26,-0.5395407536479284,0.024214163235338683,-1.0440405550369194,0.4280491932765784
2021-05-27,-0.590265594085839,-0.012210887775283778,-1.068999934563281,0.43537698195850966
2021-05-28,-0.6335606200532646,-0.04496207422855289,-1.0912725182475962,0.4466549032295592
2021-06-01,-0.6613698068584397,-0.07258159145784591,-1.0897888019488071,0.46773543290336006
2021-06-02,-0.6869420288333017,-0.11063249996038546,-1.077165986217423,0.4860159574015291
2021-06-03,-0.7098561512977987,-0.13223118379067958,-1.0415792017935444,0.490573339142511
2021-06-04,-0.7348527672574733,-0.16479898527485254,-0.9856689918480666,0.48368166678412106
2021-06-07,-0.7889758103347898,-0.21737085708281206,-0.9267574216648412,0.47449538381976797
2021-06-08,-0.8344495201682728,-0.26658474138929494,-0.8658238475384542,0.45939442622903487
2021-06-09,-0.8566878588899818,-0.2906002107020428,-0.8068400529096272,0.45059634143906
2021-06-10,-0.8616624126107538,-0.3080275800629411,-0.7403998787584346,0.4533885199139272
2021-06-11,-0.8654280915425759,-0.3292634790445431,-0.6965577378605915,0.4523244009416444
2021-06-14,-0.8528022392132601,-0.34177212751989616,-0.6456426568473858,0.4639266697483725
2021-06-15,-0.846139750233296,-0.36054787270116323,-0.5855265130389979,0.499699912870378
2021-06-16,-0.827614754460165,-0.3695347311483281,-0.524469212439116,0.5434882407962158
2021-06-17,-0.8071710896132632,-0.38722268100597435,-0.46803159492118723,0.5992200787495978
2021-06-18,-0.7749890055944393,-0.4059465803152782,-0.41276058740206983,0.6498214489133515
2021-06-21,-0.7860781970585466,-0.4334708858775089,-0.3926673935534249,0.6497806422912116
2021-06-22,-0.8220989103774312,-0.4678159983126503,-0.4129846145237588,0.6194670878316223
2021-06-23,-0.8476850867678439,-0.5133877178554037,-0.44463188946211435,0.5897230182260096
2021-06-24,-0.8619474794498404,-0.5476293299996219,-0.46525008398440365,0.568748018213749
2021-06-25,-0.878040517398042,-0.5691866086510294,-0.4971332375415005,0.5557844532551597
2021-06-28,-0.8844136735197939,-0.6086164006567384,-0.541551339843074,0.5577385740183426
2021-06-29,-0.8726093069955906,-0.6469515027865388,-0.5724085065561794,0.5603257428816543
2021-06-30,-0.8413769085504265,-0.6733113453485868,-0.5973822473655136,0.5761192070001503
2021-07-01,-0.8076603455314127,-0.6746164023403749,-0.6056464564681214,0.6069527192416547
2021-07-02,-0.7619138330138939,-0.6798415482440034,-0.6071628059973952,0.6526540313441231
2021-07-06,-0.7294198213558811,-0.7032354663054062,-0.5982661412922461,0.6989237393772382
2021-07-07,-0.6757758555286264,-0.7242511795149592,-0.5811138483062529,0.741449474561859
2021-07-08,-0.6128610079685812,-0.7323744525216874,-0.5546321636798631,0.7951488332256736
2021-07-09,-0.5797121562155491,-0.7532931272828584,-0.5332847252275073,0.8497947940306649
2021-07-12,-0.5573435416175304,-0.7507848913665006,-0.5228826897061786,0.8864369903845246
2021-07-13,-0.5296605003351676,-0.7412818096313758,-0.4962019192396083,0.9113540123559238
2021-07-14,-0.47733818048125953,-0.7245056518820993,-0.4500148766147318,0.9254574071825442
2021-07-15,-0.4237331785080389,-0.7125118553704355,-0.40277346279056303,0.9431651560942295
2021-07-16,-0.360264545762699,-0.6815761855259084,-0.32266266481622413,0.9662129755579351
2021-07-19,-0.3007680774301585,-0.666634003683429,-0.2559239501832018,0.9633036582585223
2021-07-20,-0.3016130832181043,-0.6573997290060748,-0.2663272793445284,0.9162413778215129
2021-07-21,-0.32852231466621445,-0.6512593251392822,-0.30821056541389685,0.8379892409429444
2021-07-22,-0.3699718638935987,-0.6462962902106717,-0.3727557420549926,0.7661729883428382
2021-07-23,-0.41062358038987373,-0.6381859598909889,-0.4400327601348155,0.691080662002975
2021-07-26,-0.4613605350827813,-0.6361585812440639,-0.5028367282646259,0.6306111814231375
2021-07-27,-0.5023711941903297,-0.6499603765676152,-0.5446664300205758,0.5778989545251667
2021-07-28,-0.5394303887940004,-0.6926954968788853,-0.5872814005494051,0.5596171510795498
2021-07-29,-0.5827082324670696,-0.7227457488395884,-0.6314203002455308,0.5534051381637943
2021-07-30,-0.6182842923398318,-0.7397789923778086,-0.6553904635691459,0.5520766219166577
2021-08-02,-0.6398317886674069,-0.7507666627680907,-0.6649943534341779,0.5419613369500448
2021-08-03,-0.6551637576862911,-0.7493843429274317,-0.6856823034668822,0.5214191055002274
2021-08-04,-0.6859518146029056,-0.7567327458732216,-0.6941193359132849,0.49014456826147795
2021-08-05,-0.7112956397674185,-0.7748387051830258,-0.7262209927953085,0.4462858696496334
2021-08-06,-0.7272437080555966,-0.7975820951545534,-0.751944304441046,0.41283360248422285
2021-08-09,-0.746699942232286,-0.825049579570043,-0.756030896517358,0.3925076195751969
2021-08-10,-0.7484999722045843,-0.8445634111923903,-0.761832005964408,0.3805935385995773
2021-08-11,-0.7490553065082532,-0.8677007254410457,-0.7636661349241894,0.361300925794115
2021-08-12,-0.7412182689385727,-0.8696963774049413,-0.7656871475726899,0.3459444338452438
2021-08-13,-0.7313637705711314,-0.8696278394339159,-0.7615363302711889,0.3227907221823781
2021-08-16,-0.7131079537028977,-0.855068534920154,-0.7527752201279069,0.29900622179615505
2021-08-17,-0.6890046429155213,-0.8291244408016923,-0.7479374250490632,0.2848789452875325
2021-08-18,-0.6889977422983866,-0.8110844120549155,-0.7345554467672999,0.26059316842051944
2021-08-19,-0.7215215012413315,-0.8213330404772407,-0.741670807174299,0.23811291271878116
2021-08-20,-0.7271145347992861,-0.8248240352441959,-0.7461233366810753,0.21772037732773872
2021-08-23,-0.7220968761383078,-0.8298562965912307,-0.7659334053569347,0.18747290715260964
2021-08-24,-0.7242996093243111,-0.8607862724255437,-0.7812186696794704,0.16208434167119545
2021-08-25,-0.7118912240683938,-0.873254241285073,-0.7712191631131414,0.1473596969984396
2021-08-26,-0.6803518363779775,-0.8556503585720168,-0.754340488375063,0.14845964934652583
2021-08-27,-0.6626296218746667,-0.8356402542300257,-0.7405162467886004,0.15545735455157864
2021-08-30,-0.650657148733689,-0.8332471723889511,-0.7263357654775523,0.10583343956858944
2021-08-31,-0.6609560675170152,-0.8463892271887102,-0.7262682927501088,0.06366409292478671
2021-09-01,-0.6525111098275268,-0.8628936834114407,-0.6956012485932473,0.054106978856429094
2021-09-02,-0.6299077428833781,-0.8732644953950504,-0.6564187284159323,0.06416928220120323
2021-09-03,-0.6053922258330656,-0.8614508136829643,-0.6097112216950821,0.09307102532167723
2021-09-07,-0.5528116314659473,-0.8312699673495825,-0.5811691161608683,0.12847179874244366
2021-09-08,-0.5081969301538461,-0.7747381371036347,-0.5486551519370212,0.17648376775287788
2021-09-09,-0.46805897582088984,-0.7037482462877307,-0.4971084161202116,0.20666105111771008
2021-09-10,-0.42479115077813306,-0.6353676177504526,-0.43901795706749774,0.25995059631447887
2021-09-13,-0.378152376473716,-0.5533748222177016,-0.3956447296891347,0.3018573089897408
2021-09-14,-0.3031533559352896,-0.4638387824840504,-0.35259780722592776,0.36532042408095494
2021-09-15,-0.231759903345145,-0.37322893674817137,-0.3246234244556528,0.3944744715182341
2021-09-16,-0.1641294165956896,-0.29267448535353374,-0.29590324137060736,0.41415160487662933
2021-09-17,-0.10358528043773489,-0.18749485575213584,-0.2597526720454368,0.4300649106666752
2021-09-20,-0.045943825814371266,-0.08021717847219989,-0.2197239607332573,0.4449814155609286
2021-09-21,-0.02800763090135043,-0.04090344132793643,-0.22088996587274629,0.4288985780481098
2021-09-22,-0.013525940078523814,0.003587837360968956,-0.20854049890807808,0.43072167732904804
2021-09-23,0.005125528633874205,0.04665825447763785,-0.18009348647087506,0.43391009899998656
2021-09-24,0.013061788421877224,0.06862215736087834,-0.16779375199919788,0.4104496112877816
2021-09-27,0.017956367361953492,0.09792438135781395,-0.14578872798925593,0.3870961025558272
2021-09-28,0.055699417923294726,0.12442681340222915,-0.11705629679782546,0.3553813777229099
2021-09-29,0.05023952740708189,0.06627916821800021,-0.11816633035295712,0.31526815254896906
2021-09-30,0.06962304375448801,0.03854537418928507,-0.10563537730995969,0.300616267656675
2021-10-01,0.07983901311869772,0.021459379099663937,-0.12446531907869643,0.29198660485210404
2021-10-04,0.07184922321871344,0.017669974288866287,-0.14604073721767394,0.2676187657835101
2021-10-05,0.05323807148598133,-0.03168174111694489,-0.18755657257039265,0.25698194508859984
2021-10-06,0.012118806387648989,-0.08070275635108959,-0.24017809817792235,0.25356992794918115
2021-10-07,-0.03465197040584144,-0.09640227202989941,-0.28269289436292905,0.24666379699594518
2021-10-08,-0.07955758825232769,-0.11197580587649171,-0.33883945413615757,0.23527230141393257
2021-10-11,-0.13630584306551435,-0.1249877433994022,-0.3735138988586485,0.23476991809250677
2021-10-12,-0.2004817288541648,-0.14550975525561596,-0.39605486423493474,0.23133778320349646
2021-10-13,-0.25864849679649726,-0.14841496726270484,-0.4241651153667547,0.22045746183679713
2021-10-14,-0.32928832822239545,-0.1534462786447631,-0.4571386531726109,0.22878805865120366
2021-10-15,-0.43078986757393795,-0.18451985198393248,-0.5253828146298276,0.23242833319977843
2021-10-18,-0.515792142590706,-0.212667225960361,-0.6254551876472229,0.23857014593632617
2021-10-19,-0.6006028219301921,-0.24441148494092446,-0.7097284637996567,0.25647226355049824
2021-10-20,-0.6595423811913687,-0.26688714140768877,-0.7762713479532524,0.2933838667881393
2021-10-21,-0.7234723524104217,-0.289962719110352,-0.8385975862348749,0.31785025129622274
2021-10-22,-0.7922928634757317,-0.293189708314148,-0.8894885696227983,0.3667745688288145
2021-10-25,-0.8577933808046045,-0.3032755210365997,-0.9229255564356192,0.4240913448084633
2021-10-26,-0.9047700070383764,-0.3127984639608204,-0.9380173768200243,0.49278354798912155
2021-10-27,-0.9468096120654732,-0.3202845855249124,-0.9290131550235179,0.5388380386922227
2021-10-28,-0.9815333375413218,-0.3317501660622521,-0.92043421766294,0.560480879017929
2021-10-29,-1.0346225267585616,-0.33195013195335465,-0.9022361804820652,0.5663951489884238
2021-11-01,-1.0745421114820957,-0.3170227501322585,-0.8899734721183005,0.574365614806102
2021-11-02,-1.0857979264820097,-0.29337456129561845,-0.8748838056224956,0.5715302445435027
2021-11-03,-1.0870566940778352,-0.24765611543694394,-0.8601271353104539,0.5825133290991349
2021-11-04,-1.0881845079522263,-0.2052764717593029,-0.8303996887745525,0.5946319450867571
2021-11-05,-1.08481235762411,-0.18557489168198882,-0.795676164529327,0.6219691823787659
2021-11-08,-1.069831412940922,-0.14752044507948228,-0.7589957562202091,0.6288918304531901
2021-11-09,-1.0355940353052973,-0.09583287663345558,-0.7120008966538623,0.643015865231709
2021-11-10,-0.9903243087371696,-0.0361376085702085,-0.6685623375846267,0.6579728636128338
2021-11-11,-0.9623355933326984,-0.0056590489545873994,-0.6402046292188471,0.6755458613810198
2021-11-12,-0.9166820611994652,0.018944107277928262,-0.6255077243841017,0.7122278453811571
2021-11-15,-0.8672883924640438,0.04874579989353623,-0.6020875069131488,0.7449665243605503
2021-11-16,-0.8174725337327959,0.0882045524018151,-0.5510721728805151,0.7664893982503173
2021-11-17,-0.7583436409663443,0.12946708459539327,-0.47760699079697316,0.8016390817023301
2021-11-18,-0.6828181781603081,0.16858945054308971,-0.41791051852439454,0.8411065248237214
2021-11-19,-0.5946034256656867,0.21932378456961796,-0.34482380727036993,0.8700132183445379
2021-11-22,-0.49830512338437943,0.2665789624429739,-0.27933827141264156,0.8902231367931788
2021-11-23,-0.38799962985384195,0.30118346419412395,-0.18691354369551721,0.9240087743544467
2021-11-24,-0.2674162736156476,0.3545714577912837,-0.08444172817658131,0.9646737839179436
2021-11-26,-0.1266361908641596,0.4360309383576163,0.02734199576255746,1.0101007035726903
2021-11-29,-0.057228383629171854,0.5043208302588105,0.05829237984749251,1.0112937145772576
2021-11-30,0.0075925578111462905,0.5525292806873006,0.10624900528795765,1.018358918009688
2021-12-01,0.043268355820501425,0.5960802627393702,0.11812817340887317,1.0135200778793352
2021-12-02,0.07830453152805117,0.6346497031891827,0.12094856054443999,0.9889967274358265
2021-12-03,0.09963022618115598,0.6630653270960108,0.11034399496895275,0.9406155768465334
2021-12-06,0.11682796647918643,0.683116502213785,0.09601102458203573,0.9076923700857485
2021-12-07,0.10973076702782847,0.7059178570408408,0.06537238334650639,0.860934186586223
2021-12-08,0.08045576498451375,0.6967891754274843,0.039141384115558855,0.8175548140808877
2021-12-09,0.04812595980266787,0.7005389888532018,0.028663956569367887,0.7870246214357182
2021-12-10,0.005995936790829057,0.6976295349250929,0.018867966212035535,0.7384085415357601
2021-12-13,-0.03551235285498917,0.6899574617476454,0.00742348895112808,0.7176301249678513
2021-12-14,-0.07244942183451278,0.7022716222266455,-0.030882557781444015,0.6981584033089859
2021-12-15,-0.10734995326310685,0.7256404231382302,-0.054012648545110876,0.6982112737764219
2021-12-16,-0.14630518534476875,0.7275554948868306,-0.07547896679494712,0.697278553452791
2021-12-17,-0.16825780904592552,0.7091759574599654,-0.07361713010929366,0.7031819719279547
2021-12-20,-0.19286975512402035,0.7000598767010232,-0.09837251305658744,0.7246982407592535
2021-12-21,-0.22502786412617162,0.6954176555741152,-0.1340250092234075,0.7213002647337079
2021-12-22,-0.2859614492383699,0.6844750780599878,-0.19226507963534434,0.6892768495727114
2021-12-23,-0.33100399339852,0.6816607439794868,-0.244227265617483,0.6540725487276553
2021-12-27,-0.3601353390896127,0.6959642669498318,-0.28936941638690633,0.6159683847807585
2021-12-28,-0.37017675910133735,0.7116160836462702,-0.3416237501659323,0.5862040017118008
2021-12-29,-0.35796592384877707,0.734484282919519,-0.39664858956651383,0.5547897786774186
2021-12-30,-0.3614673911975995,0.7696963207357097,-0.41234269443634963,0.5376093046434356
2021-12-31,-0.35719724076371245,0.8287332444789909,-0.434970765981456,0.5247256491505756
2022-01-03,-0.32365329860864134,0.8975992171717961,-0.44902574780584537,0.5325026608665411
2022-01-04,-0.27955417956139994,0.9579856111002479,-0.4581184049680458,0.5493719577512868
2022-01-05,-0.22317493390045176,1.0139233752571741,-0.4452854022853755,0.5822524505725081
2022-01-06,-0.2264403744530262,1.020188947800266,-0.4405582143980907,0.5701793275154412
2022-01-07,-0.20685983927376247,1.0406246310364198,-0.4251527301561836,0.5712283412441672
2022-01-10,-0.19022905557929512,1.0731278602084275,-0.42108728970639314,0.5579193816641654
2022-01-11,-0.17072033500431952,1.0932033993175276,-0.4086262093462475,0.5445986789233576
2022-01-12,-0.12883947527712503,1.1265079912233043,-0.36938888539599063,0.5412582087612146
2022-01-13,-0.06979483926930463,1.1708977674710164,-0.31047140089347525,0.56031547809909
2022-01-14,-0.024743627385512928,1.1965430514840953,-0.24070058737595865,0.579540270642737
2022-01-18,0.04091646075039629,1.2494868961993102,-0.1608104356691016,0.6198129386912504
2022-01-19,0.0951994760254559,1.294550651976834,-0.10666054172723445,0.6426996342362062
2022-01-20,0.14970885094135641,1.3488628594967151,-0.06235664130670051,0.6629975384306486
2022-01-21,0.20115150536968376,1.3825650373079166,-0.03654979012307095,0.6824926233143143
2022-01-24,0.23923956535317648,1.3906591767529113,-0.022618291817655244,0.7164389420508614
2022-01-25,0.29448134510238594,1.4075934014199856,-0.0016317189588667671,0.7350778645776803
2022-01-26,0.34769388527958706,1.3996928359057756,0.03810013785754138,0.7480356972182881
2022-01-27,0.4054042654400385,1.4100035350915252,0.08315905315701518,0.7654114063557367
2022-01-28,0.4669301923052577,1.4370392428751535,0.12480805431269593,0.7724416482492497
2022-01-31,0.49686473172971013,1.4349624209519847,0.14149197377147577,0.7848808038552583
2022-02-01,0.5213234894897626,1.4276697801740417,0.1836166524098744,0.7859418536601099
2022-02-02,0.5465536997694169,1.4318360499585747,0.21556782602351923,0.8000221307022041
2022-02-03,0.5673506348726566,1.4451321242787218,0.2661171474646245,0.8182763261073379
2022-02-04,0.5552662971329068,1.4112814844656825,0.2997288680429731,0.8235635786469163
2022-02-07,0.5552881046097571,1.389776727459947,0.3371476092495855,0.8279887111243763
2022-02-08,0.5680876416962938,1.3724430463981763,0.38264184925857125,0.8317476825194778
2022-02-09,0.5928197747167799,1.3744926593653857,0.42146060416676945,0.8434246344598701
2022-02-10,0.6242598251061217,1.3976434555117097,0.4568096330636238,0.8543957338632825
2022-02-11,0.6463322914676122,1.415507215926346,0.47175526000549867,0.8617678464903347
2022-02-14,0.6454404051882234,1.408028087803173,0.4787548104641634,0.8600406110434038
2022-02-15,0.6593199272272828,1.4127622718546076,0.49853318351975134,0.8618526446490221
2022-02-16,0.6685033295048125,1.418370337734781,0.4930000928935334,0.855203353252561
2022-02-17,0.6954734140759771,1.4366658045438172,0.5104996937549627,0.8505729752547332
2022-02-18,0.6955859236286825,1.4352623254031138,0.5158975924107503,0.8360249056942308
2022-02-22,0.7209893315925814,1.430118451038596,0.5146056781026733,0.8409812488665268
2022-02-23,0.7447598162183474,1.4336210874460467,0.5182179571501132,0.8527152314105615
2022-02-24,0.7704195782035128,1.4272214948554869,0.5319125736390891,0.8532910024228985
2022-02-25,0.7813229786449626,1.4172797104439723,0.5478977833956362,0.8546014996608929
2022-02-28,0.7764264977143658,1.4227922972521054,0.5280281590570839,0.8337333326966854
2022-03-01,0.785832381422307,1.4423531150178297,0.5389497356612798,0.8086095652399142
2022-03-02,0.8053171875904228,1.4449951683666906,0.531226196708911,0.7731594147176348
2022-03-03,0.8279752359722667,1.4546999987100921,0.49836493837554197,0.7251347322652467
2022-03-04,0.8572819475308046,1.4663585724057633,0.4903975176005948,0.675382339817778
2022-03-07,0.8746687958739954,1.473599964266945,0.5207877518845095,0.6231723973240152
2022-03-08,0.8539631169641267,1.4453608645493208,0.5088578995610503,0.569645243796983
2022-03-09,0.823661847713274,1.4591186573476214,0.5001604220340456,0.5330731761083245
2022-03-10,0.7737081834465198,1.4413144152482325,0.4797545029194228,0.5010070612152144
2022-03-11,0.7491092361360594,1.4311681302700319,0.4516425051273124,0.4920032964598998
2022-03-14,0.7278095789152583,1.4322705976908627,0.431390748743779,0.4766585549272909
2022-03-15,0.7090206337595457,1.4211638110087235,0.4130839487586184,0.45003568936349014
2022-03-16,0.6645571375538657,1.4049685825826133,0.3807113461586161,0.4165958960744209
2022-03-17,0.6139839297095976,1.3627364152631691,0.3438567319638901,0.33928898771626487
2022-03-18,0.5553448730181031,1.3118159776130751,0.30036964451973863,0.2865885917659492
2022-03-21,0.5047546972918828,1.254596385337437,0.25910509873497073,0.23047130966853627
2022-03-22,0.4713129588989674,1.2006561797783308,0.21827518200080606,0.1900464849471025
2022-03-23,0.44099111333561997,1.144305124095705,0.19250879668147092,0.18187109698596432
2022-03-24,0.4129972447369572,1.1016092347475996,0.1725147677010043,0.18205278479904702
2022-03-25,0.37703133910328857,1.0760640176099459,0.13898366447101335,0.2112879275197277
2022-03-28,0.34928074082180505,1.0650004533952353,0.11398004733982135,0.2344085519215356
2022-03-29,0.3326875260131731,1.062228914269671,0.11048507297879795,0.2634554603741374
2022-03-30,0.30453020647001117,1.0819441654537667,0.11450151219152167,0.26739663510129635
2022-03-31,0.31541476172624855,1.1041128823475181,0.13812649350966924,0.28064439276557607
2022-04-01,0.30485629604219483,1.1488420671116306,0.16081793174292136,0.3021070743781414
2022-04-04,0.31258812813992976,1.1851532538773775,0.18115301669956965,0.351610440692254
2022-04-05,0.3389758628562664,1.2157868674967445,0.19606965769983162,0.40901872421486735
2022-04-06,0.3648308541117416,1.2259374303311925,0.21875593840234467,0.41822403134327457
2022-04-07,0.37776032144873967,1.2131153482459722,0.23038174237296288,0.42441254229790937
2022-04-08,0.40881410209347957,1.219849817504177,0.2600217670352046,0.4350389845873912
2022-04-11,0.4556348165596651,1.2303750599999725,0.29368673032297354,0.46066240334206554
2022-04-12,0.4950584089421508,1.239415828761645,0.3306708824373787,0.4862450707174943
2022-04-13,0.5454761693355364,1.273883902215082,0.36402466233391995,0.5148181414073432
2022-04-14,0.6133229921817446,1.3166064924134449,0.4079316146436681,0.5350713798254394
2022-04-18,0.6608545506579442,1.3619454331293293,0.4645302262484796,0.5711393764815353
2022-04-19,0.7150919614536345,1.416979225891407,0.5283109616321793,0.614249020688903
2022-04-20,0.7770833690225962,1.4766057425088515,0.5872911694452969,0.6584102422968202
2022-04-21,0.8384242485062697,1.5304764094081293,0.6484365065249031,0.7183173245589413
2022-04-22,0.906888009842579,1.58686352613574,0.7178502564146763,0.7774442640301603
2022-04-25,0.9435539025975467,1.6303673810681805,0.7587429887485998,0.811382370171558
2022-04-26,1.0070125049297154,1.6779335832070266,0.8087649032361971,0.8625961364141606
2022-04-27,1.066233609060018,1.699376003436483,0.853589771615199,0.8974720795588077
2022-04-28,1.1259877556637383,1.743048045108379,0.8951361305041117,0.9444694306228102
2022-04-29,1.1812810044957347,1.768414616228225,0.9344713069636951,0.9939002827634736
2022-05-02,1.1997598597157448,1.7905349215975583,0.9664860714335812,1.020560416473892
2022-05-03,1.2218754228305195,1.8211278968915419,0.9834408241812854,1.0650034109458129
2022-05-04,1.270279239488704,1.8586373040283763,1.0189953476725184,1.1107552496179642
2022-05-05,1.3018724100283805,1.895593212424849,1.0268932814883907,1.1362246932991518
2022-05-06,1.3172987977394455,1.8828544343139964,1.0007564146358479,1.1443461635257592
2022-05-09,1.334802038362045,1.878846669814728,0.9769248457328275,1.1629887392302594
2022-05-10,1.3154965327094101,1.8711708609238076,0.9391694348310609,1.126815076117738
2022-05-11,1.3127045910186947,1.8788137601094956,0.9067748518384825,1.1106266881750138
2022-05-12,1.3050929899881374,1.8807362390104414,0.8982095916767597,1.1036984959340885
2022-05-13,1.3084215018328904,1.8850333764280085,0.9034769881874697,1.121246910587094
2022-05-16,1.3037099144730264,1.8690983065694187,0.9245137490480174,1.1504058681989435
2022-05-17,1.3053767249895964,1.853104932526056,0.9617261582344819,1.1700272630245734
2022-05-18,1.3176765531195025,1.831314621943842,0.9921973296466718,1.1727172092847988
2022-05-19,1.2842424655957487,1.7792520114075152,0.9571043631204136,1.1551039983509845
2022-05-20,1.2631016516997777,1.7386399978029026,0.9349179150528368,1.1567701487135225
2022-05-23,1.2473060322351215,1.7210370132237942,0.9196960987932595,1.1649331299459478
2022-05-24,1.2283314264453045,1.7138169129787262,0.9023752687511628,1.1729123334614575
2022-05-25,1.22397054633984,1.7045578627380453,0.8860827376698801,1.181571806788258
2022-05-26,1.2379071004472297,1.6933232835244159,0.8877309329479706,1.2052083071026836
2022-05-27,1.2615469877255456,1.681670052313765,0.8858233621488162,1.2304786310455291
2022-05-31,1.2808516538202275,1.652321083592406,0.8768252031764189,1.2474929023773638
2022-06-01,1.2887741860576425,1.63232568967503,0.879680900197277,1.2761778167735716
2022-06-02,1.2978602034956732,1.612810504358467,0.9039642254597051,1.2990169255975326
2022-06-03,1.3015782609768682,1.5923042622625962,0.9177776492681348,1.3253440269449535
2022-06-06,1.308013643778427,1.574478144001256,0.9278520943078853,1.3733969014186453
2022-06-07,1.3070570359913949,1.574298610969993,0.9603803443987328,1.4131830515290476
2022-06-08,1.3183044790348841,1.5876826633678651,0.9901610422024079,1.4441747869692962
2022-06-09,1.3249812561486314,1.6031656213376684,1.020030540487045,1.4667338186943888
2022-06-10,1.335451521405257,1.6184539029581118,1.0282285245848892,1.4842228342048216
2022-06-13,1.329670431526369,1.620425569820169,1.0149004223356677,1.4820423559580378
2022-06-14,1.2797448642847147,1.5864002926943037,0.9828991833160753,1.4243238821565314
2022-06-15,1.2470063593367178,1.5745041209548996,0.9511549980583658,1.4018487341234676
2022-06-16,1.2301162764710556,1.5720529211342809,0.9330863020387343,1.3948264824002101
2022-06-17,1.1733843098406422,1.5352619130006138,0.9032438702814879,1.3225747169293545
2022-06-21,1.1364044495142631,1.5139452584443864,0.8891776863658455,1.2589554141220063
2022-06-22,1.0925173692649006,1.4875727039660716,0.8642756162088978,1.2054369759270578
2022-06-23,1.0584111666344855,1.4635685423426654,0.8216857164502489,1.1562933034017624
2022-06-24,1.0216468752192713,1.4267836617408323,0.7858072281030184,1.1125839421207573
2022-06-27,0.9603026916085181,1.3862797563951577,0.7015565280818203,1.0463627994975802
2022-06-28,0.904270820664062,1.342817946390305,0.6384017954538572,1.0011972856713276
2022-06-29,0.8408538649155632,1.2716006651811105,0.5668561040092056,0.9506864709104865
2022-06-30,0.7849059225974863,1.2074028336856149,0.514455515275214,0.8970665408187302
2022-07-01,0.7295512425122628,1.1518875043618853,0.45513608962628904,0.8554229567856584
2022-07-05,0.6780954123086086,1.1132979727131542,0.40773837066778623,0.834044866237577
2022-07-06,0.6397808867458684,1.0782626833745386,0.361285180812851,0.8157058720461786
2022-07-07,0.599187868298604,1.0622295262063168,0.3250253077624807,0.8239803219466797
2022-07-08,0.5512927197250393,1.0407071847579519,0.2902795403721925,0.8147285177197522
2022-07-11,0.5097955199861931,1.0414232322235508,0.2619891864968462,0.7940209404065339
2022-07-12,0.47308938816068064,1.027242823920797,0.24360543645441712,0.7726035467496044
2022-07-13,0.4497601952670615,1.0444302795959801,0.24591635863168998,0.7723239953829657
2022-07-14,0.442964289980125,1.0665509683715535,0.25095427758557437,0.7799388799470655
2022-07-15,0.4603109390896321,1.1013159792755063,0.25842138144932786,0.79841692405178
2022-07-18,0.4484796566775198,1.135365824031582,0.23615664902899547,0.8026350724409538
2022-07-19,0.43999782316282443,1.1824129085200021,0.2217638298727324,0.8159219974887514
2022-07-20,0.4075001763539963,1.2100590344814204,0.16215811647621547,0.7882504862038071
2022-07-21,0.38197278456197814,1.2332559214608356,0.10875602648491801,0.7694535802061244
2022-07-22,0.3657750056926152,1.2565994853576261,0.07240671041317484,0.7718657912660751
2022-07-25,0.3723503242002097,1.2752328472471162,0.04727832223508564,0.783629533831503
2022-07-26,0.3792556798147629,1.2827304034782319,0.024779259374146607,0.8149802136457992
2022-07-27,0.38042596567745374,1.290790964087916,0.0034070731476877362,0.8433416587897836
2022-07-28,0.3515408620581236,1.2612149274718534,-0.0327825581886322,0.8713057393214588
2022-07-29,0.3285751798694571,1.2438272918523072,-0.07807639577608828,0.88026628191175
2022-08-01,0.2957123453261258,1.2251467933423825,-0.09880958620314843,0.8749866518657252
2022-08-02,0.27370590530368255,1.2165153971330387,-0.12132381887154711,0.8677522780979999
2022-08-03,0.2640124153968109,1.2240488702240806,-0.16381707598902534,0.8577037105194039
2022-08-04,0.25183289977938483,1.215372614293057,-0.19495454430614817,0.8361474638372016
2022-08-05,0.2581901180493417,1.2107274730605448,-0.1980159289931281,0.8173468936240053
2022-08-08,0.2653860862229461,1.2276584486401037,-0.1786349749242858,0.8052237561231288
2022-08-09,0.2986574018275116,1.2495350438558552,-0.16581868784637832,0.804920976454368
2022-08-10,0.32322855586572713,1.2735467142157793,-0.14340692626977944,0.8207150496514818
2022-08-11,0.32484168759746934,1.277646438317553,-0.14244684778572134,0.8093527306338963
2022-08-12,0.3430341050799196,1.268384850154192,-0.11741740048659059,0.817798807057977
2022-08-15,0.34934578036311903,1.2654248453705268,-0.10494291806007922,0.8090308017141551
2022-08-16,0.3453128498943083,1.2677311942925749,-0.09172200690490366,0.8016549676837647
2022-08-17,0.359587367784073,1.2857919696234947,-0.06116171759778539,0.8027268595423477
2022-08-18,0.39718371364737326,1.3127376837075664,-0.005798708824473208,0.7958168381491943
2022-08-19,0.45118746093975565,1.3430234559683982,0.06550069603148247,0.7914467270009016
2022-08-22,0.5067769251887843,1.3777072211464638,0.13470659593393083,0.7781637254848481
2022-08-23,0.5274627050439732,1.386388922573989,0.173195541815778,0.7639369150274127
2022-08-24,0.5629296618574475,1.4025459102786932,0.21370686370854158,0.764635420248217
2022-08-25,0.6023206246517795,1.4256429048679526,0.26192205382122435,0.7929119073073383
2022-08-26,0.6460265685559236,1.4584315503745513,0.30915646159646554,0.8240151053018755
2022-08-29,0.6443008046342458,1.4505626146703703,0.29457267384899866,0.8061188445730544
2022-08-30,0.6581333253482192,1.4476468121412542,0.2933260529925966,0.7847056887545943
2022-08-31,0.677128242319488,1.436738942010897,0.3136867185223802,0.768526742754697
2022-09-01,0.6883120690018137,1.4251089037523672,0.3349079127856054,0.7749267156730726
2022-09-02,0.7063995518184232,1.4200194881072996,0.3637039818575608,0.8052205679367765
2022-09-06,0.7326824611895176,1.4257573052246084,0.39407724236106967,0.8371189529233994
2022-09-07,0.7671524634720737,1.4418218912843528,0.4293982089362809,0.8738691446599745
2022-09-08,0.7939809346199755,1.4552742431795411,0.4787802489380507,0.9211801602231863
2022-09-09,0.8395163788058451,1.4850362689731549,0.5280590791373649,0.974750673641512
2022-09-12,0.8930123345272892,1.5148511387692456,0.5884913990386236,1.0277283717991406
2022-09-13,0.936350804944299,1.5488115115321952,0.6379406708971531,1.0673594411908438
2022-09-14,0.8926221410615442,1.5146541293389921,0.5968028117676747,1.0535769290510388
2022-09-15,0.8761861238005169,1.4816341671612911,0.577458402506795,1.0428346027006468
2022-09-16,0.8712138030282254,1.4576076934245072,0.5615216034129291,1.041545693604737
2022-09-19,0.8729028456480549,1.4459566145929659,0.5422338555506372,1.0492548910077524
2022-09-20,0.8759316640062761,1.447574813307595,0.5403527339813958,1.0581773313568976
2022-09-21,0.8750433498297634,1.452422291189198,0.5551252951729546,1.079197039882837
2022-09-22,0.8548193669383171,1.4494897822435087,0.5626056755618143,1.1026638749426574
2022-09-23,0.8590393285536342,1.4453207738692775,0.5699105710301461,1.1225583265991474
2022-09-26,0.8631432246455116,1.439747114910588,0.5727789748193657,1.119218759550418
2022-09-27,0.8804855952157544,1.4297406804933317,0.5984688612941573,1.1230872847969788
2022-09-28,0.9044497766050074,1.4405009497070969,0.6498641190005788,1.1495503678077017
2022-09-29,0.9124570084907949,1.4454476437776407,0.6956398727624786,1.1660031966866102
2022-09-30,0.9091098337058998,1.4294793345934125,0.7469412090686961,1.1844368939725416
2022-10-03,0.9111597057410725,1.4123802491554536,0.788503185944399,1.2121897523964735
2022-10-04,0.9062039323791986,1.3951458424076142,0.8396081679608152,1.2340134361097757
2022-10-05,0.8730548341504565,1.3705756296741003,0.856856230772101,1.210796703515511
2022-10-06,0.840992308044019,1.363849774479703,0.8635279713402357,1.2140682707832007
2022-10-07,0.8191561999213245,1.3909957033953209,0.8767052599296672,1.21843238497356
2022-10-10,0.7669087946472161,1.3968311643869322,0.8805633994307396,1.2048557385797813
2022-10-11,0.7280239447880879,1.4031298776915697,0.8940230778343994,1.1944583227670216
2022-10-12,0.7208498814278247,1.41041611203151,0.9435099136458349,1.1859475009417428
2022-10-13,0.7327801132230707,1.4159496639086724,1.0069310936530433,1.19475202701002
2022-10-14,0.7272527606124016,1.4236060199501608,1.0385479889167777,1.2003105148949609
2022-10-17,0.7137083118441323,1.4217213996356004,1.0656728616451396,1.20655256327466
2022-10-18,0.6952803350166229,1.394067666544162,1.0854002383144725,1.172677036042111
2022-10-19,0.694037346218752,1.3624029087120766,1.1017318291579088,1.1481314381816465
2022-10-20,0.7035085890921462,1.3526382319168642,1.1146194913289973,1.133423281259451
2022-10-21,0.7299125358669694,1.3426136329895029,1.1203278276618653,1.1316232611120591
2022-10-24,0.7413158204995854,1.351241454966643,1.1007969371769373,1.1178978619767743
2022-10-25,0.7371260984969206,1.3694357670827846,1.074872781100183,1.0999937831695663
2022-10-26,0.724242700837629,1.3772463498310026,1.0501642484063143,1.0680014982761064
2022-10-27,0.7375291399679225,1.3889222219280082,1.0248517501741856,1.036072425839974
2022-10-28,0.7687423970928616,1.4067068196460735,0.9997666447554895,1.0238692180448468
2022-10-31,0.7966022128476102,1.434930300887923,0.954804239779202,0.9976080211209467
2022-11-01,0.8408103540611624,1.475764303732983,0.921694408724035,0.991278885462346
2022-11-02,0.8845103390532256,1.5262622958602992,0.8886431573798894,1.0056796010473035
2022-11-03,0.9053166503452762,1.5363381296586351,0.8597307895643096,0.9730314444127144
2022-11-04,0.934766256153681,1.53008702858484,0.8305018493979341,0.9563291298664903
2022-11-07,0.9688496750560539,1.522699931641801,0.8079687453022869,0.9469332849570438
2022-11-08,1.0234368944466112,1.5235251268222871,0.7844475030515495,0.9567213121894367
2022-11-09,1.0800381643663939,1.5336209922127981,0.7534646396803713,0.9884349300249307
2022-11-10,1.1199405031600982,1.5474226335433274,0.7098836156456807,1.0160798158722826
2022-11-11,1.0507719268479347,1.4679125201470278,0.6110363276275158,0.9346875548782879
2022-11-14,0.990892526921114,1.3956109784947428,0.5145770948610519,0.8612944021850667
2022-11-15,0.92997545229096,1.327556362999496,0.4180607570129207,0.7932787400811071
2022-11-16,0.8670021749126483,1.2587541503411408,0.34302951346193694,0.7327438542750524
2022-11-17,0.814692303214878,1.186864843081519,0.28223246630961535,0.6534538764827297
2022-11-18,0.7641277845164405,1.1379450002618512,0.2347378394633882,0.5946144540351934
2022-11-21,0.7266477694827532,1.097137374544765,0.20682613149250484,0.5606983845765866
2022-11-22,0.6920198636607292,1.0618394368271173,0.1929587477819407,0.5556386394514634
2022-11-23,0.6616877091400932,1.0393275886534072,0.17155704420548837,0.5473164715769784
2022-11-25,0.6517575664705388,1.0290987688542887,0.16189762229941715,0.5567511359099273
2022-11-28,0.657405050519776,1.0300930011926528,0.17129525584826127,0.5768523954616749
2022-11-29,0.6579974492253683,1.0104881796632503,0.18013005148435843,0.5712485058657494
2022-11-30,0.6797851734537853,1.0101065137284988,0.18906320436561297,0.5833503728794318
2022-12-01,0.6868520565622991,0.9649505209925353,0.16527040370486076,0.577947145889311
2022-12-02,0.6864768976569577,0.9379859833446743,0.130369818593584,0.5667161687967944
2022-12-05,0.6790503840264893,0.9338702902908873,0.10967580571121535,0.5787230277004577
2022-12-06,0.6504873210553905,0.9348028427326734,0.0785586782302957,0.5503347659148797
2022-12-07,0.5982769754263912,0.9219829308178709,0.04499974258173834,0.5318591682647412
2022-12-08,0.5709582750434243,0.9127084725458313,0.027865478687768487,0.5382512504494356
2022-12-09,0.5515983422183014,0.9055762875644245,0.029046758701471363,0.5545772124250009
2022-12-12,0.5396591105967712,0.9108757148796301,0.05103860254119759,0.5690915831341755
2022-12-13,0.5301102291807168,0.9194281909646969,0.05707410383606554,0.6066908305802429
2022-12-14,0.5301404683456878,0.9329288889050512,0.06891136965112876,0.6580386926563313
2022-12-15,0.5374542880198031,0.9501301047916717,0.1087396322713942,0.6968684939785247
2022-12-16,0.493825941087584,0.9336631414681638,0.084395415922031,0.7005834604129546
2022-12-19,0.46031096279816236,0.9218480974927161,0.06165591204981112,0.7015256144135495
2022-12-20,0.4380056753625076,0.9211523349817152,0.04684733750977734,0.7097770556587848
2022-12-21,0.4250442862952554,0.938517721734,0.034959567449480346,0.7106242872849495
2022-12-22,0.39085153560652236,0.9511883139724161,0.019018097233428222,0.7165088069987932
2022-12-23,0.3591266714252893,0.9445006708577122,0.003726224440767425,0.7099155621842326
2022-12-27,0.3378515708854479,0.9395780821815031,-0.013293541931363144,0.7039892004668323
2022-12-28,0.3387106521098784,0.9348327936917112,-0.01634878605593391,0.6942822813613411
2022-12-29,0.3438769271861455,0.9316331796095998,-0.02393090547000354,0.6663300858572666
2022-12-30,0.3375828500813673,0.9206003031349125,-0.035322962780895195,0.6194168261705888
2023-01-03,0.34735786216493186,0.9173840745299536,-0.04433786358435793,0.5886451889285944
2023-01-04,0.35991029930041,0.9282109843318459,-0.04512724511039959,0.5836834972792523
2023-01-05,0.3658946784807096,0.9612710725236392,-0.03401870407860551,0.5752950917798695
2023-01-06,0.3698446563946566,0.9771774686185883,-0.027305561779104127,0.5799558640980341
2023-01-09,0.35379443915200603,0.9666997391714597,-0.05240056462203954,0.5541958524235969
2023-01-10,0.3480436670906346,0.9654008548327505,-0.05667119529722779,0.5492489127332119
2023-01-11,0.33039122546337657,0.9737024356807084,-0.06496529742419539,0.5408828681540807
2023-01-12,0.31378935849873935,0.9882913118781342,-0.07525225166202748,0.5316642713854371
2023-01-13,0.30632670992658373,0.9999291609795713,-0.07145873075996383,0.5116964037071637
2023-01-17,0.3085194683727091,1.0137895657960712,-0.059092433716713556,0.5036239380391908
2023-01-18,0.3340169401908166,1.0252280220031902,-0.063068220209094,0.522272178758669
2023-01-19,0.3507892996276073,1.0353471885483732,-0.11223271853859118,0.5124032226826646
2023-01-20,0.38105197254874257,1.045027705923016,-0.16495195788214573,0.5038057328307673
2023-01-23,0.38151997992537634,1.0244971422356486,-0.2169186030651192,0.5060182102101491
2023-01-24,0.36317438327795015,0.9970630021346841,-0.2734791753008413,0.5131075110561113
2023-01-25,0.346705954817849,0.9930968007607468,-0.3096822964914002,0.5220000199422391
2023-01-26,0.32317709516330173,0.9965917110359281,-0.3476445677386351,0.5402396018284245
2023-01-27,0.31370003090240023,0.9975557745730534,-0.3737215359604375,0.559663435597005
2023-01-30,0.30948475867288283,1.0095513659690003,-0.36367358193402455,0.587774444096205
2023-01-31,0.2947679340990918,1.003947333054754,-0.35858544571059675,0.6297917923221384
2023-02-01,0.2654938084482355,1.0064665179821168,-0.37099218981537907,0.6493751879199263
2023-02-02,0.24356459684731624,1.010870908119467,-0.3916226419927026,0.6644252371208618
2023-02-03,0.22456211222215622,0.9718928788167955,-0.42058363422617306,0.673851567887914
2023-02-06,0.1945218587325412,0.9366020774084279,-0.4391145815800102,0.6844537451216867
2023-02-07,0.16515718259640214,0.9099920387704153,-0.4345551724349952,0.6948333153106558
2023-02-08,0.14236232039370195,0.874266843860807,-0.4347472425492805,0.7054066801467629
2023-02-09,0.11803114487811261,0.8407404930917625,-0.42336792876420015,0.7300522820746512
2023-02-10,0.10760681363824433,0.8092687987086099,-0.3937084361228941,0.7439302841902061
2023-02-13,0.09969355229415032,0.787954763317435,-0.3640301011135913,0.7647850610757748
2023-02-14,0.08559545681885052,0.7561738089392621,-0.3406718464734002,0.7812042977362534
2023-02-15,0.09123067310372687,0.725997221700431,-0.3160714202670108,0.7935847169503599
2023-02-16,0.10877355389277538,0.69298815241242,-0.28719926230436094,0.7866764788473974
2023-02-17,0.1123695597296203,0.6660250259880258,-0.256066227147675,0.7810505832039727
2023-02-21,0.13117820007846903,0.6351466499484281,-0.2077354140013791,0.7809507946052463
2023-02-22,0.11844175995341522,0.5644091842859258,-0.22904678457231126,0.7551100343872933
2023-02-23,0.10915773085772973,0.5119855894804927,-0.22354850606239313,0.7422870363102586
2023-02-24,0.10965050682403053,0.45652145487803863,-0.21442843797134858,0.7309004688088734
2023-02-27,0.10831690131420495,0.3937805489572418,-0.19711607677301443,0.7179960658002881
2023-02-28,0.12670956879434667,0.3503488487944571,-0.1641459184409388,0.708199329249466
2023-03-01,0.1368378509968226,0.32219997892796715,-0.14178713843118307,0.7275434282724464
2023-03-02,0.15686586044695533,0.3046387399601501,-0.09517030981241256,0.7682760504860127
2023-03-03,0.18661170567005908,0.2866879879342948,-0.05775891057229505,0.8067431637002119
2023-03-06,0.20732658441576204,0.23255274002300633,-0.04599457547622516,0.8600961683974901
2023-03-07,0.23697646910143452,0.20356678572236128,-0.021632850905553044,0.9112494976261748
2023-03-08,0.2486169942257781,0.19175740042658623,-0.0049161630724980565,0.9638257548477118
2023-03-09,0.2662886825030437,0.20016517578778853,0.013164725216929216,1.036472424103681
2023-03-10,0.25230239761626144,0.21320597919458625,0.025859506135400848,1.0856590421866603
2023-03-13,0.23024276461856805,0.21378190589227877,0.039374903964201055,1.119188884154769
2023-03-14,0.21896195368629184,0.22971392186232506,0.053941143913044526,1.1374836652642435
2023-03-15,0.20947617154978343,0.21370633365866135,0.060452906087303256,1.1473549391997648
2023-03-16,0.21760169283495778,0.22791947511039157,0.05161407518507175,1.1432817054396118
2023-03-17,0.20051521666656533,0.19305570098996283,0.03977512604825421,1.148607175522925
2023-03-20,0.16809993735796597,0.16058264172155426,-0.004481357809856492,1.1431598767425324
2023-03-21,0.12462669602725458,0.13959654431773758,-0.04585015458404818,1.1490466534337487
2023-03-22,0.06833053636252533,0.1133737945187266,-0.061706045198304374,1.1201011086700265
2023-03-23,-0.025776876829603,0.07035250466448166,-0.12161744413336037,1.0535529390358913
2023-03-24,-0.08279713646776184,0.04053939418166362,-0.1516080844791645,0.9979995354221731
2023-03-27,-0.12557994332185352,0.02407804753050118,-0.1822013974453268,0.9358257261073728
2023-03-28,-0.16194789443784022,0.0040981364610772775,-0.2224628872107298,0.8658622919482061
2023-03-29,-0.18925675315777205,0.008337643841277555,-0.24908675038354655,0.7999445778364294
2023-03-30,-0.22279414471026518,0.006817570361341418,-0.26972208811567966,0.752721274895585
2023-03-31,-0.27052790668289745,0.010355291194008725,-0.28043643139517227,0.7300655552509319
2023-04-03,-0.337396336167013,0.00795199893667839,-0.3118727711967285,0.6859665402603488
2023-04-04,-0.3875744403454441,0.015841748407471087,-0.34557936992976784,0.6389245812987836
2023-04-05,-0.4250328960902858,0.02231660269607728,-0.3610510971925323,0.590673056072944
2023-04-06,-0.4336213033214091,0.026984664483396488,-0.37725961814926884,0.5390320962656387
2023-04-10,-0.4356224971511528,0.034552795969870466,-0.38884149684439684,0.5088291400305917
2023-04-11,-0.43512535152259246,0.047203664240477956,-0.3852135809917361,0.4741471701928009
2023-04-12,-0.4198561757870349,0.06359226155217639,-0.3960542323116561,0.46248274813889395
2023-04-13,-0.3952996008381834,0.06896490132416419,-0.3922896686848534,0.4530962950575104
2023-04-14,-0.3884580911011594,0.031086989189285732,-0.41012275571065226,0.4509387869946754
2023-04-17,-0.37738883034502807,0.01208594181312326,-0.42312469367157585,0.46142809941013346
2023-04-18,-0.35825504917354656,0.007638297340318075,-0.4458981796529853,0.4675159382192572
2023-04-19,-0.3200267816509411,0.024389594839137295,-0.45700413166500625,0.4644872319176994
2023-04-20,-0.2840084336666687,0.04552780031450905,-0.4669193447181715,0.4817620241408852
2023-04-21,-0.23422561262879213,0.07230997753845955,-0.44697462391326265,0.5027149793077063
2023-04-24,-0.18296722525310974,0.11438361491347093,-0.423165360667459,0.5361336020079532
2023-04-25,-0.11030937991535365,0.17082672715543762,-0.38258665132597175,0.5689280903768832
2023-04-26,-0.08139030371120273,0.1868058822972598,-0.3390104044058758,0.5678422832592944
2023-04-27,-0.042544173204295044,0.19389664144859314,-0.304663294275317,0.5704828459555054
2023-04-28,-0.05356073172783098,0.16142559473871762,-0.29209281033982215,0.5722007324352769
2023-05-01,-0.07482072554448042,0.12800362336356452,-0.287638031672109,0.5734891186641137
2023-05-02,-0.08749125112866557,0.11103953846394589,-0.26810606721734376,0.6005289422987952
2023-05-03,-0.10133512551058801,0.08450340034558594,-0.26343804251121433,0.5889764628762119
2023-05-04,-0.12395792685243011,0.07093610105447669,-0.26148240673491346,0.5932899877667112
2023-05-05,-0.14402916926130277,0.0715036383009587,-0.2689875065549609,0.6080419202875872
2023-05-08,-0.18471662450487542,0.0421373601337182,-0.29096610905147335,0.6025732238508038
2023-05-09,-0.21519629858257364,0.03386299461367248,-0.2925576618815721,0.6142753709223285
2023-05-10,-0.23407085776856384,0.03167383649043707,-0.286675875485161,0.619879512914166
2023-05-11,-0.254056600127914,0.02089673914671166,-0.2744518252904533,0.6342309863926164
2023-05-12,-0.27292968487979447,0.029838655470189376,-0.2582890007868465,0.65514793861303
2023-05-15,-0.28420840219037335,0.05667700828992688,-0.24871406010607425,0.6749558304735589
2023-05-16,-0.27326465481492307,0.09047567041023712,-0.24280816267360406,0.7068009860203269
2023-05-17,-0.2713871735659626,0.12630339909332014,-0.24028277024337577,0.7446924830772961
2023-05-18,-0.2879868208983101,0.18074946924833457,-0.2616138157587255,0.7698723196892224
2023-05-19,-0.29733034068420683,0.20195363766547683,-0.2878182130068819,0.7883822103253264
2023-05-22,-0.29664803976027176,0.20750725047971177,-0.32014733503192483,0.792913603052427
2023-05-23,-0.27907122525634515,0.22561093010427707,-0.3560416743156544,0.805241037279507
2023-05-24,-0.26988675667946277,0.24538343482211322,-0.3746022447580117,0.8320049010651235
2023-05-25,-0.2753039132801905,0.2599198785610718,-0.4152693498860576,0.854275713710678
2023-05-26,-0.2883820841492851,0.23757897555624982,-0.4321829462925796,0.8794911671383786
2023-05-30,-0.30993306523544517,0.1656645798796619,-0.4749013183728319,0.91403631255199
2023-05-31,-0.33564887559259077,0.10756578246829265,-0.4968413830965095,0.954901354726846
2023-06-01,-0.35608846998514787,0.05193382049217205,-0.5069294351603334,0.9961347076408175
2023-06-02,-0.3844698575406965,0.008464781773867584,-0.5129394041879818,1.0564985856440696
2023-06-05,-0.45228909264626577,-0.02211854598697578,-0.5742014269366773,1.056660667836097
2023-06-06,-0.5029164242369676,-0.024215370462061625,-0.6407125904195254,1.0362445324984095
2023-06-07,-0.5419635881249635,-0.0007486471834776653,-0.6908062006814373,0.9823716835264936
2023-06-08,-0.5680187881910614,-0.0014125060556114224,-0.7433519826228274,0.8993323128693533
2023-06-09,-0.5957824925315748,-0.0032891289598198977,-0.7842731372106149,0.8271509332499865
2023-06-12,-0.6175333659464345,-0.01765573282127519,-0.8077246818777387,0.7677642396367571
2023-06-13,-0.6465495787185447,-0.04869860007310896,-0.8499105523503007,0.7309634784306771
2023-06-14,-0.6534783751370139,-0.0585105321454983,-0.8627192257416729,0.6954091872968741
2023-06-15,-0.6445609421513598,-0.043269609914139855,-0.8748728563170819,0.6546835482602903
2023-06-16,-0.677791332665256,-0.02739669339916967,-0.9016442905274774,0.5919447760516221
2023-06-20,-0.7043521041223018,-0.014336057496234404,-0.9217135707052078,0.5326992382638411
2023-06-21,-0.7311776112016001,0.007752961183826231,-0.9464975438700135,0.4838900457742578
2023-06-22,-0.7566332849946918,-0.00497677636813311,-0.9580608624574201,0.45315570394680427
2023-06-23,-0.765946750003161,-0.019932747558433682,-0.9609340034540947,0.4151327024156593
2023-06-26,-0.7951950212324204,-0.04969280035606399,-0.9668914859740363,0.3713636070855081
2023-06-27,-0.8150558759415204,-0.10233690655665138,-0.9688704631604561,0.339711568808465
2023-06-28,-0.8579933665304363,-0.1614290941681509,-0.9719528585765136,0.3130460555369972
2023-06-29,-0.8911904406202219,-0.1909424532704913,-0.9662380315262157,0.30635409461076896
2023-06-30,-0.8963468868752312,-0.19693945803251658,-0.9569834281141307,0.2936002918179779
2023-07-03,-0.9232474316421795,-0.22284946765417893,-0.9617187018353102,0.28599969467310843
2023-07-05,-0.9333392409560418,-0.2231466539779044,-0.9563806935035317,0.2953717775781058
2023-07-06,-0.9249844637550132,-0.21766470539047542,-0.956915843030288,0.2894428222603754
2023-07-07,-0.92532154515356,-0.20999250531876423,-0.9829217093111843,0.2558606438711355
2023-07-10,-0.9126039343053389,-0.1812019860837108,-1.0050920028896093,0.21390397495968144
2023-07-11,-0.8878152584886677,-0.14765153892346047,-1.0235140143463002,0.18558015880005405
2023-07-12,-0.8781114571031363,-0.12299879880285687,-1.0714771926396962,0.16734352557690532
2023-07-13,-0.8741566727968549,-0.07024033682992724,-1.108932353705708,0.13772452798013168
2023-07-14,-0.8669575990912674,-0.03427292396632859,-1.1478931954641185,0.10857421008733913
2023-07-17,-0.8554358888736631,0.00791269606567864,-1.1880999174596432,0.0731764313569499
2023-07-18,-0.845345358206006,0.038657919450233884,-1.201841588625637,0.04543694918736141
2023-07-19,-0.8322455708388744,0.057194135475631055,-1.232283656204083,0.011664909598492264
2023-07-20,-0.8123246266672991,0.09690867991210561,-1.2607702104079193,-0.01646559036932748
2023-07-21,-0.8114906249341929,0.08244871747015269,-1.2788721466455164,-0.0572158704665556
2023-07-24,-0.8080457823643716,0.0739506031355947,-1.2848549266955431,-0.07935403917761091
2023-07-25,-0.792320479297042,0.08444525665922123,-1.2798093789829805,-0.10250533129152292
2023-07-26,-0.7700373432777433,0.10956886077716786,-1.2493597507506253,-0.1112811103112973
2023-07-27,-0.7547769780221788,0.13481669598468846,-1.2004769241823212,-0.1317900072668629
2023-07-28,-0.7351361254847507,0.18228165006416394,-1.1594546096148155,-0.15160698346554496
2023-07-31,-0.722566802226159,0.20194080186636978,-1.1054938058922876,-0.17902396599672216
2023-08-01,-0.6976397511006998,0.22168405788518916,-1.0396573056507192,-0.2001965087017079
2023-08-02,-0.6559592516286422,0.25867260897197086,-0.9784249785804405,-0.20882317523862226
2023-08-03,-0.6692047930599276,0.24027808560806366,-0.9357188957880331,-0.22325401515881133
2023-08-04,-0.673039102283973,0.25785488100979187,-0.8886195993961632,-0.22341484114703056
2023-08-07,-0.6802924358470948,0.2709160138328663,-0.8373594415609923,-0.22942572874446956
2023-08-08,-0.6745429967581151,0.28033256604821216,-0.7962149291587834,-0.23824469888725872
2023-08-09,-0.6796214261944291,0.28125621416081975,-0.7667511476010264,-0.23100844685457766
2023-08-10,-0.6788768207049841,0.2646245454968423,-0.7591033790983603,-0.2206209733427485
2023-08-11,-0.6664844267981137,0.2665938408753896,-0.7527113385482512,-0.20696245453119458
2023-08-14,-0.6337633926324033,0.2762855414746156,-0.7560946671017351,-0.16760424327312454
2023-08-15,-0.5733818457195116,0.2875298646327085,-0.7449067109591321,-0.11715020280329481
2023-08-16,-0.5442384750791163,0.2896490013493283,-0.7496591058253605,-0.10233282107415378
2023-08-17,-0.5277990400873022,0.2794285942664619,-0.7649720893453099,-0.11455259043431362
2023-08-18,-0.5263933838042885,0.28588555103350793,-0.7814960637789481,-0.12226473572298657
2023-08-21,-0.5112921079677507,0.3034806222902629,-0.7780645222484376,-0.12263802344573214
2023-08-22,-0.4897737256933646,0.30835016024673373,-0.7685839651557874,-0.09695121035074808
2023-08-23,-0.45661071728339825,0.32611585449352665,-0.7716366474945362,-0.09076066883288864
2023-08-24,-0.43245304396067863,0.3271292210668625,-0.7534897061776291,-0.08858921304975555
2023-08-25,-0.4450629352037713,0.30868107053498284,-0.7673205805490247,-0.071428678160097
2023-08-28,-0.44375376619519374,0.28925304101332305,-0.768577569316704,-0.045957933192590006
2023-08-29,-0.43159414989571987,0.2883365518944435,-0.775138233343337,-0.026634414460203933
2023-08-30,-0.4470576888930173,0.24131632871649225,-0.799871918870131,-0.015511468992002389
2023-08-31,-0.4461911502461762,0.20187963643320825,-0.8231448349403159,0.002566070189846768
2023-09-01,-0.44059692135082335,0.17795810399944992,-0.8446306264619903,0.03078372567140697
2023-09-05,-0.4200360654776675,0.15768263198611876,-0.8711294129067743,0.06954775716619996
2023-09-06,-0.3842325553177976,0.1572432121862737,-0.901418982567266,0.03938244684283148
2023-09-07,-0.3602475580679092,0.15714755926379567,-0.944858821592972,0.024485926037843858
2023-09-08,-0.34329785053342343,0.14980259994618536,-0.9655502026712478,0.0012842130264534683
2023-09-11,-0.32400529040563897,0.15519728172521066,-0.9654904674645045,0.00799540864775571
2023-09-12,-0.2969687631628034,0.15356197870066057,-0.9597027181470658,0.017146676509576773
2023-09-13,-0.2734250266745769,0.12889753220833783,-0.9409830634857089,0.019947601621700443
2023-09-14,-0.2468106597422194,0.10672222210857067,-0.9061072849152801,0.04727685882069447
2023-09-15,-0.22231510891217157,0.11222441984228612,-0.8921137930771628,0.058528218578054396
2023-09-18,-0.1981211024421277,0.0934015205981417,-0.8808136939087156,0.061744526260972855
2023-09-19,-0.16545692596748507,0.08130435440829173,-0.8610711507566677,0.08387931353101417
2023-09-20,-0.1297359189483723,0.07850355934921888,-0.8267709461062281,0.12604774616488398
2023-09-21,-0.10955082343074284,0.06381785121631964,-0.7795946546554896,0.15950597283310614
2023-09-22,-0.12331474629650296,0.028524087529986534,-0.7744529939862937,0.18808441653230804
2023-09-25,-0.1354804433352644,0.008141851077909698,-0.7658881968681565,0.22077794493232353
2023-09-26,-0.1378739509120831,0.01561325011893194,-0.7424598433770689,0.25310547659610444
2023-09-27,-0.15945896149239092,0.009719579057254629,-0.7589341031126572,0.2705051725382603
2023-09-28,-0.1700511758490072,0.013354359042419871,-0.765156164787059,0.2945095358925476
2023-09-29,-0.17379072185095157,0.011087033305073357,-0.7497395547249311,0.32886812740130716
2023-10-02,-0.1844009838555752,0.011749756231737346,-0.7274200377474904,0.36540003812687727
2023-10-03,-0.17047242624392092,0.03254469731184409,-0.7055571719867461,0.3775756703296337
2023-10-04,-0.18763198669395553,0.03472895811087668,-0.7067866008622675,0.3708434456662449
2023-10-05,-0.20540930319698514,0.04436020002872309,-0.7075963361025341,0.38934812992340556
2023-10-06,-0.20036342800593324,0.06147602360735779,-0.7067892615265883,0.4164520527834386
2023-10-09,-0.19996994569756052,0.06392812208494793,-0.7025396435155146,0.4361401855691
2023-10-10,-0.19830441969083293,0.058354356949854795,-0.6904130538271677,0.4602587171159593
2023-10-11,-0.18978644716732318,0.07970105807736792,-0.6654118743194586,0.48158295142486973
2023-10-12,-0.16724770695747623,0.1101043022024638,-0.6159965188347103,0.5308426385454339
2023-10-13,-0.14367045903124573,0.13785274187249663,-0.5792069636991064,0.5632317532230682
2023-10-16,-0.10568498137312222,0.1532834658589323,-0.534810497399196,0.6056515867005218
2023-10-17,-0.06797865724451999,0.17050778637012423,-0.5132728974292761,0.6565035588295768
2023-10-18,-0.022239682722136066,0.20507542808883225,-0.48984890874102693,0.6940817715414179
2023-10-19,0.002797798351960552,0.2386160986244552,-0.47924754475863623,0.716168414782011
2023-10-20,0.015231555904698959,0.2859327359389089,-0.4813288972287636,0.7238562055970195
2023-10-23,0.017593209287345753,0.3288999692894643,-0.48434725706684095,0.7354018738677572
2023-10-24,0.031026146317193935,0.3816284077930561,-0.4743801121378094,0.7376659008733436
2023-10-25,0.04823417549208806,0.4258837677640152,-0.45535384916709903,0.7370421828751472
2023-10-26,0.05776416221403639,0.4331069189417533,-0.4150828830146611,0.7491112979648281
2023-10-27,0.04951772222976005,0.39629106193710995,-0.37899285666499205,0.7770761246383615
2023-10-30,0.05021016379602615,0.3849315578028348,-0.35220873767480204,0.813384590062718
2023-10-31,0.054321526213828755,0.37290099947851274,-0.34038696397183776,0.8656860726642979
2023-11-01,0.08592665866965127,0.3610235841388123,-0.3124511128899614,0.9400725446427485
2023-11-02,0.10894239935687387,0.33292309201613823,-0.2970720303006612,1.0212321181168262
2023-11-03,0.09698417904009927,0.31684462524535767,-0.3174023734180713,1.0601638351876252
2023-11-06,0.07491462774207587,0.2759357463813247,-0.3319781041532519,1.0736710001794367
2023-11-07,0.04222334474889241,0.25194909528794185,-0.34736120737581916,1.081743107133479
2023-11-08,0.006919569244717304,0.24109251953229938,-0.36454268002184215,1.0985287684329226
2023-11-09,-0.04197887161122645,0.2309373057714544,-0.37547601187299295,1.1257379942263364
2023-11-10,-0.10502630200667015,0.22530953351902366,-0.3991166172943943,1.1419717913284562
2023-11-13,-0.18316665856102285,0.18419161634782463,-0.43443229395208777,1.1513792716672855
2023-11-14,-0.25254662402114186,0.14789227008697234,-0.46789512889618645,1.1726878937910719
2023-11-15,-0.35633732436316456,0.0830966193262267,-0.5383189303915883,1.1052071215692376
2023-11-16,-0.44199038465702406,0.0197778815693933,-0.6093057172057789,1.043746914457774
2023-11-17,-0.5113564508468793,-0.03758350395341505,-0.6842258027055299,0.9811609666078759
2023-11-20,-0.5640832598951581,-0.08640558354689477,-0.7400140142708957,0.9289749077389968
2023-11-21,-0.6088911504626222,-0.1386854739365768,-0.8147453635546565,0.9043195478360117
2023-11-22,-0.6469846846253036,-0.19013406306507355,-0.8636793755933989,0.8826963604208866
2023-11-24,-0.6865527072507231,-0.2286136011983073,-0.9051270340356053,0.8501225675446692
2023-11-27,-0.7170309228842265,-0.24318519777558495,-0.9389276379696103,0.8149336777905299
2023-11-28,-0.7380993255071342,-0.2558483104174738,-0.9545878296393102,0.8022423000142296
2023-11-29,-0.7438305762304256,-0.2587053915551075,-0.954794056933538,0.7937832560078771
2023-11-30,-0.7443987439709832,-0.2663615048137208,-0.9495089620937758,0.8026444061075935
2023-12-01,-0.7546786207316494,-0.2710477961781071,-0.9888416650293813,0.8256118615933113
2023-12-04,-0.7504007109448817,-0.2639226699573736,-1.047105325916821,0.7939141290519087
2023-12-05,-0.7579966690762963,-0.2625532212341235,-1.097965648529885,0.7761100204653768
2023-12-06,-0.755838881849239,-0.26467703170432894,-1.136887859065444,0.7667116484809211
2023-12-07,-0.7669469890614831,-0.2593633466527034,-1.1547592175677563,0.7548869620469529
2023-12-08,-0.7637430610348022,-0.2750289166185606,-1.1506858085975782,0.7566565011037706
2023-12-11,-0.753168251335215,-0.26801042415384996,-1.122510396121583,0.7802546412908504
2023-12-12,-0.7485974931606453,-0.2549042122050344,-1.0908605550805484,0.8267155911687577
2023-12-13,-0.7346791007672283,-0.24310322820038824,-1.0395920691132992,0.8728668603656801
2023-12-14,-0.7512004694303465,-0.24721289756033638,-1.044283247697595,0.8720837482476763
2023-12-15,-0.752113974698376,-0.2558860048947619,-1.0289667851189057,0.8380712088296698
2023-12-18,-0.7461217664015675,-0.24126073664699843,-1.0097262181094502,0.8185843546362163
2023-12-19,-0.7432693413370444,-0.22179152849193778,-0.9847480050599716,0.8121926308825362
2023-12-20,-0.7227272673331772,-0.1873411220281678,-0.974626476497937,0.7962997718260186
2023-12-21,-0.7303344023359905,-0.1871014370849203,-1.0072171109100176,0.7606080131711549
2023-12-22,-0.7365167312922416,-0.18834487658122914,-1.0381438836634367,0.7157497489356647
2023-12-26,-0.7353844901428724,-0.1886146700711415,-1.0590575826119057,0.709078112601517
2023-12-27,-0.7232226015257802,-0.17712590654530364,-1.0732473334949055,0.7013360711416896
2023-12-28,-0.7302094614086115,-0.15792661424974178,-1.0948757420969855,0.6808181501068702
2023-12-29,-0.7181747592967146,-0.10593990424050043,-1.1166715927863027,0.6889787248940659
2024-01-02,-0.7040719920326555,-0.04321415010209224,-1.137490373620577,0.6782090363119344
2024-01-03,-0.7004620578588148,-0.01614856782776438,-1.1310188390102183,0.6686940222994184
2024-01-04,-0.6959295480399764,-0.0021942814526002543,-1.1448810282824018,0.6163339715960023
2024-01-05,-0.6766258148212415,0.008401191333820298,-1.1363475942640417,0.5765539837205058
2024-01-08,-0.6569233911892193,0.03532416103997595,-1.1188274019170334,0.5605786960504364
2024-01-09,-0.6750590005350112,0.01937039555275496,-1.1027961778676565,0.5528353773629051
2024-01-10,-0.6794501791081714,0.006694762823429849,-1.0974076241659356,0.5278563242033427
2024-01-11,-0.6823224794596953,0.0116819505427692,-1.0844002479542314,0.5303480298502731
2024-01-12,-0.6759697667863817,0.0274615455510389,-1.0672379631315365,0.5341853099519542
2024-01-16,-0.6743007232154499,0.051813748551652765,-1.053346936911124,0.5531623026222297
2024-01-17,-0.6598878134538503,0.06945780057096192,-1.0466801651688735,0.576144441280758
2024-01-18,-0.6280537268831569,0.08994950443865833,-1.032738580419751,0.6056829132905572
2024-01-19,-0.5967975930019992,0.09003213053115122,-0.9963479142269431,0.6293521347241219
2024-01-22,-0.6027399501087641,0.07685600602565514,-0.9783258165534002,0.6598920245594233
2024-01-23,-0.6018311356797472,0.07833972190978583,-0.9516619448713948,0.688728350160707
2024-01-24,-0.6012667275237507,0.08568986471236544,-0.9127009599357131,0.7239964529130476
2024-01-25,-0.5919496863253725,0.11559497834904994,-0.8929497565268678,0.7645057557369486
2024-01-26,-0.5626043931762289,0.1598115248029027,-0.8737276377519891,0.7979725258436074
2024-01-29,-0.5209843265990924,0.19717099476078612,-0.8518310630774708,0.836159960937842
2024-01-30,-0.48926364466489763,0.22040256426119978,-0.8313153139779597,0.8665867449988606
2024-01-31,-0.4451467066667593,0.24181464242718656,-0.8038748477207154,0.9131796792074233
2024-02-01,-0.45546094801492754,0.25033789198117845,-0.790803843762525,0.934638422255595
2024-02-02,-0.4741156129606102,0.26017610453705553,-0.7984910542285953,0.9519381847389583
2024-02-05,-0.5012776628015239,0.24522592049844188,-0.7982106328072942,0.9773427230940332
2024-02-06,-0.532431886529114,0.23922721671727631,-0.786746298726028,1.0091584979725574
2024-02-07,-0.5481823104575027,0.2521539559506921,-0.7752643383726496,1.0522753120162573
2024-02-08,-0.541039544893019,0.2716339066790858,-0.7544802026176092,1.0830480886645604
2024-02-09,-0.5270427957550713,0.2870084886133484,-0.7296578704734994,1.1153927264707286
2024-02-12,-0.5082339429816307,0.29595413505924545,-0.6842399579828174,1.137864585635518
2024-02-13,-0.4757823305810479,0.31817679264497367,-0.6335880924160721,1.1429460081886205
2024-02-14,-0.4796148817650855,0.31990088293218805,-0.6267885179602224,1.0828610646240133
2024-02-15,-0.4636221182556721,0.3133660911403412,-0.6329714331868234,1.024014134883408
2024-02-16,-0.45451286305964006,0.3240005823655028,-0.6472778339513844,0.9323772337267573
2024-02-20,-0.44075358033607226,0.3254270248235855,-0.6622353619622502,0.8489938093302619
2024-02-21,-0.4402805701835264,0.32779284068983167,-0.6634373944368822,0.755137891536154
2024-02-22,-0.429653738247775,0.34121050185167984,-0.6494839168261857,0.6702538157335923
2024-02-23,-0.4799549921581481,0.2970558139305868,-0.6589882747609859,0.5860746791691414
2024-02-26,-0.5128759331965462,0.25425307793587576,-0.664529345559535,0.5204482684623019
2024-02-27,-0.5348962449030029,0.22393126341416122,-0.6851697961624803,0.4698228513367324
2024-02-28,-0.5567800688824542,0.2055529478280542,-0.7188529213384742,0.4292205412926065
2024-02-29,-0.5751399349171983,0.20772813475277402,-0.743987309867301,0.3848012492485054
2024-03-01,-0.5810452389036642,0.20669954171484803,-0.7658534831900615,0.3441345963830882
2024-03-04,-0.6020325853225633,0.1849525590557424,-0.7767022942225057,0.3260436056200387
2024-03-05,-0.6084106321610475,0.18487983391735652,-0.7747598463068773,0.3068841418717755
2024-03-06,-0.6480351387649365,0.1543944204354402,-0.7909052329748885,0.3031978409890571
2024-03-07,-0.6867681430536343,0.1434844713562168,-0.8166186955310152,0.3078963140319793
2024-03-08,-0.7344720983771399,0.1269772324391074,-0.8260957871068269,0.3291215237472959
2024-03-11,-0.7690373336029984,0.08257715510066586,-0.8044687686445148,0.3469797708419734
2024-03-12,-0.7957758779287247,0.04803739423069294,-0.7612382915018204,0.3661154971500287
2024-03-13,-0.8347034974783695,-0.001876679736619239,-0.7307814184619328,0.39079775453398724
2024-03-14,-0.8571167406558516,-0.04689687043500308,-0.694693064304656,0.42690509616021555
2024-03-15,-0.872138343658345,-0.08007647006852424,-0.6516648410580155,0.44763796942937945
2024-03-18,-0.8873499795349337,-0.11436365755029021,-0.6089442014097672,0.4787741569610362
2024-03-19,-0.888624840397741,-0.12882254746755767,-0.5657556771702015,0.5221479498033974
2024-03-20,-0.872774612462383,-0.14564178552802362,-0.5301844440283392,0.5614432612682853
2024-03-21,-0.8854919621369193,-0.17421743297019343,-0.5153603857297846,0.5842384624693118
2024-03-22,-0.8942387739608892,-0.19888692824927462,-0.495983251334173,0.6121756761500303
2024-03-25,-0.8953655304641512,-0.20589031945820188,-0.46813347830367813,0.6298953696708699
2024-03-26,-0.8787618508677184,-0.2001099267993785,-0.42980073193059615,0.6497338572683851
2024-03-27,-0.8494860198814763,-0.20063617734424685,-0.38525042654129527,0.694483385784931
2024-03-28,-0.8360212080463695,-0.17249009778845373,-0.3665705458608307,0.7034801590620201
2024-04-01,-0.8008258027796405,-0.13567204343835773,-0.33852637776634126,0.7161448240478057
2024-04-02,-0.750436566199129,-0.0788304636515626,-0.31164180519153556,0.7201053241903081
2024-04-03,-0.7050152734226837,-0.03394290637409886,-0.2968390121400266,0.7150046712096173
2024-04-04,-0.6478605521162973,0.0194841649108876,-0.2763746823364925,0.7090526973931668
2024-04-05,-0.6074188618376598,0.04733549018875509,-0.2840303485905936,0.7057671707862123
2024-04-08,-0.5703342765089066,0.07021893694435834,-0.28103443611015894,0.7120662435953099
2024-04-09,-0.5305946825154839,0.10499509580648003,-0.28234212347247356,0.7253841122387631
2024-04-10,-0.48614246881883344,0.15395849744854856,-0.25881207769333703,0.7432869214043305
2024-04-11,-0.44428616306761887,0.20939568276372883,-0.2463471139161057,0.7181573869914942
2024-04-12,-0.40136918960157686,0.27529666670147784,-0.22407350797671602,0.6973925499889245
2024-04-15,-0.37987633528699843,0.3167744520324372,-0.2392190591223538,0.6595438894755006
2024-04-16,-0.38771147862053024,0.3399717075737417,-0.27156107718400524,0.6139480436621937
2024-04-17,-0.39729267066570506,0.36307308143294476,-0.2980980124731071,0.5638644210745889
2024-04-18,-0.4158772974851494,0.3853443539182352,-0.30348234559131504,0.5060936556111612
2024-04-19,-0.4150355492808249,0.4123881867796114,-0.28364928094218417,0.46147383194916997
2024-04-22,-0.4447592149515142,0.4169418739299314,-0.2839628899290464,0.42794440048452964
2024-04-23,-0.4815275803772201,0.4077548447548102,-0.2879737042951011,0.4103307125350043
2024-04-24,-0.5207949127595364,0.3826917158331442,-0.28279464051548886,0.37370137435427303
2024-04-25,-0.5501230156023056,0.3494260190928155,-0.27563495122037013,0.35142684196363455
2024-04-26,-0.5659752543755552,0.3166496477798527,-0.28981722618719247,0.327462892746923
2024-04-29,-0.5704122930940396,0.2792262921574715,-0.2972634353729668,0.3046206049269234
2024-04-30,-0.5881868720456478,0.25323889386989196,-0.3120213902161641,0.27661438243333136
2024-05-01,-0.638497242834252,0.2114285165901854,-0.34118895842236674,0.21360228366483294
2024-05-02,-0.6790036254670385,0.17647560892290196,-0.35897494877130753,0.17331252195729618
2024-05-03,-0.717893649936574,0.14694486169255602,-0.3747922867974681,0.1092708595034569
2024-05-06,-0.7701959686396653,0.09384487241390466,-0.39391210092138773,0.0501307205818191
2024-05-07,-0.842363718283109,0.03868102335648704,-0.413261972888836,-0.018111881716412023
2024-05-08,-0.8990903464932464,0.0032511531825223003,-0.43058833874545577,-0.0828720159240305
2024-05-09,-0.937361171147203,-0.03624585647036252,-0.4424528663183392,-0.1326749306430941
2024-05-10,-0.9870637815889481,-0.06973979455785802,-0.4726869555745993,-0.1742866207654527
2024-05-13,-1.0129821329671918,-0.08165929223159782,-0.5103753977472134,-0.19783410757017875
2024-05-14,-1.0238671063962979,-0.1027714106768046,-0.553297799704109,-0.20746020190396153
2024-05-15,-1.0287711295351805,-0.09092933773304733,-0.5874182240577072,-0.20823478987033622
2024-05-16,-1.048864522516988,-0.10223317730954308,-0.629088798140883,-0.1931506052981501
2024-05-17,-1.0545364009111933,-0.12311754369703197,-0.6672987827387085,-0.17900756173814747
2024-05-20,-1.0519319745454307,-0.13810081070773153,-0.7112408619861391,-0.16098284862243833
2024-05-21,-1.0409774528493732,-0.15949406956908074,-0.7442921331679341,-0.1146115297003565
2024-05-22,-1.0340088571730575,-0.17345258078612794,-0.743185570633783,-0.05777828638336482
2024-05-23,-1.0168581625211544,-0.17869199505620748,-0.7400469093904777,0.009291597675330755
2024-05-24,-1.0226725462733148,-0.17959295540080933,-0.7862906764553774,0.04191757791373447
2024-05-28,-1.0287471130865837,-0.17182918269501968,-0.831705356421194,0.0847535184484479
2024-05-29,-1.008532137715016,-0.16448926967193103,-0.8685600651658287,0.13321580869281163
2024-05-30,-0.9947530629936648,-0.1551539305101524,-0.909657496242829,0.16015742330445445
2024-05-31,-0.9858764225998481,-0.16680181543606284,-0.9602780350027654,0.1813099326798597
2024-06-03,-1.0024862331855084,-0.17955417400074025,-1.0507005106806022,0.18915565454951008
2024-06-04,-1.0206806174000342,-0.16142851271413258,-1.1254076793917218,0.19535853092425076
2024-06-05,-1.0102243435290772,-0.1319734632732008,-1.2139671212421286,0.18777146359565688
2024-06-06,-1.0355927523301385,-0.14261523389407035,-1.3026665569779343,0.18821749803341006
2024-06-07,-1.0663797426502608,-0.142359628332736,-1.383939826717037,0.18338223393281322
2024-06-10,-1.0869426134435975,-0.1420931188464712,-1.434434191064941,0.17455575371229132
2024-06-11,-1.1047805095806116,-0.14353692836772572,-1.4797330403870748,0.17142653698279214
2024-06-12,-1.1137837110242308,-0.152823647838771,-1.5172129977102191,0.1774896435153307
2024-06-13,-1.131577181070443,-0.1741685322703537,-1.5460463275883918,0.17807266035645564
2024-06-14,-1.116996735004477,-0.19262727808337946,-1.5654960925812602,0.1740475196065712
2024-06-17,-1.1040726185086982,-0.1906680352139283,-1.5888087286585786,0.15162373714880412
2024-06-18,-1.0952954255856122,-0.20560952050863118,-1.6146655579007234,0.14077130210315766
2024-06-20,-1.099791774626201,-0.21147436963649405,-1.617705378214101,0.1286136993266576
2024-06-21,-1.1060919484372826,-0.20620134325120965,-1.6329478900077707,0.13493637488116866
2024-06-24,-1.1108240143965495,-0.18393118871231165,-1.6287681728001324,0.14596815030663
2024-06-25,-1.1094398114871948,-0.163906165388878,-1.6141846835627316,0.16927306912068704
2024-06-26,-1.1087936008997639,-0.13656858558839563,-1.6288596946532128,0.1969782263806665
2024-06-27,-1.0926385550206938,-0.10204176201214384,-1.6092838637111697,0.24757175732600561
2024-06-28,-1.0542292738766437,-0.058085795577036595,-1.590813567223195,0.29587340947962365
2024-07-01,-1.0112591018784043,-0.012388029838427444,-1.5591563256918624,0.360431503993652
2024-07-02,-0.9638608219652218,0.030327091885158166,-1.5221925982499618,0.42403744617054057
2024-07-03,-0.9180482117325022,0.05335230340780276,-1.4887529749440909,0.4859426468805737
2024-07-05,-0.8828398054298512,0.09008553314178148,-1.4330902636220562,0.5481533005204133
2024-07-08,-0.8501081095668991,0.12693534531338954,-1.3581926411704934,0.6210985490217874
2024-07-09,-0.8073561326296538,0.1731926829961548,-1.2650978173753826,0.706930667981096
2024-07-10,-0.7415788519068502,0.2426330637277839,-1.1780662585398183,0.8114393027143733
2024-07-11,-0.6707526016325988,0.3210032029105762,-1.1021278171147708,0.9068928985295206
2024-07-12,-0.6068164389085487,0.37328644973404884,-0.9940819712913913,0.936535516547976
2024-07-15,-0.5246673932969673,0.44312563066553495,-0.8762302276698037,0.9795085196133355
2024-07-16,-0.4442516418154276,0.5238628561631493,-0.754958727497796,1.0068775768621387
2024-07-17,-0.34433759662114827,0.6114241094431957,-0.6933273350658122,0.9810501403459313
2024-07-18,-0.29069810086424586,0.6499894858824544,-0.6276334863639842,0.9793099855365955
2024-07-19,-0.22561572195959012,0.7014751194852561,-0.5594412844166577,0.9674771372783333
2024-07-22,-0.17316329225345167,0.7559760690619781,-0.5008990073285471,0.9743321964147712
2024-07-23,-0.10975896680016409,0.8175045554522218,-0.4285354925411989,0.9873764241907161
2024-07-24,-0.017794374504133785,0.8813432713259884,-0.34226601707693144,0.9979239067839434
2024-07-25,0.020156920178190672,0.8827521212158332,-0.2735481913748119,0.9990561536327193
2024-07-26,0.06403577710191624,0.8863276750052902,-0.1980778917457029,1.0117003739380965
2024-07-29,0.1018504280539376,0.9015103672054,-0.15699580815684494,1.0342030059495486
2024-07-30,0.16253181093214042,0.9267960430794582,-0.1146166859034817,1.063879869485269
2024-07-31,0.24019958938534486,0.953399895101779,-0.047758126140418924,1.09243223120498
2024-08-01,0.30564635333224727,0.9603608632508189,0.024598092892599645,1.1358667763757384
2024-08-02,0.37035510156122026,0.9596546204553948,0.07796036344528903,1.1584817126123708
2024-08-05,0.4190133423529161,0.9529633347848493,0.11469890597880839,1.161350391520068
2024-08-06,0.40003474062297495,0.91766947508008,0.05752819091904995,1.1189904073149655
2024-08-07,0.3982121362198341,0.8810894106143425,0.01779864001147884,1.0861950860571867
2024-08-08,0.4013141372409993,0.8513748082757783,-0.01852698437530522,1.0752665898915248
2024-08-09,0.3741528906663816,0.8133154628571476,-0.08064433367327177,1.0582120146650396
2024-08-12,0.3424148897244115,0.7886313812483486,-0.13050022307735287,1.0503602268448904
2024-08-13,0.33326341627665673,0.7808557122947958,-0.18910954593085375,1.0296549441657055
2024-08-14,0.28764852511554145,0.7673887274433389,-0.24237806264916056,1.013460472354299
2024-08-15,0.24754745094124214,0.7699966380781824,-0.28797303174043337,1.0191670917034574
2024-08-16,0.20151454794456738,0.7394695937571293,-0.3471538033440425,1.0085165470450361
2024-08-19,0.15939392310077102,0.7349036338011861,-0.40018600479240357,0.9950677806060836
2024-08-20,0.1155862821952296,0.7320442449234456,-0.46165384009047566,0.9879101110415146
2024-08-21,0.0699236947599752,0.7491596873677596,-0.5067355971502099,0.9799434299776433
2024-08-22,0.033815190191933284,0.7661745890878144,-0.5380983562334068,0.9672379823454756
2024-08-23,-0.002041464825652713,0.7759219555611011,-0.5627760963717973,0.9548248164093888
2024-08-26,-0.03501724583835545,0.7848339954538086,-0.6062503277289312,0.8958250684383301
2024-08-27,-0.058078561633655275,0.7888494885221967,-0.6301862766604135,0.8400688975079922
2024-08-28,-0.07254213921167509,0.8026655175026071,-0.6507512655058348,0.7873678120134797
2024-08-29,-0.07081348233992811,0.8179837476105205,-0.6422424052574128,0.7377748433640061
2024-08-30,-0.07357952185404655,0.8382545877539884,-0.6307071445276046,0.6958141885157929
2024-09-03,-0.08978841413134717,0.8733107816655439,-0.6135776873731192,0.6487742524763771
2024-09-04,-0.1649939635210058,0.8744378486255153,-0.6249464738679071,0.5665472024253668
2024-09-05,-0.22544928965749522,0.8812762028320318,-0.6313535645071437,0.4932233279387836
2024-09-06,-0.26148371583677066,0.8950125338527926,-0.6265465280791254,0.4219125475478338
2024-09-09,-0.32585494251561314,0.883703656950043,-0.6528073374026809,0.3497962031792048
2024-09-10,-0.39780252906835595,0.8714061570665644,-0.6808612215309866,0.300903797758034
2024-09-11,-0.447073831617039,0.8527793985280214,-0.6971752591705966,0.27714292749764513
2024-09-12,-0.5131022598822642,0.8060984036357434,-0.7061292602290907,0.2484234369509568
2024-09-13,-0.563426965489249,0.7601036691353245,-0.710289313888576,0.22588762437305399
2024-09-16,-0.6067789180039282,0.7293920637842207,-0.7232422381092625,0.15932181992259084
2024-09-17,-0.6389838670237574,0.6950162013561464,-0.7555799629593575,0.111970806916163
2024-09-18,-0.6537761200231533,0.6628091940168932,-0.7818766113121604,0.09442666386411447
2024-09-19,-0.6536651082362013,0.6194681586876083,-0.8005145655367571,0.10131648661779835
2024-09-20,-0.6991424844566051,0.5339335654362443,-0.8581256297914232,0.077035285592588
2024-09-23,-0.7290136964423639,0.4610179366369893,-0.8832609096094806,0.04236971948029956
2024-09-24,-0.7449661407159917,0.40095906022388617,-0.8895896118926876,0.018272289065189712
2024-09-25,-0.7627115561834715,0.3459597944334319,-0.8811178038490194,0.01460504296129486
2024-09-26,-0.7783071060309203,0.2996604303586331,-0.8760270352700638,-0.008001175060365965
2024-09-27,-0.7754742717303397,0.2631130680206304,-0.8535509163012422,0.00233523870050285
2024-09-30,-0.7655512079563651,0.23236991932293694,-0.8342442989430863,0.023894585393712364
2024-10-01,-0.7594439561200073,0.21379306451948452,-0.8081165134003364,0.061738978201119045
2024-10-02,-0.7715779889092552,0.1975970311289123,-0.7750561746170531,0.08255191640509972
2024-10-03,-0.7624861819440725,0.18240773593553217,-0.7267499329718141,0.10256461957440458
2024-10-04,-0.7346095433840054,0.18621381664796433,-0.676286006912522,0.12201927280546981
2024-10-07,-0.7128116224481097,0.2030032709598262,-0.6435304887538147,0.13706112191446349
2024-10-08,-0.7030884473837266,0.20200435030616107,-0.6278579685252197,0.1548545913955049
2024-10-09,-0.7033189384554666,0.2052314990878602,-0.6144681989877901,0.17732381791589708
2024-10-10,-0.7272262965258044,0.20605133149581634,-0.6065907928317129,0.1977301116455447
2024-10-11,-0.7377823789393815,0.2288689081175002,-0.5750727989141341,0.23452926606792543
2024-10-14,-0.7508383958974413,0.2623704006346684,-0.5431472791760246,0.23725049539079032
2024-10-15,-0.777708224100046,0.3198748592427424,-0.5101456373306884,0.2232105461922261
2024-10-16,-0.8211873111007568,0.36424112356144894,-0.4851079064478878,0.22963722143269225
2024-10-17,-0.8568730607471535,0.4059321283542028,-0.45253239753446745,0.22222935264458749
2024-10-18,-0.8699696008152623,0.45813965788733485,-0.4172215906392571,0.20994407202489332
2024-10-21,-0.8710434463698999,0.5102025755738658,-0.3858926620832967,0.23537332803321012
2024-10-22,-0.8557262653350097,0.5423996218866902,-0.361496068242398,0.23978803903408294
2024-10-23,-0.8193328254580114,0.5859778440030581,-0.3053378538398095,0.259466634406354
2024-10-24,-0.7849472036487052,0.6080704095922062,-0.2642502526896047,0.28370009208523617
2024-10-25,-0.7465757136996081,0.6174656743248332,-0.22172923314144896,0.3254899714555407
2024-10-28,-0.6975497287320147,0.6357619325911915,-0.1699467073742226,0.3786539013353571
2024-10-29,-0.6402830160894942,0.6515743601421233,-0.1278407727134428,0.42631775444552783
2024-10-30,-0.5743969933635195,0.6810841774668457,-0.06451685926072744,0.48759948471530534
2024-10-31,-0.5023871068034998,0.7197820920859098,-0.004023883209149838,0.5573631889597098
2024-11-01,-0.5007742501873311,0.7217825997698735,0.05831839218394353,0.6258804181229234
2024-11-04,-0.4766731767509262,0.7277769481654328,0.09687728143605437,0.7006593141438014
2024-11-05,-0.4460783907076737,0.7344005929326178,0.1319022326756903,0.7825966366058266
2024-11-06,-0.41390505229771846,0.7414242505579935,0.14104928923811616,0.8728812907377734
2024-11-07,-0.47783737621654226,0.7227930330900808,0.036432518398074085,0.8125314633127052
2024-11-08,-0.5396877275118884,0.6823775128831843,-0.05137366687286287,0.7759169123571962
2024-11-11,-0.5926348963705682,0.64938307522382,-0.12158069596158115,0.7443647321733997
2024-11-12,-0.6320282568579236,0.6398360449703022,-0.17388720660904772,0.72648020330884
2024-11-13,-0.688759591746448,0.6364327725801042,-0.22095599233994695,0.6896579842756394
2024-11-14,-0.7096324644019409,0.625360575633967,-0.26581215489333654,0.6526417570960553
2024-11-15,-0.7126966496793822,0.6170091309738275,-0.30234321005154874,0.6269745975555923
2024-11-18,-0.7634459305266758,0.5810537017741244,-0.35257230858897454,0.6100143789183413
2024-11-19,-0.8002658081254155,0.554926015891472,-0.38165974793173946,0.6007683328687484
2024-11-20,-0.8334431872166436,0.5159894592490697,-0.4034195302217486,0.59133572288236
2024-11-21,-0.8547460383525293,0.4722674159734549,-0.41316477751591363,0.5760215109030422
2024-11-22,-0.8699172472978898,0.4398628803211848,-0.43603609527599224,0.5496867769636882
2024-11-25,-0.8779948725391937,0.40203546934794776,-0.4555175868851012,0.5192626300678572
2024-11-26,-0.8609482270454498,0.36732163073787144,-0.49077832061930204,0.4652733109060691
2024-11-27,-0.819347110966421,0.3412599822319378,-0.5416222773391994,0.42382911126886885
2024-11-29,-0.7852909634771055,0.32541827034461424,-0.5691350606993446,0.3717692741296643
2024-12-02,-0.7402312465521299,0.3200842817213098,-0.5808650999707317,0.3393199940787926
2024-12-03,-0.6979323838637222,0.3156800457525494,-0.5848877594698145,0.33725099780309253
2024-12-04,-0.6581427726137286,0.32007496092315807,-0.5837451585108807,0.35873423983634706
2024-12-05,-0.6244788584093376,0.33079352747755675,-0.5748957589414538,0.3928739909631746
2024-12-06,-0.5961595580490479,0.3501894662018807,-0.5611525831235661,0.4184606794970786
2024-12-09,-0.5418091605014241,0.363204737130233,-0.5430054889546281,0.4433025277673196
2024-12-10,-0.47464554323929065,0.37322679353969984,-0.5249208270751248,0.4700063651998458
2024-12-11,-0.40325777010378844,0.41090145018393365,-0.5058449965810651,0.5118953930465545
2024-12-12,-0.3316291044704556,0.4613257243992299,-0.49634956147183584,0.5646894641284785
2024-12-13,-0.25491290330220323,0.5189810544105279,-0.46904043801361,0.6219819138438057
2024-12-16,-0.18021214183389705,0.5854593987648763,-0.43054304016240946,0.6761936562729041
2024-12-17,-0.10657681896357243,0.6385446982242639,-0.36472702084654524,0.7455055005691478
2024-12-18,-0.03430800120856982,0.6937494244420952,-0.3012320250247484,0.7953830536499699
2024-12-19,-0.058661367289049186,0.662107150639434,-0.3385944083392626,0.7337219070630818
2024-12-20,-0.06734198948556826,0.6246661630911896,-0.34585642612377704,0.660056882025046
2024-12-23,-0.07285904728719446,0.6024836075340478,-0.35955724809575307,0.5905632807026941
2024-12-24,-0.07078679557415002,0.5982885828267543,-0.36796804722918053,0.5236569661878423
2024-12-26,-0.08022562291747648,0.6086621863403459,-0.3706695022140745,0.4670814136319467
2024-12-27,-0.0786003403450609,0.6174732343186868,-0.3617195384610104,0.42497592780715004
2024-12-30,-0.08010802572663576,0.6412018456205049,-0.358129665949106,0.372032326858582
2024-12-31,-0.0763319243119154,0.652597032419478,-0.3634064807657744,0.3308476046447934
2025-01-02,-0.07794797392070572,0.6585994847598005,-0.35583950433120426,0.2880928567219013
2025-01-03,-0.08490829226084885,0.6627459852811858,-0.33921889753757795,0.2722834715627725
2025-01-06,-0.10177324473575892,0.6538001814229919,-0.3342080196843184,0.2544288724497354
2025-01-07,-0.11080776930322224,0.6608548471353995,-0.3246432217643851,0.23658355928377056
2025-01-08,-0.1301468017901189,0.6430476542677245,-0.3018478834989507,0.22648207003522702
2025-01-10,-0.13738891310077764,0.626692767098179,-0.2872542879606036,0.23122146829799578
2025-01-13,-0.16914837130259047,0.6158702617921108,-0.3102843842843698,0.21018456453783588
2025-01-14,-0.18588865774230556,0.6114907934624038,-0.32890401148238,0.1731761703231867
2025-01-15,-0.18645971383603746,0.6271332470078836,-0.34946374062546226,0.13421726228101677
2025-01-16,-0.21969337958740806,0.6205768576016328,-0.37121221305720936,0.06817889465018533
2025-01-17,-0.23101936785115906,0.6119125278702536,-0.39662521160975606,0.020320150299807802
2025-01-21,-0.25680034253507256,0.596389747216387,-0.42876154840901654,-0.017150830834188245
2025-01-22,-0.27593825400137606,0.5764017150835464,-0.46006661925522213,-0.06303927719587356
2025-01-23,-0.2862064014855202,0.5315438064730926,-0.47993196911932673,-0.11125173148316744
2025-01-24,-0.2933048698337905,0.5235741018996545,-0.5049616785481756,-0.13805159503902964
2025-01-27,-0.293615008899075,0.5304144259710967,-0.508734232921491,-0.15168962198307817
2025-01-28,-0.32866485379198374,0.4780330995825267,-0.516256113965776,-0.13155688712567348
2025-01-29,-0.36918334096146316,0.4210063044455654,-0.5057191035664569,-0.10374369045222147
2025-01-30,-0.3890862649638724,0.36505926026404545,-0.4912947930831356,-0.07520662584152417
2025-01-31,-0.39025104924694926,0.3230478565217545,-0.4658520641285891,-0.06301042274156102
2025-02-03,-0.36679716481045394,0.2913129234711833,-0.45711447232213875,-0.031487491455625315
2025-02-04,-0.35103926689645853,0.2710080730024204,-0.44559460889285973,-0.021911523934348878
2025-02-05,-0.32151080731341514,0.2509397020043929,-0.4443350177396859,-0.01602555005718354
2025-02-06,-0.3083248350572388,0.2377557518108603,-0.4464631581494959,-0.01259030429520042
2025-02-07,-0.28588068165394626,0.23826804903722323,-0.41796471376606886,0.011555289437560377
2025-02-10,-0.2731512658274066,0.25455242513801785,-0.3984529692494011,0.02644165878567289
2025-02-11,-0.26778809314678226,0.2583596612308914,-0.3769653719342784,0.03362487335461764
2025-02-12,-0.2714684937032361,0.27190854822876764,-0.35096885512659587,0.06991423931802386
2025-02-13,-0.25658119635351956,0.29036567237552363,-0.31631981906456974,0.08044023390460395
2025-02-14,-0.2556312456248059,0.3161461262619837,-0.2906940807388914,0.07679599537802834
2025-02-18,-0.23670678800249492,0.3604309353709703,-0.24905859589862692,0.09082209386622038
2025-02-19,-0.19205030037820894,0.43113449693046846,-0.19898305579566494,0.10592114293809415
2025-02-20,-0.1326355226154329,0.506071035751719,-0.13707345946873672,0.13616834413983486
2025-02-21,-0.06387054710651957,0.5933510000174392,-0.10245277484576654,0.16895679056754506
2025-02-24,-0.022315081647368288,0.6524437166329865,-0.08496670830733775,0.15239249855865533
2025-02-25,0.01595854896891149,0.7158061868243379,-0.05810647130201237,0.1551284979503757
2025-02-26,0.08561233764936291,0.7864506754283465,-0.030023060328959635,0.17010790340133727
2025-02-27,0.15022977915053481,0.8711738037118408,0.02557237865488621,0.21893113608220693
2025-02-28,0.21891486086235673,0.908276525234098,0.0728326990653184,0.26439229154575605
2025-03-03,0.2848592788286941,0.9532276332175043,0.12463814413094171,0.32884966745756905
2025-03-04,0.33036640342693274,0.9857276354939369,0.1568972062235494,0.3730878405833718
2025-03-05,0.39439925272488413,1.0363413269267774,0.17660180875620665,0.42064515915638856
2025-03-06,0.4563169683644794,1.0938800424785018,0.19215479111960976,0.48084007998006717
2025-03-07,0.502481084740167,1.128596147465479,0.21066923683579436,0.5476922635031181
2025-03-10,0.5621964175696381,1.1651086339897185,0.2468283120549505,0.6024709576892515
2025-03-11,0.5832673709939253,1.1398305857380737,0.2398866226311344,0.6213011045825165
2025-03-12,0.6137493508790763,1.126692948180823,0.24783855298929824,0.6399088479405483
2025-03-13,0.6499553788471407,1.1052298893286074,0.2818507387671909,0.6726180280957409
2025-03-14,0.69060676966327,1.0901976630234944,0.31439121867580166,0.6998005073979487
2025-03-17,0.7027087905678835,1.0875301845272405,0.3434318534783143,0.7151623735715361
2025-03-18,0.7291787801748753,1.1313512256357494,0.3908696025080541,0.7452982937415722
2025-03-19,0.774089604505211,1.1697650026920883,0.44164590736639564,0.7822208285379018
2025-03-20,0.8262292353231678,1.2018726390496068,0.5015604792913287,0.8346365652500982
2025-03-21,0.9080175023959945,1.2440370989847533,0.575962626618404,0.8811780756890129
2025-03-24,1.0091854012867878,1.290899522549158,0.652986378772392,0.9408224539128366
2025-03-25,1.086424519983881,1.3220336167713287,0.7387392137890701,0.9907274840764914
2025-03-26,1.1836429547899416,1.3734326209847245,0.8252734075696334,1.0481559999677983
2025-03-27,1.2856264536627209,1.4304506074378414,0.9274988629640447,1.1091305739472748
2025-03-28,1.3955439577792728,1.5209297270605378,1.0201446834909442,1.1847312773270342
2025-03-31,1.4977251220838512,1.5978017394659312,1.1125634541041534,1.2562419514409542
2025-04-01,1.5968137470770314,1.70426414061275,1.2146357260191738,1.3439639712590665
2025-04-02,1.7202413020824479,1.8221560465154993,1.319899577416065,1.4545371042078625
2025-04-03,1.8461317200532317,1.9499539549630174,1.4496005316414107,1.5811861114178203
2025-04-04,1.9253390485458661,2.0337436071315063,1.5279742968588115,1.5916845228689502
2025-04-07,1.9530965913327838,2.058700108180028,1.5552721466204205,1.5758343978667788
2025-04-08,1.9835745435949181,2.0933155267923524,1.5951712259285635,1.578847730859242
2025-04-09,2.0283948303643897,2.143077671877666,1.6477118346267403,1.5923957683906524
2025-04-10,1.9480937022891447,2.032801013597841,1.587870610236675,1.5034828762139114
2025-04-11,1.8394173013383406,1.901638008974016,1.5229116117033383,1.3723235687579847
2025-04-14,1.7306791260803336,1.7860608632307309,1.4490823829836987,1.2520449963920663
2025-04-15,1.609832337127552,1.6980841809398284,1.3886678495257037,1.140462681731789
2025-04-16,1.507518941357035,1.6372012585093465,1.3573117267430759,1.049305053645655
2025-04-17,1.4071956225267943,1.5635197809143078,1.3202438589236973,0.9688141996572358
2025-04-21,1.3297019716817151,1.4970041527910436,1.2828474590675514,0.8992094287431407
2025-04-22,1.2476271442155424,1.4255876982575566,1.2219827611845486,0.8335025052617041
2025-04-23,1.1534118990789846,1.3629910281735382,1.1557447557785923,0.7616550555466235
2025-04-24,1.051004701728995,1.3032683518140915,1.0795366153894095,0.6956645978636798
2025-04-25,0.9374367258924517,1.2294170742658455,1.0093177548944776,0.6078589599030971
2025-04-28,0.840743261274576,1.1514455323806752,0.9382701988336464,0.5353527750754524
2025-04-29,0.7632875683644985,1.0715936630834104,0.8856850909808904,0.48236190929779377
2025-04-30,0.6969729670986088,1.0068854157804008,0.8233512515364527,0.44956274218825604
2025-05-01,0.6443475129057653,0.9416542717115487,0.7648648795061372,0.44264345206641226
2025-05-02,0.5979530920356348,0.887789362620088,0.7148266010524305,0.4560400825567985
2025-05-05,0.5623491130089187,0.82838177533231,0.6572008761580891,0.4551703572717736
2025-05-06,0.5283779041456453,0.7690709623870265,0.6120598353207842,0.44944773858113113
2025-05-07,0.5026160656318185,0.7203564757755575,0.5641502309534353,0.45098618835166454
2025-05-08,0.47936553289392486,0.6743192761023913,0.5266882816032908,0.46957228273949325
2025-05-09,0.46008411816988093,0.6432034730268813,0.48816705149080075,0.4767824809485336
2025-05-12,0.46736353078068454,0.6239128689539359,0.46057276629105187,0.5042960703924998
2025-05-13,0.4236965645863981,0.5408956582698418,0.37112148347925056,0.4768827130927248
2025-05-14,0.38448888568231276,0.45078569100106936,0.296959498486261,0.47727096991816037
2025-05-15,0.3563115336882777,0.36628479359206234,0.22946494674216894,0.4887740692479059
2025-05-16,0.32429624601653523,0.30198699554953723,0.1682360416981404,0.5047010284458888
2025-05-19,0.28281724847047507,0.24022634347677826,0.12296751777549632,0.5205911704620328
2025-05-20,0.2420016223385625,0.1974241854666976,0.08725061503335108,0.5381989594466731
2025-05-21,0.21179149300493164,0.17143644451229975,0.06961654119178474,0.5685411824888708
2025-05-22,0.14924987628518654,0.1392347106544917,-0.0028467238809615912,0.5427542532309079
2025-05-23,0.1077036094745994,0.12832912435322885,-0.06505233330312347,0.5330978125021416
2025-05-27,0.08545299328468005,0.12537795476699445,-0.12885995065938896,0.5215686795262774
2025-05-28,0.04112009604028845,0.07684485335430634,-0.21647309836913967,0.47440834507172813
2025-05-29,-0.026796786633053127,0.04037939337069633,-0.3153872400023733,0.4394977714038009
2025-05-30,-0.08883048147120695,0.01185927227239002,-0.3888529871438348,0.41272402116117435
2025-06-02,-0.1465814787526687,-0.017092719512490084,-0.44614963573794975,0.39051657370324283
2025-06-03,-0.17569522457764455,-0.021525577274267977,-0.48054958116780694,0.3748549052934807
2025-06-04,-0.21777559005541838,-0.02878504389166582,-0.48907384180813535,0.32865404782250096
2025-06-05,-0.2605249788377568,-0.04552382405376194,-0.5016026215096393,0.2952084438228446
2025-06-06,-0.2936147624520942,-0.07378148652490131,-0.5037411281212517,0.2727062979071859
2025-06-09,-0.32633723647198604,-0.10292687537591676,-0.5235793518781159,0.2402601597121345
2025-06-10,-0.36668600868850326,-0.13335198050927308,-0.5278260577514754,0.21934744763186126
2025-06-11,-0.3993698925319604,-0.1453484840913879,-0.5277275421704262,0.20601728833988542
2025-06-12,-0.4230167352932136,-0.14790619090431395,-0.5080153275938439,0.1854747074432452
2025-06-13,-0.4378074698845072,-0.1338129160515985,-0.4690547549871506,0.17156412589173162
2025-06-16,-0.49580145431524675,-0.1493889918569365,-0.4747415957297917,0.14491588628645177
2025-06-17,-0.5337334474140358,-0.16507083808143494,-0.4755290186640848,0.11433731442302847
2025-06-18,-0.574333740510595,-0.18334898042797576,-0.4921960501903611,0.0885788679932298
2025-06-20,-0.6081508481496246,-0.18760548487302559,-0.49927288544003245,0.08009697933950863
2025-06-23,-0.6557507184423114,-0.19399307225058302,-0.5072087307016537,0.10397631358016521
2025-06-24,-0.7008490116999292,-0.20083097813570783,-0.5212779060349239,0.12726457887411904
2025-06-25,-0.7564683154567337,-0.2214117286310835,-0.5563537655139713,0.15175174016947948
2025-06-26,-0.8034812818529105,-0.2298696156537734,-0.5837321811960077,0.17277776524520735
2025-06-27,-0.8502601200317627,-0.2568981486613701,-0.6181341847815014,0.19523149749642998
2025-06-30,-0.8766552019996064,-0.2674573073206376,-0.6636790955503307,0.2170767624502963
2025-07-01,-0.9025926139294717,-0.2731171003623298,-0.7010399448512786,0.25440719371596837
2025-07-02,-0.9253966169957524,-0.28532591532297535,-0.7440193825522654,0.25475369012010735
2025-07-03,-0.9326580490725666,-0.31239388536266693,-0.7751191964775977,0.25451612695305886
2025-07-07,-0.9488194539944281,-0.3388985040433467,-0.7983102927941435,0.2624252452437236
2025-07-08,-0.9752221686058328,-0.37106763080000593,-0.8340819651309059,0.25187455042722395
2025-07-09,-0.9814514610330803,-0.40756482052676296,-0.8668849405774954,0.25111872949060526
2025-07-10,-0.9711303942789605,-0.42644771814662785,-0.8685304566485648,0.25318826437479064
2025-07-11,-0.965979072476063,-0.43862098978661723,-0.8876703524873437,0.2576891424046444
2025-07-14,-0.9686032697634661,-0.43054834055582303,-0.9234599969888277,0.2781647570085082
2025-07-15,-0.9812442857169277,-0.3997006106123688,-0.9510139248104859,0.2896002335514913
2025-07-16,-1.008590868882998,-0.3728086992204306,-0.9961613548087803,0.27231544977003636
2025-07-17,-1.0288209255637464,-0.3472339861054181,-1.0343144176985077,0.2760875498956267
2025-07-18,-1.046889285804851,-0.3222151360239259,-1.043313162555133,0.26781904950707214
2025-07-21,-1.0332798766669036,-0.29110588638888624,-1.0600618175250014,0.2776667153630871
2025-07-22,-1.0157649603376646,-0.27719098661261743,-1.0595080870796225,0.29116229254063836
2025-07-23,-0.9975247811362443,-0.26677604118238885,-1.0387629740115136,0.3005255463760252
2025-07-24,-0.9737588670581319,-0.24766293975012002,-1.0495646194421844,0.28882425448550353
2025-07-25,-0.9189049595077605,-0.22044781656185886,-1.0620642130951095,0.281043016385215
2025-07-28,-0.8644149378982413,-0.18096856839777686,-1.0755491785245295,0.281928063099203
2025-07-29,-0.7951475327964849,-0.1300916908399587,-1.0695015848623528,0.2897131151014272
2025-07-30,-0.7105593184765753,-0.0699852528490594,-1.0444911378656165,0.31349146144040674
2025-07-31,-0.6229367631609409,0.002558025515669548,-1.017064130593074,0.3391339114305399
2025-08-01,-0.5228104193630762,0.060912147327888605,-0.9939788176546773,0.3629483904582966
2025-08-04,-0.48632120164630765,0.07303341513818666,-0.9990797465858334,0.3918539447776176
2025-08-05,-0.5048466652885037,0.03960240529093543,-1.0422800679307431,0.3951759026722846
2025-08-06,-0.5189257970501969,0.005514672307918743,-1.0695185529383244,0.41142331654929204
2025-08-07,-0.5419123816719861,-0.042076208922996274,-1.0808115309441102,0.4216491928911264
2025-08-08,-0.5426335577524475,-0.06951497568267516,-1.0922904432522638,0.4294369678362598
2025-08-11,-0.5531010738903406,-0.0991278516187014,-1.0864463745159811,0.4636700056091124
2025-08-12,-0.5445822039631196,-0.11766255057004577,-1.0682991663496126,0.510468442072684
2025-08-13,-0.5624743553328956,-0.15127418981650853,-1.082291517774252,0.5140749411882825
2025-08-14,-0.5787787223514921,-0.17768241129365928,-1.1100848598370605,0.4750965721110926
2025-08-15,-0.5809195949358618,-0.1970413656707903,-1.1106124220142926,0.4352875879063209
2025-08-18,-0.572462128552075,-0.22189935638135255,-1.0866903998265771,0.40173550464223107
2025-08-19,-0.5638704470778173,-0.2389183613070361,-1.0427481676159094,0.3884541113297753
2025-08-20,-0.553397463609497,-0.2814051976809415,-0.9994145853015383,0.3957469597283082
2025-08-21,-0.5448838780828932,-0.31186060314168695,-0.9451935726881205,0.3998763559427308
2025-08-22,-0.5170014548431179,-0.35030885102640463,-0.8827460864527823,0.4275555080225228
2025-08-25,-0.5321086612974357,-0.4197650114341297,-0.9061783823988888,0.3376458290104588
2025-08-26,-0.564243039852688,-0.4779156126581877,-0.9433150675473443,0.2628907063459416
2025-08-27,-0.5862976798399351,-0.5142715904567362,-0.9719510439995015,0.19737286187951902
2025-08-28,-0.6043696792834017,-0.5091554531891854,-0.9947311577190452,0.14680426189331197
2025-08-29,-0.6247897068512699,-0.5001865588070228,-1.0174353950705877,0.10558917170522554
2025-09-02,-0.6225154361635926,-0.5096356519303221,-1.0372187452763668,0.08743481004806933
2025-09-03,-0.6167797333313323,-0.5297511117823657,-1.0581326056389737,0.06945942302185204
2025-09-04,-0.6070941523111204,-0.5405200775918437,-1.0630681861451754,0.06158669995988482
2025-09-05,-0.601852846801015,-0.5459255722218627,-1.0664829247257186,0.055213846998164284
2025-09-08,-0.5981499851419675,-0.5496735055724818,-1.065473818214944,0.03576394844063221
2025-09-09,-0.6068503042719778,-0.5599703875025388,-1.0696326842562625,0.020579536162416746
2025-09-10,-0.6148676744218461,-0.555941357082479,-1.0721279235656511,0.018572985225938286
2025-09-11,-0.6146495775366616,-0.5413130096773651,-1.0860521180180847,0.019621565815168825
2025-09-12,-0.6132847894842912,-0.5288677750024144,-1.129726081164758,0.013230823932091811
2025-09-15,-0.6141131874838379,-0.526993912096525,-1.1705079999172996,-0.003455373397893581
2025-09-16,-0.61186124653894,-0.5252698533140129,-1.1829058213943715,-0.004326703805051965
2025-09-17,-0.6221756782109902,-0.5230527692748392,-1.185430768231937,-0.006615398955328329
2025-09-18,-0.6271713521442697,-0.5077780407904692,-1.1958516410271145,0.011040313907327001
2025-09-19,-0.6315012172249855,-0.5011768075542846,-1.2010785348457165,-0.018906880810483296
2025-09-22,-0.6299167001175484,-0.5021802149655169,-1.186767829047479,-0.045870382346198356
2025-09-23,-0.6078277255539994,-0.5090887197599981,-1.1669652686963052,-0.07457798002483597
2025-09-24,-0.582071454938134,-0.5082262898220468,-1.1407206521879762,-0.07117807115585215
2025-09-25,-0.563666656648632,-0.5044027700001662,-1.1133363718884073,-0.07036776695058096
2025-09-26,-0.5545694488410953,-0.48419067817685685,-1.089007149820294,-0.07388090304925135
2025-09-29,-0.5595253394480416,-0.4612597956511517,-1.0638844585479625,-0.08342830323819583
2025-09-30,-0.5779644639684876,-0.42799087683845544,-1.0209131280906962,-0.07267653460937039
2025-10-01,-0.5837130310152973,-0.3632293020358607,-0.9528458330923343,-0.04975579391781776
2025-10-02,-0.5717161636305428,-0.2926635242832392,-0.8654717031227286,-0.017318340017818137
2025-10-03,-0.5354100368817614,-0.2074633820681196,-0.7679403227933922,0.021715275303562365
2025-10-06,-0.4917167404327183,-0.10673676492157229,-0.6859518827826704,0.07396164419620287
2025-10-07,-0.4400153890388935,-0.011069008620028579,-0.6147693392201481,0.11712058451690163
2025-10-08,-0.39380652483181505,0.07678081201284286,-0.5319597396688512,0.17809922457498156
2025-10-09,-0.32817198180986035,0.1801751907101556,-0.44535569968472827,0.25375418105419256
2025-10-10,-0.23735144418330775,0.2916635292656061,-0.35604907181554835,0.35751751076794175
2025-10-13,-0.2562174194667751,0.3017556064889152,-0.3531585353577031,0.39190236996988603
2025-10-14,-0.2815204573186489,0.2846142582885117,-0.3750310824392849,0.403452010851937
2025-10-15,-0.30058410820234105,0.2706499058634455,-0.3884136273304704,0.37985296417852277
2025-10-16,-0.30260296037991474,0.2624453918357176,-0.37489280389466545,0.36950184093628
2025-10-17,-0.3080668379888023,0.2642973241756314,-0.34432257100623115,0.33461022748683666
2025-10-20,-0.33750812235304006,0.29075198389326923,-0.31839139534186295,0.3107495860685586
2025-10-21,-0.3803417270642079,0.30886899438594245,-0.31013260761161354,0.2860656910530607
2025-10-22,-0.4031344583521019,0.3197518713031869,-0.3246123374791614,0.26800350723841165
2025-10-23,-0.44114917195774217,0.32067046153751116,-0.33412397646943137,0.2408626385595509
2025-10-24,-0.46441329250459445,0.33120095992317117,-0.3280041803372742,0.22699927563729513
2025-10-27,-0.46867204568486975,0.32658204679536507,-0.3392949843559761,0.20744156904567496
2025-10-28,-0.4912029004903089,0.32424904399087773,-0.35594656671975294,0.18664999463323528
2025-10-29,-0.5079042793480634,0.3419437959426673,-0.3609794129281234,0.1561637964380632
2025-10-30,-0.4970636869392313,0.37524682860127606,-0.36618814291504675,0.11123244009784929
2025-10-31,-0.49640587456087776,0.39009583683886445,-0.3585645519092206,0.05816756563430413
2025-11-03,-0.46738457274956385,0.4209220344801024,-0.3377364684816914,0.02562476255662205
2025-11-04,-0.4332178400684539,0.44694551596068444,-0.3164000610629325,0.022283561572719577
2025-11-05,-0.42938752885275566,0.44606599939198427,-0.2982883263345811,0.013563221777289565
2025-11-06,-0.3902347546364996,0.43898959075650085,-0.28072956898752516,0.004003417688457025
2025-11-07,-0.3726465285726682,0.41379237857346046,-0.2644860243106258,-0.003142285002115304
2025-11-10,-0.34673926965418045,0.3832641898369412,-0.23639163327515153,-0.008390624970512855
2025-11-11,-0.3331270764211424,0.3356804063440863,-0.203537456688962,0.01678833188282824
2025-11-12,-0.32251171906664183,0.3241495063916604,-0.17373666734386906,0.05461537258037322
2025-11-13,-0.3002237294946197,0.34000545831990203,-0.15173020974338072,0.11108589585239279
2025-11-14,-0.31284491667757086,0.3375761925138397,-0.17545911621417917,0.17336703235664255
2025-11-17,-0.31592560596276237,0.32989795630220814,-0.2080151253111016,0.25481039045330556
2025-11-18,-0.3285356951480239,0.32332012121557535,-0.26722655372074533,0.30090368282452845
2025-11-19,-0.33960625987698134,0.3245502639277039,-0.3365294024061809,0.343989041503489
2025-11-20,-0.3231389454294909,0.33340450503747054,-0.373786207318058,0.37854778262101796
2025-11-21,-0.3467259951236987,0.2948632378528491,-0.4078901627160564,0.40304370874758
2025-11-24,-0.36987242734718084,0.2585347353262546,-0.4613936508034587,0.38632267854344937
2025-11-25,-0.416586467512411,0.16710760127461546,-0.5115470446626408,0.3596722917762089
2025-11-26,-0.4718094791063758,0.08674491228415158,-0.5852851277883873,0.28510961928296685
2025-11-28,-0.5391399560039066,0.021430510197755933,-0.6459277912237965,0.2073273438062555
2025-12-01,-0.6075810552578478,-0.04340265328388287,-0.6829219878515403,0.14787454892427926
2025-12-02,-0.6814796240750445,-0.09142118462058473,-0.7164552064290267,0.10425800199756571
2025-12-03,-0.7144419871248091,-0.136489239767283,-0.737103847476591,0.07767243606173094
2025-12-04,-0.7324897947548702,-0.17292782825176528,-0.7600436110950529,0.03514775201366252
2025-12-05,-0.7465238483050872,-0.1932593501244466,-0.7736698149076329,-0.013855543685610212
2025-12-08,-0.7495105753355319,-0.201998723162741,-0.7898212372992045,-0.05206386777331702
2025-12-09,-0.7280182950926762,-0.21306238665287427,-0.801767238454191,-0.06295713802760618
2025-12-10,-0.7090879535808732,-0.1955517782801748,-0.8177418363282163,-0.06741980856164119
2025-12-11,-0.67942001695066,-0.15838563903184721,-0.84829833263117,-0.11336425307718623
2025-12-12,-0.677156628731598,-0.1277651515142588,-0.8862394878877715,-0.14953743722959786
2025-12-15,-0.6927449289522503,-0.14199048278728796,-0.9257094607784118,-0.2030730611417934
2025-12-16,-0.7075706282872012,-0.15558048608434757,-0.9586848176714401,-0.25526097995285124
2025-12-17,-0.7170497609635278,-0.1592223850112285,-1.0058935773738007,-0.2785986848714213
2025-12-18,-0.7525539403831776,-0.1977045337581209,-1.0501741879805364,-0.3106865125621782
2025-12-19,-0.7830591200366599,-0.24958889077717525,-1.0686927647358682,-0.34298737013256225
2025-12-22,-0.8208228467730169,-0.3116452414798603,-1.0684147694280206,-0.35739278173545697
2025-12-23,-0.8636652101244031,-0.36779131631925366,-1.063521597752087,-0.3716723922155446
2025-12-24,-0.8972479676879626,-0.4194204637237797,-1.0433783989981953,-0.3770205864159925
2025-12-26,-0.9463122329621465,-0.45062848434480524,-1.0348842713279414,-0.37360848616294073
2025-12-29,-0.9815536738392198,-0.48336826027601076,-1.0163027109205218,-0.36396397634974714
2025-12-30,-1.0131872705395057,-0.5049352740966684,-0.9775531452289364,-0.3279057760328576
2025-12-31,-1.022244303714365,-0.5101023350323166,-0.922396467676892,-0.2896358916436623
2026-01-02,-1.018495502808315,-0.5124898348926047,-0.8602457033323221,-0.24613116051768852
2026-01-05,-1.0039972620576367,-0.4948567543534658,-0.8016174827133399,-0.20435674022447348
2026-01-06,-0.9752774422113583,-0.4590557002830534,-0.7643547870290035,-0.16532368221044588
2026-01-07,-0.947293168632834,-0.4174783109122951,-0.7476300758722008,-0.15332074310300794
2026-01-08,-0.9050817027815031,-0.37088241739151356,-0.7286973805350846,-0.14211850634795362
2026-01-09,-0.8493772891241976,-0.3186236957097653,-0.7131176541679375,-0.14066403165050967
2026-01-12,-0.7940253345048431,-0.2660862252977355,-0.701434023751563,-0.13548644612656738
2026-01-13,-0.734266140471262,-0.21642057218871116,-0.6800998161825151,-0.10407865722435683
2026-01-14,-0.6516815054667197,-0.16406621490157994,-0.6641218824828915,-0.061784487179983374
2026-01-15,-0.5766484390574074,-0.13652608393444593,-0.640017130950072,-0.0285021481915171
2026-01-16,-0.47524695114273413,-0.08022131068505338,-0.6131527347587463,0.000987666796949332
2026-01-20,-0.36712202613975153,-0.023782848691733423,-0.5733788182479462,0.042773894279911885
2026-01-21,-0.3432243010721211,-0.023683688771469747,-0.5782657079913609,0.07045963201287347
2026-01-22,-0.32757897572197986,-0.022788504368813335,-0.5762415307363383,0.06211344085325805
2026-01-23,-0.3123469579670772,-0.011703150701098683,-0.5667018081080547,0.05743543740679271
2026-01-26,-0.2986955239943381,0.00569881329615095,-0.5612121456096315,0.02543718509791975
2026-01-27,-0.2844708199882051,0.01860166525332685,-0.5510279634302587,0.012376269914858684
2026-01-28,-0.2665859680293265,0.03047052532376473,-0.546342984976562,0.016426540410565047
2026-01-29,-0.23435421375342236,0.05940023811230712,-0.5366585070254677,0.019707243152696886
2026-01-30,-0.1986664788210992,0.09882576480941467,-0.503724235001626,0.02360865376280823
2026-02-02,-0.14516420193826002,0.14180921058466422,-0.4695144065944896,0.0350043712380027
2026-02-03,-0.08741765446480229,0.19006146022036619,-0.4413093951425323,0.05423162310839873
2026-02-04,-0.03885973797972403,0.2259674959822699,-0.40823524974522546,0.08867355155993675
2026-02-05,0.019611999629006168,0.2367806714294041,-0.3645019308728636,0.12482748686401338
2026-02-06,0.06342429549601185,0.2504170588928208,-0.332123641306149,0.14282994458210707
2026-02-09,0.07588002873196324,0.22843536217694074,-0.3616128291596305,0.10218723989779793
2026-02-10,0.07543749806029931,0.22012829109322887,-0.38177513710334876,0.06637120864854322
2026-02-11,0.09344222190738179,0.22077172176313328,-0.3958258044660063,0.0541390504258233
2026-02-12,0.09725176735837113,0.24006674737676045,-0.3839784662448838,0.04793642168784242
2026-02-13,0.06485431292354565,0.21744027147792697,-0.4145873507070236,0.01373863550094795
2026-02-17,0.034840886450699084,0.19590541250749036,-0.4327061716342023,-0.026028152633997634
2026-02-18,0.006218738908284388,0.1836290454059701,-0.4405428583555126,-0.058893050873656594
2026-02-19,-0.002203056139920449,0.17171315209716168,-0.4378093574168296,-0.07353872378927058
