date,SPY_vol,QQQ_vol,DIA_vol,IWN_vol
2002-01-07,1.0487306516005377,1.6924754032982192,1.1125396158158456,0.9478190447132632
2002-01-08,1.0545667489284856,1.7096595058559036,1.1112865880504124,0.9511848917339182
2002-01-09,1.0727041270408426,1.720044870949921,1.1123983026593538,0.9558496135941258
2002-01-10,1.0970022350887867,1.741340599895985,1.116412527525294,0.9657565296831983
2002-01-11,1.1152902864626193,1.7816691012728858,1.1241347463745561,0.9822415014832272
2002-01-14,1.135814437881385,1.8157572576664966,1.132599566190571,1.0076025116601013
2002-01-15,1.1617757486158404,1.847050403435771,1.142176834818708,1.0206758048793292
2002-01-16,1.1914664918679343,1.9041575743007686,1.1534920698974283,1.0378927968487013
2002-01-17,1.204404993644312,1.9342047016681587,1.150588135830594,1.0442437517742142
2002-01-18,1.2211498392814686,1.9704516288077831,1.1402963499228047,1.0393630441737174
2002-01-22,1.232305168532597,2.0013304668461602,1.1287400353777044,1.021491336776392
2002-01-23,1.2511839418096875,2.012216296024997,1.1225164415017754,1.00823653388067
2002-01-24,1.2694202940387838,2.0043409921049524,1.1195684751356014,1.0052489310135744
2002-01-25,1.2960555306010328,2.0003350397485082,1.1265678468771798,1.008941180560714
2002-01-28,1.3149982037557064,2.014608767917619,1.1277741543121502,1.017750326540466
2002-01-29,1.3470273923543608,2.022229135146953,1.143084308996726,1.0306413049926517
2002-01-30,1.3348672749316632,2.0186222459814758,1.1420462124582447,1.035668754946096
2002-01-31,1.3276181242719014,2.027099250368706,1.1332829677468352,1.04138412199972
2002-02-01,1.3218115234358525,2.0539048845286927,1.1130145215886094,1.0610800934466524
2002-02-04,1.3272433681159554,2.087942596311295,1.0953834317169464,1.0777562175037754
2002-02-05,1.3061663822320286,2.113547430384003,1.0605670086729664,1.0834437592202144
2002-02-06,1.2869894160132798,2.1584903447806463,1.0392566874161513,1.0878334413622925
2002-02-07,1.2798679973537925,2.2092644369435566,1.0304089201614202,1.0876608563538195
2002-02-08,1.2714079006729153,2.25675824445357,1.0286026100401302,1.0874222242287612
2002-02-11,1.2548025349143415,2.307128984377844,1.0296999441876613,1.076127839207665
2002-02-12,1.2379168992736893,2.3469728433886896,1.02687460051156,1.064582029881059
2002-02-13,1.2324662011615,2.3991951715234556,1.024020949951593,1.062746719239917
2002-02-14,1.2189396573084306,2.4369862375461735,1.0268938400693524,1.0674026072952087
2002-02-15,1.211913059584703,2.495406957505661,1.0446362971588998,1.0814939023206465
2002-02-19,1.217076327650469,2.5469998587717972,1.065715313552172,1.1038192183815603
2002-02-20,1.1990018574050185,2.5667387534286537,1.0734076304492841,1.1175300793741276
2002-02-21,1.1712973620250722,2.5821871307220023,1.070096276129272,1.1157985828875179
2002-02-22,1.1343940980889842,2.559321903901427,1.0637199395160264,1.1030212365412042
2002-02-25,1.097806381851478,2.5360078273294517,1.0606625009944826,1.0693691509741887
2002-02-26,1.0628510844292527,2.4939792181798404,1.049492602281691,1.0478441066418198
2002-02-27,1.0327749712965364,2.461760903307002,1.049434213222237,1.0318939994448977
2002-02-28,1.017624570911174,2.427356044341501,1.0645980144432359,1.0213149221141224
2002-03-01,1.019632768725881,2.3983769128063877,1.09224072049949,1.0174657375533036
2002-03-04,1.001126259330457,2.33230294990211,1.092817088357378,0.9982161642643643
2002-03-05,0.9784620523112552,2.2398545526715155,1.0650745972941869,0.9676242160383514
2002-03-06,0.9560315945115855,2.1835743351187342,1.0335519047917971,0.9479572523783094
2002-03-07,0.9345691888176288,2.171642010257253,1.003413863134875,0.9327560287819165
2002-03-08,0.9237240023827848,2.154433197697509,0.979397979653831,0.9287194743967017
2002-03-11,0.9154273395103266,2.1265256977588,0.9655454425991014,0.9207447599956207
2002-03-12,0.9043557128038796,2.1204828273185465,0.9602210794640689,0.903723508696512
2002-03-13,0.9067307098548522,2.1031604562985895,0.9550368837294176,0.8845167207378587
2002-03-14,0.9079159878564717,2.0906035533333847,0.9395841829354059,0.8726920735265588
2002-03-15,0.9224971073687082,2.0850209192070017,0.9305668903863215,0.8662950495105229
2002-03-18,0.9373205883131844,2.080243607770721,0.925575533154598,0.867493205386886
2002-03-19,0.9525029986620078,2.081100319582325,0.9281584545884848,0.8639976526714678
2002-03-20,0.9684599337351224,2.082027172296182,0.938421653620127,0.8620207793360107
2002-03-21,0.9588512316913572,2.0507518669471887,0.9309542574824212,0.8732079738671059
2002-03-22,0.9556616132512185,2.0286017034318884,0.9245459134926077,0.8791667826880878
2002-03-25,0.9576548429633552,2.00746423638778,0.927983785185965,0.8942321245579502
2002-03-26,0.9524017590583854,1.9803190279889495,0.9188650036691302,0.906456479015445
2002-03-27,0.945172881130523,1.9777871957972764,0.9088557638283126,0.9196046285945273
2002-03-28,0.9458053354961482,1.9833001893460016,0.9058659021825286,0.9270332550420295
2002-04-01,0.9536954515655911,1.99635275648806,0.9136282918834926,0.9335500861204764
2002-04-02,0.9692984805998169,2.0327340421995097,0.9245067088078978,0.9388415134856108
2002-04-03,0.9801014861903984,2.0175753695068366,0.9390625309605699,0.9546064069628355
2002-04-04,0.9989323596059961,2.023522568050959,0.9431716276902113,0.9757642352071827
2002-04-05,1.0108373821041612,2.0387527146912414,0.944727684857847,1.0085837843297885
2002-04-08,1.0243847539829678,2.0673291878281335,0.956510147146149,1.0411974080413622
2002-04-09,1.0442447277826088,2.1189378037605273,0.975821286303994,1.072277362474471
2002-04-10,1.0747708513664187,2.136977262965013,0.998415334560779,1.0989327207281376
2002-04-11,1.111933242088341,2.1523301898703835,1.0102177778085508,1.122751586650883
2002-04-12,1.1221586282441411,2.163887758795077,1.0018431478774747,1.1451226215847015
2002-04-15,1.1379864612567343,2.1804729875270845,1.0036389552621732,1.144072192400627
2002-04-16,1.1561306966121188,2.2111000918403247,0.9968909454784564,1.1396385816626662
2002-04-17,1.152582141056082,2.229807255435779,0.9774114789695467,1.1173184534012581
2002-04-18,1.14845500036751,2.2578267526913782,0.9677113948670737,1.09565329242475
2002-04-19,1.143561163882087,2.288426303432323,0.9728753423575965,1.0900455361055237
2002-04-22,1.148800003473974,2.329325832482371,0.9759953600207616,1.0935515692779654
2002-04-23,1.147701858309102,2.3643061467171798,0.9721334767501071,1.0993134318589348
2002-04-24,1.1663017042956618,2.4077924873387686,0.9759803423996882,1.103229095989823
2002-04-25,1.1881744337282034,2.4681330531262766,0.9791733962023682,1.1122191533512504
2002-04-26,1.2158361505976456,2.544515674687726,0.9934524245002101,1.1167197164815539
2002-04-29,1.2266064487661137,2.5846009479123855,1.0018945553983056,1.1165701994709158
2002-04-30,1.241468943814473,2.631637658915223,1.0205576425171596,1.1279560565845725
2002-05-01,1.2607652031022594,2.691241936673952,1.039038179396099,1.137451309085207
2002-05-02,1.2819019194189627,2.761918759989918,1.0629372016653618,1.1366065468650313
2002-05-03,1.3132598609966553,2.8161388556710945,1.0923231582498059,1.1289176381656476
2002-05-06,1.3510959475522606,2.8724750505368415,1.1233885112712125,1.1371892498681015
2002-05-07,1.3767795253152986,2.9491073075471443,1.1401605202557492,1.1501864338276058
2002-05-08,1.4082694440852765,3.0431314563125063,1.166463656303099,1.1713802472675607
2002-05-09,1.3811195916663623,3.0026656684705384,1.1607583276656834,1.1817872473842432
2002-05-10,1.3578539870537762,2.9857489203634042,1.1560406839708808,1.1854426976647696
2002-05-13,1.3269557538498051,2.9352262988813522,1.1555624627723422,1.180437229185933
2002-05-14,1.2833785111358553,2.8978005886145586,1.1545709587267048,1.1793870017811987
2002-05-15,1.235347786596881,2.8112897245214823,1.1439390462897947,1.1612745570829797
2002-05-16,1.1961809415507478,2.7352590056325354,1.142110333136808,1.1523454493698502
2002-05-17,1.1709438748172407,2.6780185329733985,1.141625861802484,1.1494145700185805
2002-05-20,1.1622576889083056,2.6281286980852645,1.1426156841152235,1.148400919063747
2002-05-21,1.1538135413228798,2.573601725388049,1.1449015647570082,1.1476682618958536
2002-05-22,1.1392691189799091,2.5250491136360886,1.1415072304550413,1.1437301442911647
2002-05-23,1.1337700171123626,2.5111896682138903,1.144789185029419,1.1524072082203503
2002-05-24,1.1268774635362386,2.4863860612300748,1.1635812178066791,1.1533643913080651
2002-05-28,1.112171793721223,2.481670746650662,1.176837872264949,1.1526697346816959
2002-05-29,1.1032292462530082,2.4954410629537906,1.1844966107077124,1.166100594803737
2002-05-30,1.1063982027802433,2.506295115458794,1.1945455885901537,1.1839597896589333
2002-05-31,1.120312873076554,2.5313032627310057,1.204140348378799,1.2063524520377085
2002-06-03,1.1584509913710948,2.549892558428099,1.2219845912405765,1.236465034802116
2002-06-04,1.1715267730438472,2.558446476143227,1.2189770041929722,1.2451573078643452
2002-06-05,1.191310320857666,2.567638893790929,1.2306106673038424,1.2614813665739484
2002-06-06,1.2143878758387678,2.593746780784676,1.2522245724486172,1.278759085006765
2002-06-07,1.2178715236791218,2.6097948999739273,1.2624829487394296,1.2859336395452388
2002-06-10,1.230288783669767,2.6200245785055554,1.2832776028695312,1.2904638812202176
2002-06-11,1.2580093330805857,2.6392168676841012,1.3058874308378734,1.305191560138987
2002-06-12,1.2815332869120533,2.65702875080794,1.3292562868325415,1.3170149849380839
2002-06-13,1.3099226539136415,2.71771593087539,1.351776133577199,1.340560683579001
2002-06-14,1.3370770432023769,2.7818716077082026,1.377544584919931,1.3662129697620211
2002-06-17,1.382040150791544,2.8692577892968325,1.405510598367821,1.4002310587491495
2002-06-18,1.4025453587527483,2.9318657976420206,1.425015377578521,1.426125733551961
2002-06-19,1.4328691636147155,3.0021601955652835,1.461080397739114,1.4489419798075318
2002-06-20,1.4597069680091195,3.029930234957965,1.4959084232411013,1.466269374858241
2002-06-21,1.4825577116303819,3.0415318886300122,1.5287818369207669,1.4867257039404063
2002-06-24,1.5168182800430765,3.0448601857451645,1.5404036514380848,1.5111020883823858
2002-06-25,1.5547975611606597,3.0575769408707854,1.5633415712123029,1.542323377953436
2002-06-26,1.5847119457306806,3.0846577996419304,1.5896894744248822,1.5675143884947567
2002-06-27,1.6262570192761165,3.134455898184483,1.6263530084884876,1.5904667143801867
2002-06-28,1.6706837735313134,3.1705375638305906,1.6629486680785395,1.6199322587692642
2002-07-01,1.7232072524222821,3.2122953741693796,1.7012192188064827,1.6610750802682128
2002-07-02,1.7917946255495445,3.2178473217417594,1.7329234939321057,1.6916624187073042
2002-07-03,1.8550824736496725,3.2193179478059863,1.7706637482645358,1.6950974751019035
2002-07-05,1.925962611006776,3.226783597142759,1.8338716927520882,1.7092845949882864
2002-07-08,1.973004081297329,3.202151475344019,1.8642049099697655,1.7269247824783867
2002-07-09,2.0189706126845275,3.18089068231549,1.9095535255948832,1.7432947578656663
2002-07-10,2.0561921888469605,3.158905372715602,1.9583240408368712,1.7573563675027914
2002-07-11,2.0744826925157414,3.1413824015010507,1.9942513413476965,1.7789388714955965
2002-07-12,2.1175433835203443,3.134567769229234,2.035218793093998,1.790792358379881
2002-07-15,2.176487332839987,3.124441026104507,2.0966563374008165,1.8059180415113738
2002-07-16,2.2376073976006507,3.1267151120296472,2.174572133867745,1.8259704677999642
2002-07-17,2.303694636297845,3.142179857685778,2.2508788084473266,1.8471004605905808
2002-07-18,2.382235488322451,3.170218102998581,2.3508207732382123,1.9025794587466296
2002-07-19,2.447955662152424,3.19714094122371,2.466431882191397,1.9640025598777635
2002-07-22,2.507323675110604,3.2421914044392843,2.524482183298345,2.024791131005121
2002-07-23,2.536472466085352,3.287555087253012,2.584149669488079,2.10049625862384
2002-07-24,2.5635175732559383,3.300994065814192,2.668863830177958,2.1297887412367515
2002-07-25,2.5330057911502464,3.318643683798552,2.6638615135948855,2.114342485665587
2002-07-26,2.527144891232857,3.2889959964479876,2.6755890122876247,2.1199661395844553
2002-07-29,2.5238971015798004,3.270596193184983,2.6872505000610047,2.131152718831294
2002-07-30,2.4902519548774147,3.211577554910101,2.662889024389317,2.1070044146799614
2002-07-31,2.4642631609532977,3.1980730014502923,2.6361986368483334,2.0961065820469624
2002-08-01,2.4627080549007765,3.200984808652457,2.6149411431946206,2.0871991535301913
2002-08-02,2.4401180897375565,3.161424730317329,2.5811263038452235,2.0808132722886357
2002-08-05,2.4113182461417293,3.117560338054818,2.5331959719857515,2.0510417490018074
2002-08-06,2.3605427965237915,3.0582413377702755,2.4642178475126864,1.9977147290244819
2002-08-07,2.303714942417874,2.998754202130856,2.3979347419666146,1.938566082984089
2002-08-08,2.2434585291631444,2.9446073081527127,2.348122374504788,1.8814332127968612
2002-08-09,2.1769878984141124,2.9065056423065174,2.2941420481872052,1.8292712332136276
2002-08-12,2.120031584969576,2.874293723652888,2.257500556100965,1.7771722752571488
2002-08-13,2.069459777309818,2.856816350175098,2.218981380077616,1.7407691902353593
2002-08-14,2.019011879593467,2.8512278754661127,2.165563387075917,1.6776500283535676
2002-08-15,1.9307754410450206,2.7748749207927808,2.095788611949873,1.6110904317134702
2002-08-16,1.8578902350402193,2.720674555873053,2.0395764986835383,1.572771664154807
2002-08-19,1.80442427944925,2.692499429540856,1.9969224331552418,1.5360446098873919
2002-08-20,1.7550274244613684,2.6762538505488433,1.9515779415547465,1.5181146151454343
2002-08-21,1.7163237819393318,2.65570422566553,1.9185446737878675,1.499802189365364
2002-08-22,1.6978312971029432,2.6521313820340136,1.900378957947318,1.4821750757872614
2002-08-23,1.6958055511302517,2.652349225724624,1.8817873232487654,1.4799346436369847
2002-08-26,1.6868680928724218,2.6488643888618455,1.8666167145463712,1.470637736476676
2002-08-27,1.690026439278298,2.6681532097605,1.86365186780571,1.4778216854856105
2002-08-28,1.7024892188465468,2.680267003040947,1.8777666330734983,1.4929814475452925
2002-08-29,1.720202321030555,2.6604500077546227,1.8811964044947367,1.4658769391770605
2002-08-30,1.7464263566337677,2.6349306243278225,1.8943046340652088,1.444935511787073
2002-09-03,1.7758438066552336,2.6226132419395984,1.9109907694748598,1.4379253910995125
2002-09-05,1.7783536467734828,2.5834585293112107,1.890191344747892,1.4292660210906687
2002-09-06,1.7846381118471912,2.53355946918485,1.8635224394646972,1.434011527267846
2002-09-09,1.79544003521261,2.48433117619049,1.8372477709100004,1.426859788920011
2002-09-10,1.8068694977292794,2.448508003063763,1.8136067834802623,1.4243847328466588
2002-09-11,1.822876809032318,2.4022421846639874,1.79355437399901,1.4329098242435847
2002-09-12,1.8321044932876536,2.369719208372653,1.7889858691059535,1.4571683971179148
2002-09-13,1.828590032392742,2.3359209582046905,1.774974609286336,1.4756467878227904
2002-09-16,1.846257610526697,2.315787545824517,1.770294274517949,1.5001823458729708
2002-09-17,1.8895023311415187,2.284680206126701,1.7853094562657736,1.5253887471474625
2002-09-18,1.91948672505648,2.2613825531014764,1.8173863973966782,1.559229166927494
2002-09-19,1.9544147610582834,2.246174977052218,1.866407482735726,1.5881866988499334
2002-09-20,1.9726607917041525,2.249309584791218,1.9186379393546027,1.6100348407497003
2002-09-23,2.001624044574225,2.281036108013317,1.967557012437447,1.6418393408257081
2002-09-24,2.0359156477714344,2.2989543774692995,2.026138603521747,1.6638739424063405
2002-09-25,2.0582975621744457,2.342959949760745,2.062474252772424,1.693005868242703
2002-09-26,2.111624205685591,2.354247494491718,2.1111818681407537,1.7380544306529777
2002-09-27,2.167103906635338,2.388934278528983,2.157234297266429,1.769039072405211
2002-09-30,2.1909260280433736,2.442503155626254,2.1777312236256825,1.7878788072365193
2002-10-01,2.248527746233856,2.4979250407436346,2.1960759901574534,1.8224844141685135
2002-10-02,2.2480598644747944,2.4759249333513162,2.188766443110953,1.8575355725432323
2002-10-03,2.2508907259978437,2.4432832592138114,2.174080285843631,1.881004848547315
2002-10-04,2.2629588208833837,2.416413019339912,2.171263464401431,1.9206557111164133
2002-10-07,2.281588129913042,2.4070170823976476,2.153600845917105,1.9663436224264115
2002-10-08,2.28375876177804,2.4079929415782195,2.1547920200067723,2.00003776037064
2002-10-09,2.3168019786391563,2.432570139440988,2.1728328898895666,2.040644031125782
2002-10-10,2.355939559210543,2.491432438097735,2.1928475201313264,2.019807354314572
2002-10-11,2.3647257285165724,2.5037589876469513,2.1795460797149064,2.006357111840141
2002-10-14,2.3299655798294814,2.4545294950096395,2.1222738946592434,1.917904572165911
2002-10-15,2.3056942232719373,2.429593675730325,2.082001391928794,1.8602813685006814
2002-10-16,2.232367946817466,2.381648477212912,1.9987297278820861,1.7981996404416993
2002-10-17,2.1467123298473547,2.3248885167634414,1.9149754869355977,1.7326252355139984
2002-10-18,2.068949635038761,2.268577794972495,1.828517415482014,1.6536794202548153
2002-10-21,1.990545909469196,2.2437137558123603,1.7478663433211996,1.578987430970316
2002-10-22,1.9236214920021781,2.2062024390705868,1.6767711411692074,1.5156470976794247
2002-10-23,1.8595365003090059,2.196340396834063,1.619790687844267,1.471992854364219
2002-10-24,1.798610947765014,2.174116343961772,1.5795608225915083,1.4332919107504052
2002-10-25,1.7213753492136084,2.150300481465228,1.5375263678579765,1.4112922793923302
2002-10-28,1.645981586330791,2.1381878415209568,1.510736098279885,1.3862111166786435
2002-10-29,1.594748964012309,2.125908041989268,1.5014402612554827,1.3715838696747118
2002-10-30,1.5515253870275654,2.1171072263413078,1.4907758278607781,1.3653664071775815
2002-10-31,1.522933203298154,2.11856016860909,1.4874124774516964,1.3555894210737855
2002-11-01,1.506380201592602,2.1347854444898364,1.5000708634797004,1.3460822322806383
2002-11-04,1.4832435136275108,2.14029527786895,1.5040744860812842,1.3376997140074254
2002-11-05,1.4736793093912182,2.1281607129086746,1.508477480187659,1.325338052881086
2002-11-06,1.4734371520616178,2.1324005637787704,1.5203838299669987,1.3184166646407685
2002-11-07,1.477414676010592,2.1620838365216093,1.5290345162095695,1.316267108904502
2002-11-08,1.4502162865046013,2.1583711074728935,1.5244167780847544,1.3232313337821355
2002-11-11,1.4314557324657866,2.1554745859403877,1.5207793774741125,1.3213829380026307
2002-11-12,1.404372044073264,2.145174311917015,1.5045671208920177,1.30319426979147
2002-11-13,1.382992160408143,2.133177380700297,1.4971074567376779,1.2912181451026876
2002-11-14,1.3738035345477246,2.1457315291153396,1.4850846448579909,1.282372930152473
2002-11-15,1.363335558682238,2.13738121655109,1.478100424805419,1.2732730065158258
2002-11-18,1.3703291283402335,2.150646509372995,1.4743523309342397,1.2741084639471079
2002-11-19,1.371749360003081,2.174058839385949,1.4588324305762495,1.285858655666912
2002-11-20,1.3814577265075652,2.216245876748788,1.4498287167719068,1.300770715152144
2002-11-21,1.3905610751107484,2.2179132745136894,1.4404445884544892,1.2947369695668471
2002-11-22,1.3999428741087547,2.2011544548351685,1.4085320825759977,1.2918189857636153
2002-11-25,1.4154182794208665,2.1894765046133546,1.3896391209738015,1.2883503236895486
2002-11-26,1.4352655747933116,2.2062719254430037,1.3855412029877698,1.2938475391801794
2002-11-27,1.4315483456976006,2.203124463719911,1.3820344559145052,1.297831717161441
2002-11-29,1.3964335382238533,2.1907945425587627,1.3520816590574318,1.2806081210591367
2002-12-02,1.3691094320658097,2.206003981348421,1.3297022510948444,1.2623973425021062
2002-12-03,1.3530390845276357,2.24036821944052,1.3199394233914838,1.2483685167308514
2002-12-04,1.3431827555697091,2.2494037991804583,1.3035085247162896,1.2398929652966342
2002-12-05,1.3325158909513581,2.271887524827003,1.296720164670623,1.2134382074322019
2002-12-06,1.3257449083188788,2.2867758338584934,1.2825007382338174,1.1958417205491663
2002-12-09,1.3427279757066841,2.2994270576949374,1.26576503721262,1.1861270518793323
2002-12-10,1.3218716543185933,2.2559739522992714,1.2416094904363872,1.1660851145361673
2002-12-11,1.312317376791497,2.207514181616869,1.221680106532402,1.139067336933653
2002-12-12,1.3107510497186239,2.1553209455524387,1.2103088605497476,1.1154956924726143
2002-12-13,1.3110990287630069,2.11746803597761,1.2046721766909498,1.0905664465860252
2002-12-16,1.2938464867691768,2.0724170947362874,1.1961925559750597,1.0545282503867786
2002-12-17,1.2584866212472026,2.016170666482769,1.1754223560142594,1.0305576148144868
2002-12-18,1.2315735551553493,1.9829547898844322,1.1613084925167818,1.0176352850288881
2002-12-19,1.2115197051156161,1.9543223639046792,1.1448297400030036,1.0063645008231679
2002-12-20,1.1979450771014926,1.9330132976134413,1.1405976441831633,0.9967755548139374
2002-12-23,1.1834120138152378,1.923846235511036,1.118054303648008,0.987884839835517
2002-12-24,1.1875263589201317,1.9291616420029596,1.1102246385586265,0.9839850981729473
2002-12-26,1.194497825336979,1.9318799303098202,1.1081433875587652,0.975747767337924
2002-12-27,1.201000232546283,1.94522563589553,1.1138435183881357,0.9758659918736503
2002-12-30,1.1867919371152316,1.9525244791782026,1.1202860808365918,0.9695295033585001
2002-12-31,1.1857321938597156,1.9820966582871415,1.1470594194080852,0.9665142152697986
2003-01-02,1.1907255436502366,2.0024391178872376,1.1873371177381686,0.9695293000071041
2003-01-03,1.172385978514176,1.987539282785952,1.1879353668978663,0.9527854151818629
2003-01-06,1.1664257483412133,1.9915701100051972,1.1865692845240357,0.943303093149043
2003-01-07,1.1503837709609088,1.9766539305481265,1.1710777211139698,0.9364108205972909
2003-01-08,1.1423545791807996,1.9708150471652242,1.1625868962490933,0.9280252675398916
2003-01-09,1.1314670692157665,1.962276381237673,1.1548019958954667,0.9210338228571441
2003-01-10,1.1209944855595118,1.950169395895515,1.1332914536993917,0.9109842454600605
2003-01-13,1.1218868829543631,1.9397906567294747,1.1192485855638583,0.9026435222990038
2003-01-14,1.1352436817419864,1.9535478260758985,1.119027653496221,0.909410831786722
2003-01-15,1.16423304115879,1.9766905989347514,1.1277529201913739,0.9208814696496954
2003-01-16,1.190724267581647,2.011705999686571,1.1263158914215345,0.9345241404210444
2003-01-17,1.219274556867641,2.0443142862211756,1.1428646719231272,0.9550843732643712
2003-01-21,1.2479795735662023,2.0405995292951027,1.1667613420743954,0.9647485488041282
2003-01-22,1.2652671955531307,2.058953071099544,1.1807991785056176,0.9753597940659484
2003-01-23,1.281385253621886,2.07046583202905,1.1937284410981994,0.9927163557217964
2003-01-24,1.3086977747309723,2.0751438223623575,1.2189751746429751,1.0081521071938329
2003-01-27,1.3079944678649271,2.06358561159746,1.217544485083509,1.0194937469662824
2003-01-28,1.305190119084735,2.0442162137120574,1.2113013812151407,1.026743735098931
2003-01-29,1.3087645083589388,2.041980626442661,1.2058736838157726,1.0369980863495978
2003-01-30,1.3203509473477484,2.0419129156598577,1.2079820276989215,1.0535869095625692
2003-01-31,1.3187688630457497,2.01806654346917,1.2017527841461328,1.0426732738378686
2003-02-03,1.3189041399349677,1.9811476503204501,1.1918949287218583,1.034654885558071
2003-02-04,1.325202139634388,1.951893459959601,1.188743522829746,1.0376428346353048
2003-02-05,1.3334905339389758,1.933553096992249,1.1851574025738272,1.0435190384203226
2003-02-06,1.3396564209394974,1.90819106888596,1.1862506696561388,1.0514753014631542
2003-02-07,1.354330655829011,1.881783180088376,1.1900004040019714,1.0653969843818032
2003-02-10,1.3567968043135108,1.864229181081533,1.2002047864689764,1.0556766511923497
2003-02-11,1.36227514051438,1.8553435140180405,1.2132728282315215,1.0586557504132679
2003-02-12,1.3783166532403153,1.8532272806015204,1.2263185352110266,1.0595325623093952
2003-02-13,1.3922806490640094,1.8565684136975773,1.234033299674917,1.0703220481647249
2003-02-14,1.4188160256152003,1.8779857532991326,1.246208601188321,1.0791693704805612
2003-02-18,1.4361639450459531,1.8912921540836192,1.261456271346627,1.0875555723310812
2003-02-19,1.4328785696366015,1.8753196468643014,1.2761743766423266,1.0915106854446788
2003-02-20,1.4254309153419522,1.863030107035675,1.2996621184448087,1.1035255358491485
2003-02-21,1.4234828191852757,1.8515995780241883,1.3342853817810056,1.1260577826460128
2003-02-24,1.4208537782555284,1.8428988021366448,1.3713883038540409,1.1418296945198696
2003-02-25,1.4070984550291439,1.8356720793667618,1.3863628387404143,1.1357908720288894
2003-02-26,1.3938672272227994,1.8414271391474335,1.386307966071764,1.116298806564002
2003-02-27,1.3788714721590205,1.8293057431080813,1.3837250491955855,1.092177948838507
2003-02-28,1.375683224028648,1.8088709256449493,1.389448047416989,1.0818716366894878
2003-03-03,1.377353691612189,1.7972516891319683,1.407279322277324,1.073621050163125
2003-03-04,1.3873832487527238,1.7766761393812245,1.4355456345786082,1.0744602258085647
2003-03-05,1.4099225072646648,1.7700192356152569,1.4584177323990017,1.0756589712368974
2003-03-06,1.441377791062122,1.77221213225883,1.4909463837462158,1.0884186502936488
2003-03-07,1.4677958248063434,1.7842002421108645,1.5129386183016507,1.1078097076964537
2003-03-10,1.4833253706370302,1.8176680451008864,1.5414924970332837,1.138245711032178
2003-03-11,1.487285079200657,1.8533511171943362,1.5599467099776496,1.16004734827284
2003-03-12,1.5057787640233502,1.9106540003384198,1.5784407666553097,1.1755113715226733
2003-03-13,1.5285095718288868,1.9714965758610383,1.6062657581392872,1.1869059844431324
2003-03-14,1.4976381682998972,1.9625070637605664,1.602598621990866,1.1975143779173174
2003-03-17,1.4968011665847054,1.9754884201396599,1.6218780411052771,1.2006718074151073
2003-03-18,1.481284486264548,1.9760098051072477,1.6150936296677025,1.1940783417256466
2003-03-19,1.472981636877422,1.9784462804609306,1.5998685240180002,1.1814744275209612
2003-03-20,1.479968642658485,1.9761275902137019,1.5946143150346517,1.1717053043053138
2003-03-21,1.4927073336528742,1.9765919714593367,1.5846914939868213,1.1740119431532223
2003-03-24,1.4963104783559995,1.9717806922728147,1.5640087582522917,1.1706297707042987
2003-03-25,1.4624196123427822,1.9406754490989184,1.508116627209456,1.166506909434659
2003-03-26,1.4384711972820112,1.9177006556109415,1.4665534433568137,1.1552344050356225
2003-03-27,1.4284078796863418,1.8965396098896992,1.4371511669956294,1.1518985723240887
2003-03-28,1.4244076078746077,1.8724530290824393,1.4113542516076742,1.1480852197754419
2003-03-31,1.424029674167097,1.8492945937343983,1.3999545869241306,1.152206125866891
2003-04-01,1.4019365577330318,1.8105064420725496,1.374583231663678,1.1496788313961095
2003-04-02,1.3711089855501435,1.7842835984309793,1.3566897680299497,1.1605004496987406
2003-04-03,1.3243720163411643,1.7291498564604464,1.317754758000939,1.1468216226827659
2003-04-04,1.2870815469060015,1.6872663687959533,1.2763272761935058,1.14117922337638
2003-04-07,1.2577685246966905,1.6584554810549146,1.2392726044069031,1.141062941489984
2003-04-08,1.2424977492724336,1.6354567055981677,1.2039656316302445,1.1339589540959476
2003-04-09,1.2362153731953056,1.6366840752000706,1.1860227602588558,1.1259875319483297
2003-04-10,1.227143561826101,1.6226803738449755,1.1801007714413227,1.1171194878219703
2003-04-11,1.2143463251321438,1.6209125432619345,1.1723657492549147,1.1060888641412163
2003-04-14,1.2086455555001732,1.6271338821415215,1.165503061612286,1.1026775540628457
2003-04-15,1.1989828139553211,1.6359116016512223,1.1482550877398596,1.089964103369896
2003-04-16,1.1957193818521077,1.6365093241617203,1.1394170340864735,1.0857545489177194
2003-04-17,1.181713509947474,1.6613404571295214,1.1304632372985917,1.081250854628754
2003-04-21,1.1651139562051465,1.6668859965163882,1.1231523465089084,1.080753394694558
2003-04-22,1.1623439497037802,1.6717825701678326,1.1254589103653498,1.0915990737103887
2003-04-23,1.1462669154461789,1.6751359250916593,1.1158245438260281,1.0919845836596371
2003-04-24,1.1280762367305854,1.696668974918015,1.1136446917675302,1.092121831408508
2003-04-25,1.1166061894700434,1.7202686908716427,1.119592584522782,1.0939843374916203
2003-04-28,1.0986971086940647,1.7341062157726215,1.1153786359157971,1.0865321072140548
2003-04-29,1.0809191335386164,1.7467475125254541,1.1025425316458815,1.0756450059862652
2003-04-30,1.0589733754710362,1.7672376852984026,1.0998579055609423,1.07197668792538
2003-05-01,1.042213589342386,1.796039535498374,1.097920689933695,1.0651577806712376
2003-05-02,1.0356641977630066,1.8209886178465653,1.0983023223870145,1.0521561599122085
2003-05-05,1.033116482309818,1.841798976212146,1.0892159382548658,1.0354604897776056
2003-05-06,1.0464726789580285,1.8642944514369253,1.0820398570491923,1.0305713060209347
2003-05-07,1.0514259035945444,1.8923371583128767,1.0759144381217194,1.0304972056000128
2003-05-08,1.048619307094504,1.9163226335803416,1.071787757405007,1.0372359614794997
2003-05-09,1.0397662968206403,1.9151125597590086,1.0700947610291314,1.0394850313715684
2003-05-12,1.029748574435651,1.9148030871236679,1.0633668390536968,1.0373313752500364
2003-05-13,1.020161997362941,1.9230633462848332,1.0504236265133848,1.0220205160740914
2003-05-14,1.017042338675192,1.9322135957625852,1.0475683562010312,1.0164545823946278
2003-05-15,1.0110162825114526,1.9510044987810204,1.049559669966381,1.0188454588561726
2003-05-16,1.0150091342469454,1.9738290099804272,1.0538071553726391,1.0249471790715272
2003-05-19,1.0241660503269783,1.9947292155945686,1.0681367404648736,1.0308973570600908
2003-05-20,1.0131811164211133,1.960563264044012,1.0631015534709738,1.0271409186711102
2003-05-21,1.0145256103247409,1.9396570150897874,1.0630463667508219,1.038526845532769
2003-05-22,1.023224695151374,1.9360983879762446,1.0753006697576426,1.0552865114654468
2003-05-23,1.0236406172002122,1.9285491717187648,1.0826633977243838,1.0772526274344802
2003-05-27,1.0366353183945949,1.920874911343232,1.0910038431039422,1.0866957278576497
2003-05-28,1.0399191280878706,1.8861939826625431,1.081981341805494,1.0837160708534277
2003-05-29,1.0476182367989826,1.8484594381555273,1.0789753632257848,1.083808036529329
2003-05-30,1.0585860557079902,1.826787794129628,1.0689166262411893,1.081139212800791
2003-06-02,1.0572931364628348,1.8189496414387152,1.0440561061613671,1.0614471257892866
2003-06-03,1.056887613232615,1.7984901414307863,1.018448780382091,1.0536453054303787
2003-06-04,1.0515084537437374,1.7823272294465935,1.0063692625727576,1.0555477563588969
2003-06-05,1.047988431370225,1.763089603842528,0.9963679762935641,1.052302880290507
2003-06-06,1.0500239634211763,1.731835364253379,0.9908759696136032,1.0478648906850658
2003-06-09,1.0559665679517736,1.7021345763604776,0.9924393465278121,1.0553986814697194
2003-06-10,1.0634849999459823,1.6795458671739414,0.9985009315884408,1.0467056171706397
2003-06-11,1.0755045592031953,1.6579212480175736,1.0002834988951348,1.0412986458812798
2003-06-12,1.096013597192333,1.648361021599946,1.0008051329404584,1.0417894912188317
2003-06-13,1.1169011275285299,1.6440765559132329,1.002747376948774,1.0489772897259921
2003-06-16,1.1370571045007576,1.6252741070420045,0.994227574448984,1.0509625855911437
2003-06-17,1.135602890966797,1.584599667515294,0.9679987544596829,1.0486132050902277
2003-06-18,1.1381189970722716,1.5605119650366595,0.946202835606956,1.0545980349881563
2003-06-19,1.142876272476681,1.5513492501060364,0.9415645557663461,1.0681487317411722
2003-06-20,1.13490722484864,1.5542904447500205,0.9363585985503707,1.079605833667644
2003-06-23,1.1346473461397437,1.5512355263832038,0.9383313849732133,1.0969708370345943
2003-06-24,1.1365966968895735,1.5471461216406959,0.9405786289527964,1.1011365759008873
2003-06-25,1.1380421164301089,1.5378509736080463,0.9449849902367177,1.1097807497517787
2003-06-26,1.1336055200781066,1.540266797062396,0.9456803365499654,1.1204959015612947
2003-06-27,1.1301350031182358,1.520957959860622,0.9492025854177921,1.1245489545912721
2003-06-30,1.1298188673853191,1.4913936069601006,0.9590054559267128,1.1408554040557908
2003-07-01,1.1309566472029209,1.455075588180541,0.9721715897828257,1.1672412994243164
2003-07-02,1.1298194270068516,1.4335554921049807,0.9880720688959763,1.1952753428850205
2003-07-03,1.1299449720636952,1.420514033516821,0.9969882987145269,1.1672557639519217
2003-07-07,1.1314856859120677,1.4161629906731905,1.000127964744064,1.138237463229384
2003-07-08,1.1188073198701565,1.3644686476574441,0.9927381634278323,1.1039044462426717
2003-07-09,1.114476465111338,1.3419473870488035,0.9943581252746294,1.0735474576717035
2003-07-10,1.1130667790997362,1.3267105056562862,0.9952260548896266,1.0403616707554475
2003-07-11,1.1098737507447483,1.3088770451058513,0.9857943744379808,1.0088697266418774
2003-07-14,1.1057325145068397,1.3042211327876019,0.9775617956087406,0.9872523277027949
2003-07-15,1.0959335237356367,1.3103581417906909,0.9710019082010783,0.9705263667787231
2003-07-16,1.0944872824601817,1.3284184345795755,0.9735590034069581,0.9626694567953289
2003-07-17,1.089749504439915,1.3606661192538199,0.9734198563748874,0.9640041744309281
2003-07-18,1.0825160632845583,1.346763789599885,0.9814162389113771,0.9641201439070399
2003-07-21,1.0829935305173393,1.3414956795045183,0.9710355508918354,0.9644328160617172
2003-07-22,1.0799870771935738,1.3301327645871868,0.9614986580939171,0.9570522780169697
2003-07-23,1.0732538288585967,1.3163451754908206,0.9623629446683865,0.9502823265873283
2003-07-24,1.0669061401262145,1.3084691787804426,0.9611820072037578,0.9450269425102927
2003-07-25,1.056890218318958,1.3003925939579166,0.9553846636135688,0.9437204900042763
2003-07-28,1.0402513660795631,1.294473833751206,0.93700462727067,0.9401116185237205
2003-07-29,1.0221240344225482,1.2899234575705534,0.9211907964257997,0.9372381085235858
2003-07-31,1.0077738792979598,1.2935803834814346,0.9064079511544781,0.9415884780374699
2003-08-01,0.9991126684959633,1.3012420887152334,0.9022395305088153,0.9489135576906993
2003-08-04,0.9807408925056207,1.3149602300730037,0.8965647108859685,0.9399343385118094
2003-08-05,0.9628024754482074,1.3328508258252674,0.8914060525768118,0.931077058066382
2003-08-06,0.9258440444786007,1.2938942906140865,0.8646078210076932,0.9262795646277169
2003-08-07,0.8924075222106811,1.272946444431711,0.8400648136799248,0.922858468472896
2003-08-08,0.8546453303954417,1.2544581376548158,0.822448985174584,0.923590526113722
2003-08-11,0.829497494538307,1.241276874637518,0.8039266062901027,0.9359596243477267
2003-08-12,0.8087769222971195,1.2267121068200468,0.7948269583856843,0.9527341377323897
2003-08-13,0.7874179977794021,1.2149133760778283,0.7840783193461024,0.9567378377645743
2003-08-14,0.7792680595527061,1.210784398198986,0.7767907699505318,0.9692693566804405
2003-08-15,0.7753845366198875,1.221215792382299,0.771667371858726,0.9836685224755514
2003-08-18,0.7758207850613211,1.2253220280668162,0.7696575002997054,1.0043320767291526
2003-08-19,0.7777862882122258,1.213869392726032,0.761676263950801,1.0287178172640534
2003-08-20,0.7809949558616845,1.198140892093003,0.7590278917634007,1.0292716685413499
2003-08-21,0.7789225899096224,1.1917283007038062,0.7613171568497108,1.0327050185711848
2003-08-22,0.7804620979781836,1.1997835462701283,0.7720908775186863,1.0382669424544924
2003-08-25,0.7725423164887222,1.2083409412539792,0.7848551207174298,1.0356286398588506
2003-08-26,0.7713668126090623,1.2210413171735655,0.8013602494500556,1.0355812596774383
2003-08-27,0.7755715131169841,1.234634454283267,0.8166886087859196,1.041839243678384
2003-08-28,0.7895485226596708,1.247946386744145,0.8282793691184617,1.0491965151111393
2003-08-29,0.8045759458541653,1.2643794683000604,0.8451555673886911,1.058543808006594
2003-09-02,0.815692358162183,1.275250263448853,0.8654328905802998,1.064512638665038
2003-09-03,0.8200756449770521,1.286306740180652,0.8777827670309288,1.0608080615793338
2003-09-04,0.8239851256198124,1.2968392832148075,0.8832536815045985,1.0576557169759238
2003-09-05,0.8317110327324364,1.3056029326335032,0.8872080505773023,1.0570976688800808
2003-09-08,0.8322011245808427,1.3315335308806193,0.8908458829622239,1.0562169746299466
2003-09-09,0.8263696725507566,1.345046117255927,0.8955101764875258,1.0566602829799896
2003-09-10,0.8246987427891218,1.3647439015889988,0.8946273771331318,1.0615352285533246
2003-09-11,0.8261621167348487,1.356607720235007,0.8947981287145848,1.0407093068943063
2003-09-12,0.8215321802261575,1.3617141174923315,0.8999428820258659,1.029339391454289
2003-09-15,0.8218137615745301,1.3813184450681322,0.9058217481244941,1.0119703201542343
2003-09-16,0.8286681508487259,1.4061202310563303,0.9113820656610734,1.0004437132014705
2003-09-17,0.8304319067338246,1.4205528315171452,0.9148097107696774,0.9998097807074149
2003-09-18,0.8362997373495048,1.4525988757942148,0.9155618454630046,1.0163844183371826
2003-09-19,0.8439468109262604,1.4774433153834083,0.9140275817754833,1.0383754960090081
2003-09-22,0.8540113135622859,1.5002808022236875,0.9190549930002898,1.0702382148449767
2003-09-23,0.8662383677235941,1.523994986366616,0.9232121039268922,1.1050786702214583
2003-09-24,0.8803058897173716,1.557984744177646,0.9363025323842662,1.1383109496181532
2003-09-25,0.8774402824842199,1.536255613987776,0.9289008965665163,1.176582073909666
2003-09-26,0.869511475249419,1.5141585091286234,0.9273317781992263,1.2008195022400525
2003-09-29,0.8704935645720736,1.496695649936368,0.9283820485772758,1.1954498883828397
2003-09-30,0.872284532712544,1.482782650479979,0.932600952353075,1.1899473013173496
2003-10-01,0.8733494906275434,1.461769098313958,0.9251802777438777,1.17950426923248
2003-10-02,0.8528809086387139,1.4358691503962924,0.9018829916978605,1.155352655317967
2003-10-03,0.8364366765689666,1.4300721550055664,0.8758857698709972,1.1333191198287917
2003-10-06,0.8236116337349558,1.3979133892139064,0.8489911597233346,1.1081039259155339
2003-10-07,0.8122564355270737,1.3746973297098308,0.8301391366176051,1.0846729299212527
2003-10-08,0.808558205222446,1.3556862698518908,0.8092215731703356,1.0654651673903335
2003-10-09,0.8061354838923381,1.346065225101318,0.7929874175072065,1.0609047970030907
2003-10-10,0.8034574892719903,1.3399440366638695,0.7777628149615133,1.0487223843516333
2003-10-13,0.7995818187843582,1.3361998315616588,0.7698379009495097,1.0410466705013122
2003-10-14,0.8031505207465832,1.3399972441555996,0.7565529982258152,1.0353772317586085
2003-10-15,0.810936184477936,1.3497531416515873,0.7435713188671625,1.0359544766973623
2003-10-16,0.8182904633577277,1.3620856610221759,0.7375951918817447,1.0250220514252588
2003-10-17,0.8326673332106795,1.375001946194687,0.7338803785747723,1.0143961548812677
2003-10-20,0.8362638227958545,1.3623166316480173,0.7349377863901437,0.9944145083037003
2003-10-21,0.8424249017301295,1.3454706608994724,0.7350665261082324,0.9871671242826615
2003-10-22,0.8467120027302756,1.3459650643405632,0.7348611234770404,0.9891552230312429
2003-10-23,0.8428344770086377,1.3242136164074567,0.7224772351410881,0.9912815314880867
2003-10-24,0.8357786770197269,1.3036217334560833,0.7136160768408143,0.9949997800893626
2003-10-27,0.8330550124722761,1.2993709453166784,0.7135941023412398,0.9991778278336949
2003-10-28,0.8334640608141208,1.3071778324088295,0.7182192382023724,1.004169061353914
2003-10-29,0.8263832113000261,1.2770784314429895,0.7122298197004518,0.9985980702418631
2003-10-30,0.8265388559301657,1.2534212902225415,0.7025831600106083,0.9878787134237702
2003-10-31,0.8225159685921714,1.2444646658966412,0.6928431489646393,0.984238994392168
2003-11-03,0.8157556050451518,1.2390180081256552,0.6862355700105859,0.9877155481958381
2003-11-04,0.815220053987703,1.227938522638853,0.6781568854303983,0.9795834085851717
2003-11-05,0.8112587481980577,1.2225387788789444,0.6689669849596194,0.9816392211714294
2003-11-06,0.8154501352685468,1.2226272434194534,0.6673850261806362,0.9893492423359042
2003-11-07,0.8185386132782727,1.2311320615130406,0.6644409420229513,0.9988569344829477
2003-11-10,0.8119497116632435,1.2415473633592662,0.6673449305202138,1.0238052404016769
2003-11-11,0.8078214115331188,1.250519878105038,0.6667010100215254,1.035577788790543
2003-11-12,0.8083860120194932,1.2596795325640262,0.6677615339878126,1.0480490294621254
2003-11-13,0.8004141430449591,1.2539025934168,0.6635391740480389,1.0405742115234669
2003-11-14,0.8015440439542333,1.265769988560909,0.6592551761484018,1.0416226590701294
2003-11-17,0.8046755458286042,1.2758142465828404,0.6585191468673778,1.0360921409545345
2003-11-18,0.8043557619806668,1.281591833262166,0.6631343674326825,1.0265576854449312
2003-11-19,0.7975428336988462,1.2647866418107998,0.668444477343482,1.0196942185606919
2003-11-20,0.7959862502138386,1.2566801808949508,0.670970796149027,1.0237229156780696
2003-11-21,0.7879858880359111,1.2535385093124147,0.6723545229268223,1.031264579610443
2003-11-24,0.7844015598818986,1.261921222649724,0.6794746069910048,1.0372940032568083
2003-11-25,0.7808938820997717,1.2436790976972516,0.6786972948730579,1.0259452260322632
2003-11-26,0.7754006016797576,1.228238177787343,0.6777491505882396,1.014499041587749
2003-11-28,0.7716792154785865,1.2186294886528866,0.6815523718186417,1.0063917829017193
2003-12-01,0.7658195191446715,1.2214354930314915,0.6900136309062931,1.0026520719761898
2003-12-02,0.755031512195526,1.226013277692388,0.6880394454913162,0.9971559642080186
2003-12-03,0.7576725395224665,1.236522378902899,0.6834022649393945,0.9991394365873681
2003-12-04,0.7602738972507362,1.25239459157387,0.6843202430936398,0.9961311734809163
2003-12-05,0.7669735009864231,1.2712569228025807,0.6870151562123036,0.9922975224772479
2003-12-08,0.7657162489840793,1.2749297994770379,0.694310045432838,0.9958846745174434
2003-12-09,0.7677850582059984,1.284066541430481,0.6965932285495141,0.9985933405810943
2003-12-10,0.7643075187943014,1.2728746551648054,0.6944748682335161,1.0090190005152497
2003-12-11,0.7667610604374218,1.2590477184778806,0.6990812878638261,1.0130750286424834
2003-12-12,0.7602393708686239,1.2398201521915557,0.6975856363219484,1.0067905264380153
2003-12-15,0.7564323794800467,1.217394897165311,0.6999684233353823,0.9982853626145932
2003-12-16,0.7526938434561803,1.1854267800446734,0.7030022459091924,0.9858799481824373
2003-12-17,0.7509790363823633,1.1612302177680152,0.6915942834855695,0.9751884192071962
2003-12-18,0.7455338099431926,1.1437343078823075,0.6826706409633654,0.970610152552689
2003-12-19,0.7316373503422642,1.118955531059596,0.669738483316545,0.9492613320904917
2003-12-22,0.721893137547319,1.0979389864266063,0.6638903091037693,0.9311325116406559
2003-12-23,0.7042971891907888,1.0887662779934624,0.6586057936041486,0.9102468013137013
2003-12-24,0.6923608554539141,1.0811797902070774,0.6615775648612479,0.8905786973253637
2003-12-26,0.679766680590068,1.0804142040182345,0.667917860534604,0.8729586518409619
2003-12-29,0.6703154215940117,1.0838076538677786,0.6762809628662958,0.8634230238450729
2003-12-30,0.652206414384947,1.0846969105705042,0.6798760394839736,0.8421531051316987
2003-12-31,0.6388430005590641,1.0883561161840973,0.6855633507048049,0.8320823102419258
2004-01-02,0.6293396454697839,1.089442751515218,0.6922266145453598,0.8262258361155124
2004-01-05,0.6259525997326474,1.087162215333591,0.6990621204804435,0.8266180923566213
2004-01-06,0.6183866070865706,1.0734117399565035,0.6968747873094252,0.8256481384520765
2004-01-07,0.6164219308018652,1.0627619350125919,0.6967795843520168,0.8282063710090513
2004-01-08,0.6242689230545826,1.0570926833999765,0.697138252369672,0.8295535831003128
2004-01-09,0.6310521073307506,1.0572055165431593,0.6997617583528689,0.8193447312536039
2004-01-12,0.6328197299469438,1.0625390232565857,0.6881526309505965,0.8108375098830048
2004-01-13,0.6365827520798046,1.0564171426667148,0.6855872103406138,0.8081378477473711
2004-01-14,0.6414805244877636,1.048064793245937,0.6842408467735623,0.8114838215986134
2004-01-15,0.6427102928285279,1.0465105788653801,0.6765030232640388,0.8132704912589739
2004-01-16,0.6467285494085948,1.059757178699941,0.6721822803803256,0.8230739525807774
2004-01-20,0.6588660435040027,1.0792242099795806,0.6727502792682927,0.8330829078563722
2004-01-21,0.6711936881442823,1.105368146233095,0.6776859154636126,0.8457017976948359
2004-01-22,0.6771830433787336,1.135292249986741,0.6799538646404131,0.8634460022911488
2004-01-23,0.6926017280057883,1.1699244896623568,0.681900288403465,0.8907269485803889
2004-01-26,0.7088860227718482,1.221729502146753,0.6830809983574748,0.9241208423891781
2004-01-27,0.7185928237579358,1.2683337743120122,0.6702515659900186,0.9495509200967494
2004-01-28,0.7211247811817599,1.2851355514387843,0.6573108075300238,0.9792763451811299
2004-01-29,0.7095880439492919,1.2861584745330203,0.6324193619408128,0.9881573211158883
2004-01-30,0.701469398038803,1.2953856110845494,0.612116190037076,0.9908722127851793
2004-02-02,0.6910310473751082,1.306506137608024,0.5989810058813281,1.0084227276324444
2004-02-03,0.6781224549315639,1.3109255707235108,0.5948392750659389,1.0352529861668096
2004-02-04,0.6698678349801556,1.3220905650958905,0.5920166957852045,1.0715312264168222
2004-02-05,0.6575206627771788,1.3284615346089335,0.5915494133753884,1.077863252052401
2004-02-06,0.6510998701980047,1.3343388502778848,0.5986658715809103,1.0843098193482261
2004-02-09,0.6416602875045191,1.3253494645535868,0.6016639454343728,1.060721184608635
2004-02-10,0.6343837804377003,1.3259644753747366,0.605886321767583,1.0400108932308256
2004-02-11,0.6363235492528028,1.3346685628460178,0.6141607274762031,1.0252802205588358
2004-02-12,0.6314458470239773,1.3411889513519653,0.6191992773877819,1.0087322876495888
2004-02-13,0.6338040258804444,1.3437725753079206,0.6215580090147432,0.9958460342500789
2004-02-17,0.638394457989665,1.3419460825366862,0.6226950993039646,0.9741106354329012
2004-02-18,0.6348675524063662,1.3415068045705834,0.6201602625285025,0.9580956563399416
2004-02-19,0.6287922291568413,1.3484470190740276,0.6186080074140324,0.9486012648475237
2004-02-20,0.627282408796908,1.337038028455546,0.6199623587439235,0.9477894900428072
2004-02-23,0.63189350792221,1.3314911830871505,0.6244258206800726,0.9501991361232015
2004-02-24,0.6367994350763542,1.3275449728570337,0.6296394420184972,0.9479685702797924
2004-02-25,0.6423482397701494,1.3286960433001342,0.6334384537859767,0.9606446979771125
2004-02-26,0.6491005962323173,1.3245244987912592,0.6378477548050031,0.9706806176124921
2004-02-27,0.6579544781745608,1.31256238780594,0.6519946495269052,0.9859494136870476
2004-03-01,0.6784201579261848,1.3074714000690932,0.66906699986431,1.0023086800752157
2004-03-02,0.7012340369752158,1.3080846930723902,0.687604105246358,1.0177787373994973
2004-03-03,0.7253500429961303,1.3127316296211717,0.7027713019504408,1.0305555667910504
2004-03-04,0.7595228086602411,1.3303299234137578,0.7192576990783106,1.054630084010417
2004-03-05,0.7933925841697965,1.3509927884317818,0.7438763961810879,1.0742398739751786
2004-03-08,0.8285443137465288,1.3801556643132153,0.7702930188302853,1.095672310815234
2004-03-09,0.861539156034607,1.3819071397507297,0.7965914004976398,1.119842177455007
2004-03-10,0.8975478768599647,1.4006114555416587,0.8285052969100235,1.1401691613636482
2004-03-11,0.9138982575854981,1.4026140274123773,0.8444682859084821,1.1421244259313972
2004-03-12,0.9187917496151143,1.4033423739291984,0.8444011770740576,1.1500104343433422
2004-03-15,0.9173200278588627,1.406343482409109,0.8491967664995965,1.152480210175139
2004-03-16,0.9122557754680212,1.3991500519720885,0.8480545190841249,1.143289586399185
2004-03-17,0.9129639149467226,1.406701934435685,0.8495266419847645,1.1341424555377961
2004-03-18,0.9058108865057373,1.4032946269447093,0.8515028050805141,1.1194168570867726
2004-03-19,0.913466274290772,1.3960201381140798,0.8611645517741062,1.1148339399962959
2004-03-22,0.9184955757648122,1.372050259259578,0.8640440040670773,1.1193173603412259
2004-03-23,0.9076028488007382,1.3537109932046223,0.859043560545996,1.111496050206338
2004-03-24,0.8961497350992133,1.343535273098122,0.8605502642569598,1.1124302149612852
2004-03-25,0.887708909998485,1.3547099998140004,0.8640634154670267,1.1174846096289974
2004-03-26,0.8719862134792883,1.3413266083959923,0.8517705271509809,1.131234861691951
2004-03-29,0.8611676553257818,1.3391161793607917,0.8425611020036933,1.147167133237817
2004-03-30,0.8465551008701248,1.3433851766381877,0.8276096867768409,1.1580941765844368
2004-03-31,0.840189053523387,1.3532539290093533,0.8239746541431247,1.157376773201608
2004-04-01,0.8335573382001457,1.359880141736213,0.8210561299358251,1.163158641219417
2004-04-02,0.8313503252045764,1.361607802010057,0.8240608889674171,1.1652252600695376
2004-04-05,0.8282346331969117,1.34387470791517,0.8298348872003137,1.1619498717408059
2004-04-06,0.8279263698772825,1.3281833771382414,0.8277875853638837,1.1677384185129434
2004-04-07,0.8360789942112398,1.3196761276486295,0.825243271194925,1.1752457492588306
2004-04-08,0.8454318020254576,1.3092105674534376,0.8186284319427862,1.1928833700665749
2004-04-12,0.8565489649638182,1.3038303983157258,0.8180287180792171,1.1995468148365902
2004-04-13,0.8763352190334951,1.300117552124318,0.8223767516030384,1.2237400764034134
2004-04-14,0.8868435127606105,1.300937776508518,0.8143079792612693,1.2395477359859766
2004-04-15,0.9034298573094602,1.3095501845092432,0.8155135178261784,1.2496107546519766
2004-04-16,0.9210553946304347,1.3180649358868255,0.8192007021035767,1.252741235500385
2004-04-19,0.9329865496290941,1.3374434804128585,0.8230855715727553,1.2581279608741744
2004-04-20,0.9413129037167782,1.3575058792778614,0.834733383262165,1.2623200222655149
2004-04-21,0.9433496681397209,1.3603626359763095,0.8342536690756446,1.255907743195494
2004-04-22,0.9476029947519923,1.3690971024764285,0.8399262232427822,1.2583520483468789
2004-04-23,0.9462188762939405,1.359800559371667,0.8355041546696731,1.2675817278472827
2004-04-26,0.9560050242961828,1.3533937507835219,0.8295975918527957,1.2746854779153494
2004-04-27,0.9631875381608986,1.3470470997167272,0.8278808957886657,1.2948625952473363
2004-04-28,0.9613116091841022,1.3524109822494463,0.8308397887631284,1.3172231833869483
2004-04-29,0.9593310375093576,1.351213387559124,0.8307862571924222,1.3214211646058127
2004-04-30,0.9530267599618275,1.3484525381825256,0.8221549626675859,1.3200785307332723
2004-05-03,0.939741909260631,1.3223404421741247,0.8073173190814866,1.3192687454543468
2004-05-04,0.9298909198488226,1.293021390284012,0.7957994691853166,1.3154404348650797
2004-05-05,0.9238230390902765,1.26895733909884,0.794495578597178,1.32615730776203
2004-05-06,0.9217609457595133,1.2631517942394126,0.7982769392743656,1.331161876209144
2004-05-07,0.9141674815189583,1.246002132942851,0.8029964389045917,1.3391945502117186
2004-05-10,0.8910459957768155,1.2241845533160378,0.7992441200210675,1.30789267997494
2004-05-11,0.8672286418597749,1.2146904740280342,0.7816539955869608,1.287204630453588
2004-05-12,0.8409381346598503,1.1968265891139314,0.7684494177342455,1.25403789305899
2004-05-13,0.8145632094509941,1.1837800985461797,0.7574643062301416,1.2255100743697105
2004-05-14,0.7978804059082886,1.1677254421458962,0.7416603047460153,1.2090504867226335
2004-05-17,0.7828970846548875,1.157158247401462,0.7308441021994773,1.1918333894075885
2004-05-18,0.7643181768629831,1.1364255017999512,0.71238270590866,1.173344823843497
2004-05-19,0.7481151284703034,1.12181564988657,0.6987278506314972,1.1582474761155395
2004-05-20,0.7365067006111974,1.1127574906085733,0.6912882469152551,1.1467326339189419
2004-05-21,0.7266850883027094,1.108877541396167,0.6910664127359133,1.1277209793880472
2004-05-24,0.721663887806575,1.110182337314955,0.6915037362206169,1.123930941504932
2004-05-25,0.7141471745725995,1.1178200392289228,0.6952896424566068,1.1141901288223697
2004-05-26,0.6980180849696567,1.1128470091951015,0.6873653814144336,1.0796836918981982
2004-05-27,0.6884021336222771,1.111445904260523,0.6837311929714455,1.0592542801965956
2004-05-28,0.6851909367169108,1.1104238040150685,0.6744960209951852,1.05454113080584
2004-06-01,0.683029030794987,1.1135450821871162,0.658575394087175,1.0641052883458844
2004-06-02,0.6879817454534383,1.1320992574269289,0.6490937325424465,1.0750811933852342
2004-06-03,0.6981947936868549,1.1655813364057033,0.6433607976712045,1.0940148885465362
2004-06-04,0.7055452741500945,1.1934828376072253,0.6380066678360662,1.0996404308322523
2004-06-07,0.7123241693485611,1.223617777359346,0.631575365273715,1.1123045743465232
2004-06-08,0.7033998103914734,1.2445863684025436,0.617429729904344,1.108507008179989
2004-06-09,0.7000356886304662,1.2604309012499004,0.6025192352917592,1.10932177533481
2004-06-10,0.6955191380060188,1.2677133514215522,0.58791716170287,1.1033423778847984
2004-06-14,0.6962407277326064,1.2815823956567884,0.578242701450113,1.1066140391656054
2004-06-15,0.6863662019235798,1.2884444605665477,0.5615378013351805,1.0905879188057066
2004-06-16,0.6756757410633992,1.2845214641710831,0.5457510851913254,1.0654590670395723
2004-06-17,0.6673920741451775,1.2832581070579026,0.5301529419338763,1.0451871750328228
2004-06-18,0.6613973846117237,1.2825741822341135,0.5208322212297336,1.0297734327509402
2004-06-21,0.6556144062132284,1.2821012051712297,0.5128240139640141,1.010198831780078
2004-06-22,0.6538505097652353,1.2826436767812346,0.5078610946970462,0.9897928861721336
2004-06-23,0.6604547692688809,1.2902130510900656,0.5054933759752642,0.987717376622391
2004-06-24,0.6652242906721134,1.308543247360454,0.5034058377614488,0.9799467212172538
2004-06-25,0.6716958143875944,1.328815434857954,0.5068085369933675,0.9778714517701819
2004-06-28,0.677695692716116,1.3581366104552492,0.5124556423205372,0.9729610289589878
2004-06-29,0.6833825309284678,1.3858947478735433,0.5232881779347187,0.9725278413535429
2004-06-30,0.6993119222209088,1.413647868041359,0.5380195259677707,0.9753017914870025
2004-07-01,0.7267431948888646,1.4342899026475917,0.55462681604832,0.9786172297255292
2004-07-02,0.7399855694350773,1.4543667771267335,0.5561938792341241,0.9874703822880102
2004-07-06,0.7569093814494707,1.4822484225157797,0.5561390056121501,1.003611479682185
2004-07-07,0.7645735605412196,1.4700345117111697,0.5534928231833248,1.0113782966070106
2004-07-08,0.7772012624788832,1.4672732821508505,0.5577423589780097,1.0255790402545668
2004-07-09,0.7807936124482718,1.4679322705848288,0.5637534509473768,1.0207563146873089
2004-07-12,0.7858396737936335,1.4543757865584366,0.5706192444757276,1.0224234320263486
2004-07-13,0.7958360174485218,1.4394492021790397,0.5788329441031483,1.0283332099558888
2004-07-14,0.8078320721448325,1.4304971705029943,0.5936670248395601,1.04055089675642
2004-07-15,0.8206889446109121,1.4261179585083144,0.6064373586408318,1.0491153719990585
2004-07-16,0.8339589636129046,1.4371342959624231,0.6247855588785854,1.0648226889711065
2004-07-19,0.8439795138511255,1.4509325844291214,0.641313455961562,1.0886361461295824
2004-07-20,0.8557165560412995,1.4722963151286235,0.6610997733906212,1.1100550469377912
2004-07-21,0.8710224921528958,1.4919150557964231,0.6852880651414621,1.13827002029786
2004-07-22,0.8619978514826778,1.4862602712915254,0.7035253270528,1.1427007857933844
2004-07-23,0.8576823353449567,1.477661236163061,0.7243646154699146,1.1541427713858006
2004-07-26,0.8527225515960155,1.4521340877420101,0.7393492963130874,1.1629620949745736
2004-07-27,0.8503419891911526,1.4437060390181717,0.7550624863627248,1.1641716535808928
2004-07-28,0.8413913677172826,1.42872700474513,0.7602299647590784,1.1556460752946431
2004-07-29,0.835377079165822,1.4193429386397332,0.7658418660791229,1.1535467021573307
2004-07-30,0.8295165842261804,1.4175548771559667,0.7782382728827691,1.1467963900894769
2004-08-02,0.8276171870897515,1.426796939341966,0.7987521970547373,1.1480054091225664
2004-08-03,0.8387299038654913,1.44976076192646,0.8120820435181126,1.155833282383473
2004-08-04,0.8466466784701967,1.4644843788964634,0.8325889754767907,1.1691320991155052
2004-08-05,0.8577804461051974,1.4803101121619244,0.8671377562944542,1.1856990708858912
2004-08-06,0.8563680354651401,1.4703658877766017,0.8814538824427771,1.18923194600562
2004-08-09,0.845906298729113,1.435924967721873,0.876971663380749,1.181982432356073
2004-08-10,0.8364475627331417,1.4088088964997552,0.874496525454629,1.1801581186982504
2004-08-11,0.824497414683908,1.3871208549846885,0.8712547360023687,1.1731976361141772
2004-08-12,0.8212142690192697,1.3726532178321633,0.8661699587934325,1.1704067052640357
2004-08-13,0.8097439416480126,1.361994141335893,0.8521974452422547,1.1591296089203418
2004-08-16,0.8016451754685759,1.3446565577300655,0.8410369122884673,1.157011526817217
2004-08-17,0.7949713596251947,1.3255904159917664,0.827819321658474,1.1410909739634392
2004-08-18,0.7853188910851205,1.2999611292541435,0.8164045895685307,1.1306892662108456
2004-08-19,0.7720047462466206,1.2648797329441042,0.8032028362407915,1.1229006110331863
2004-08-20,0.7603091369855345,1.2295180973493192,0.7886876422885312,1.1199106759339839
2004-08-23,0.7527971274930046,1.1996271285103592,0.7697899841740881,1.1035268640691855
2004-08-24,0.743592348612703,1.1707638979409445,0.7516208907047676,1.0894258609384704
2004-08-25,0.7411629429625946,1.1525606435448295,0.7422084205431598,1.0759202314996426
2004-08-26,0.7347205597684787,1.1383441407597443,0.736590292521056,1.0610105921604158
2004-08-27,0.7293766841510907,1.1271916980041214,0.73429532874598,1.0417365414676527
2004-08-30,0.7201144853528867,1.1220173988570885,0.7330017571291211,1.0216186223456039
2004-08-31,0.7055930728867381,1.1062049623948098,0.730291567825828,1.0053752932519624
2004-09-01,0.6937901943254494,1.100572435470727,0.7218997865656602,0.994319556670002
2004-09-02,0.686897868698148,1.102891114417972,0.7156333310983023,0.9939951425580708
2004-09-03,0.6783951624539302,1.0998804086274483,0.6990154372486069,0.9894543035089929
2004-09-07,0.6661706181418607,1.079719920051639,0.6851130713427762,0.9818512449484116
2004-09-08,0.6567470419247913,1.0648857309407351,0.6682870330270233,0.98193303005617
2004-09-09,0.6527459654745602,1.057372619474372,0.6549475637859078,0.9828495260023916
2004-09-10,0.6482003934794404,1.0509917634146289,0.653898781702309,0.9797214094176339
2004-09-13,0.6469772267551733,1.0408922060438144,0.6498885490516516,0.9769400266151095
2004-09-14,0.6491788698788092,1.0234279050961346,0.6490568006850831,0.9696932489557621
2004-09-15,0.6601851520211897,1.016940500644457,0.6489322243030661,0.961413118385543
2004-09-16,0.672731232054983,1.0084428309340572,0.6477088916768037,0.9607838838859725
2004-09-17,0.6885980756013306,1.013194896463058,0.6525100429734673,0.9536293985502268
2004-09-20,0.7060294222931448,1.0228573511799675,0.6617522175578618,0.9566656677986414
2004-09-21,0.7288615131392614,1.0349030279970406,0.6724096634859229,0.9565058177373775
2004-09-22,0.7559544617472532,1.0545397054706387,0.6861354488153273,0.9614512535529706
2004-09-23,0.7747602640424842,1.0587505126605625,0.6834724098443453,0.9601308541143017
2004-09-24,0.7981804671594677,1.064549872976675,0.6794831825031022,0.9580929376423294
2004-09-27,0.8255118051779126,1.0697057192200832,0.6776393362589023,0.9660442529414944
2004-09-28,0.8466911312170059,1.073926388411262,0.6765001284820809,0.968222990315012
2004-09-29,0.8644365938869982,1.079592883385696,0.6741524769523077,0.9714499426102583
2004-09-30,0.8754122657464073,1.0881920365859599,0.6745543509454354,0.9756296726945893
2004-10-01,0.8884782852169998,1.1019619000105443,0.6725468419063183,0.994355535424745
2004-10-04,0.8847662214517015,1.0742093197246654,0.6683367993104726,1.0028049920639694
2004-10-05,0.8812845252230881,1.0536123282103096,0.6641305216984458,1.0082382676031478
2004-10-06,0.8791607692165062,1.0489464186117041,0.6669416471799804,1.0200806237135767
2004-10-07,0.8802709229303987,1.0450548073726706,0.6735962767450312,1.0329258775111623
2004-10-08,0.875268980983456,1.0355896409354015,0.6741744998858801,1.042022374883739
2004-10-11,0.8677197417393209,1.015725839575824,0.6744878689882673,1.0481013510839956
2004-10-12,0.864898353414831,1.0076060832097666,0.673397083989042,1.0570471111834872
2004-10-13,0.8649634745660736,0.9988398971126135,0.6777648033512061,1.06553787915066
2004-10-14,0.8678358032870469,1.0033033685683543,0.6826590632169508,1.062955629075587
2004-10-15,0.865135399929625,1.004782130939059,0.6801648435590816,1.0613283457789042
2004-10-18,0.8763552814074965,1.0237351014824914,0.6846854248916376,1.057411120825082
2004-10-19,0.8904229865291113,1.037853278657489,0.6864958003108209,1.0624428015200675
2004-10-20,0.898794463007375,1.0543227085183642,0.69315218313098,1.0686391402748763
2004-10-21,0.9077292926487598,1.0721396935974665,0.698805648604847,1.071453524447247
2004-10-22,0.9229424469268884,1.078142375865578,0.7047120903721376,1.081277109133344
2004-10-25,0.924407858335201,1.069509395754048,0.7038965197699719,1.0825584730714042
2004-10-26,0.9306544113562017,1.066762666816472,0.7047891540371685,1.0787104171871442
2004-10-27,0.9285017699701175,1.0660985268420293,0.6903991513871954,1.0653707960017462
2004-10-28,0.9178359351537969,1.0447278258151023,0.6708203365283315,1.0543474902766614
2004-10-29,0.9051957992092731,1.0294342697925558,0.6602590519949855,1.0487657010285214
2004-11-01,0.8901713910118356,1.0157006782887228,0.6541985009840287,1.0585570610874842
2004-11-02,0.8751646200000228,1.0015337966113464,0.6526001018629876,1.0660699162759657
2004-11-03,0.8660438642927598,0.9887766178680406,0.6545020346944552,1.074499389617656
2004-11-04,0.8482706289992964,0.9872822783861671,0.653986163974576,1.072398195887641
2004-11-05,0.8248450515168334,0.9800382961312992,0.6367015990929277,1.0706201100803912
2004-11-08,0.8046768312778515,0.9755677616646344,0.6246077772624336,1.068658352071097
2004-11-09,0.787000462830161,0.9770231414773491,0.6159513852612997,1.0623195343658387
2004-11-10,0.774891477850538,0.9788467302137146,0.6111871797995022,1.0603108235815644
2004-11-11,0.7751562429280552,0.9860330058951463,0.6102047416179942,1.058650235142905
2004-11-12,0.7769864837808644,0.9933155873514801,0.6058920140110534,1.06302308990943
2004-11-15,0.777936068741132,0.9979629855729978,0.6060406069533766,1.0628752406319606
2004-11-16,0.7755565471189407,1.0057668346331643,0.6111093182644692,1.064344527159672
2004-11-17,0.7659893545768657,1.010017930556115,0.6167355981823588,1.069957975030011
2004-11-18,0.7576939666605949,1.0067558788256785,0.618566975756009,1.0813487842592127
2004-11-19,0.7452253951875399,1.0067215577720907,0.6226881157966474,1.097005712114861
2004-11-22,0.7257063110514671,0.9938705368968549,0.6152593779926535,1.0948490533543063
2004-11-23,0.7119178551465051,0.9753964872726634,0.6151183665342805,1.0780098572713794
2004-11-24,0.6953062859771326,0.9612488440618763,0.6164288122232408,1.05884816650406
2004-11-26,0.6792026092190889,0.9513298161926571,0.6163504331620969,1.0409639180298882
2004-11-29,0.6698139244326319,0.9404947193537248,0.6199479468219544,1.0293009916481843
2004-11-30,0.6597414293814999,0.9363639115118157,0.6277145714607913,1.0235889670578715
2004-12-01,0.6541734996021593,0.9312717930023143,0.6329679535262239,1.0157563881121565
2004-12-02,0.6454350899599585,0.9126527589191797,0.6241900994370564,1.0065183255024073
2004-12-03,0.6370510202871018,0.8996396009415255,0.6230255204701101,1.0003885990412955
2004-12-06,0.6285467965484022,0.8927433184633234,0.6255985059175897,1.0015433235312623
2004-12-07,0.6210015039593061,0.8874032163727716,0.6271550069177999,1.0021127607764249
2004-12-08,0.6026177749849324,0.8683450661806843,0.6262380602533364,0.9782677127611921
2004-12-09,0.5896093431657752,0.8519457628294839,0.6296085232662032,0.9519647178828449
2004-12-10,0.577487411002203,0.8427192711217902,0.6299905179189009,0.9291409384312189
2004-12-13,0.5733745500913249,0.8388324774612401,0.6324388089731081,0.9075128082191211
2004-12-14,0.5695188234280737,0.8352888491049347,0.6353288350191986,0.8833098332326179
2004-12-15,0.5709547030640781,0.8409571291999886,0.6360574824242448,0.867870652572124
2004-12-16,0.5715707353561678,0.850203317353412,0.6386376905497229,0.8625145163162834
2004-12-17,0.5734758381147849,0.8593279850148462,0.6432809146610136,0.8548052433814916
2004-12-20,0.5700857921867578,0.8723347114758507,0.6450393186889237,0.8560040580820489
2004-12-21,0.5726934293336786,0.8855820958726207,0.6536533355627243,0.8636406789110174
2004-12-22,0.573914780459928,0.8949675461805858,0.6596442712411973,0.86711413477323
2004-12-23,0.5775868359922907,0.9092568255684037,0.6582793155929276,0.876006884544959
2004-12-27,0.5814260525196778,0.9297174794561718,0.6589004670011402,0.8839781854248874
2004-12-28,0.5845074508156949,0.9563758284806907,0.6567435094828231,0.8919854165568998
2004-12-29,0.5878064582385556,0.9879106043297876,0.6613251581818713,0.9011354898213287
2004-12-30,0.5931550235977829,1.0301464181017157,0.6661738513928235,0.9107010153520636
2004-12-31,0.6077275646977813,1.069405343378711,0.6673829801583272,0.9289516072316322
2005-01-03,0.6206003918433813,1.110131845012435,0.6697200663561791,0.9489759201905313
2005-01-04,0.6322331173908737,1.144840952461702,0.6729899393689663,0.9610701659973321
2005-01-05,0.6287963747358277,1.1596137062791603,0.6733564820322462,0.9697651519940566
2005-01-06,0.6246524809588889,1.1713273884481203,0.6737945422987088,0.958457952428546
2005-01-07,0.6196772540051116,1.1819166607125344,0.6733435638193532,0.9480092419365247
2005-01-10,0.6236891210638315,1.1945816968490028,0.6788740042764199,0.9300133786811329
2005-01-11,0.6286634253728003,1.2030093510905115,0.687250128213419,0.9170458516976531
2005-01-12,0.6308295775079753,1.2101370922241539,0.6943089809387354,0.895662068065022
2005-01-13,0.6406827401940978,1.2245316022204118,0.7006796871698694,0.8829480369998408
2005-01-14,0.647008351235516,1.227623027355936,0.6996009361518805,0.8743959396262199
2005-01-18,0.6553152092103652,1.232104683879353,0.7008237737102488,0.8622236821468524
2005-01-19,0.6599297204026816,1.2541676079103965,0.7017770761532324,0.8451824359446161
2005-01-20,0.6572838274696358,1.2625485459411325,0.7030222307179169,0.8167415073746696
2005-01-21,0.6559846294015238,1.2609747022581113,0.6998452834626097,0.7963369391277424
2005-01-24,0.6479104272246744,1.2538211828594195,0.6902078284028942,0.7795346801064562
2005-01-25,0.6399799800317929,1.2501400254635697,0.6815950280736648,0.7636501059586697
2005-01-26,0.6379312554541625,1.2543141713322203,0.6686568316555893,0.7538671876434205
2005-01-27,0.6407572846130096,1.2576029045390196,0.6589031265425599,0.7361468948360842
2005-01-28,0.6458242617037945,1.2586238232367326,0.6509430662035937,0.7214738854975663
2005-01-31,0.6524411460480685,1.262945232989365,0.6437279012529783,0.7139792544923604
2005-02-01,0.656293859451665,1.268192833734503,0.6384228879496295,0.7073176384352382
2005-02-02,0.6555249901973695,1.2745754367010593,0.6311620784223826,0.7086041695247157
2005-02-03,0.660857799168882,1.2779688472782162,0.6262530449241537,0.717262354290989
2005-02-04,0.6687136794153262,1.274236126808102,0.6292751554554236,0.7263469901417431
2005-02-07,0.6708273519594017,1.2580546977699174,0.6228466565993901,0.7310052698300943
2005-02-08,0.6785659769129646,1.238792618568413,0.6195873686221056,0.7417240509816958
2005-02-09,0.6868067960573396,1.2201101895009256,0.6225110684433167,0.7631308431680289
2005-02-10,0.692352914149394,1.1941543541448343,0.6301127778031503,0.7687372500623059
2005-02-11,0.6976937607126825,1.178922206610574,0.6330072034036673,0.7804123518384378
2005-02-14,0.7031697529281272,1.1637560701558822,0.6363345806689615,0.7870263796112233
2005-02-15,0.7109206834002312,1.1506457661713272,0.6433183324338745,0.7977672005802754
2005-02-16,0.7216720908072205,1.1462233325592275,0.6552637505729105,0.8172083468324179
2005-02-17,0.7322592268713757,1.1475343770143496,0.6697494857332041,0.8427722828609527
2005-02-18,0.7408680196594923,1.1341692974971547,0.6835360368989607,0.8635805208495949
2005-02-22,0.7521305297740819,1.1233589189334754,0.7059045154086027,0.8907924685785646
2005-02-23,0.7505978615193065,1.1092841409617369,0.7068636197210709,0.8873774583740973
2005-02-24,0.749858496688026,1.1033556875280772,0.7058407131894673,0.8945505264485671
2005-02-25,0.7423881057436024,1.0897762963971795,0.7011832583377883,0.8943573892355444
2005-02-28,0.7326323109288774,1.0814330973990396,0.6958470598713518,0.8865683399739726
2005-03-01,0.7302436875849392,1.0707882714987476,0.6903727285906746,0.8846140497988507
2005-03-02,0.7315052407395308,1.0681048903454031,0.6867261716524976,0.8871274738424105
2005-03-03,0.7374231053976523,1.069204296214987,0.6867270099902768,0.8900738732412322
2005-03-04,0.7495506980789003,1.0745703012478593,0.6925452410538632,0.9003411340041153
2005-03-07,0.7570783019449949,1.0700317657610012,0.6913327659726561,0.9045068113249191
2005-03-08,0.7680019191527578,1.0673281394899985,0.6888134491536699,0.9091828243047492
2005-03-09,0.7741129639865882,1.075403135968387,0.6946444505446471,0.9031425671773714
2005-03-10,0.7709332208782412,1.0842715604372344,0.6934179548585974,0.8924730544535828
2005-03-11,0.775139442208418,1.0972687029312058,0.6879627009280695,0.8800884094028559
2005-03-14,0.7747417641941629,1.108224309293223,0.6816306294016493,0.8747732273040584
2005-03-15,0.7760443934326582,1.1258145920897376,0.6855821625318502,0.877332614119034
2005-03-16,0.7860149198006011,1.1287714589713365,0.6867407190942594,0.8814871897976544
2005-03-17,0.7883314685400766,1.1206949870950582,0.6765976661341327,0.8846439547844375
2005-03-18,0.7958253416538902,1.1103658345570073,0.6694746157806258,0.8809610520984372
2005-03-21,0.8012297959465975,1.107292176686999,0.6683290201450592,0.8753119366323123
2005-03-22,0.8129201949389822,1.101851361086425,0.6701789245631212,0.8793277603164235
2005-03-23,0.8203335927041675,1.0871164536555884,0.6677030299778087,0.8785325888532284
2005-03-24,0.8324258242303899,1.0847546364065652,0.6746717429467939,0.8850393859385915
2005-03-28,0.8403802415352174,1.0958120767779733,0.6835488112489225,0.8921105537773707
2005-03-29,0.8407899149894302,1.1137439155050783,0.6995098817212891,0.9021862385408701
2005-03-30,0.8412974446066565,1.1297436301129224,0.7107987835454631,0.9045029745197468
2005-03-31,0.8359649634579869,1.125822772530533,0.7129794519858863,0.8984833158035352
2005-04-01,0.8333013728100194,1.1224932431223886,0.7190744537663336,0.9013993496064712
2005-04-04,0.8415476691915862,1.124259358840895,0.7203813024225806,0.9057316732859297
2005-04-05,0.856154172439633,1.1229023892378376,0.726996023920243,0.9116551468205523
2005-04-06,0.8738653747081417,1.1277224604542315,0.7399061947230621,0.9267751844261206
2005-04-07,0.8973835761645744,1.137828718723411,0.7553237161611225,0.9459567134015824
2005-04-08,0.9244439385240031,1.1552972809936863,0.7691279450518353,0.9766588256991346
2005-04-11,0.9437517345973807,1.1634253710831106,0.7756671890454353,0.9922748012315574
2005-04-12,0.9604906600235328,1.1836048913756116,0.7899721257058652,1.0237950637225217
2005-04-13,0.9796375574168179,1.2229349228816897,0.817531655797437,1.0651109081199723
2005-04-14,0.9903490118664489,1.2423109383527213,0.8440308910053658,1.0995515460567342
2005-04-15,0.9947474502842214,1.2427094758000017,0.8626827688673392,1.125406645180631
2005-04-18,0.9946141736123681,1.2211247275431645,0.8579124915521872,1.1421630416938613
2005-04-19,0.9954014752025365,1.2069204655450174,0.8596835095701651,1.1664614193669538
2005-04-20,0.9985399391350022,1.1939803605897341,0.8667728964499112,1.2019487525147545
2005-04-21,1.001663651744104,1.1778992924246903,0.8743845545229408,1.2264791194939062
2005-04-22,0.984550283129675,1.144728772517813,0.8620559727925071,1.2369403862983703
2005-04-25,0.970670448117752,1.1066917833300245,0.8531374778372359,1.2409472379503572
2005-04-26,0.9642140194294072,1.0735910210889168,0.8420153513290609,1.2488154533760347
2005-04-27,0.9536234744921804,1.0428507965940337,0.8267867377625961,1.2538530509309957
2005-04-28,0.9469632365141217,1.0183098812925633,0.8154185215876119,1.2574563723818735
2005-04-29,0.9434296916103194,0.9886280528964158,0.7997055237348641,1.2358461835923815
2005-05-02,0.9235264482996159,0.9574309042220469,0.7795940449110418,1.2051525602186173
2005-05-03,0.899675839566245,0.9365277729991854,0.7702042855118266,1.1726951233405207
2005-05-04,0.8794605263754675,0.9203426508988153,0.7634484369159,1.1557339649990728
2005-05-05,0.8659883516113962,0.9099253065690758,0.7526764901333208,1.1419547960632344
2005-05-06,0.8509055827995679,0.9067772277770252,0.7413128498663343,1.1286511091196876
2005-05-09,0.838458657043717,0.9071437953524973,0.7379374360417117,1.123174231624258
2005-05-10,0.8286360101857317,0.9077519851144944,0.7393767495563254,1.1209453301128973
2005-05-11,0.8161680417558657,0.8950727199021034,0.7359254320714211,1.1114254886327581
2005-05-12,0.8101730813100858,0.8844925583444049,0.7319630104840829,1.119399622716943
2005-05-13,0.7972568888074741,0.8722464660041738,0.7216185863000928,1.1165298969693598
2005-05-16,0.7811487765343068,0.8604146805116343,0.7142276079555798,1.1107392918171597
2005-05-17,0.7600168235274891,0.8523658381164717,0.6973560535571908,1.0985754559873617
2005-05-18,0.7394466458132559,0.8526351865084261,0.6855898868124466,1.0899287953828707
2005-05-19,0.7192765116093398,0.8413309654229484,0.6655981852265901,1.0739046029307886
2005-05-20,0.6969651207404544,0.8285273450426155,0.6466358865299245,1.058603467546516
2005-05-23,0.6754288416839861,0.8191125552426529,0.6304886602246639,1.0447040963819125
2005-05-24,0.6568774229177129,0.8105739080874931,0.6184968003303264,1.0297801383165608
2005-05-25,0.6434405502951772,0.8077360836106146,0.6054589026447179,1.0218477460010622
2005-05-26,0.6352265926202063,0.8115136805026284,0.5975975210490166,1.0061177666640855
2005-05-27,0.6328239416222967,0.8171650564519306,0.5895616953252097,0.9770455348184723
2005-05-31,0.6331307375058366,0.8233265097742691,0.5828006834340103,0.9602455583385943
2005-06-01,0.628081610355253,0.8340637132850894,0.5696707690152919,0.947210012283196
2005-06-02,0.622510438214521,0.8420011887838944,0.5570483645266406,0.9272586543297173
2005-06-03,0.6232437379708939,0.8484339175062119,0.5489937437945254,0.9068643051205284
2005-06-06,0.6232403612312811,0.837296999043398,0.5366069790821494,0.8856441456968716
2005-06-07,0.623570940938595,0.8270485290734654,0.5236781733093954,0.8703036765073484
2005-06-08,0.6352536678531878,0.8127325011861587,0.5109786449297716,0.8570707920894299
2005-06-10,0.6481262757847109,0.805903471173085,0.504653105176248,0.8471415126892617
2005-06-13,0.6579986025208924,0.7946209688144612,0.5015690608224691,0.8414505454311492
2005-06-14,0.6687457160313883,0.7856375331439944,0.5004006915099547,0.8351392724814395
2005-06-15,0.6742718518429304,0.7779227636675434,0.5042377652414612,0.824914404284121
2005-06-16,0.6753940973201512,0.7759704511495991,0.5092265808965998,0.812879397175271
2005-06-17,0.6745693131512319,0.7777735318656764,0.522450483397925,0.8042067769602828
2005-06-20,0.6742610728511451,0.7835822711656965,0.5403812112288789,0.798037175486112
2005-06-21,0.6837760648635636,0.7964891944975405,0.562761341999332,0.8009665084238143
2005-06-22,0.6981500536506714,0.8084277102294931,0.587703106143207,0.8112666132198786
2005-06-23,0.7178211511613658,0.8278139231901259,0.6204604739480604,0.8257239931511369
2005-06-24,0.723964942422641,0.8334947302204699,0.6269205117364498,0.8314078593118094
2005-06-27,0.7260578467355449,0.8326811490063932,0.6209901119413554,0.835441296463494
2005-06-28,0.733720608760107,0.8332334538632052,0.6219328502336339,0.848794840356513
2005-06-29,0.7420506519755079,0.8295053369864853,0.6209713965206236,0.8476919867776606
2005-06-30,0.75155365669814,0.8363384433927238,0.6251363345659634,0.8493981341684465
2005-07-01,0.7588180839422657,0.8356787282542657,0.625820633512792,0.8525536510318273
2005-07-05,0.7652461215427561,0.8371281117135732,0.6250004698501608,0.8568804336171155
2005-07-06,0.7648938691782884,0.8394926976879423,0.6276637490719876,0.8613349097559347
2005-07-07,0.7572613148862466,0.8447378497505654,0.619757184845928,0.8722326991030098
2005-07-08,0.7553628473937645,0.8587742527028976,0.6137506694765603,0.8938823791629845
2005-07-11,0.7449678364680594,0.854358770743228,0.5940987027133183,0.9003202806487139
2005-07-12,0.7359213344170652,0.8488958711433581,0.5733035799648245,0.9002696497909994
2005-07-13,0.7310905654218255,0.8377724334658956,0.5590538539779514,0.9075964188936637
2005-07-14,0.7307748980817141,0.8331955563437021,0.5509999612751003,0.923939397448026
2005-07-15,0.7298356484057007,0.824292505672531,0.5435013833675985,0.9396952553960092
2005-07-18,0.7341658506349152,0.8125502593152515,0.5370377789804573,0.9591979072900472
2005-07-19,0.7382291177844799,0.8068722312576102,0.5332671681197275,0.9799571868419716
2005-07-20,0.7426903660508549,0.7899328408013546,0.5299989161021489,1.0031206439690614
2005-07-21,0.7487454922541416,0.7728960725573947,0.5278886144785165,1.020625261503199
2005-07-22,0.7523144080670423,0.7651015220736365,0.5289306236640101,1.0337579601242592
2005-07-25,0.7533538561685221,0.7601354576330748,0.533857651630577,1.0367824833572523
2005-07-26,0.7511987833721127,0.7607922033397189,0.5385134009928456,1.034900257686989
2005-07-27,0.7462136962581007,0.7667464076365933,0.5497058412921362,1.0320708921428898
2005-07-28,0.7384822045061714,0.7705040087840608,0.5622149982973055,1.0304054790847947
2005-07-29,0.7345658634348026,0.7757676570724018,0.5707611755126695,1.026595528131015
2005-08-01,0.7251355178582775,0.777637990354506,0.5745442972137944,1.0181514457639271
2005-08-02,0.7170305017370192,0.7858287286432126,0.5829078056096197,1.0167043931926636
2005-08-03,0.7089852459861536,0.7866640044615846,0.5909711835424221,1.0126987508212617
2005-08-04,0.7069306420080484,0.7859720547263709,0.602151135757391,1.0098179869721364
2005-08-05,0.7026957760946577,0.7794523513418171,0.6073102121302854,0.9971723630965619
2005-08-08,0.6929153264121338,0.7803719879874944,0.6173091146177487,0.9742301151978675
2005-08-09,0.6827098086448624,0.7783670387495163,0.627777171845256,0.948487588185405
2005-08-10,0.6734199316884395,0.773750373316439,0.631617458437325,0.9295576072153228
2005-08-11,0.6677687432964116,0.7687572623707337,0.6401749590013078,0.9198601119686737
2005-08-12,0.6672694039206575,0.7681243469274616,0.646150835682169,0.9163926533460309
2005-08-15,0.6669148495029192,0.7648154035191191,0.649345306758932,0.9093262622340259
2005-08-16,0.6659352456530679,0.7661232051511138,0.6516487014638266,0.9010985933153073
2005-08-17,0.6560867059759425,0.756036763551461,0.6443654243460097,0.8787785423220739
2005-08-18,0.6484735320704196,0.747557788503911,0.6380160554614107,0.8674342801075671
2005-08-19,0.6491668947143351,0.7394321857313613,0.6300844950695698,0.8601872609495752
2005-08-22,0.6537964655602903,0.7359726106511529,0.6217105405684771,0.8602050258988552
2005-08-23,0.6618638653714919,0.7390615473076193,0.6175405622536895,0.8567590553873639
2005-08-24,0.6752771863037503,0.7363128585993511,0.6177088111337147,0.8547487287985616
2005-08-25,0.679016294417272,0.732852116769629,0.6184520015389388,0.8578121695764827
2005-08-26,0.687135034493608,0.7299804031139995,0.6250319112340703,0.8661528682587376
2005-08-29,0.6953882934099895,0.7287053142335926,0.6288437354157753,0.8584145213149575
2005-08-30,0.7015859939809527,0.7305736223862582,0.6336663438365674,0.8540726919877326
2005-08-31,0.7115675514260362,0.7434783377159649,0.6365612743456659,0.850842899522016
2005-09-01,0.7124238932652612,0.7503333424320364,0.6390156111722155,0.8271964511071325
2005-09-02,0.707782466872954,0.7586124406958391,0.6499938221318425,0.8199564351314252
2005-09-06,0.7127934439691905,0.7638614881152973,0.6615338442453759,0.8202790562353532
2005-09-07,0.7155927969301199,0.756420499221508,0.6583451931120551,0.819027636903956
2005-09-08,0.7275448725882213,0.7595143131569018,0.6578919709702724,0.8223683922400853
2005-09-09,0.7382431799877461,0.7669243230570386,0.6554206555666481,0.8197367558441054
2005-09-12,0.7498390547723519,0.7723097424797083,0.652388981928084,0.8268409572898818
2005-09-13,0.7699221217066968,0.7813373485814854,0.6512570064733765,0.8415811224272353
2005-09-14,0.7912199020938901,0.7882937840098894,0.645066814756558,0.855275798370463
2005-09-15,0.8119828872365805,0.7857695514200309,0.6467194926965812,0.8628517737033716
2005-09-16,0.8377081452405638,0.7898060199119643,0.6529659713245644,0.8747697522439717
2005-09-19,0.8585305527917351,0.7981910636627365,0.6537985919597358,0.8934721011819236
2005-09-20,0.8793360303982395,0.7988329436576352,0.653885508298471,0.9162304815018488
2005-09-21,0.8860681768221463,0.8004455067958547,0.6521500998388772,0.9314348128662703
2005-09-22,0.8850015698614394,0.7933095556697951,0.6450552555311494,0.936102077271917
2005-09-23,0.8886304243464357,0.7912069296474507,0.6399266784396305,0.9416982127571121
2005-09-26,0.8966827691040663,0.7918529631690474,0.6376800245345657,0.956710147346035
2005-09-27,0.9088492944005231,0.803262608616744,0.6365456424752498,0.9746607786522007
2005-09-28,0.9255083367227878,0.8228755803473372,0.6436115215835547,1.0034213526277758
2005-09-29,0.9441028030760189,0.8503732754012452,0.648644465043965,1.025109985831384
2005-09-30,0.9572277594179595,0.8737679331936963,0.6574239919371633,1.0382946982022647
2005-10-03,0.9600672515800749,0.9037111977763672,0.6745394040177053,1.064467369166391
2005-10-04,0.957752898160629,0.9380693031683528,0.6929386215308002,1.0979119712622865
2005-10-05,0.9498353750453352,0.9687990372095062,0.7068803807808784,1.116563072649391
2005-10-06,0.9357699924696034,0.9919574440033596,0.7060243040325103,1.1130653964195223
2005-10-07,0.9313685839955754,1.0025098711089837,0.7058706898053998,1.1121659008049276
2005-10-10,0.9291122998824833,1.0168169991574216,0.7097217979216613,1.1179469800458177
2005-10-11,0.934808735079284,1.037439110414723,0.7112535724320141,1.1275205138892936
2005-10-12,0.9444196392532619,1.0605975692886065,0.7083049288527759,1.1303445799992318
2005-10-13,0.9514617562833652,1.0706348742674048,0.7101431957788513,1.1395056660426148
2005-10-14,0.9697769443098311,1.0703448006129561,0.7182058481469481,1.154432709458295
2005-10-17,0.984599146776638,1.0776044503444722,0.7319354035172854,1.1656648665151184
2005-10-18,1.0005118051282447,1.083040227812405,0.7461522769651012,1.1865289294161658
2005-10-19,1.0115448009998664,1.089310727068729,0.750365262250274,1.1938035341783166
2005-10-20,1.0016121908841817,1.0849949326271475,0.7549902581339972,1.1949122423027405
2005-10-21,0.9876753215835338,1.0813020102701867,0.7503748933964546,1.1956641219644308
2005-10-24,0.9772048319463382,1.0782479376564587,0.7453358680639592,1.1949844195872266
2005-10-25,0.9538866223349599,1.0668180469745179,0.7285155011644712,1.1824208136547254
2005-10-26,0.9511200801765346,1.0601450628740228,0.7145357396422565,1.169552069428921
2005-10-27,0.9513595224522271,1.060490492297926,0.7006768929520077,1.152221901505986
2005-10-28,0.937436037726794,1.0451882178701222,0.6782630668834413,1.121390895949284
2005-10-31,0.9146475553631833,1.0264917954413373,0.6430443784467635,1.0901949260169064
2005-11-01,0.8952641804510224,1.005843285902337,0.6143603956136607,1.06493516753487
2005-11-02,0.878797209357725,0.9887487351341521,0.5969680138534357,1.0514394536578842
2005-11-03,0.8611600277668034,0.9717222690880629,0.575087592348983,1.0304937970171242
2005-11-04,0.8488090351804842,0.944946095411597,0.5571311820613862,1.0120958227612589
2005-11-07,0.8397715747173202,0.9225999694843341,0.5429897386416694,1.0028084206541326
2005-11-08,0.8353127974293322,0.9084771619911667,0.5311674992407472,0.9951761404294454
2005-11-09,0.835721532624592,0.8890196529838229,0.5187309007914007,0.9927491083268429
2005-11-10,0.835997004387735,0.87345265097646,0.5121518958715271,0.9898887142906871
2005-11-11,0.8297569083398524,0.859456141365576,0.5009608675704436,0.98964683222007
2005-11-14,0.8221887276043196,0.8500571244319268,0.490213271665201,0.9968023432759096
2005-11-15,0.8107979037262887,0.847596636820081,0.481523467842522,1.0008403468291034
2005-11-16,0.7997451635539357,0.8485406447589019,0.47566291035470826,0.9873792711033307
2005-11-17,0.7930863265839893,0.8481806134367338,0.47199100948869793,0.9702835833959007
2005-11-18,0.7813796460423241,0.8409203450789414,0.47102835260635606,0.9462067242259565
2005-11-21,0.7704802653228174,0.8389350877764332,0.47379797792417816,0.9288604393777886
2005-11-22,0.7534172070987715,0.83994256397012,0.476272768457637,0.9125079551105234
2005-11-23,0.7351144666350161,0.8393270335240364,0.4764282871128017,0.900278055548476
2005-11-25,0.7204748930991517,0.8422444445308586,0.4766792393062841,0.8988690804169185
2005-11-28,0.714351576912805,0.8461777801460306,0.47814007527491,0.9036239588726036
2005-11-29,0.7092591079605786,0.8489227476166064,0.48298317727102646,0.8892923386520138
2005-11-30,0.7003824089616704,0.8597634602142881,0.49098835435797533,0.8870989612440817
2005-12-01,0.6865701403634198,0.87592568942504,0.49175655983123867,0.8918541018108852
2005-12-02,0.6676851679628524,0.8698026303565907,0.4802893164129775,0.8787504427438482
2005-12-05,0.6554182745365031,0.8675358136155363,0.4726709274727844,0.8676437111343306
2005-12-06,0.6446054459760513,0.8656160171794839,0.4688400336268534,0.8585885095323024
2005-12-07,0.6363862654653423,0.8701304694457914,0.4695727834723155,0.8568237354075101
2005-12-08,0.6308506817104936,0.8708747390074489,0.46736386712827116,0.8532102343339838
2005-12-09,0.6269112007031564,0.8785303726171295,0.4608028692906212,0.8502245336753742
2005-12-12,0.6269855660125196,0.8903211926287072,0.45855765312011754,0.8489313435306688
2005-12-13,0.6225765406321293,0.9028850627231098,0.4591184184283827,0.8556604123157215
2005-12-14,0.6217055745670643,0.9147314133714213,0.4583012401405088,0.8586723380399462
2005-12-15,0.6139202441143548,0.9250197725196052,0.4567167151445479,0.8618980982867462
2005-12-16,0.6049413072775354,0.9386708401368232,0.4596360253610763,0.8570594676938837
2005-12-19,0.6002347631589062,0.9480655131469545,0.46696155355234964,0.8470122903512161
2005-12-20,0.5961586036408316,0.9437508208438271,0.47501834476052196,0.8267442285073296
2005-12-21,0.597361304046589,0.9375827532105668,0.48233594687202597,0.8165131731403088
2005-12-22,0.6022120657985266,0.9356307183246555,0.49615497961350014,0.8158223992692935
2005-12-23,0.6083494612424043,0.9447140722828772,0.5144160579957627,0.8174016526606355
2005-12-27,0.6200351722778836,0.9623908683603827,0.5362229826823316,0.8262777572497603
2005-12-28,0.6236844209943424,0.9717236532419953,0.5489875254631731,0.8278377464462875
2005-12-29,0.6307239744588161,0.9855687465658769,0.5670227181345324,0.8330881604304168
2005-12-30,0.6380324969537808,1.0002622680460644,0.5822438611361666,0.8454423837781527
2006-01-03,0.6513695564594386,1.0206665491535254,0.5962825683597279,0.8575332053359963
2006-01-04,0.646153552642261,1.0227063893300417,0.600562069670641,0.85123326562832
2006-01-05,0.6444103808839166,1.0253292036669974,0.6065776122284281,0.8478565260683832
2006-01-06,0.6454114491968536,1.031601123714967,0.6187953793148113,0.8480700134809338
2006-01-09,0.6446656022878973,1.0309972107232228,0.6334423482045006,0.8474278383303484
2006-01-10,0.6460506317531535,1.0305791720872395,0.6501758314373028,0.848484993150367
2006-01-11,0.6464112400771215,1.0417569244087659,0.6700245765365156,0.8517982495009154
2006-01-12,0.6493724796220175,1.0583247134991653,0.6931995794498105,0.859469232974321
2006-01-13,0.6596377068403348,1.0778594330949431,0.7096757985260878,0.8612864033048625
2006-01-17,0.6712026442253729,1.1025942371764519,0.725768138008416,0.8696927959771358
2006-01-18,0.6847007630004184,1.1227756401181548,0.7448336373306498,0.8732127689885116
2006-01-19,0.7054864385757678,1.1375737826858086,0.7629575615678311,0.8800726027176645
2006-01-20,0.7264562418064895,1.157756042941897,0.7831295708449875,0.8836263362081082
2006-01-23,0.714922341549823,1.1296729598979922,0.7747082329826385,0.8820068805196911
2006-01-24,0.7041869158187002,1.1067851611858524,0.7658679296906111,0.8868913703847604
2006-01-25,0.6981689016444049,1.0892457351904292,0.7641353293476323,0.886888940608832
2006-01-26,0.6994485931228728,1.082047728104951,0.7649406969284683,0.8939016759204839
2006-01-27,0.7005897001819232,1.0777765186267123,0.7634769661526555,0.891553202797576
2006-01-30,0.7007140922019298,1.0705203313192941,0.7609879555233606,0.8946473276663734
2006-01-31,0.7025913324423962,1.0607693507365854,0.7618573552911562,0.901605643280003
2006-02-01,0.6936948662389862,1.0628477904474063,0.7657992672657319,0.9058546359136791
2006-02-02,0.6909940399147892,1.071712436779772,0.7687449851101903,0.9146328741463227
2006-02-03,0.6797285122200999,1.0590128593522035,0.7665252814659553,0.9137595108835078
2006-02-06,0.6733784565295592,1.0423440726198132,0.7657021422014403,0.9148837839616074
2006-02-07,0.6646256815370277,1.0337983708776093,0.7741110503905779,0.9246543585892756
2006-02-08,0.6499647078587598,1.0252982198358664,0.7850523629487692,0.9290576442628297
2006-02-09,0.6369695482112636,1.019731335268435,0.7890283271353276,0.9297039489296423
2006-02-10,0.6243283982271206,1.0112718910852998,0.7920222990608734,0.9269408462150757
2006-02-13,0.6144752405408827,0.9990342848190752,0.7879868838928312,0.9323726742510089
2006-02-14,0.6051659208368153,0.9787123707077006,0.7876363363778481,0.9438507705551317
2006-02-15,0.5920691677296125,0.9608367626251292,0.7732097883396346,0.9507709685612383
2006-02-16,0.5852553493444708,0.950028887838194,0.7617288306542238,0.9527675063017027
2006-02-17,0.5770124226107832,0.9445011688109987,0.7488718963406572,0.9570420633028829
2006-02-21,0.5718194074906328,0.9380287233236599,0.7400220890507967,0.9682518757812084
2006-02-22,0.5721424183405128,0.9314772293304926,0.7292815098594067,0.9851192955698017
2006-02-23,0.5721634092388037,0.9276043904204048,0.7154746881176393,0.9978247048190048
2006-02-24,0.5774129484800853,0.9291547663602279,0.6998437507863099,1.0126408352235492
2006-02-27,0.5859070390568133,0.9321460335206521,0.6893491885722177,1.0250629961450368
2006-02-28,0.5946427790809262,0.925037363500941,0.6830772875846545,1.02949897466555
2006-03-01,0.5960273094939456,0.913321169883404,0.6728189786150276,1.0303973507006894
2006-03-02,0.5910451429644412,0.8990143600771423,0.6613507271166783,1.0160204652710074
2006-03-03,0.5885237755149403,0.8870990642006668,0.6490717759956194,1.0036508643682287
2006-03-06,0.5886944188628861,0.8787299616100354,0.6388809188879712,1.0044441704723812
2006-03-07,0.5914753289321714,0.8631720621393028,0.6284667473359312,1.0028896197046913
2006-03-08,0.5883014204603179,0.852343907703524,0.622411885638485,0.9867973252689749
2006-03-09,0.5909111351645973,0.8466407708735562,0.6187462103020833,0.9748319713069228
2006-03-10,0.5921168076071273,0.8340295375821642,0.612958995192822,0.966953301480038
2006-03-13,0.5916381612852689,0.8348285843308735,0.6067136644827278,0.9578309888872422
2006-03-14,0.5900520011746536,0.8356987011493907,0.6036340090465129,0.9504833896436219
2006-03-15,0.5825786997317197,0.8305471517529205,0.5982449232066758,0.9420090604661855
2006-03-16,0.5791757359157732,0.8242261693339642,0.5933118410431669,0.9278124426921733
2006-03-17,0.5768891625755513,0.8163510878394103,0.5913623246951059,0.9231616230460483
2006-03-20,0.5794822955771858,0.8117129122874588,0.5914874513222615,0.9200141497246512
2006-03-21,0.5818268125632248,0.8184427819815233,0.5907766020298268,0.9272392890102242
2006-03-22,0.5860392490585298,0.821661349811542,0.5866078391682914,0.9274489619959361
2006-03-23,0.5923634697381462,0.8310826750044003,0.5788619701509791,0.9204873404459316
2006-03-24,0.5983738457668744,0.8381403950856534,0.5721040297181228,0.9206186550583247
2006-03-27,0.6089566249584306,0.8492452905426269,0.5673972202419343,0.9288994049850573
2006-03-28,0.6169232607890094,0.8666057169906508,0.5674799210784088,0.9412661971185007
2006-03-29,0.6210684671016962,0.8780799272628055,0.5626382668528701,0.9586076568476434
2006-03-30,0.6267301395223634,0.8851166016430649,0.5587154426832335,0.9657004975420022
2006-03-31,0.6301519272381157,0.892975257241481,0.5572753606898464,0.9713455296367868
2006-04-03,0.636753551729501,0.903050442389364,0.559350679862035,0.9804568694297771
2006-04-04,0.6450885791509462,0.9147193770034946,0.5695048293575268,0.9930175789776665
2006-04-05,0.6508412528483597,0.9312114290348128,0.5814698865539027,1.0131819106007596
2006-04-06,0.6609279248673582,0.9428749861818521,0.592522960582152,1.036367486378284
2006-04-07,0.67879927711822,0.9606008745117073,0.6110679883605908,1.0604074383689772
2006-04-10,0.6862368827334008,0.9756796495087321,0.6243215772458247,1.0874162908831555
2006-04-11,0.6985664212202258,0.9987815316896913,0.6356230649329371,1.1204242209173187
2006-04-12,0.70006019140325,1.0169785062515238,0.6473325365851926,1.1425269998041738
2006-04-13,0.7028705194027517,1.034102541723192,0.6555885709287564,1.1649970608847022
2006-04-17,0.7089412471537274,1.0462958602673043,0.6667638708103255,1.1939576621883512
2006-04-18,0.7111771241908704,1.0578789554051982,0.6763172394035839,1.2164415756747005
2006-04-19,0.6955082304078214,1.058432939901182,0.6621667048692856,1.1916355049005167
2006-04-20,0.6926623078025945,1.059563958735508,0.6573908990587387,1.1695831337652072
2006-04-21,0.6878140628191458,1.067070529015334,0.6494400832655125,1.1474548339127908
2006-04-24,0.6840338412882756,1.0664951969433139,0.6455505068130782,1.1302004219037354
2006-04-25,0.6831327302187511,1.0673795598153464,0.6501027859059,1.1217376066223124
2006-04-26,0.6794131489900712,1.0789465799214513,0.6537656660561725,1.116002084142785
2006-04-27,0.6772850744271116,1.0938488732956566,0.6589901942945646,1.1158930642877043
2006-04-28,0.6822556907795734,1.1034538954342192,0.6646281763539322,1.1327631664887743
2006-05-01,0.6929614458888576,1.1156710993511625,0.6770224451032602,1.1506162863455103
2006-05-02,0.7027037692945778,1.1186593294308447,0.6935637917367877,1.1714299355703233
2006-05-03,0.708195057403196,1.1319995426178413,0.7062118864102657,1.1898215657076125
2006-05-04,0.7150707981493624,1.1514630440624194,0.7214736239854453,1.208953071286236
2006-05-05,0.7292161772677546,1.1693089179932197,0.7382348143612771,1.2296804939107135
2006-05-08,0.7406179510362939,1.1814030961492217,0.7510619504648448,1.248500555445289
2006-05-09,0.7599729926993588,1.1951979957740233,0.7650815246698086,1.2707988628548526
2006-05-10,0.7807124203820428,1.208487403529141,0.7810169849229188,1.3075418833738601
2006-05-11,0.8134510413185349,1.2270043685723864,0.7937168299884952,1.3567455054402753
2006-05-12,0.8418686514947301,1.2277798641835198,0.8016102074191905,1.3805420450625252
2006-05-15,0.8562718225157088,1.2262237692644131,0.8091801037130986,1.3955566824363612
2006-05-16,0.8685282979108888,1.2288832567896104,0.8212288850058119,1.4055178189010213
2006-05-17,0.888415883648663,1.2382250813283902,0.8356693765328482,1.4144010425366935
2006-05-18,0.8865487755178897,1.242207719525684,0.8274029254907874,1.414324089422779
2006-05-19,0.88454517328641,1.2534052037395083,0.8173428873007073,1.42872711966218
2006-05-22,0.89104248311353,1.263994171338859,0.8074459154798866,1.4449109835582123
2006-05-23,0.9010846286895109,1.2890377040307646,0.8042127757146389,1.477038760956065
2006-05-24,0.9094818765636837,1.3140106845670514,0.799655215664648,1.4871105206693682
2006-05-25,0.9224935375004538,1.3279501615375684,0.7985954515997006,1.5019037643627682
2006-05-26,0.9357903587765004,1.347068502054237,0.7962178484337123,1.515719718560871
2006-05-30,0.958507130573267,1.380044067868186,0.8055163951031582,1.5300554937899682
2006-05-31,0.9630847695257538,1.3975406643184891,0.7989903570753162,1.5442867526034498
2006-06-01,0.9618428018373404,1.4172178341750106,0.8009170438653737,1.5649379018401424
2006-06-02,0.9684991131606508,1.4192709736740665,0.8065587910650072,1.5665242524379972
2006-06-05,0.9725616795366283,1.4150109354560576,0.8172324252914392,1.5837371666426603
2006-06-06,0.9601405046500683,1.402920054453133,0.8155135783153573,1.5566113847309366
2006-06-07,0.9435834322640729,1.3868123914610193,0.8215525278999423,1.5471580557441846
2006-06-08,0.9310330606103977,1.3749496121497862,0.8275136353236454,1.5604133646705793
2006-06-09,0.9270937702262261,1.3675507198089127,0.8357262913618334,1.5662248129470544
2006-06-12,0.9352041471111907,1.3636812559917078,0.8443234929070031,1.5722459188296558
2006-06-13,0.9397435163344803,1.3473613189678562,0.8441880519149659,1.5721143601906873
2006-06-14,0.9465714656605685,1.3263735047065954,0.8429980676719303,1.5698761928958807
2006-06-15,0.9584558896666441,1.3168037324962294,0.8366700050059906,1.5859462869002563
2006-06-16,0.9539297222885341,1.2957725929952242,0.8149053311401747,1.5567286360605856
2006-06-19,0.9523646330507812,1.2889153755110137,0.8019672201969477,1.5424082919943685
2006-06-20,0.9545243798425302,1.2918980700629947,0.7969787236297321,1.524142839000613
2006-06-21,0.9572258977643037,1.3074154055735487,0.8038814513245754,1.5229135990315215
2006-06-22,0.9584850336160702,1.3139189777374651,0.8090099079846647,1.5228076985327768
2006-06-23,0.9557038795237736,1.308397976878315,0.8188990112103475,1.520393005293919
2006-06-26,0.9571721905382534,1.3112853121225343,0.8350216264419295,1.524314728082246
2006-06-27,0.9542137362768475,1.3293628216762257,0.8573730576399327,1.5323937067641018
2006-06-28,0.9504103153872597,1.337708084310546,0.8784337169225412,1.5311043018815498
2006-06-29,0.9539878895743914,1.3619148993694172,0.9071175544446104,1.5545658011253625
2006-06-30,0.9395939866581409,1.3566247762196466,0.9169962913898322,1.5378784187216572
2006-07-03,0.927017579606977,1.3508762450344802,0.9316219599026456,1.5220130462722783
2006-07-05,0.9127307335367031,1.3560387969069807,0.9457035750654192,1.5131484977898069
2006-07-06,0.9055260180190752,1.3406881545557516,0.9505934830406534,1.5072461880652057
2006-07-07,0.9004077830198329,1.3308657296025648,0.9497330208105526,1.5134915855739832
2006-07-10,0.8979341278505507,1.312055774173902,0.9513195664953337,1.5070867656116846
2006-07-11,0.9020790468380006,1.2994205364809757,0.9659235019768713,1.51797980239475
2006-07-12,0.9150367480580565,1.287279825214477,0.9828086219125589,1.5373052906380191
2006-07-13,0.9201608242504439,1.2709780550613352,0.9949506676370073,1.539466345740411
2006-07-14,0.9048681100036484,1.2482941791371858,1.0021077228201982,1.5408269486757744
2006-07-17,0.8935449881665627,1.226004592137944,1.0032494483451975,1.5341346842719934
2006-07-18,0.8855606011448292,1.2166928789362321,0.9999700756166072,1.5199103798301488
2006-07-19,0.8793033063431986,1.2075434081498773,0.9956038443300861,1.519766043259471
2006-07-20,0.8626448827070767,1.200024217415899,0.9694835548804863,1.5087658759145675
2006-07-21,0.859284625780347,1.1862353403094126,0.9544378617199323,1.4904321277103094
2006-07-24,0.8531067209464763,1.1706673610702627,0.932183408470114,1.4747571799437014
2006-07-25,0.8282988988447224,1.1621028408918612,0.8973183146843317,1.4354917839420944
2006-07-26,0.8039890025664133,1.1655014183802856,0.8683281179687087,1.4102657931354206
2006-07-27,0.790167928358629,1.1736644169920172,0.8477813285817419,1.4011469420678089
2006-07-28,0.7782313139020947,1.1856783970197726,0.8332540901224139,1.389778169254112
2006-07-31,0.7613617512792752,1.1783857003460525,0.8134402889700962,1.367767269458717
2006-08-01,0.750640033915621,1.1726220222374408,0.8013635742704451,1.3442962081732612
2006-08-02,0.7432474157539801,1.1508533960478036,0.780912858191623,1.3182358316843719
2006-08-03,0.7372675717763671,1.1379190375046795,0.7613604706256418,1.2902532000372007
2006-08-04,0.7262714660314302,1.1195471879531842,0.7404853000840766,1.2655893410102934
2006-08-07,0.7128871937371161,1.1071831447172165,0.7200674788103669,1.248396563339479
2006-08-08,0.7030194674353732,1.0911965277158981,0.703434909558062,1.2292791755734807
2006-08-09,0.6873139089267811,1.0797844046834757,0.6923944291126024,1.2045382093356385
2006-08-10,0.6740896724215413,1.0743580239522739,0.6752874247165933,1.1840916908284054
2006-08-11,0.667982026072692,1.0815436092381199,0.6573781273067194,1.1700830776886049
2006-08-14,0.6638425795377504,1.0934834456334876,0.6448127935330699,1.1556179582944646
2006-08-15,0.6595507573076125,1.1017458689034332,0.6362830490921911,1.145874071624444
2006-08-16,0.6512640323725027,1.083485038153049,0.6169065117714579,1.1302179864936257
2006-08-17,0.6384230317816754,1.0448222222243462,0.5991729367090929,1.1030358693728697
2006-08-18,0.6286316705822322,1.016191727581538,0.586128421786698,1.0809924117479421
2006-08-21,0.6203272535024071,0.9997088437823077,0.5739885851578531,1.0691724471445412
2006-08-22,0.6104138895687197,0.981130946953059,0.5642626584184804,1.0654253393152182
2006-08-23,0.6006322600046042,0.9655896848738775,0.5560860844929237,1.0693087690834477
2006-08-24,0.5887370092417791,0.9528160231552075,0.5500586473324821,1.0739649339099815
2006-08-25,0.5761874748881687,0.9426707219022142,0.5443723907675713,1.0746925114376829
2006-08-28,0.5646188199901153,0.939005991107507,0.5402344122250664,1.079423448380582
2006-08-29,0.5507955223589244,0.9315139343006895,0.5372727449536363,1.0810451678608795
2006-08-30,0.5426968102992664,0.9314772903400074,0.5354000195253367,1.0746798102433366
2006-08-31,0.5388121805770377,0.93669149936987,0.5369563588038212,1.0730405775300764
2006-09-01,0.5373325166116628,0.9468511404309518,0.543427594649971,1.0691747872493236
2006-09-05,0.5350548080533105,0.9672273275140404,0.546202243189289,1.0712134167157727
2006-09-06,0.53707997428199,0.9834230802540669,0.5477196265684203,1.0747065329541845
2006-09-07,0.5324433082657608,0.9737887006902778,0.5481193033952978,1.0584817715368922
2006-09-08,0.529320805973589,0.9679131336910857,0.5427589691068537,1.0476749933396619
2006-09-11,0.5255577616743694,0.9607569022733773,0.5378397349255041,1.0477903428468383
2006-09-12,0.527065576763176,0.9565560987201244,0.5385937329582395,1.057274643101744
2006-09-13,0.5201987162381168,0.9441696031596265,0.5354672157469336,1.0449847280727862
2006-09-14,0.5121848150697115,0.930345263389238,0.5296203705196374,1.0347094161208499
2006-09-15,0.5038154586627661,0.9209944528064173,0.5216724254252904,1.0137902287675347
2006-09-18,0.4994894158353548,0.9100582233094757,0.5159838341649937,1.0055485669591573
2006-09-19,0.4998717583910676,0.90338443974146,0.5175019647580318,1.0028354864396494
2006-09-20,0.5024234840697421,0.9025741709656058,0.5210688644238705,1.0011692334301052
2006-09-21,0.508592972927197,0.9052548171127495,0.5244440794924978,0.9936199804897164
2006-09-22,0.5103503664793021,0.9142782349854431,0.5202638612644074,0.9798871301925495
2006-09-25,0.5136603104349938,0.9240251756963217,0.516971203275882,0.9666850088460667
2006-09-26,0.5123239617879227,0.917745452867501,0.517489159651496,0.9472097818790011
2006-09-27,0.505652615787145,0.9184883954003618,0.5101913251230377,0.9338353646068149
2006-09-28,0.501303463030983,0.9223223811845437,0.5117662418965857,0.9272519308988563
2006-09-29,0.4999492302857693,0.9297620668258463,0.5147847541613402,0.9270470018735211
2006-10-02,0.4989687482273205,0.93615784966703,0.5184427562879859,0.9310687102274808
2006-10-03,0.5016605470279655,0.9291245052439542,0.5220696526845175,0.9339482610316273
2006-10-04,0.5027275198494685,0.9222726661799827,0.5274263671337499,0.945748989966669
2006-10-05,0.4887953964429467,0.8849815089321887,0.5215896464350002,0.9352480126286555
2006-10-06,0.4782806234574712,0.8607637082565587,0.5148579083829762,0.9205000585526434
2006-10-09,0.46933057746330836,0.8429266011902886,0.5096333725297988,0.908753129671275
2006-10-10,0.46426452562554005,0.8313799700712148,0.5026370525613305,0.9048325824494593
2006-10-11,0.46316357834791594,0.8273588475949663,0.49950199041375265,0.8928386611976722
2006-10-12,0.4675753958791905,0.836429807612148,0.49874408603050846,0.8890604338048514
2006-10-13,0.466570369536312,0.8378656417209264,0.4946007671229506,0.8701441226288054
2006-10-16,0.46858594703068945,0.8402276283974746,0.490484299518627,0.8566478871081116
2006-10-17,0.470402577401671,0.8430392928847344,0.4899812066148879,0.8548728053812439
2006-10-18,0.47032586057271614,0.8370195591576236,0.4900692857328168,0.8507493981811712
2006-10-19,0.4749606506225567,0.8328166255318756,0.4914776045163381,0.8514865330290351
2006-10-20,0.4842753153313065,0.8243632428295776,0.49493085571555107,0.8545120362782461
2006-10-23,0.49210230626244705,0.8215200908705685,0.5022328466295389,0.8610295929198584
2006-10-24,0.4987340323528317,0.8220324216838651,0.4992757995989115,0.8724404877300508
2006-10-25,0.5059931139163578,0.8304882044102555,0.4934188750479838,0.8903130833082726
2006-10-26,0.517808135942742,0.8373149397981713,0.4878705274837227,0.909514990974662
2006-10-27,0.529960494200343,0.8480126921224331,0.4868502146299105,0.9285005470616591
2006-10-30,0.5349997638905293,0.8470137329037023,0.48375137092783216,0.9449574231403564
2006-10-31,0.5417933896434506,0.8459471377929163,0.48314293556851334,0.957299324682932
2006-11-01,0.5483917369234557,0.8406674719914395,0.48928990172669523,0.9711394962063481
2006-11-02,0.5474057471486453,0.8242643088102355,0.4986007009095819,0.9781421086646671
2006-11-03,0.5463896204212647,0.8178035258787295,0.5069195276796921,0.9819557180098477
2006-11-06,0.5448441765173614,0.8137763774924094,0.5144830370040049,0.984287455101039
2006-11-07,0.5332411442544346,0.7998683175737372,0.5108579479043062,0.981044662968896
2006-11-08,0.521637606581045,0.7900380806560295,0.51037016561905,0.9832943448000627
2006-11-09,0.5114032459796516,0.7821218823083207,0.5119608407775577,0.9866824541258786
2006-11-10,0.49801905615307424,0.7722438698121205,0.5085627674558213,0.9878942908702115
2006-11-13,0.488352583018242,0.7622317420231606,0.5088975890831422,0.9805649151434528
2006-11-14,0.48082400964582406,0.7513618220246376,0.5079782424800435,0.9812974198449355
2006-11-15,0.4690559414547555,0.7414333567592489,0.5003385891949202,0.9715807827389821
2006-11-16,0.45866563754643286,0.7368684386081047,0.4998876814127441,0.96699368920854
2006-11-17,0.4535722162840046,0.7440058633817863,0.5049715775995343,0.9611253181818173
2006-11-20,0.456187523276397,0.7613886068334168,0.5140919640275584,0.954727864007958
2006-11-21,0.46202963815154535,0.7848993542918619,0.5232460764157405,0.9569459610066477
2006-11-22,0.4714711183857567,0.809087352274297,0.531977920829872,0.9706315400339102
2006-11-24,0.4828205881397415,0.8346282442968005,0.5488385593169255,0.9849121858128389
2006-11-27,0.49667685099641234,0.8669621149024399,0.5666080191079128,1.0012958547074853
2006-11-28,0.4864073957861862,0.870986790282608,0.5645412222921858,0.9895166895101424
2006-11-29,0.4782433826173723,0.8756435221240749,0.5587174971392131,0.9768986729794985
2006-11-30,0.4646086299507901,0.8755818225327443,0.5509464448671821,0.9647312868280684
2006-12-01,0.455090305643378,0.8744229387883532,0.5437343663415749,0.951092775109718
2006-12-04,0.4486758234525899,0.8739843310986943,0.5356756466886978,0.9457187949378183
2006-12-05,0.4433132228629376,0.8713846868540724,0.52379876821348,0.9249018171826481
2006-12-06,0.44059770413910515,0.8793199145675608,0.5132575353256165,0.9043325947484037
2006-12-07,0.4410397334231096,0.8848528117163641,0.5097775182473563,0.885495994250078
2006-12-08,0.43962069612899907,0.8736154486974751,0.5074025792341947,0.8666050273763461
2006-12-11,0.44058036225576086,0.8647671837457722,0.5034247633927059,0.8478217293129302
2006-12-12,0.4409710267898925,0.8531716183825888,0.5008431066981159,0.8376412836251742
2006-12-13,0.4465191410427373,0.843151755656175,0.49728808202350316,0.8358364340365645
2006-12-14,0.455078372909295,0.8376419914820933,0.49973330293583124,0.8367081880644017
2006-12-15,0.4535376837910902,0.8243301034436809,0.49234356109792327,0.8424217406525973
2006-12-18,0.4571538892454669,0.817309758797298,0.48416897459661024,0.845527364926469
2006-12-19,0.45773517982229345,0.8011838390008231,0.47923702146433367,0.8429889897574889
2006-12-20,0.45779893825158763,0.7888977669613754,0.4769810259435178,0.849986743727173
2006-12-21,0.45876041170678605,0.7848474195589373,0.48154078082625623,0.866438812200116
2006-12-22,0.4602895577357959,0.7804623707177597,0.490365344781295,0.8768362845605012
2006-12-26,0.46000141447398396,0.7774508199056258,0.4972287993851056,0.8853010326848987
2006-12-27,0.4591373167849261,0.7791922387583928,0.5018550106024902,0.8935275384444361
2006-12-28,0.46219674585885995,0.7846904147530966,0.4962482855690557,0.9008074411298962
2006-12-29,0.46577955865205906,0.7943500894978022,0.49255507302130225,0.9058922956474399
2007-01-03,0.470686110269226,0.803101046100301,0.48778589152949103,0.9000400059431805
2007-01-04,0.4738921405676968,0.8147593542399262,0.48857548210152846,0.9026167385732919
2007-01-05,0.48280127164576825,0.805529222962323,0.49178536550010193,0.9061205063189973
2007-01-08,0.48258919846729814,0.8005549406502123,0.4941448616596702,0.894880442465195
2007-01-09,0.4829022459736142,0.7957310086104505,0.49713564685481226,0.8892900864105536
2007-01-10,0.485250108711456,0.7994514362697474,0.5041024998339326,0.8864760537999197
2007-01-11,0.4899311189142581,0.8060331583283861,0.5121144217631461,0.8857182250517368
2007-01-12,0.492582807771166,0.8153286898322689,0.5158971946551943,0.8771784128595239
2007-01-16,0.4904620705694061,0.8274849641334124,0.5177859170379195,0.8733589420215837
2007-01-17,0.4891058487577751,0.8460891184926307,0.5181741132640796,0.8740246491528743
2007-01-18,0.49057101552524174,0.8682515573880523,0.5250723036456902,0.8781558670695393
2007-01-19,0.49613005663882,0.8667355114793039,0.5329404833143541,0.8773807018399845
2007-01-22,0.5080789594129006,0.8679416072717066,0.5427382329741741,0.8766568227624992
2007-01-23,0.518895778894886,0.8613565885017423,0.5485729236257431,0.8772291970547956
2007-01-24,0.5363979827113585,0.8549211619676238,0.5598069126379324,0.8842982361902579
2007-01-25,0.5500342888903488,0.8427551022271236,0.5687702048275586,0.8921958791547887
2007-01-26,0.5527411109522491,0.8158198052712013,0.5625206271822241,0.8930941426718987
2007-01-29,0.5562387245634068,0.7961406819329296,0.5569896271853472,0.8964927382309922
2007-01-30,0.5648486422346937,0.7887832562009992,0.5536012179449813,0.9071375242125548
2007-01-31,0.5766465603329218,0.7877080669688853,0.555001072402975,0.9189583278767284
2007-02-01,0.5901214127773524,0.7799806702427605,0.5530036918640129,0.9282013774806595
2007-02-02,0.5962724615640204,0.7818900309260989,0.5506686169725051,0.935896591038467
2007-02-05,0.6027968897850414,0.7968580967410085,0.5518115144709327,0.9496316723626034
2007-02-06,0.616351634609317,0.8178850699623756,0.5560814811520688,0.9670382209709862
2007-02-07,0.6345152988038008,0.842155560737968,0.5658304216227584,0.9874606368150317
2007-02-08,0.6558987096118759,0.8623219432854247,0.5790283418946254,0.9985061116309216
2007-02-09,0.6825920945994274,0.8893259521861149,0.5939906300552575,1.0152743495744398
2007-02-12,0.7042848120157396,0.9086895932265683,0.6093017769810591,1.0254979440256213
2007-02-13,0.7289319900559369,0.9335474952824935,0.6259107103941257,1.0325006490551194
2007-02-14,0.7493746231947264,0.9646931102376619,0.6359099910179321,1.0351197773181224
2007-02-15,0.7718861123508544,0.9855600832646558,0.6495577685255857,1.0431164752531332
2007-02-16,0.7919410724050313,1.0116368416044588,0.6670538764635476,1.0707778252705857
2007-02-20,0.8178359059302855,1.040513112093032,0.6914688563188188,1.1031509176207905
2007-02-21,0.8497094095336956,1.0789220119698273,0.7230287164453989,1.1358245518933905
2007-02-22,0.8892677005409909,1.1059347977915173,0.7555182311234452,1.1790711781213497
2007-02-23,0.9453650280598651,1.1395167665204098,0.7976233198296125,1.2379043939284022
2007-02-26,1.0099967883552465,1.1753659929338567,0.8460797257699129,1.3007958033744782
2007-02-27,1.0819139834627003,1.2159622376443604,0.9021141112015136,1.3755196377132115
2007-02-28,1.0787924145616048,1.1768299634570656,0.8821714804842745,1.3891453585484648
2007-03-01,1.0754010196828465,1.144221801063818,0.8686993014430563,1.4040205346601093
2007-03-02,1.0705753821831652,1.1144076465157033,0.8654469444244728,1.4203308488039506
2007-03-05,1.0684550323842779,1.0765445843921366,0.8544216833572561,1.431300712103934
2007-03-06,1.0581427581049392,1.0404540750381304,0.8458139252721119,1.4270664097959598
2007-03-07,1.0463181457329571,1.0053813816304398,0.8218411679630113,1.4029761897957038
2007-03-08,1.0307270764648084,0.9851321986403827,0.8075219075183606,1.3891217316834423
2007-03-09,1.0115739755964648,0.9699868234878898,0.8023213920601868,1.3760764580948701
2007-03-12,0.9918057553981102,0.9672800062715103,0.8042236049212231,1.3666831144192997
2007-03-13,0.973568374810823,0.9704237570022339,0.813183210039494,1.360539331559542
2007-03-14,0.9311695282113756,0.9560257162679666,0.7903575514068465,1.329903190087323
2007-03-15,0.8936081589145365,0.9385814353800269,0.7775791260721102,1.3011258379540034
2007-03-16,0.8716575150187632,0.9214733281372781,0.7697071004590393,1.2711460986323473
2007-03-19,0.8557859407803889,0.9156511850032294,0.7669263732759939,1.2554923354936505
2007-03-20,0.8346839725945863,0.9066851317952047,0.7547274573999929,1.2317869536551374
2007-03-21,0.8032459238001424,0.8962314877278099,0.7452828795081051,1.213434414526289
2007-03-22,0.769845749657908,0.8652590088834751,0.7287714986931667,1.1726544425798544
2007-03-23,0.7357495632281852,0.8430044456015741,0.7215956827215901,1.1291092170197237
2007-03-26,0.7061605697762663,0.8269000549076877,0.7162556737499547,1.0936490672251875
2007-03-27,0.6810229092657593,0.8160081108275354,0.7196605438771696,1.0709869511944814
2007-03-28,0.6633387208090255,0.8055307532216478,0.7196398470608786,1.0525375908249714
2007-03-29,0.6453563880821195,0.7879219400443679,0.7123425725704411,1.039642386733975
2007-03-30,0.6327964548458087,0.7802420066400136,0.7064224772264748,1.0300808308206042
2007-04-02,0.6230167659794913,0.7671660409951443,0.7081511697307602,1.0250700607587035
2007-04-03,0.6180640324811251,0.7657056470616298,0.7074641884791438,1.025901330082536
2007-04-04,0.6063578225405145,0.7530098926647867,0.7013402022581662,1.022777175390645
2007-04-05,0.5983607369070699,0.7376648998788483,0.6990816273270006,1.0127227121022733
2007-04-09,0.5968583162955149,0.7259004882324143,0.7002684633922935,1.0091950253380717
2007-04-10,0.5940181042875516,0.715444149206314,0.6990872193407489,1.0028520150889795
2007-04-11,0.5919110197931421,0.7096293501810206,0.7064466894534417,1.003984279572219
2007-04-12,0.5906446753357945,0.6964036538476978,0.7088912997503891,1.0073337076820033
2007-04-13,0.5884459174527266,0.6843785867577965,0.7149088931829496,1.0093955493468911
2007-04-16,0.5882930589822131,0.6778016158405715,0.7248065129071752,1.0175598048301877
2007-04-17,0.5863033791713105,0.6748853662523705,0.7262251955198924,1.0193609290708476
2007-04-18,0.5884808913661663,0.6722302553246574,0.7280233082210221,1.0273286366709278
2007-04-19,0.5930672958908686,0.670708466444476,0.7323656804778698,1.0360228811366454
2007-04-20,0.6024038492087591,0.6706838105236447,0.7335635752619049,1.0393209700652986
2007-04-23,0.6016152169110928,0.6758110058638148,0.7260485108607063,1.0361244920785786
2007-04-24,0.6051397446084154,0.6866527728924152,0.7230690215870409,1.0348239760859772
2007-04-25,0.6037695286379144,0.7000323816499533,0.7277794312838906,1.0426104391070894
2007-04-26,0.596443416605837,0.7137485279643158,0.7236889240340316,1.0516297917887314
2007-04-27,0.5924377274568966,0.729998440951548,0.7230552312093756,1.0632444142570683
2007-04-30,0.5879634866203619,0.7472512925917331,0.7210873279317439,1.078974220542035
2007-05-01,0.5797582357103004,0.7462646254445312,0.7163167550062639,1.0661277250669041
2007-05-02,0.5762266267564015,0.7445106785731536,0.714190766998267,1.0693778671724206
2007-05-03,0.5750613946379876,0.748200713371568,0.7143190237354249,1.079985363016937
2007-05-04,0.5802251665970496,0.7580799489030969,0.7163376426504872,1.0902606466706508
2007-05-07,0.5908063670771823,0.7715815592346305,0.7206416567716991,1.1109751654663071
2007-05-08,0.6028139092850956,0.7864544590346959,0.7248186764222581,1.1287418667234528
2007-05-09,0.6100643822973498,0.8093012289527306,0.7314240053202549,1.1494862652836757
2007-05-10,0.6194361062980459,0.8387458835599699,0.7443705948583632,1.1651978074254612
2007-05-11,0.6196603585201369,0.8503423338325017,0.7474737208529377,1.180271956055804
2007-05-14,0.6218661835664404,0.8616064642583522,0.7450476311990175,1.1939501707182134
2007-05-15,0.6225962378740931,0.8728969586757998,0.7467254873284667,1.2176163653666725
2007-05-16,0.6217387468495189,0.8777576386149666,0.7479612769450512,1.2327342534768266
2007-05-17,0.6236818837538005,0.8866173637903345,0.7467408885790568,1.22687719773764
2007-05-18,0.6296990066417658,0.89875630950135,0.7422879601654196,1.2199163541925946
2007-05-21,0.6287818240331019,0.9070147646956344,0.7373263435993133,1.2073087739791728
2007-05-22,0.6337122163221681,0.9188555607442928,0.7287407467503092,1.1885149048206107
2007-05-23,0.6413575818220676,0.9271798690322427,0.720847212779627,1.1666196279336223
2007-05-24,0.6464514026236725,0.9360176139233893,0.7204965941560479,1.1520488026869589
2007-05-25,0.6452689489260856,0.9293999517376831,0.7214287597179089,1.132330859916673
2007-05-29,0.650323539882631,0.9208437200957109,0.7254425063695695,1.121736693610314
2007-05-30,0.6589012518412813,0.9097639898696838,0.7352624633881322,1.1105538767780885
2007-05-31,0.6687999031493164,0.8968904446756509,0.7414165604346111,1.1098475858939703
2007-06-01,0.6852543247577291,0.8923222554959392,0.7554900931609978,1.1189805671332154
2007-06-04,0.7059620974322632,0.8941218258517417,0.7725752880860408,1.1314840165987174
2007-06-05,0.7300866003451945,0.8965971547091344,0.7969956769282904,1.1457147155467673
2007-06-06,0.753882553872477,0.9147102274661546,0.8171418478393959,1.1787854465804513
2007-06-07,0.7724420600405031,0.9252497015639136,0.8358691883069145,1.1995328667985063
2007-06-08,0.7710924998494084,0.9198744367841807,0.8406261523227502,1.2040812857019696
2007-06-11,0.7735745163030336,0.9103964348190735,0.8386416612058611,1.2005238409710937
2007-06-12,0.7822672114720274,0.9131720834653629,0.8445511887454192,1.2042378998293566
2007-06-13,0.7906008169435379,0.9174662112821417,0.8489076242513506,1.1984095494246307
2007-06-14,0.7903665197708516,0.9202551127087296,0.8462991117361864,1.1916604414021061
2007-06-15,0.7932905905373446,0.9184132069580602,0.8423228440177665,1.201373754904645
2007-06-18,0.7990783033486847,0.9122022091570454,0.836071568468383,1.201656623526269
2007-06-19,0.8056357877028936,0.9159283886975188,0.834386109436693,1.2021326499919982
2007-06-20,0.8216736656474737,0.923161598166058,0.8426098433682945,1.2057963346768525
2007-06-21,0.8277369226058634,0.9262900317775253,0.8474157495716269,1.1908566314853464
2007-06-22,0.8423553106836169,0.9179840181309477,0.855847556396931,1.18143252470153
2007-06-25,0.8500158971059069,0.915577816517728,0.8536816553904691,1.1740726156838424
2007-06-26,0.8567438637173057,0.9163034502650005,0.8548603902614542,1.1739250287260086
2007-06-27,0.8549314753776134,0.917359233505731,0.8621675443700001,1.1669656191979976
2007-06-28,0.8444906146125004,0.9155363802305481,0.8787264783305204,1.1439155704628627
2007-06-29,0.8414850908775269,0.9231955504949986,0.8997621278585235,1.1333919457081203
2007-07-02,0.8459186155460362,0.9345684210311686,0.9211559601797367,1.130606927067053
2007-07-03,0.8486034913183782,0.9444830008126471,0.9384505062188435,1.129595403692138
2007-07-05,0.8576499622444731,0.9541726886826821,0.9496343672894555,1.1418670492588483
2007-07-06,0.8718861851178042,0.9606462792720956,0.9605035790410343,1.1609942174058594
2007-07-09,0.8913218105289225,0.9695575606835928,0.9754539818173747,1.1894154521821765
2007-07-10,0.9160700568800705,0.9847130790348515,0.9927632396505863,1.2129729788799695
2007-07-11,0.9318815375070493,1.0010770447670025,1.0008722549626892,1.2260006383625575
2007-07-12,0.9517311244966085,1.0210297357372602,1.0121682071358318,1.2467232856409258
2007-07-13,0.962071698597111,1.0323634892785885,1.0035256037042306,1.2789809121154372
2007-07-16,0.9860424855155057,1.036263582987991,1.0041976112463977,1.3114257092500192
2007-07-17,1.0155025108237536,1.0445354866713876,1.0135559059889159,1.3463941655226817
2007-07-18,1.053420388899193,1.062523647315777,1.0316329362496979,1.3968601879125129
2007-07-19,1.0920566635801174,1.0767000069790627,1.052552339345737,1.4634216119340964
2007-07-20,1.1328654824861535,1.0991559870042982,1.0882036867564062,1.5242659928013977
2007-07-23,1.175649879811797,1.1362611085024408,1.1306531085815288,1.5772316701270452
2007-07-24,1.2174324914206995,1.1839926720111211,1.1767721263472948,1.6431025727373996
2007-07-25,1.2466276832651302,1.218236977829908,1.2116693068839255,1.686744879719489
2007-07-26,1.2806730256300345,1.2546172727501124,1.2491530714049535,1.7383188445241482
2007-07-27,1.29646024594324,1.2812287690888762,1.2649177681891253,1.7678680771754078
2007-07-30,1.2974317902123418,1.2976669780577645,1.2795297513246886,1.7911832484246082
2007-07-31,1.2956489203103774,1.3232932705605094,1.2954193247861132,1.8231796722178928
2007-08-01,1.2916483269109627,1.326613841651741,1.314871439846906,1.8550866170257478
2007-08-02,1.2945910792271949,1.3309578590261846,1.323946766462785,1.9029689018368559
2007-08-03,1.307697661292226,1.3378374603784209,1.3368561058664885,1.9572743026944308
2007-08-06,1.3033452378185475,1.3413188862227365,1.3415565546229062,1.969919337624931
2007-08-07,1.2981484783535397,1.350047986322364,1.3301716181170233,1.979794813510324
2007-08-08,1.291794014060492,1.359194871049711,1.335951359863918,2.00501808979432
2007-08-09,1.2800232033801486,1.3652377803179296,1.3454595016295907,2.019527443489278
2007-08-10,1.2364630320471108,1.3561592100149733,1.3141626245053326,2.0329825641563226
2007-08-13,1.2042177038829731,1.3487350364119688,1.2876249815054837,2.0334174247237993
2007-08-14,1.1795994988218164,1.3478676090960704,1.2747624930385133,2.0306281847574814
2007-08-15,1.158571801052721,1.34112692711468,1.2514357270749659,2.0195950163716336
2007-08-16,1.1372144282079297,1.3202184379435817,1.2265444059301869,2.013178599750383
2007-08-17,1.1291407006066045,1.3007392732960317,1.2089562354430148,1.9918139029378148
2007-08-20,1.1123549121212495,1.2833982333535563,1.1828337644036346,1.974618618547166
2007-08-21,1.106750796253729,1.2734784488031072,1.1715686026038201,1.9607796421558201
2007-08-22,1.1009564288321716,1.2687997392962007,1.169169055683462,1.9406623563707721
2007-08-23,1.1034733785872024,1.2677792236705454,1.1733749889257818,1.9234992090874798
2007-08-24,1.11555894523298,1.266095299496281,1.1804438041508944,1.913391463903026
2007-08-27,1.1312400832930798,1.2722910594000985,1.1960022246585094,1.9043700789469904
2007-08-28,1.1394082192483959,1.2928610747619018,1.2153371139106106,1.8963390660882617
2007-08-29,1.1230095939781857,1.2990503434670182,1.220238963617208,1.871274343475353
2007-08-30,1.098432982214657,1.2787083800042096,1.2191806262194882,1.8131953044147167
2007-08-31,1.071760190465181,1.2515469594707416,1.2275630149538228,1.7680089626651927
2007-09-04,1.051876429340969,1.2183079877923872,1.231984801340593,1.7372101581179467
2007-09-05,1.0397452082032088,1.173542015171906,1.2204891459644767,1.7129210164386328
2007-09-06,1.0249707847696925,1.1355256568767986,1.2076389104701961,1.6890987279732184
2007-09-07,1.0222157446309637,1.1002051388286735,1.1973799564140857,1.6745300249492605
2007-09-10,1.013391359130714,1.0551130276618057,1.1752238478816437,1.6620717068470405
2007-09-11,1.0089315795534266,1.020231134681731,1.1567685694904164,1.6397193373972614
2007-09-12,0.9930050576554246,0.9892251411725269,1.1331563677112089,1.6181355862850368
2007-09-13,0.9856844630626611,0.9631266040736222,1.1163549920741478,1.5969878430547446
2007-09-14,0.9821560689452079,0.9391063043643827,1.1037898459292248,1.5999389923032075
2007-09-17,0.9783770914971278,0.9288204860546394,1.090579436776302,1.6230987089505564
2007-09-18,0.9755382194435239,0.9233573354890772,1.0796246363435236,1.6402495007333402
2007-09-19,0.9392732167776718,0.892890181347871,1.0356560039151064,1.6088935814969008
2007-09-20,0.9204104874416139,0.8699536295517883,0.9920311461500783,1.5788853233850477
2007-09-21,0.8943502929458877,0.850231780959835,0.9593289609051858,1.5418084558927676
2007-09-24,0.8749731196185925,0.8312548337062776,0.9277385442300577,1.5130432184384175
2007-09-25,0.8642517231945391,0.8244869186049896,0.8998701475909591,1.4725513468085027
2007-09-26,0.8545321986596023,0.822003625866261,0.8814421755116343,1.4346748424363363
2007-09-27,0.8579720500240507,0.8329483781068227,0.8728015762278275,1.4155317549209028
2007-09-28,0.8599546099971058,0.8539847449096813,0.8671612844876923,1.406915466622054
2007-10-01,0.8557789264945661,0.8771204183012317,0.8702659655574515,1.4033561842879438
2007-10-02,0.8494841526707579,0.8972734038866746,0.8674920511464864,1.3662417379859126
2007-10-03,0.8490823095460179,0.923709146486287,0.8650606067321945,1.3368001510910346
2007-10-04,0.8549627506690666,0.9520881836416393,0.8651320685035119,1.3185971954225597
2007-10-05,0.8691340362885301,0.981861161573419,0.8683553756456974,1.313816923690399
2007-10-08,0.878657069522634,0.9954799842286813,0.8716678854354721,1.3118714965718818
2007-10-09,0.89497968596023,1.015552596447034,0.8752786570245205,1.306676747062909
2007-10-10,0.9023945380005668,1.0442306710517053,0.8751277218088317,1.305055097172025
2007-10-11,0.9248106742718795,1.0817683204501582,0.8757821375435696,1.3113766483627138
2007-10-12,0.9497996522382663,1.1142318803538716,0.889383198513774,1.3210692322144466
2007-10-15,0.9839169801553639,1.1418835219855192,0.9057486498921294,1.332870356098227
2007-10-16,1.018598357575424,1.1803409134001224,0.9223762263959265,1.3386974549965407
2007-10-17,1.0506918720551073,1.224407013875008,0.9388159436512762,1.3447780083013943
2007-10-18,1.081147842942997,1.27810525175875,0.9635115495570562,1.3643649958275363
2007-10-19,1.1175129321874808,1.3414380748384946,1.003823067838352,1.3894020401908258
2007-10-22,1.1242913955450136,1.3905950656239792,1.0037661779755795,1.3837727180351378
2007-10-23,1.1299647438477265,1.4445921814700107,1.0036044394635606,1.384851090955818
2007-10-24,1.1504767137341787,1.4763487718028427,1.0081820260143253,1.3925988700281202
2007-10-25,1.1711995305796066,1.5041893895034462,1.0160161650082735,1.4033659054511616
2007-10-26,1.1979880694684488,1.534832558806748,1.0322110291297042,1.4308353704690357
2007-10-29,1.2374246729031184,1.5617447221708933,1.05296299674329,1.4620513178356302
2007-10-30,1.2800770102878698,1.5810405215753573,1.088258108587517,1.491841858399137
2007-10-31,1.314826364870272,1.6087112074867211,1.130328859165229,1.5330947683147587
2007-11-01,1.3431074448880544,1.656370718985399,1.1680903060570484,1.5865708712797364
2007-11-02,1.3662260941662745,1.6958706137230477,1.1732017471493614,1.5955117176067544
2007-11-05,1.4076490476466912,1.732108856737452,1.183653833593298,1.616415911215893
2007-11-06,1.4561342774950363,1.7791775908780338,1.197722078846877,1.6431034004861327
2007-11-07,1.5096520619551965,1.8316810176371958,1.2168534629344399,1.6715200637299328
2007-11-08,1.524876402406877,1.884116387013767,1.2151419441534124,1.6784127473528172
2007-11-09,1.5384208160900306,1.9183142244294191,1.2144787963542083,1.6967557989680266
2007-11-12,1.5441682598406408,1.909627917123666,1.2024351218096525,1.7073135839399562
2007-11-13,1.5509966629713112,1.867456062990093,1.200419814766666,1.7231456857043883
2007-11-14,1.5260495376806358,1.8112324206899588,1.1837175176375505,1.7288743543947993
2007-11-15,1.5123889232580552,1.7629737812997353,1.1710232015993727,1.747802645795834
2007-11-16,1.4965409748347378,1.7259817654973024,1.1593618707236575,1.7690501911572274
2007-11-19,1.491294521382677,1.7045338101040082,1.1642766167540695,1.7918307473753452
2007-11-20,1.4867685855603987,1.6913444001682683,1.1644976796496758,1.7827573287807887
2007-11-21,1.4849689750894448,1.6780809121783058,1.1687343267331392,1.7947048709362021
2007-11-27,1.4786991877654718,1.670873789614341,1.1705814492286981,1.8079100442969411
2007-11-28,1.4850519906257809,1.654765867469145,1.1746403890667996,1.8279227161925145
2007-11-29,1.4570084717262524,1.620429488251423,1.1495369110556803,1.8154847544025894
2007-11-30,1.43836084563781,1.588414886212678,1.132373567840765,1.8186757059651613
2007-12-03,1.4261826886798779,1.5610278322287676,1.1231454451709009,1.8344410814619285
2007-12-04,1.430188041863563,1.526246425994081,1.1157504869819188,1.8384227687022017
2007-12-05,1.4350381402694785,1.487331955350522,1.115655514700479,1.8373634866702906
2007-12-06,1.4290310138333573,1.4418659749564016,1.107284100032651,1.8207823610848888
2007-12-07,1.4240402139811232,1.3962588094772856,1.100665800126276,1.7965876810624335
2007-12-10,1.4309487860654473,1.3686017279935407,1.1091308720106003,1.7839893599941625
2007-12-11,1.4539500164589674,1.3691190523582237,1.117442812861983,1.788332938899032
2007-12-12,1.4593409918258453,1.3622736036874832,1.1038466127814586,1.7623071105624417
2007-12-13,1.458732033851402,1.3747624579369988,1.0983044381957248,1.7401961242160064
2007-12-14,1.453866268874655,1.407586341747444,1.0975017358269847,1.7203660173142659
2007-12-17,1.4491690185883033,1.4460145609663784,1.0976777139276175,1.6905455041789008
2007-12-18,1.4296418857937447,1.461827427754033,1.0937271748144444,1.6907856478555388
2007-12-19,1.4082295901593862,1.486626312744794,1.0894844121046616,1.692929844315826
2007-12-20,1.3962621401436048,1.5195014523017922,1.0863616687957205,1.6994943480034903
2007-12-21,1.3843656065587582,1.5554243620822361,1.0903761423402485,1.721894485289758
2007-12-24,1.371339297480255,1.577511219259832,1.083903365596094,1.7458401040061948
2007-12-26,1.3607924436316166,1.6117754031553424,1.0837873374587677,1.7593721991610656
2007-12-27,1.3639518140450893,1.6504120493702092,1.0931784464691303,1.797663168873801
2007-12-28,1.3667815775827694,1.684558869680952,1.097025644448966,1.816319633776623
2007-12-31,1.3755115543069,1.7450239795850988,1.106612896881621,1.8318181832120528
2008-01-02,1.3881859462516357,1.8097445093452338,1.1231503243327172,1.8525078597461613
2008-01-03,1.4023330774904643,1.8692698509145877,1.1333398803622854,1.8861340813418266
2008-01-04,1.4239148818932659,1.936586061413771,1.151598098558999,1.935610140327896
2008-01-07,1.427454805286389,1.9478063883937344,1.16762874261282,1.9632241306907396
2008-01-08,1.4294970673209586,1.9653088924033537,1.185697680317417,1.9947481874594233
2008-01-09,1.422009054232358,1.940354974707083,1.1940786978229383,2.012399544357797
2008-01-10,1.4120615455358208,1.9154597403862403,1.2102795575829988,2.0262668219896236
2008-01-11,1.412683374751247,1.8899148696202608,1.2298003153615904,2.0418769517956417
2008-01-14,1.4157865010202304,1.8652142212433838,1.2376275375837666,2.0443998894676203
2008-01-15,1.4347714077174836,1.8452424795478561,1.2586620629826457,2.0453957477228832
2008-01-16,1.4353569557571253,1.7996019571190085,1.257662632778977,2.0288718310867497
2008-01-17,1.4466007219142367,1.757182806778084,1.2670419418113958,2.025589992307447
2008-01-18,1.4256673987985273,1.7112641667704729,1.261515802820442,2.0081453992979714
2008-01-22,1.4086619712187043,1.6810253056656768,1.2671919295704195,1.9866066725927953
2008-01-23,1.3855102423031345,1.637946771494014,1.2662553612809488,1.9814252646197574
2008-01-24,1.3596634762851774,1.6066391573083973,1.2460681618808667,1.9324497832536178
2008-01-25,1.3467239224117473,1.5753133433749906,1.232799596399437,1.909481316985198
2008-01-28,1.3402247309720587,1.536144131192937,1.2157524704697504,1.8923691605443882
2008-01-29,1.3249112309597713,1.497231459906038,1.1995834823782217,1.8634466283588698
2008-01-30,1.3189853042985225,1.4702139800294587,1.18630710585575,1.8354691597255322
2008-01-31,1.3178347758567577,1.4562782541117212,1.175526566010818,1.8098937902247956
2008-02-01,1.3095103338194465,1.4551269487795482,1.164003775782765,1.7783715271209266
2008-02-04,1.3040381875340312,1.4714723330863333,1.1658530932155078,1.7502687906860863
2008-02-05,1.2991930370557943,1.4962448885501318,1.1800517868022664,1.7365446068050805
2008-02-06,1.2560015654243224,1.4847320641097792,1.1536042167452942,1.700517019861432
2008-02-07,1.2141561358187012,1.4605122358937404,1.1229964760950644,1.6820736479521068
2008-02-08,1.1830142570127131,1.436672669025448,1.1032520885096424,1.671486303075354
2008-02-11,1.1605988885250176,1.4105546498248305,1.093965608150023,1.6590615051739193
2008-02-12,1.1472207778248558,1.389837663240291,1.0973513793107317,1.6527358427462815
2008-02-13,1.1327577320636188,1.3789316671719445,1.106145194557292,1.6588977794091493
2008-02-14,1.1164625755210946,1.3675464925181395,1.1066541063449682,1.657995689585132
2008-02-15,1.1052600700298971,1.352309223125843,1.1003459919297327,1.6411900660394068
2008-02-19,1.0937336077994033,1.3338048917732361,1.0984478698901146,1.631836013765783
2008-02-20,1.095572058296299,1.3251180972329069,1.1052094429547157,1.6291250079215875
2008-02-21,1.109983216984643,1.3194041409720518,1.108503767837898,1.6407961182792483
2008-02-22,1.120921380098361,1.3129885482997399,1.1178949261945688,1.647801901651883
2008-02-25,1.1394653650823072,1.3104907713053933,1.1377608765035918,1.6515752513548911
2008-02-26,1.1539274349742645,1.309395367612776,1.1565414616481404,1.6464073283494107
2008-02-27,1.1806857020539596,1.3248260160360388,1.1802001702827836,1.6685648501510026
2008-02-28,1.2159507735455932,1.3538844584719905,1.2088399460748103,1.698134517943253
2008-02-29,1.2442878118141094,1.3926475215943668,1.2496918364570788,1.7245958386908664
2008-03-03,1.256379093840317,1.4149499200375377,1.2708932795280758,1.7486822182889716
2008-03-04,1.2827456333421412,1.4404304029415167,1.3008338416950593,1.7799068648125476
2008-03-05,1.3240258408280212,1.475954955292772,1.345483377084903,1.8318416627154008
2008-03-06,1.3760692289549301,1.5154632401693533,1.3922544829862742,1.9013831733754725
2008-03-07,1.4112387327983886,1.5580484734824405,1.4486276220705248,1.9541391981628793
2008-03-10,1.444195202133796,1.6004531301821112,1.4836353852404567,2.024178130977741
2008-03-11,1.4804035985724444,1.6576681905013013,1.5133754553554366,2.1064699283561303
2008-03-12,1.4783637448252158,1.6715885174437548,1.509686621479233,2.1242387657880277
2008-03-13,1.4864057775445387,1.7036454706707276,1.5182247238119626,2.1446903041366068
2008-03-14,1.5117891413008993,1.7471003447811837,1.5154763978581713,2.1665622849513455
2008-03-17,1.5361028777954464,1.7920850775357147,1.5014541583336105,2.1988107011802924
2008-03-18,1.5739610914698696,1.8474297308952137,1.4997995128792023,2.233060908512005
2008-03-19,1.572109369240085,1.8534049213671961,1.4686098749546048,2.206493835031675
2008-03-20,1.5508481946433532,1.84521338606996,1.438996081477886,2.1774335500099995
2008-03-24,1.52903341599863,1.8327472571238987,1.4084401410540381,2.125997288593806
2008-03-25,1.5048821788052869,1.802323331181056,1.372946881507275,2.0703769748055265
2008-03-26,1.4788146977659906,1.7860827996336075,1.3413139823613518,2.0222932624347445
2008-03-27,1.4518648503136846,1.775313120857861,1.3154332424666466,1.979392101178211
2008-03-28,1.4274575339479043,1.761397593516284,1.2818378933818957,1.9468743117987786
2008-03-31,1.40178447783507,1.7489870358526034,1.260310883591062,1.91830067221283
2008-04-01,1.3871922569281119,1.7473731501338639,1.2403623690067198,1.8951359225341136
2008-04-02,1.3300116705594172,1.6962059093470039,1.1842641110905727,1.8505604889573088
2008-04-03,1.2808616867516518,1.6538486593674044,1.136268096866413,1.8153142996995109
2008-04-04,1.2451181481638,1.6188691327547395,1.0955098924957103,1.7802804133075418
2008-04-07,1.2191314551230903,1.588216874887031,1.0629386853787417,1.760212457597506
2008-04-08,1.1973718078060227,1.5669168614927305,1.0326525399130666,1.743011108806445
2008-04-09,1.1866835644016307,1.559644230512144,1.0149166250440596,1.7255345181548372
2008-04-10,1.183865798974156,1.5530598422528015,1.0094736637133872,1.7093765132519039
2008-04-11,1.1813611427636115,1.5501308032630143,1.0134205451308744,1.6937040388333824
2008-04-14,1.1641496038786725,1.5422531833340525,0.9925150399069542,1.6651847747773159
2008-04-15,1.1488700267979084,1.5366502376626154,0.9859880598026887,1.637048047840958
2008-04-16,1.1294519961564338,1.5432961717883054,0.978453153951827,1.6061916039244204
2008-04-17,1.0796313906264317,1.5336383087271699,0.9578549990491615,1.5574963455171216
2008-04-18,1.0431822865879905,1.5207718509439616,0.9472119890598079,1.4969854652571826
2008-04-21,1.0126062111508072,1.4723590159007955,0.9186917475881899,1.4469573235489943
2008-04-22,0.989509264740342,1.4489902532397754,0.8971710659133526,1.403460052208551
2008-04-23,0.9659688960224455,1.4251269051469977,0.8773669567595974,1.3507096926011355
2008-04-24,0.9482592833186863,1.4138181367610607,0.8595354368344237,1.3155792153843031
2008-04-25,0.9355105828561207,1.4101886543736624,0.8436794854107736,1.2773538355656942
2008-04-28,0.9311822796186765,1.4245061286885898,0.8312594059254742,1.2395425259012076
2008-04-29,0.9328223692672163,1.4367559359432642,0.8235734379126147,1.2031071510365827
2008-04-30,0.9396102306483616,1.439132385084403,0.822568620519337,1.162065579131819
2008-05-01,0.9473929522224345,1.4413495616974434,0.8292854541519861,1.1230950728654265
2008-05-02,0.9332542543029538,1.4089911209660637,0.8324203000997017,1.0715375305016956
2008-05-05,0.9299655254569682,1.3891098277153517,0.835350284603476,1.0297126402294121
2008-05-06,0.9342463849124035,1.3745057593774257,0.8450337241708256,1.001412284629767
2008-05-07,0.9399213824781782,1.370222609361402,0.8569723511270194,0.9891730054049709
2008-05-08,0.9232872693279134,1.3508668523110783,0.860667934493362,0.9651437070201633
2008-05-09,0.9197818467332193,1.341836837101406,0.8697000701200007,0.9438408457499605
2008-05-12,0.9162928289132368,1.3309198608061312,0.878136405672328,0.9317840272821184
2008-05-13,0.9195610458093748,1.3170778424186609,0.8844954343065214,0.9069594944462173
2008-05-14,0.9274883066236957,1.304437316020901,0.8873899727046871,0.8955970196981268
2008-05-15,0.9364842714364544,1.3103699665286712,0.8965167818150299,0.8977865561037035
2008-05-16,0.9466640989934544,1.2969741183390135,0.9110765046579856,0.8976617597555644
2008-05-19,0.9615836852690384,1.2959868943036954,0.9410255220090985,0.8966520281601837
2008-05-20,0.9806560717351683,1.2899289427223495,0.981091679539416,0.8996717315047643
2008-05-21,0.9967851529848694,1.2969665390702285,1.0095010323588383,0.9137598828314845
2008-05-22,0.9984745653230799,1.2821377847607536,1.0230107609257155,0.9262144804671488
2008-05-23,1.005500252107483,1.2824681425328994,1.0406052091114377,0.9391993674035829
2008-05-27,1.0145302871284403,1.292654918379996,1.0537477729106575,0.9451237122372805
2008-05-28,1.0250262783312718,1.299991106613797,1.063089525565037,0.9539745228811803
2008-05-29,1.0461295525649523,1.3177623789469144,1.0834602661068282,0.9696603713262313
2008-05-30,1.0729994116821526,1.3384765203455635,1.0973947235972226,0.9922784233454869
2008-06-02,1.0975909696274868,1.3479393242995716,1.1114992625927704,1.017307181992085
2008-06-03,1.136834511484831,1.3591906200282478,1.125276374471868,1.052873910805308
2008-06-04,1.1721098777170713,1.3758343644430417,1.1447339075181515,1.089616665907303
2008-06-05,1.2158843116505147,1.398107230363109,1.169493325465823,1.1282903340530763
2008-06-06,1.2411469436537752,1.4252412297058745,1.1883847539407912,1.15750381848987
2008-06-09,1.2193194036256485,1.4365474817208512,1.165257611962807,1.1569324044741
2008-06-10,1.196134755254453,1.4495081567336463,1.1540536947073698,1.1579387872819726
2008-06-11,1.1811898614791718,1.4724800535618616,1.1473822974792878,1.1818024585484068
2008-06-12,1.1602695614492247,1.4813156826586318,1.126241988737134,1.1748907847908887
2008-06-13,1.1519197518117492,1.49457158404486,1.1101276308266528,1.1752617459257169
2008-06-16,1.1476402339940432,1.5121718464642406,1.1000565281752266,1.177369322060706
2008-06-17,1.1524412703427012,1.5329635916870292,1.0987942351288769,1.1825417605832114
2008-06-18,1.1573877360616724,1.5590957658152544,1.111950903389343,1.1891552611105682
2008-06-19,1.1604139551139852,1.590938013074581,1.128108037946953,1.2128606048723312
2008-06-20,1.1666397037656406,1.6200400025684583,1.1528586593438135,1.256462958431441
2008-06-23,1.1539710589956973,1.6200109321414662,1.1658099133786366,1.2971885744161626
2008-06-24,1.1571650358416985,1.6264818549976825,1.1789841794828273,1.3494970983342671
2008-06-25,1.166067833095461,1.6417788165386151,1.1978923789687155,1.4013073366294528
2008-06-26,1.1886662279038112,1.6547596389310264,1.231321297561255,1.4642410355665163
2008-06-27,1.1825055204282382,1.6157901818060763,1.2202106594046913,1.507118473431914
2008-06-30,1.1907801331791772,1.5921479461664918,1.1976921583628133,1.5672002458305285
2008-07-01,1.2082679776343461,1.5706584008983735,1.180803779179665,1.6259842439931778
2008-07-02,1.2242977358144134,1.553593757634877,1.176771991403272,1.7114002026454946
2008-07-03,1.224833919987542,1.529130115526642,1.1753887462443025,1.7804028359652493
2008-07-07,1.2316860507389618,1.5185483880067139,1.1924687348155398,1.8493288358623807
2008-07-08,1.2362078280955726,1.5120892593724113,1.2189955328061006,1.9118527431948564
2008-07-09,1.2387264064082992,1.4947384205127325,1.2531988247961223,1.9187310546490606
2008-07-10,1.2393180651245674,1.4683508910071328,1.2614151053832303,1.8849108015691796
2008-07-11,1.2574293514607986,1.455008982335645,1.2792192684384673,1.8598097764121824
2008-07-14,1.267325278566736,1.4364154672755745,1.2949073394569603,1.8449885235596684
2008-07-15,1.281847686344476,1.432191588194392,1.320988402867949,1.8477073623720592
2008-07-16,1.2849846861471823,1.428834821729406,1.3404141095979558,1.8731458264280583
2008-07-17,1.2666600071667984,1.4005273531604303,1.3497528444621982,1.8559005376176192
2008-07-18,1.2557798449104227,1.383979398391908,1.3490445227112102,1.8468222364508158
2008-07-21,1.2621307823758452,1.3629441407338576,1.3584755944016642,1.8539098027396876
2008-07-22,1.2701413923817468,1.3538617306214038,1.3810022828619337,1.8790640977470785
2008-07-23,1.2775894331343887,1.3663086385247598,1.4158052925180045,1.8876846831584144
2008-07-24,1.304273369056761,1.3808354108422436,1.464458725416952,1.9045305510952544
2008-07-25,1.3158239133128737,1.393254496166006,1.4889417993557421,1.913968997679015
2008-07-28,1.3267474721771468,1.4024354800890866,1.5260203360079918,1.9109796682754414
2008-07-29,1.345488133556519,1.4004209393743627,1.5528352243765862,1.900942423338191
2008-07-30,1.351113773269552,1.3878866380034447,1.5601487734670425,1.8682146881112507
2008-07-31,1.3495254339962344,1.3870681487819545,1.5716615074709455,1.8477172916778184
2008-08-01,1.3577017349609257,1.4008937129689139,1.5687877529910297,1.8379004406542379
2008-08-04,1.3760651705965568,1.4041072645663386,1.57717724532452,1.8311953380862405
2008-08-05,1.3992142862019046,1.4124987734049759,1.6143579945581041,1.8280309156142867
2008-08-06,1.3873858044629275,1.39642562126695,1.6227467676629892,1.8301040283721417
2008-08-07,1.3842008338962026,1.3787383945317457,1.6349166108796338,1.850484239768165
2008-08-08,1.3821993298027067,1.3719701008585192,1.6316672625851667,1.8635164960932595
2008-08-11,1.3679096152215688,1.3670902686423283,1.6110207103936989,1.8720926712956307
2008-08-12,1.3514218124046722,1.3727411948143764,1.5891565652608006,1.864139954864857
2008-08-13,1.3294745784672293,1.3863046186437455,1.573391814774056,1.8551510789082133
2008-08-14,1.313387790032836,1.4036020478503832,1.5546501864990154,1.8622543131546618
2008-08-15,1.3084584328922642,1.4192593057478864,1.5404948695112386,1.8645821196588923
2008-08-18,1.3215337674709384,1.4489819254949659,1.535804308741117,1.8969925651104875
2008-08-19,1.3357136059419665,1.4765668441756377,1.5487506003341134,1.9271970990278382
2008-08-20,1.333867787535452,1.5010432805177927,1.5657715523060793,1.9619939769285284
2008-08-21,1.3394526714804371,1.5419473635940326,1.596804866500974,2.0014413044490373
2008-08-22,1.3599763897162018,1.5973862330999757,1.6306407403335543,2.0427160235639503
2008-08-25,1.3875137066416303,1.6434770520740738,1.6623488687925383,2.0674532131877177
2008-08-26,1.4147507754543247,1.6780803886229079,1.692049651256637,2.090080190916883
2008-08-27,1.4454427097362603,1.7225421530363663,1.749438460336357,2.105258343404025
2008-08-28,1.4836818410977741,1.7670276496734092,1.8068674250090822,2.127609762017706
2008-08-29,1.5386677386908736,1.8141560717876102,1.8807029900014953,2.138621872797025
2008-09-02,1.619917210277121,1.8602407115468398,1.9559670497121469,2.1661273090429813
2008-09-03,1.7110426895051194,1.9212239697624018,2.025667296621428,2.2037658138650094
2008-09-04,1.8193234145908763,1.9733873536696667,2.109674355212628,2.2642210278642083
2008-09-05,1.9103379501222728,2.0068870713143645,2.1794585293047635,2.3338811361336456
2008-09-08,2.002898782903356,2.066439930726001,2.2776069496906035,2.4267249597543716
2008-09-09,2.0926299068701506,2.128879804774215,2.3735753082667808,2.511244178587309
2008-09-10,2.1645551310520976,2.1904345067841446,2.4496800810167905,2.5909172605544715
2008-09-11,2.237334742113023,2.267185948261002,2.540628672243109,2.6872260551033684
2008-09-12,2.3288869371052163,2.3603684559921807,2.640015065120107,2.7920928522239885
2008-09-15,2.454499581870488,2.4688850925586356,2.7619796266287646,2.9285342286589664
2008-09-16,2.530466477505794,2.5831486392849485,2.8458266605857143,3.075372433680493
2008-09-17,2.621615980683976,2.717637626294674,2.939157404380696,3.2097850810076447
2008-09-18,2.7030803225117825,2.8343249699313597,3.0300246201285304,3.3251915905555993
2008-09-19,2.7838168817346456,2.947579401193492,3.1171403602260908,3.379797710975078
2008-09-22,2.85490198404788,3.0605383847406498,3.1895214008776875,3.405922506364352
2008-09-23,2.924740449532522,3.1725307636497395,3.2554932696099153,3.456442397562955
2008-09-24,3.010817307574176,3.306158576531675,3.33261703396751,3.5279695391896233
2008-09-25,3.1212438385419325,3.4191127934689756,3.4284937228668304,3.6377712100497104
2008-09-26,3.2596795702544714,3.551278704393452,3.54370248220311,3.7703976691514214
2008-09-29,3.4179195819795987,3.715908273203203,3.6636990196623422,3.90323022665301
2008-09-30,3.482329757324311,3.787907063528308,3.721451801963642,3.9734690753720003
2008-10-01,3.5454419529657515,3.8634384519012896,3.77684387639733,4.003379679558009
2008-10-02,3.6352915692135084,3.919176585807032,3.8775388074427397,4.047519054087017
2008-10-03,3.7301453868697876,3.9557454346879104,3.9578690832119547,4.092347740604336
2008-10-06,3.811971360046506,4.041610710962773,4.05445628019042,4.1966139019216335
2008-10-07,3.9103712483667583,4.102040233618492,4.111649973350649,4.369335491286287
2008-10-08,4.053224698723631,4.109109742465121,4.171798057221089,4.514988523776754
2008-10-09,4.196830978995538,4.1752370978961375,4.236885373499114,4.656492360984675
2008-10-10,4.310829722337342,4.292851887353141,4.2668986441951535,4.720862013721261
2008-10-13,4.461385700268234,4.460982294066441,4.316192980852105,4.8133768059157305
2008-10-14,4.415371870639605,4.502086520149885,4.24840360920206,4.858578525538368
2008-10-15,4.403564112487985,4.551691042590724,4.229153929420482,4.960019848147939
2008-10-16,4.290326221934125,4.512370967570332,4.1221412765522985,4.913057336513754
2008-10-17,4.222452401672602,4.471625722575112,4.0492292695998575,4.839183971736958
2008-10-20,4.171051723405153,4.457613506212771,3.9861388088514857,4.8519608980270235
2008-10-21,4.115565899117919,4.44374086221653,3.954001572883808,4.818813838392292
2008-10-22,4.084106609691423,4.405928771787013,3.9224661631717455,4.772668740953236
2008-10-23,4.030157244329161,4.358681310393198,3.882732452634963,4.739818433801229
2008-10-24,4.007740754086311,4.348503587794802,3.8814043051542972,4.737868356725695
2008-10-27,3.9854225100397405,4.369004008358614,3.9170795538329157,4.7539903839614235
2008-10-28,3.98183483301257,4.427441383306915,3.9589240303367217,4.763708364963526
2008-10-29,3.8701167459056216,4.381550616456967,3.8900003856942007,4.698608199733545
2008-10-30,3.8017916337820097,4.358048642610614,3.8074232785836855,4.6958924034110145
2008-10-31,3.7622466852027414,4.320544482019944,3.750080811962053,4.672850704786564
2008-11-03,3.7337363207380414,4.286789138849055,3.707139923466444,4.7034994288744985
2008-11-04,3.7284252828892788,4.246317571913416,3.676896094030358,4.747697771409291
2008-11-05,3.7368097116392005,4.208258594097557,3.689159155859256,4.822077676153512
2008-11-06,3.772007526923129,4.133879018229033,3.692078368627925,4.831844640197369
2008-11-07,3.754082683238778,4.082314868074813,3.636093754898149,4.864920683225667
2008-11-10,3.7554807215224555,4.04392749416907,3.613844286566993,4.9080913975635365
2008-11-11,3.7699531980962795,3.9853649474064023,3.6136186290069916,5.017820002284293
2008-11-12,3.788517800794404,3.956096025845538,3.6550695895943415,5.085035736566409
2008-11-13,3.8161879955304454,3.912251063051081,3.658545066465232,5.123330389393057
2008-11-14,3.834041432876379,3.860880923000332,3.6172351502445896,5.147234658254939
2008-11-17,3.8342311072679744,3.806517544176474,3.601503478991238,5.144318375652395
2008-11-18,3.8608634226332135,3.7734885269161818,3.6052619842679787,5.163101682269789
2008-11-19,3.8921236251454236,3.771056806737157,3.613138204522403,5.235732505717641
2008-11-20,3.8969014098497285,3.7490003401906766,3.6301262518685644,5.240652518207229
2008-11-21,3.853613732519111,3.700122320372577,3.6087509116442145,5.212848239269179
2008-11-24,3.7845480044381774,3.6772236743523514,3.533067679255952,5.156562275915154
2008-11-25,3.6821958286338545,3.607245324789934,3.4292720473675993,5.030771896919988
2008-11-26,3.5926307239454713,3.5609897323364024,3.340302504007832,4.961619037912038
2008-11-28,3.5138281615593794,3.5232659636484067,3.252661894469791,4.934636186060361
2008-12-01,3.4556146771389926,3.5166395073263534,3.1944071146097763,4.932382572135712
2008-12-02,3.320733281083981,3.442405901614311,3.014308894393422,4.7204760073153835
2008-12-03,3.184623215590998,3.3480665053898107,2.8779715177465706,4.530757875926459
2008-12-04,3.08628440760051,3.2722230681058346,2.784037796093287,4.334446676071585
2008-12-05,2.9884686032215884,3.169756708298205,2.6887014364688144,4.176470490800074
2008-12-08,2.895531941600077,3.0483728899608074,2.6099414921568025,4.016268016802766
2008-12-09,2.807872652513927,2.9269352868200627,2.5075899619857323,3.8820209791422657
2008-12-10,2.7363223612111462,2.832674993649249,2.3982477987669197,3.738769965106373
2008-12-11,2.668911014319435,2.7648713589287803,2.3148781513958556,3.61976348223187
2008-12-12,2.610437504902638,2.682410851137828,2.2383233846636217,3.4854134081879296
2008-12-15,2.554267717286682,2.6146751450297483,2.1637537288661557,3.381536832451633
2008-12-16,2.5197987005273874,2.5473500288537703,2.1095473648925025,3.291877984805079
2008-12-17,2.45809707190309,2.4514087692264748,2.0368671320821585,3.1345850946118663
2008-12-18,2.392424898444132,2.3794948445304676,1.984495113405174,2.9998534281205296
2008-12-19,2.3134550598952317,2.3231986715665327,1.91616822751618,2.8957448558709196
2008-12-22,2.268117591389725,2.2809511605714463,1.8720415789798424,2.8002602457988734
2008-12-23,2.22403056523848,2.2348340486989544,1.8295198314619245,2.735609488564331
2008-12-24,2.1940233201572767,2.216616541785909,1.810041661439493,2.6790617656365354
2008-12-26,2.1763614470874355,2.2226848763204736,1.805663998795395,2.653226388466604
2008-12-29,2.1722644948960745,2.2430318855018787,1.8065078926610267,2.665076716573214
2008-12-30,2.1606373349718337,2.2871097760098307,1.8182356274531775,2.653978522202087
2008-12-31,2.159044502924911,2.321004406480578,1.833590172623295,2.6429015509567444
2009-01-02,2.1675473283913593,2.3547981745044355,1.8547501890051976,2.6396442441707824
2009-01-05,2.1592119548417332,2.3456835330297436,1.8540112613458894,2.6637294887490515
2009-01-06,2.150206882752967,2.332645508166996,1.8642439232652834,2.695622616515137
2009-01-07,2.173173755041582,2.330337933916114,1.8959798468787252,2.756115042042173
2009-01-08,2.1824815116127696,2.3229446752313665,1.8998565322870111,2.8263815014447995
2009-01-09,2.218649622251336,2.340371803505287,1.9290869941137552,2.9015889992584407
2009-01-12,2.2737982206172074,2.352869090508752,1.956668235264324,2.9338625015924347
2009-01-13,2.3274568310448402,2.387268689926459,2.002701584200693,2.96907950210415
2009-01-14,2.406666505973848,2.4269991414586083,2.0689902608708115,3.0142484709050636
2009-01-15,2.4701485165534574,2.465124122107231,2.1031806080404754,3.0120379630080927
2009-01-16,2.5139917453481133,2.5019763456841964,2.1485114866358686,3.0442701908417056
2009-01-20,2.574357437166236,2.5510683048842555,2.183755093922295,3.091738513977517
2009-01-21,2.56865635744433,2.5502565875871364,2.180902505098147,3.0488295676974806
2009-01-22,2.529537176023626,2.523937099707831,2.145816533342451,2.9839867203208184
2009-01-23,2.5094509400755416,2.5199410198200085,2.114326204253342,2.9017311269106605
2009-01-26,2.500304866318087,2.5089587507784783,2.0994631175751937,2.821084745094
2009-01-27,2.51159206678532,2.494002910890024,2.1010044352483326,2.765837737464294
2009-01-28,2.5373431028088844,2.490776253560515,2.1133599698797236,2.7486361954521112
2009-01-29,2.525857540148545,2.4689675095975345,2.117131410791677,2.7014523389619347
2009-01-30,2.503779414818973,2.472940652131935,2.1095350889466076,2.6358767790215007
2009-02-02,2.4648525398869596,2.471380376790233,2.100778752975584,2.572604437834697
2009-02-03,2.4249927483189078,2.476607979144124,2.09582875405153,2.499732606475875
2009-02-04,2.3904036315726924,2.4901752394710623,2.099822850817635,2.463890030920602
2009-02-05,2.375847782372528,2.494839560635146,2.113188118469508,2.4391341180239126
2009-02-06,2.367236432777194,2.5053394885509097,2.1505359112669846,2.438373927702614
2009-02-09,2.3455569166419035,2.518556199508379,2.1729695111404905,2.4388947664917517
2009-02-10,2.339998499899437,2.545332338950478,2.216454073495003,2.4740871436684255
2009-02-11,2.2953045979485136,2.5359528913800995,2.226405461132416,2.4689446467496055
2009-02-12,2.2734569142940995,2.553014552427591,2.2412625263877026,2.4976393493660773
2009-02-13,2.2814467169453434,2.5839394239435474,2.2702177680836044,2.5371527375669953
2009-02-17,2.3130121188030897,2.6171343488932997,2.302509164078117,2.5674479601503437
2009-02-18,2.310394218013281,2.6162440565961744,2.3126173990280585,2.5718873807966203
2009-02-19,2.3371867344706603,2.6110870617252346,2.3262056898870016,2.593743774246116
2009-02-20,2.356997030728176,2.6209950818075693,2.3525310261941854,2.6437869909503893
2009-02-23,2.393883009512821,2.646533712014126,2.4140825385104563,2.7129777651757947
2009-02-24,2.4131443186585244,2.6346772363522835,2.4657059971432815,2.7821421097676002
2009-02-25,2.4170650723943097,2.5828115250495483,2.493675540075769,2.8356045911573053
2009-02-26,2.436584998952611,2.5444674083257763,2.530472891262871,2.9140747984990933
2009-02-27,2.4563462528690683,2.4930670448322703,2.580381089449668,2.9842730659669403
2009-03-02,2.4982677067808035,2.4526950631103603,2.627688050217558,3.0949199051949257
2009-03-03,2.5115760511801435,2.396920190911901,2.639776045840239,3.16807624076126
2009-03-04,2.5416183281290152,2.367428585778356,2.6873908530096915,3.2515384239909766
2009-03-05,2.563244014060099,2.3495614411848944,2.748860398651347,3.366218467948454
2009-03-06,2.5846911192487902,2.331156848712123,2.757338660121671,3.418681007010216
2009-03-09,2.593843376894125,2.338074897155115,2.7819673593670355,3.4895677370630267
2009-03-10,2.628715882797519,2.3606722619641456,2.8033433603003135,3.588996546580463
2009-03-11,2.6322567964422507,2.3229022644079222,2.7760214989107603,3.6313233637290545
2009-03-12,2.6319905486195108,2.306074770411087,2.7636456261323334,3.684859113954272
2009-03-13,2.6211228369742576,2.2772204975211148,2.734840893346928,3.698937151599241
2009-03-16,2.631730244398587,2.2512754706786744,2.7169352835420226,3.730809704961012
2009-03-17,2.654246639433085,2.22698176262158,2.7147738132360524,3.7929330668990184
2009-03-18,2.6559429779243877,2.198622763551723,2.7138240420811504,3.821808988786996
2009-03-19,2.6601816943993954,2.182656197397549,2.6947370267282564,3.8090452296410766
2009-03-20,2.6583718806837324,2.2018258647165454,2.6969534690372012,3.8177543702245518
2009-03-23,2.6415395369210453,2.2299071852642434,2.708839196322609,3.813577602608656
2009-03-24,2.536645368699499,2.1949134071294063,2.633182316440798,3.7274006196397598
2009-03-25,2.448542060629221,2.179438776089233,2.5411202535760427,3.6533196071806295
2009-03-26,2.365508643817235,2.164395392157986,2.4597992901854004,3.586672968211493
2009-03-27,2.2849638234415552,2.123452848349204,2.3976896920496467,3.513472595761863
2009-03-30,2.21727366502945,2.0755944673970554,2.338646397313552,3.440559460340813
2009-03-31,2.145581842933041,2.017489595451319,2.2775998110587263,3.3873750480362608
2009-04-01,2.088841884501222,1.9623919093186122,2.2218218065760365,3.366961372586237
2009-04-02,2.033142788349877,1.9315559497559271,2.1701945415255364,3.3859268919983183
2009-04-03,1.976057707399978,1.8836590051468252,2.1155794208364718,3.354622887023675
2009-04-06,1.9399370917811478,1.8388501858550759,2.075270827608477,3.352050379728067
2009-04-07,1.9150738930685753,1.8009501584266945,2.0582374696164654,3.3506765349510794
2009-04-08,1.8937290965236921,1.7367443288694009,2.042757628629253,3.3324145362182143
2009-04-09,1.8781074480805269,1.6961024348841192,2.043050079209506,3.3059575413836537
2009-04-13,1.8472179614469728,1.6546942728216998,2.0253068083936405,3.217540129763296
2009-04-14,1.8363226953337801,1.6281766296659816,2.0100599119724127,3.159005026384304
2009-04-15,1.834271013440798,1.6016121586870362,1.9925076524322498,3.091627789975578
2009-04-16,1.8336615454034495,1.594479340311849,1.9722523842700381,3.020445425518795
2009-04-17,1.842884925713073,1.5783060333693417,1.9422039003349598,2.958817527224718
2009-04-20,1.8726799226472457,1.5716645552921054,1.9226155604774222,2.913773616457856
2009-04-21,1.8526315804467077,1.5340644428421633,1.8695231619280233,2.8155249424180795
2009-04-22,1.8394639537843807,1.5061015226021377,1.8327229836596415,2.7061744039237174
2009-04-23,1.8170367809287271,1.472529697761029,1.7904404827574192,2.6291709305743725
2009-04-24,1.809382135817333,1.4480194207561048,1.7497604606248949,2.558720603985504
2009-04-27,1.802573976886163,1.4267368803183487,1.7119888989300571,2.4878240582741484
2009-04-28,1.8004097323881718,1.410285671421388,1.681694441616754,2.419644805973234
2009-04-29,1.8016851785390426,1.4051860941574015,1.6564454709677083,2.3948353801452376
2009-04-30,1.8075007473199642,1.412110199441442,1.6071234643221373,2.3684334775074087
2009-05-01,1.819329149847869,1.4225157902103684,1.5572902090050431,2.3668699195006466
2009-05-04,1.8300194230183473,1.4348316448169567,1.5357236074521499,2.3678044154990077
2009-05-05,1.8238812809077636,1.436296583563507,1.506138986785533,2.3313751400078213
2009-05-06,1.8129760338928598,1.4395287899370173,1.4842979832161696,2.31067570787228
2009-05-07,1.8006114687717347,1.4538198412578527,1.470593314392741,2.307090304541806
2009-05-08,1.785358025120238,1.4509226956873298,1.4638961139870699,2.316684650295647
2009-05-11,1.7619332343404739,1.4536376664991975,1.4463132735295052,2.3071779049947208
2009-05-12,1.7359317731894959,1.4614370031319537,1.4303593724726102,2.297644596210499
2009-05-13,1.7231008366695082,1.4704878767603475,1.4178962986600223,2.2911724949034045
2009-05-14,1.6845548454406571,1.4507662203439549,1.4023322241502099,2.243687370733547
2009-05-15,1.666449759829014,1.4344790447237437,1.3980627738659936,2.2153148632250375
2009-05-18,1.6468818989119716,1.4328815291984156,1.4045795904973428,2.1979252788122294
2009-05-19,1.6094321316086204,1.423721280066537,1.3839221988975763,2.172893262419721
2009-05-20,1.5754094963403356,1.4226455316630073,1.373075308451199,2.166815462153897
2009-05-21,1.5474381704975677,1.4421676144747138,1.369709281990292,2.166344947772006
2009-05-22,1.5305055085273243,1.4472859599355854,1.3689188956457758,2.1647577050936553
2009-05-26,1.512876623536438,1.4653856769970242,1.384377593225738,2.172466832035622
2009-05-27,1.4803566146413796,1.4327972835256368,1.3949025335547547,2.1311564354497032
2009-05-28,1.451449881541204,1.4013160770422377,1.392479720661329,2.061973563582775
2009-05-29,1.4309337099005526,1.371206085849141,1.3956214416343589,2.013311649819292
2009-06-01,1.4049981197021173,1.3505804043442817,1.3974425036536549,1.9509746926723341
2009-06-02,1.3696125874251086,1.3026028427839873,1.3791016177433744,1.859291522305068
2009-06-03,1.337568890756888,1.2721395448322343,1.3502762370268129,1.7823045987092563
2009-06-04,1.306285876999707,1.2532501211481872,1.3242668050265392,1.7086116391275108
2009-06-05,1.2862827830149623,1.2432609628551585,1.3048156199856027,1.6409741001116211
2009-06-08,1.2749410097530491,1.2369430469956788,1.297222594343393,1.5992825105724486
2009-06-09,1.272901563136802,1.239907070558261,1.2862628703132661,1.5657590610210315
2009-06-10,1.2788202848152486,1.251989424314535,1.2784879415856598,1.5350175721287438
2009-06-11,1.2953849465153529,1.258317859239461,1.2661054345855347,1.5280684772633795
2009-06-12,1.3211781143225476,1.2776903881660324,1.2583496073054776,1.5429437523480594
2009-06-15,1.350523561104269,1.3013535203007076,1.2601806394134354,1.5742000321630416
2009-06-16,1.3599209859854806,1.3077068762602873,1.2429658932225431,1.585605647592832
2009-06-17,1.3610856821012838,1.305749200182986,1.2275867215295262,1.5928730899536554
2009-06-18,1.3740947330739604,1.3048725062824738,1.2338790410008609,1.6144037486358818
2009-06-19,1.386994520578847,1.3207282869862003,1.248228358540682,1.6293144202951713
2009-06-22,1.4047491141391828,1.3335644880560351,1.2824190657277197,1.6473878095279775
2009-06-23,1.3881165380286662,1.3077850427766817,1.297946344782317,1.6349573310011154
2009-06-24,1.384571768534189,1.2929803480137991,1.313140121691015,1.621248492685019
2009-06-25,1.3759388718829504,1.2811423901707608,1.330018116454963,1.6070569777984125
2009-06-26,1.355876295093545,1.263847779183988,1.3427160776434488,1.58059088085525
2009-06-29,1.3467144103652788,1.26966464047897,1.358243173761697,1.5765446714056839
2009-06-30,1.3374487054881532,1.2772453098426126,1.3799878557194145,1.5884115946112418
2009-07-01,1.3379224990780922,1.299712448645243,1.3975296230275422,1.6100185887060867
2009-07-02,1.3490786386832285,1.326397046183035,1.415935561665765,1.6382450655633898
2009-07-06,1.3378483985849021,1.332086520796769,1.4220586260002916,1.6413044558716736
2009-07-07,1.3407038520756764,1.3329775632011718,1.4324301908267352,1.6569949261568104
2009-07-08,1.3353924408107627,1.313547724118467,1.4320903757182988,1.6536285890815063
2009-07-09,1.3332328360584067,1.3062844520773427,1.4290912024441402,1.6438178932480292
2009-07-10,1.3214287337756132,1.308148583471102,1.4209094230719874,1.6593106789725893
2009-07-13,1.3319794776529252,1.3077313747899313,1.419867590601221,1.7035467446851897
2009-07-14,1.3238043773614545,1.3035256283841445,1.403558705187356,1.7502120466490945
2009-07-15,1.3199099451322323,1.2977970798385732,1.3947971402023984,1.798016446674312
2009-07-16,1.285146102452366,1.259396947577034,1.3550683916615462,1.7935192545992644
2009-07-17,1.2505707835581907,1.2214629721980417,1.3219507760782265,1.800111510685942
2009-07-20,1.2114964385562976,1.189668776169254,1.2921159325133746,1.8016147066863313
2009-07-21,1.1808076855055645,1.168874782625872,1.259735601360568,1.8103925030809394
2009-07-22,1.1566598766333027,1.1561367294405998,1.2350823740220227,1.8144373799742082
2009-07-23,1.142865146135119,1.1475122414725694,1.2160526214551286,1.8205574805991673
2009-07-24,1.1154830451455264,1.1241477387775738,1.1805645874365405,1.7843318072324466
2009-07-27,1.088212262880773,1.115615734944039,1.1492919128452597,1.7661864442792685
2009-07-28,1.064328572880659,1.1173147453491599,1.124445959139931,1.7460991746614196
2009-07-29,1.0375054837511253,1.1171985620289226,1.1157959714599752,1.7441499422088391
2009-07-30,1.0185937347735228,1.1196175212547648,1.105531418877935,1.7532935614867113
2009-07-31,1.0120544007569643,1.1294678292641214,1.095140887269529,1.7551149988660133
2009-08-03,1.0189446742647406,1.1356930226475694,1.0855072429670267,1.7692471256250688
2009-08-04,1.0160961068822056,1.1388527280594758,1.0673285069511262,1.7851053530162972
2009-08-05,1.0078580954252105,1.1534105065348326,1.045807968995817,1.8005884383816506
2009-08-06,1.0054036554871466,1.1758052143102855,1.0361413258670185,1.8196620235446297
2009-08-07,1.0021822962302347,1.1895318250592446,1.0287743066314154,1.8457593866574311
2009-08-10,0.9973246390325946,1.1978767009148545,1.019974725768556,1.8514738643262127
2009-08-11,1.0003169703542245,1.205869937129293,1.0190077613520052,1.8658661365893006
2009-08-12,1.0028170229158049,1.2132968740009273,1.0160395300655125,1.8720461458971007
2009-08-13,1.0180658855016371,1.217838418198731,1.0142435090693436,1.8693835166273207
2009-08-14,1.041602836976796,1.2328634366225613,1.029953599561244,1.8677851267392727
2009-08-17,1.066817085774276,1.2478299720303108,1.043054355430832,1.8505957750343343
2009-08-18,1.055447723126188,1.2324954207148495,1.0453228830669261,1.8100487189368977
2009-08-19,1.0509167719968617,1.2123454743760556,1.0427712702391505,1.784228320148398
2009-08-20,1.0517988541950627,1.1928947809971837,1.0407910952438517,1.7726447232904636
2009-08-21,1.05318237751776,1.1718697481758196,1.0363708473955588,1.754514752517096
2009-08-24,1.0334105437622851,1.1483716186645787,1.0249083582301914,1.7080029781888768
2009-08-25,1.0227307716800715,1.1296544696908701,1.0120053772750262,1.6712966214277336
2009-08-26,1.0176479319947036,1.1176423342456578,1.004538518857666,1.6403643762751217
2009-08-27,1.0247510219590041,1.1134772045011831,0.9991159164669181,1.621100794847793
2009-08-28,1.0296392244708477,1.1145329751481787,0.9901753471878427,1.6024199555672285
2009-08-31,1.0427913552653882,1.1171309496980932,0.9833631067230342,1.584989202988952
2009-09-01,1.0601645913448465,1.1212246564526138,0.9775961799272215,1.5659073088812991
2009-09-02,1.0518591836855868,1.1093654191738718,0.9511200304553935,1.517013404872009
2009-09-03,1.044843214411364,1.0993815618685354,0.9334196089809971,1.4819263496902413
2009-09-04,1.040562592100252,1.0863939714740378,0.9182635904208273,1.4561845527202009
2009-09-08,1.032513463073869,1.0628008127422865,0.9033664883529333,1.4346164644521533
2009-09-09,1.0231658356898172,1.041194540112036,0.8959928105086196,1.4237510853391984
2009-09-10,1.016910322528803,1.0213307872947242,0.8855789670194405,1.407370044912916
2009-09-11,1.008746290849599,1.0041212149241217,0.871705334495912,1.3842513776835013
2009-09-14,1.0086881378422357,0.9964913685118609,0.8597315625079726,1.3668573838151583
2009-09-15,1.0176192964904065,0.9864440163354367,0.8521293173584252,1.361910214364691
2009-09-16,1.0242315596796814,0.9696279177842113,0.8450040818148772,1.3606165829713253
2009-09-17,1.0167599744356128,0.9536747521061368,0.8433384634026576,1.338812864680302
2009-09-18,1.0193065761155296,0.9559759679502119,0.8362938769665899,1.3367338377228932
2009-09-21,1.0349668196022312,0.9658804210623515,0.8367477116603649,1.3432485711274222
2009-09-22,1.0439932082326306,0.9785977523786177,0.8400450675919224,1.353267455827833
2009-09-23,1.0609312382932754,1.005919215518631,0.8459512514415811,1.3733548214799032
2009-09-24,1.0766270607227968,1.0369780832892577,0.8526076640171998,1.396289955635489
2009-09-25,1.0918127661479242,1.07171014442501,0.8685261780797799,1.4116436626709126
2009-09-28,1.1119159531639864,1.103473402003987,0.8878498766024764,1.4421843507368326
2009-09-29,1.1190392870717243,1.1236790055041501,0.9071044460760699,1.4438743761738226
2009-09-30,1.1366640242479413,1.1416618725545113,0.927050556226201,1.4678325901506528
2009-10-01,1.1583481883143998,1.161808510252634,0.9460347870049571,1.4805157805371312
2009-10-02,1.1537207791088622,1.1273029222225717,0.9412495053063016,1.4614174536903382
2009-10-05,1.1594060257412155,1.0981197733911825,0.9415852295518999,1.4587617038198863
2009-10-06,1.1449834566402937,1.0829023853876376,0.9384772800119897,1.4390662068106221
2009-10-07,1.133625917205153,1.0617746625554405,0.9279089131653205,1.4216458533297645
2009-10-08,1.1310793393460254,1.0490057134937387,0.930829639757821,1.4104876563998636
2009-10-09,1.130223144228966,1.0455012102111765,0.936015549119161,1.395136766459653
2009-10-12,1.1302057280631286,1.0487918201328028,0.9471202826649908,1.3800032817984742
2009-10-13,1.1359801976666506,1.0557046320531904,0.957230181199739,1.381545208142161
2009-10-14,1.1507490564881167,1.0724417077746984,0.9720574136946318,1.3926902362656273
2009-10-15,1.1622062215482816,1.0878916542232964,0.9844255854266628,1.3987818922686643
2009-10-16,1.1744148794313423,1.1006036220307072,0.9925578492649212,1.4000200665292042
2009-10-19,1.189342286676833,1.1110957311019822,1.003477510934694,1.4180988599896391
2009-10-20,1.2139790280383878,1.1275096573364582,1.018207512659177,1.444395345627735
2009-10-21,1.2415143577650942,1.1422194606576832,1.0398826385460636,1.4798699861049633
2009-10-22,1.2627644909895772,1.1624182152252145,1.0553601798870968,1.511813079383232
2009-10-23,1.2814776649545085,1.1903154507037603,1.071211828032076,1.5454385557230659
2009-10-26,1.2940636354645998,1.217119236177593,1.0854085288580613,1.5699949505870578
2009-10-27,1.3076627469730817,1.254266811665986,1.1066143522986593,1.5943741840460832
2009-10-28,1.3225468424111615,1.2958660940871203,1.132984699908498,1.6248640878850145
2009-10-29,1.3158344717813422,1.319122529742662,1.1549352868250835,1.6298738517863456
2009-10-30,1.2992115407403353,1.3340006603260632,1.167771902987399,1.641051959167208
2009-11-02,1.2616984719612707,1.332035532027654,1.1507390894499943,1.6351093084228867
2009-11-03,1.22168919350617,1.3359074148972074,1.1331359241611367,1.6358917915427373
2009-11-04,1.1925282375506716,1.338236190632492,1.1261007224857724,1.642713464855438
2009-11-05,1.1764458094149206,1.3397650888173482,1.127284315234192,1.651037259366395
2009-11-06,1.1561653411482227,1.3079403227870816,1.1068464492330907,1.6396966362721939
2009-11-09,1.1413432285170124,1.288423476663897,1.0923252811183337,1.6234962405784898
2009-11-10,1.1102422924601032,1.259349462267378,1.0583337488199291,1.59331234224383
2009-11-11,1.0867993487948702,1.237308671550818,1.0246045468461134,1.584413145864183
2009-11-12,1.0705614782101502,1.2244960352345542,1.0000152811985454,1.5791287676215058
2009-11-13,1.0556468962648362,1.2057119447966256,0.9775126577765113,1.5616960883523896
2009-11-16,1.039417507313802,1.1840023072127066,0.9516911149689078,1.5520416617837118
2009-11-17,1.0101876816044313,1.1598160716292876,0.9207936497906691,1.5283553506338277
2009-11-18,0.9943200147589234,1.1503390752247642,0.8960007263337765,1.5190761811058584
2009-11-19,0.9881403790587867,1.1436381069273518,0.874081323936159,1.516966918417326
2009-11-20,0.9798521653251627,1.1177878611884062,0.8558441682582149,1.5029984399125926
2009-11-23,0.975117279312485,1.0924046637451075,0.8436667852595303,1.4941830230952236
2009-11-24,0.9552374157250199,1.0565506246551906,0.8278549411828969,1.4869141408044093
2009-11-25,0.9343384806743409,1.034169034654376,0.8179556509040646,1.48406824711039
2009-11-27,0.9242011304418907,1.0170015900641578,0.8112304647311548,1.489158733028487
2009-11-30,0.8979777450649986,0.9839574135518151,0.7949027708823609,1.4633956591936976
2009-12-01,0.8837661515070006,0.9553160652745968,0.7827087432073349,1.4557751730276174
2009-12-02,0.8684578947110576,0.9326453366761569,0.766951519804005,1.4300694359354453
2009-12-03,0.8598023535743119,0.9150266221638476,0.7566853116520613,1.3989502669367753
2009-12-04,0.8563912198716865,0.9049841326473992,0.7454500119671138,1.3654191031548406
2009-12-07,0.8607853722219629,0.9024799009511237,0.735709167986807,1.3149872201768857
2009-12-08,0.8681809938559928,0.9014107164089775,0.7295153922481955,1.2771553716704842
2009-12-09,0.8705874948651662,0.8957358307487311,0.723101739531941,1.2480306146729396
2009-12-10,0.8637438799221481,0.8907889257168202,0.7190713885255571,1.2235510299718462
2009-12-11,0.8581940795241887,0.8925673317443213,0.7155213467644969,1.2076613814005195
2009-12-14,0.8614330055046462,0.8941874215328037,0.7142679394044616,1.1898531893683026
2009-12-15,0.8693087210780021,0.8973361782998971,0.7157243169786907,1.181121271498997
2009-12-16,0.8833218100212612,0.8968140269141184,0.7128943709384193,1.1718650658205798
2009-12-17,0.8930596182372194,0.9021408601641892,0.7150268482620641,1.161425889267026
2009-12-18,0.900781693534656,0.9044898375669498,0.7062055129579995,1.161039447802402
2009-12-21,0.9027333124270902,0.9058290800568306,0.7024440377913606,1.1621996058644808
2009-12-22,0.9004366677520377,0.9110436252355817,0.7003258940398269,1.1648471139441412
2009-12-23,0.8986903931336214,0.9182011582579002,0.6979424850371984,1.174311228904611
2009-12-24,0.9001531092041382,0.9338758180427241,0.6980196392821402,1.180407210382582
2009-12-28,0.9051789762517808,0.9506264592185933,0.7019307386041732,1.1821253521965895
2009-12-29,0.912560008728717,0.9634855200447889,0.7087392890519127,1.1936535100237091
2009-12-30,0.9234494639540372,0.9869385860762429,0.7205554511186639,1.2057749865697465
2009-12-31,0.9448711403533889,1.0115359709203433,0.7349237742566695,1.2153576725739874
2010-01-04,0.9597577958348215,1.0299561185974568,0.7461153197633802,1.2051668215922058
2010-01-05,0.9537540451896716,1.0446260050013332,0.7431481947393902,1.1713156246636363
2010-01-06,0.9502994865694523,1.064196352792202,0.7451953284825086,1.149346332431716
2010-01-07,0.9589229189815477,1.0861670359341136,0.7489551664711454,1.1295421541915673
2010-01-08,0.9646987487176938,1.1144477540027682,0.7572746416003605,1.1154019265741577
2010-01-11,0.976966718450364,1.1325195589044628,0.7750296720057201,1.1161877493911716
2010-01-12,0.9904287194490282,1.1578257962732381,0.7975983925995863,1.1256858197934128
2010-01-13,1.0114366989503443,1.1731477364077298,0.8297888162198671,1.1356445358445482
2010-01-14,1.039239909391593,1.186397094903813,0.8653049259338027,1.1453415286910844
2010-01-15,1.0776658469446747,1.2102141064055116,0.9099895551676978,1.1641333588834906
2010-01-19,1.1208641159460755,1.2397647326576835,0.956391406991627,1.1768242039264687
2010-01-20,1.1612686821090026,1.2652454238403672,1.0070539463539545,1.1810280876089077
2010-01-21,1.1970068052949638,1.2843028662658518,1.0496772039865747,1.1815246912108877
2010-01-22,1.2185212131187961,1.3069623092043274,1.0660964179639527,1.1846831310718016
2010-01-25,1.2088827514401568,1.2823436088556286,1.0534186218277404,1.166579953821684
2010-01-26,1.2076409539894473,1.2798809147930692,1.0375587186315036,1.1665244365472711
2010-01-27,1.2102790130704797,1.283239766703205,1.0288986159806974,1.173527551450111
2010-01-28,1.211171360836957,1.300647213561826,1.0332655836920457,1.1846419234310115
2010-01-29,1.2024093685135602,1.2767774649651282,1.0389401661494153,1.1999305100435438
2010-02-01,1.1973230802128514,1.2410120153861075,1.0484362559314533,1.2205715784200126
2010-02-02,1.183144944720409,1.2021429919933524,1.0576039767592305,1.2361898653582064
2010-02-03,1.1732518316962617,1.1675241491394408,1.0562514588312792,1.2526760794817646
2010-02-04,1.1638903301227037,1.1446562313721547,1.0540648480619725,1.271931814549201
2010-02-05,1.109673090310531,1.0899788174403464,1.0195054701924156,1.2458888857430963
2010-02-08,1.0659936699821115,1.046603600806714,0.9920038854433997,1.2247879551854097
2010-02-09,1.0290823482253562,1.005864323024627,0.9671258231509158,1.2018785167031891
2010-02-10,0.9862059455950636,0.9662084503479611,0.9348159056241487,1.176469324140806
2010-02-11,0.9541979525038121,0.9423890465078957,0.9075201032950048,1.1560974219392866
2010-02-12,0.918205850887885,0.9171826025044352,0.8809756244547581,1.1325440048614823
2010-02-16,0.8901230172701861,0.8911608525811903,0.8611867613451502,1.126576958949541
2010-02-17,0.860891157237613,0.8669550731359755,0.8291964310206754,1.1108541380051362
2010-02-18,0.8343597923294533,0.8445513327340757,0.8007961271717391,1.100643045271378
2010-02-19,0.8097993876843504,0.8283463851140184,0.7781482169080332,1.0944816325107356
2010-02-22,0.7872096313545864,0.8089641804976503,0.7637438049441269,1.097210922309862
2010-02-23,0.7655866289563183,0.7929923357854018,0.7458318077300985,1.0946133813126568
2010-02-24,0.7362167942041227,0.7633079389942181,0.7220754933148705,1.0886501352547027
2010-02-25,0.7095931639683003,0.7409619449309717,0.7003050361692277,1.0796463379495729
2010-02-26,0.690150441128977,0.7249256911314013,0.673085513507685,1.0776573251590078
2010-03-01,0.6750635682085006,0.7117270945031802,0.645095273681752,1.0693090564949388
2010-03-02,0.6599257629499313,0.69297208427987,0.62096047398086,1.0527453338071358
2010-03-03,0.6481886939335759,0.6678663326626972,0.6054210717143607,1.0359001407957562
2010-03-04,0.6419414111905982,0.6504412963207999,0.5959131961562765,1.0286609183069217
2010-03-05,0.6390839534410361,0.6407202901921605,0.5887734242744119,1.0234283312223766
2010-03-08,0.6239333982796006,0.6179525034136636,0.576272793586936,1.0021806435219536
2010-03-09,0.6140971081142376,0.6045383028240181,0.5655707051130593,0.9895912607076457
2010-03-10,0.6040184133528402,0.5893232947395471,0.5591502477550394,0.9769751185498399
2010-03-11,0.5963418620924451,0.5779220319920684,0.5511173592441139,0.9729465744869694
2010-03-12,0.5914050045899732,0.5657203018330615,0.5490227516307066,0.9812915216034533
2010-03-15,0.589367642815225,0.5583509554860747,0.5502197293276514,0.9924589901380457
2010-03-16,0.5887184545997959,0.5569592251009178,0.55513861907985,1.002153719231827
2010-03-17,0.5874154996432855,0.5543120598367534,0.5593876514777616,1.0086703813767042
2010-03-18,0.5921370885452236,0.5573127727904329,0.5611014443584473,1.0182292862043567
2010-03-19,0.6005785150788414,0.5638308623864233,0.5629767481213015,1.0453443198617365
2010-03-22,0.6022177686762572,0.5701522966946652,0.5706394852537244,1.064396074157373
2010-03-23,0.6007933158625556,0.5754201299389863,0.5820816124385398,1.074811571567763
2010-03-24,0.6013052516815605,0.5795238135555206,0.5817733305490865,1.0856352680299308
2010-03-25,0.6090458581878524,0.590707310050938,0.5810063925342775,1.0853796028138585
2010-03-26,0.616878655883333,0.6002938754304882,0.5857866087953525,1.0909930017221394
2010-03-29,0.6289297893562978,0.6127863839850929,0.5911032867278523,1.0981846575448893
2010-03-30,0.6449109084928393,0.6288497752740767,0.6049128090825183,1.1181622542763625
2010-03-31,0.663302082001462,0.6424600873742051,0.6209499557308445,1.1411758498710471
2010-04-01,0.6828068671832761,0.6504499772888039,0.6385725471310693,1.1661478299728978
2010-04-05,0.7023628768704615,0.6671644222149712,0.6523456736284658,1.1935718987736559
2010-04-06,0.7149698118986578,0.6825251361559113,0.6678745565783599,1.2014200858194242
2010-04-07,0.73053058572701,0.6953376470419375,0.6916871160537991,1.2053479210028903
2010-04-08,0.7537045714163675,0.7124078096297264,0.7120745952344034,1.210884323539945
2010-04-09,0.7774008580145536,0.7352628488100895,0.7314090675876764,1.2289909384878144
2010-04-12,0.8006301256716593,0.7612406095284776,0.7482060692293782,1.2459120574895894
2010-04-13,0.8191787205600582,0.7913843936959427,0.7711604145274259,1.2654001780258848
2010-04-14,0.846140564713033,0.8272595593183774,0.7928001754555143,1.3020454292345793
2010-04-15,0.8722050529813064,0.8571381856743324,0.8103877165089338,1.330805395362332
2010-04-16,0.9033632146014356,0.8870323939512721,0.8297624562558439,1.3734239246811717
2010-04-19,0.9219280170336457,0.9108995716031084,0.8474205233989006,1.4078699826125645
2010-04-20,0.9437459913682554,0.9365212479755686,0.8724462468849015,1.4460003664549814
2010-04-21,0.9709416037623121,0.9692986269545981,0.9015566725123372,1.497167510899787
2010-04-22,1.0149181071104256,1.0216653299690444,0.9355028641745449,1.5631574176673775
2010-04-23,1.0654390230628927,1.074421668786949,0.9794926016015375,1.6445143520123593
2010-04-26,1.1230412794327713,1.1511613133404057,1.0321446519332818,1.7333718382415442
2010-04-27,1.1854572788950535,1.240161821969774,1.0918919742065876,1.8445929631160054
2010-04-28,1.2369371296240939,1.3157088110364656,1.1383102230691804,1.960907997693565
2010-04-29,1.3065231174245298,1.407157490142354,1.2007868656175056,2.0785792888981915
2010-04-30,1.3825159418671114,1.4998806040061745,1.2670482226349773,2.1916025849353233
2010-05-03,1.446950832285471,1.5961639421333396,1.3423330917900922,2.2967891039146195
2010-05-04,1.5061033100064862,1.7020174449910117,1.4173646065790586,2.3880660491127554
2010-05-05,1.5714374516648688,1.7825615541736464,1.474722064586767,2.4620655499893074
2010-05-06,1.6424333907106365,1.8611134252311217,1.5378655922827835,2.5184993373890294
2010-05-07,1.6779976293607164,1.9216767493747244,1.5552565640821123,2.5611501654006794
2010-05-10,1.7167025803330234,1.9684594705251208,1.577311726452916,2.579451252590731
2010-05-11,1.715740493451478,1.9698940549138055,1.561703172597004,2.543304681229884
2010-05-12,1.7218757534814724,1.9883437280177674,1.5733434935959818,2.5027094984169396
2010-05-13,1.7268021350750435,1.9992883719475922,1.5778554181216342,2.4517957847814045
2010-05-14,1.737647138923363,1.990714887835006,1.5945647224146533,2.4208761069295752
2010-05-17,1.7544304708403724,1.9939410857868958,1.6070339315226967,2.409292249393158
2010-05-18,1.7770447599076986,1.9962398204753928,1.6346816777429194,2.404453330204524
2010-05-19,1.797442528982455,2.0017271726277635,1.6544687931912567,2.4142706521238773
2010-05-20,1.8296916857475056,2.007045450095906,1.683664624449068,2.4181702462154755
2010-05-21,1.8183135564163209,1.9777132689453645,1.676320182352128,2.3535602297930134
2010-05-24,1.7908702941549033,1.9573600941477884,1.6673037583773285,2.317707550375298
2010-05-25,1.777147899226942,1.9461711640193322,1.6736911566957067,2.299631206073337
2010-05-26,1.7832747812209786,1.9537517639683497,1.6839951888753801,2.2951103787235825
2010-05-27,1.7905627727139126,1.967503981560714,1.6908831489826488,2.3348076438348486
2010-05-28,1.7737746733953592,1.9463876246256278,1.6697505070301795,2.326121527005798
2010-06-01,1.7559120676080695,1.9351909902837623,1.6623127641870952,2.3244878497100703
2010-06-02,1.737615625905552,1.9356496746053347,1.662239426538571,2.314638775854434
2010-06-03,1.7128294514523708,1.9294368803198207,1.6407320111762376,2.278330167525493
2010-06-04,1.6957544184311932,1.9323523935711795,1.6335369587555635,2.2623383103364865
2010-06-07,1.6452112656420652,1.896951686956907,1.5949150601373416,2.175102565448431
2010-06-08,1.6142446162866069,1.8572518706223284,1.5601941990381205,2.1054516021621055
2010-06-09,1.584657157996514,1.832673811658796,1.5183095535310664,2.0489562530763936
2010-06-10,1.5660789849273213,1.7992488306038856,1.4831859329311659,2.036212956217324
2010-06-11,1.5268077060532281,1.758454960995231,1.4499047519994437,1.9920955074651445
2010-06-14,1.5085255685390586,1.7152384576356148,1.4218958528242394,1.9230975421199443
2010-06-15,1.491824979871903,1.679972923021901,1.4022352639651696,1.8783915064090795
2010-06-16,1.4581916303724152,1.6303958375879022,1.365749820591974,1.8341387413566541
2010-06-17,1.4374084146009172,1.59128170206534,1.345802802198453,1.7889190791860285
2010-06-18,1.4241854208886993,1.5717367230307897,1.3258247676607378,1.7554429754000855
2010-06-21,1.4208847643677462,1.5591071503248406,1.3145712689976041,1.7336480454119665
2010-06-22,1.433442174439677,1.5523358334395712,1.3122638208474295,1.7163509156960564
2010-06-23,1.4504247465917142,1.5587041297938165,1.3136360671679563,1.6951298992472892
2010-06-24,1.466430415210474,1.5772875258661125,1.3078473086243805,1.6967725672672191
2010-06-25,1.478222977047351,1.5932462165986285,1.3033262655237954,1.6980314976271234
2010-06-28,1.494102126384552,1.6124107963313328,1.3075220794277367,1.6965871447074126
2010-06-29,1.5180283933269134,1.6288761242981737,1.3153708057286062,1.7175618920710465
2010-06-30,1.511711144916788,1.5916518208125905,1.302734679422457,1.704062722152777
2010-07-01,1.5042282266435003,1.5538356011072212,1.297790453137428,1.7101942499292364
2010-07-02,1.5073479576620563,1.5309481847784074,1.2942788344803506,1.720939428846432
2010-07-06,1.5094322364185901,1.52279530880069,1.3050051917751975,1.756580883058633
2010-07-07,1.525672793443044,1.51886467519927,1.3327629113821273,1.7967472571338563
2010-07-08,1.5125975725978824,1.4863148400352568,1.3259150637461674,1.807642384336441
2010-07-09,1.5032896409625347,1.4601091962433506,1.3105530959454945,1.8134723093644212
2010-07-12,1.4941960433074921,1.431539635332199,1.294926576127515,1.8269236237279263
2010-07-13,1.4734418910713096,1.4161452994541306,1.2825723963424531,1.8551416777497585
2010-07-14,1.435564411371769,1.3960855828827674,1.2641551327866933,1.853632854232306
2010-07-15,1.4121955040296172,1.3920837838310602,1.2517277541825682,1.8525543372851878
2010-07-16,1.4022210742399446,1.3955421928602965,1.2476051473388616,1.8829498324171938
2010-07-19,1.3593754701650116,1.3733120734579563,1.2054358368846518,1.8863677167956274
2010-07-20,1.329349653959453,1.354595167113098,1.1690069847115614,1.884211969415705
2010-07-21,1.304303953704491,1.3310586147949315,1.1428333492058511,1.8695251831544968
2010-07-22,1.274523986700518,1.301207330304373,1.1190674235992293,1.846423635746771
2010-07-23,1.2496205994354608,1.265855384206513,1.082802691263089,1.7951715457168462
2010-07-26,1.2235396128720921,1.238062077124123,1.0440522380930253,1.7418319809232732
2010-07-27,1.2067056834957568,1.2146532808919346,1.0084912725696695,1.6911503744063947
2010-07-28,1.1899810120092456,1.2086781513146594,0.9843577411804663,1.6479133195934976
2010-07-29,1.187505771248166,1.1959517839955154,0.9610188873565748,1.6010408524088855
2010-07-30,1.1838275869042565,1.1889701602324325,0.9564109680078751,1.5617773718529442
2010-08-02,1.1910467288500608,1.1821759662565958,0.9522137312323469,1.5297470959294646
2010-08-03,1.1818002990340806,1.1635758386039126,0.934994679016639,1.5052862852322533
2010-08-04,1.175241101295352,1.148569969235557,0.9117631702706771,1.506315871637273
2010-08-05,1.17280330750102,1.1429391680948462,0.9020371097765497,1.5196296178955162
2010-08-06,1.1768304720388418,1.1517304309117775,0.9011516557416054,1.5380621457072894
2010-08-09,1.1890021321817605,1.1676559568726477,0.9034972324774687,1.5519102317454447
2010-08-10,1.2100257852383522,1.1863871316650945,0.9175938620073852,1.5813423536902607
2010-08-11,1.2260308472708,1.2119714338105694,0.9393374127915503,1.6084806313670341
2010-08-12,1.2044745731337052,1.204839339335324,0.9235940812687848,1.5873401927196855
2010-08-13,1.182757289210968,1.1906228619660513,0.9136894889562994,1.5772459714292986
2010-08-16,1.168720082770257,1.173408688430213,0.9043143898871279,1.5621794802271538
2010-08-17,1.1590098918961065,1.173336878150736,0.9020660193015027,1.5749949484756134
2010-08-18,1.1529826311504694,1.171150992539276,0.8969163362764979,1.59205257242458
2010-08-19,1.1558206253245795,1.174486544357151,0.9058968222730189,1.6145511067241611
2010-08-20,1.1561346592690926,1.1682777766033148,0.9067987174203168,1.6163708561582912
2010-08-23,1.1581238955642628,1.174045115462813,0.9149350924395522,1.623245092657417
2010-08-24,1.1602026944134494,1.176774548462398,0.9354462687342933,1.6389276776120207
2010-08-25,1.1575909530843933,1.1754318427779669,0.953849805696938,1.650509514921749
2010-08-26,1.1578999763771998,1.1856506788098704,0.979176247572231,1.6746264687093655
2010-08-27,1.1609359831259205,1.1898855207237515,1.0047452648704456,1.7022467172373599
2010-08-30,1.157054861297643,1.202345976191148,1.0224178736693683,1.7164669756706874
2010-08-31,1.1506021494099514,1.2181121650884443,1.0288869227202093,1.7205817443149012
2010-09-01,1.1530072261876827,1.2470874481207923,1.0331682782010312,1.7248117495084205
2010-09-02,1.1137479908474144,1.2269709928510357,1.0047815841914844,1.693938828036154
2010-09-03,1.0747301971398617,1.2110117532657623,0.9817594099346768,1.6572887381717982
2010-09-07,1.0330070627022478,1.1836615583813488,0.9453259630102229,1.626528524487799
2010-09-08,0.9972364664250514,1.1509320121111095,0.9127026682569729,1.578723130220034
2010-09-09,0.9642410406364812,1.113105648451362,0.8877030207916617,1.5446979257578146
2010-09-10,0.9314035614585872,1.0843898829935588,0.8723880883612145,1.5271694713874366
2010-09-13,0.9031739063288868,1.056644820090894,0.8589809980453883,1.5034169901050651
2010-09-14,0.8694900575915147,1.0289749994430606,0.8519498998578245,1.4701474859387955
2010-09-15,0.8506486592271871,1.0149066157579374,0.8527990972711216,1.45235467551727
2010-09-16,0.8374799784818245,1.0122381387952555,0.8478352561584785,1.444565881664895
2010-09-17,0.8335525657601969,1.0214344210328596,0.8494597019823583,1.4364974624359534
2010-09-20,0.8350129065736686,1.0284322442757663,0.8531841717745337,1.4365243313536429
2010-09-21,0.8291162713525638,1.0270910246266507,0.8448790336814703,1.4163538723747755
2010-09-22,0.8313043389531446,1.0192165222442326,0.84602443600958,1.3934559122775787
2010-09-23,0.8318186073394441,1.0213156617654013,0.8453579135635055,1.3665099393521707
2010-09-24,0.8285926714875965,1.0209625800520374,0.8479735371407104,1.339797899652886
2010-09-27,0.8052131365516506,1.0091641425909665,0.8334129846020797,1.279329417639922
2010-09-28,0.7820618736813914,1.00120716428955,0.8241855737569286,1.2284954009412505
2010-09-29,0.7659240537263747,0.9954536421562332,0.8193813044389086,1.186409948699073
2010-09-30,0.7595981145298317,0.9975207882418212,0.8120963686321437,1.1570041659092694
2010-10-01,0.755160217227667,1.0084366614515397,0.8072341300918034,1.1411694548121862
2010-10-04,0.7615304497769156,1.0158911676828772,0.8122117610269979,1.1317258365840686
2010-10-05,0.7613553904787213,1.0191173269989575,0.8119093434281341,1.1197327663742644
2010-10-06,0.7404190037552709,0.9942278807746565,0.793524820026117,1.085009748190775
2010-10-07,0.7215072621824651,0.9648698030895536,0.7803394285765314,1.071985087888735
2010-10-08,0.7070699767909271,0.9444708203833526,0.7648653977104481,1.0566901708730867
2010-10-11,0.6956114681647911,0.9245183392062962,0.7482126957370344,1.0399544741453142
2010-10-12,0.6918726047909458,0.9080982923462017,0.7324442101915207,1.02677127906648
2010-10-13,0.6871379200968438,0.8997287756515291,0.7213431956212777,1.0327032251024642
2010-10-14,0.6860049918378104,0.8914259255304812,0.7124509148382115,1.0359334604303532
2010-10-15,0.6930491719759574,0.8906480982253375,0.7106462014675344,1.0408023388502448
2010-10-18,0.7052924759537675,0.8677435847357923,0.70889363352186,1.050863774046104
2010-10-19,0.7245361077520125,0.8469274693392305,0.7097705245729249,1.052067464728062
2010-10-20,0.7281954530389868,0.8235097194344533,0.6980003290543964,1.0399430742798699
2010-10-21,0.7309620421239965,0.8090973495180533,0.6817285368803634,1.0185675347623053
2010-10-22,0.7343150968180497,0.8000707482597426,0.671922999319838,1.0018896910604493
2010-10-25,0.7361377717423265,0.7900873293450261,0.6647261702563854,0.9899576664047578
2010-10-26,0.7404962097517054,0.7911043534780505,0.6654939349471654,0.9863867269726593
2010-10-27,0.7455443564863161,0.7958913395721807,0.6710389482577582,0.9907790324248886
2010-10-28,0.7549727100300864,0.8006988727907334,0.6794505321214069,1.004973290057811
2010-10-29,0.7747378180223815,0.8043936634033098,0.6950400587377351,1.022704924893026
2010-11-01,0.8041926859711355,0.8027919887995141,0.717616918090399,1.0487148405164646
2010-11-02,0.8309161386836001,0.8077483158894805,0.7442588866902624,1.0781125400109945
2010-11-03,0.8633587681185669,0.8101939541598112,0.7655470368508628,1.1059812403631164
2010-11-04,0.8977410942783933,0.8216410932500063,0.7974857850511207,1.1407033924868422
2010-11-05,0.9132583201718901,0.8246399441216067,0.8098903059406316,1.1346069462243704
2010-11-08,0.9353794557968347,0.8364064261917491,0.8230031113841361,1.129751151573965
2010-11-09,0.9578970506624982,0.8531778828752623,0.833964349842312,1.1330022050007666
2010-11-10,0.9751694466531611,0.8781357443083553,0.8454221741957918,1.1314491680085057
2010-11-11,1.000177518640254,0.9034863584898052,0.8619195942563599,1.1350836947955039
2010-11-12,1.0201368583105894,0.9292976762776687,0.8800469878072981,1.141042655160107
2010-11-15,1.0312369718627368,0.9370687411272587,0.8960300502631835,1.1406563771416465
2010-11-16,1.0504336851374638,0.9492634391622969,0.9122286250952147,1.154326264456961
2010-11-17,1.0506385660710045,0.9495341912030919,0.9169043606733054,1.144397687564179
2010-11-18,1.060963101683388,0.9540529538687457,0.9169076196766563,1.1400088967417468
2010-11-19,1.0538351507737218,0.9490526933787765,0.9104395428553576,1.11974710567754
2010-11-22,1.0448830819540744,0.9505557250211385,0.8997250536407052,1.1048767138515212
2010-11-23,1.041444383410231,0.9591645671544912,0.8899472272352363,1.0868486314829349
2010-11-24,1.0308342273848368,0.9516623666333952,0.8752928282219504,1.0714733132815475
2010-11-26,1.018988636381038,0.9241605831437841,0.8499296710068988,1.038713210989209
2010-11-29,0.9995634475605835,0.8952923887209832,0.8291949303988686,1.0100881675650515
2010-11-30,0.9864707766313572,0.8799541814458658,0.8193730331165656,0.9945150187527128
2010-12-01,0.9670928300968704,0.859206973495294,0.8124274097545032,0.9831485396365279
2010-12-02,0.923355755731281,0.8235679661457574,0.772800483104155,0.9621490400628518
2010-12-03,0.8754804740453819,0.7850434711897948,0.7279617382955665,0.9461235957753743
2010-12-06,0.8252607083075642,0.7515068959195844,0.6879769640968206,0.935005129825541
2010-12-07,0.785031636172927,0.7216238163508788,0.6517580498025762,0.9205979298455276
2010-12-08,0.7500682472342455,0.7002089299247961,0.6226806726284908,0.9098010342260879
2010-12-09,0.7217988808713858,0.6850906580426663,0.5936612197775268,0.8999035869802495
2010-12-10,0.6931432636738737,0.6798689618907917,0.5686560218506256,0.8977277592164316
2010-12-13,0.6672551721558406,0.673203302263917,0.5434462556704699,0.8856821187437114
2010-12-14,0.6445879886172323,0.6671560363479612,0.5230585038895067,0.8833037944434705
2010-12-15,0.6249622077269448,0.6588373634325084,0.5051868612339306,0.8829551309878159
2010-12-16,0.6064238263557081,0.6552096119080927,0.49261975286056486,0.8799899767356886
2010-12-17,0.5938644262759308,0.6443395931531255,0.47879083796037153,0.880345568707214
2010-12-20,0.5858745268994484,0.6359601131696504,0.4703448167417848,0.8818131293754395
2010-12-21,0.5760885245692525,0.6313540285500086,0.4625303709844159,0.8799464398016974
2010-12-22,0.5673658731490743,0.6285907795086569,0.45102737518416397,0.8766073473984656
2010-12-23,0.5590650666504542,0.6294898309997551,0.4397102418680468,0.8752279366217827
2010-12-27,0.5578370688664603,0.6279032288873837,0.43201024857419246,0.886730637828332
2010-12-28,0.5560547943993934,0.6323034928668684,0.42803606922634496,0.9004544431479045
2010-12-29,0.5575541470754332,0.6369045465703821,0.4252891893387242,0.9100715835234272
2010-12-30,0.5572525808428938,0.6452121017507829,0.42558632484624886,0.9215437795225909
2010-12-31,0.5584925716312781,0.6548372750084519,0.43063979398013075,0.9360959419980281
2011-01-03,0.564187127341049,0.6730970452297316,0.436028851703532,0.9560458522791095
2011-01-04,0.5617668837880785,0.6730891736870721,0.432767539240872,0.9616741985732968
2011-01-05,0.5639809055521592,0.6799268691896918,0.4316410874737415,0.9515097641244133
2011-01-06,0.5631642311928248,0.6852427181016313,0.43285224249951804,0.9414543339467124
2011-01-07,0.5660002000061163,0.6956508116173277,0.43544579692678925,0.937530279994857
2011-01-10,0.5676294487960147,0.712608501661362,0.4400018021450864,0.9444803341996721
2011-01-11,0.5756053896662122,0.7381110007641726,0.44534988535224934,0.9553098300648805
2011-01-12,0.5869518688214703,0.7688573316390989,0.4542234534601956,0.9771064909361609
2011-01-13,0.5970749638068831,0.7991427758431584,0.45783894942962877,1.0043318946829105
2011-01-14,0.6052881131994403,0.8289772989882858,0.461423522392789,1.0315198484284547
2011-01-18,0.6128760886804085,0.8637495305155497,0.46896340943435416,1.0560423311607001
2011-01-19,0.6213128949053879,0.9017197748533926,0.4794208890624072,1.084162779392222
2011-01-20,0.622956903821876,0.9297045946029563,0.4920309617619464,1.0791967032045702
2011-01-21,0.6308606689572082,0.9539073204400064,0.5100237493800823,1.079703844457502
2011-01-24,0.6398294491873372,0.9714151742339541,0.5326742250421449,1.0842233561390553
2011-01-25,0.6486958533872025,0.9823774985122378,0.5530936494240686,1.0876387980079383
2011-01-26,0.6627594348493735,0.9976305074506018,0.5762393738172011,1.0961658363183895
2011-01-27,0.6803877778412134,1.0228460020009402,0.6033321547112162,1.099812316115355
2011-01-28,0.7024430703494607,1.0466100890907986,0.6330209550278499,1.1139140433766261
2011-01-31,0.7013143880667648,1.043412159462395,0.6512502452720875,1.1024684584399984
2011-02-01,0.6970603468636497,1.0388931323401172,0.6669425279137707,1.098466157755075
2011-02-02,0.6738594487903097,1.0227091466819813,0.6675385031192692,1.0792918572268686
2011-02-03,0.6523048709843748,1.0170808169387708,0.668420653562012,1.0708551301974474
2011-02-04,0.6400754197872436,1.0121040325236381,0.6738830249898502,1.0640462551081464
2011-02-07,0.6335614281076059,1.0153439286663184,0.6857297023516963,1.0617863722977912
2011-02-08,0.6294278422748063,1.0190834463288303,0.6959379109387315,1.0583500089281275
2011-02-09,0.6297015264124397,1.022290906083775,0.704251304264763,1.0601900726190958
2011-02-10,0.6370890051517782,1.026878594972611,0.7170380229597323,1.0624405270083432
2011-02-11,0.6490687012271439,1.035013483996491,0.7314083712547329,1.0706587523474071
2011-02-14,0.6648204899740473,1.0451328600161591,0.7476605986883127,1.085867095613942
2011-02-15,0.6882736262890318,1.0614551382626645,0.7618089697116279,1.111036752567391
2011-02-16,0.7139611219752846,1.0782626834823075,0.7736550113853562,1.1395750908885662
2011-02-17,0.7424747980623048,1.1013070556828692,0.7898924885349717,1.1696015537664448
2011-02-18,0.7752335906788443,1.13842859179236,0.8127564560399257,1.204403013400124
2011-02-22,0.8214035685256251,1.1704912368855138,0.836307071500333,1.2456148453829998
2011-02-23,0.8400682547750317,1.1660950986455998,0.8506482350558291,1.2602983874880616
2011-02-24,0.8534209860244978,1.1648695844323371,0.8652215679661474,1.264980000684447
2011-02-25,0.8766638438913066,1.1675225615812443,0.8872380244833589,1.2834702745585973
2011-02-28,0.8989203720023299,1.1825647668078405,0.9110276479292024,1.2791322482628196
2011-03-01,0.924033324852117,1.2044100789566443,0.9318216077112201,1.2886328658440536
2011-03-02,0.9368806910154753,1.2185205624481743,0.9433300194081211,1.2924707831179891
2011-03-03,0.9574294910984046,1.2370486634362912,0.9647986578122799,1.3006475742587613
2011-03-04,0.9556652658259592,1.2331979417550896,0.9782145259850898,1.2881558071245014
2011-03-07,0.951500031854929,1.2301811702752994,0.9902354979179429,1.2752056209424247
2011-03-08,0.9445814087799029,1.21997374848141,1.0023131933997387,1.2655317362592966
2011-03-09,0.936557980130069,1.218101610639199,1.0118347823418907,1.2462025023951093
2011-03-10,0.9446837982005376,1.2222325696493692,1.019523455682148,1.2298237591879533
2011-03-11,0.9376295370849073,1.2065408471717174,1.012680767639427,1.1887997307563822
2011-03-14,0.9399162010511334,1.1893683552548004,1.00419614942614,1.166484198582603
2011-03-15,0.9371136561989014,1.1753763651599347,0.9982786202320725,1.1499063955653224
2011-03-16,0.9313295235103869,1.1600550522162647,0.9862473326225188,1.146150048741398
2011-03-17,0.9088265086360134,1.1151994087722739,0.9556684214187763,1.1356820369026401
2011-03-18,0.8810022253505024,1.0749561204226115,0.9157532535147141,1.1372803258916826
2011-03-21,0.8624253169527066,1.04546150453032,0.8781402881371733,1.1396118215396942
2011-03-22,0.8346604045735979,1.0052600478864964,0.839649189793735,1.112659122599482
2011-03-23,0.8094536061374668,0.9680556605216095,0.8021787796006643,1.0895984524339584
2011-03-24,0.786157308055431,0.9408859609984118,0.7708618073007294,1.068928125879088
2011-03-25,0.7597973507299476,0.8989600129706967,0.7433572595303608,1.049120151899026
2011-03-28,0.7414638149436888,0.8620285155368067,0.7224120198434212,1.028376576251742
2011-03-29,0.7207742663856989,0.8266264445780086,0.7072152596922456,1.011617217436692
2011-03-30,0.7015638744110082,0.7951256233230106,0.6888675512621214,0.9994911010957206
2011-03-31,0.6823078813869369,0.7666633612349322,0.6678154396703598,0.9773777079402509
2011-04-01,0.6700597674110628,0.7434964107987306,0.6537948759256902,0.9529336073851409
2011-04-04,0.6624204057856197,0.7253969479090427,0.6407759023543095,0.9401291429588119
2011-04-05,0.6596252664279181,0.7095588615218501,0.6321354289947855,0.9308212178518012
2011-04-06,0.6550714343322385,0.7007308938288148,0.626419682008801,0.9241984151515171
2011-04-07,0.6560401470340804,0.6958805909133242,0.6205488071883766,0.9231855027694391
2011-04-08,0.6585421497909907,0.6979380648268333,0.6171599639506401,0.9240404533633644
2011-04-11,0.6649746827367121,0.6949092332464857,0.6177851478938755,0.919922562315271
2011-04-12,0.6775826326894937,0.7001119363787738,0.626434481102373,0.9132614501984551
2011-04-13,0.6936150987459127,0.707577919719124,0.6317106290593465,0.9091818970402034
2011-04-14,0.7141632309411705,0.71832076122505,0.6404510633523275,0.9085673324264955
2011-04-15,0.7327859290485668,0.7242083422295151,0.6516599680171657,0.9120737139994557
2011-04-18,0.7550935761679669,0.740657616720367,0.663937574888004,0.9146103368396528
2011-04-19,0.768615970355631,0.7589481631271354,0.672032284878322,0.9133162336150116
2011-04-20,0.7837834025405145,0.7796317831270267,0.676843934994189,0.9161714299253759
2011-04-21,0.7887920528467715,0.7709391183155783,0.6720027968035229,0.9029066426298262
2011-04-25,0.7909901318962116,0.7669810868982211,0.6702020181831473,0.8996174031746534
2011-04-26,0.7904526799943998,0.7697995575350236,0.6785867120844864,0.89835285591062
2011-04-27,0.7954597916955237,0.7740534905285876,0.6835409935583058,0.8937973044277545
2011-04-28,0.7988243064673358,0.7791731189538541,0.6844529399042363,0.8981996626023699
2011-04-29,0.8026710139890968,0.793709792381117,0.6892789003922429,0.9113377961363918
2011-05-02,0.8084654878142502,0.8023249023390671,0.6944137279536139,0.9331605085461611
2011-05-03,0.816048599943881,0.8143747963029455,0.702193990723885,0.9552894094365026
2011-05-04,0.831474368952451,0.8233347243707413,0.7129151323470067,0.9714477568781148
2011-05-05,0.8451957779512891,0.8357604141925141,0.7252754251153968,0.9805330130301773
2011-05-06,0.8552035028717123,0.8458141930466319,0.7230342236640989,0.9923578451033805
2011-05-09,0.8626343614064381,0.8589261553217438,0.7233683084371662,1.0084188086438102
2011-05-10,0.881234801434771,0.8792138866321857,0.7343643393539236,1.0267105601967739
2011-05-11,0.8866161688497,0.8955354024774195,0.7457758849786583,1.0427922612632328
2011-05-12,0.8882744773394597,0.9149403973697052,0.7563701970983677,1.0512021617591745
2011-05-13,0.8939190014854058,0.9379276024575328,0.7680067555810386,1.0620097503983277
2011-05-16,0.8978553832437166,0.9647350017721191,0.7740153393829062,1.07049557051156
2011-05-17,0.9030199782336024,0.973960391116128,0.7780692205524059,1.0843844296896852
2011-05-18,0.9079833444456683,0.9916345041813418,0.7778823476315555,1.106282017330279
2011-05-19,0.9191287524578542,1.0149804714238855,0.7813513439325696,1.1249865196039528
2011-05-20,0.9403473601226228,1.0464009611030949,0.7916962037177545,1.148749954154832
2011-05-23,0.9572138427095715,1.0771034280362346,0.80113399914083,1.1693344585145058
2011-05-24,0.9742061688299927,1.0871725737414042,0.8024136109406725,1.1910117701983811
2011-05-25,1.00314180564885,1.0960649328062217,0.8041776126120657,1.2020083806348822
2011-05-26,1.0326654478199147,1.110103632131093,0.810401338512483,1.2187153779836428
2011-05-27,1.0691732610284892,1.1192855304556721,0.818886260637605,1.2356136294954136
2011-05-31,1.103018638907038,1.130670752583955,0.8354405534259256,1.2573213903643004
2011-06-01,1.1360265614303209,1.1422192569284728,0.8516464695441842,1.2807637538657768
2011-06-02,1.1496849100174773,1.131824082923124,0.8365146905970461,1.2625793816075566
2011-06-03,1.1703514142624054,1.1224960219432327,0.8268387004749147,1.2470905560020589
2011-06-06,1.2023100213580054,1.1121452160573861,0.8181426223069834,1.2344487951911238
2011-06-07,1.237017943941921,1.1017448677930686,0.8100105691290972,1.216192099242612
2011-06-08,1.278450899616343,1.1033761926513292,0.8110635775061291,1.2128559339739045
2011-06-09,1.3217511976985288,1.1176457450651096,0.8122464219622442,1.2108870264703369
2011-06-10,1.367576360153705,1.1377105182490483,0.8206476143883159,1.2089344289102113
2011-06-13,1.42052630950635,1.150377868343942,0.8269106090727515,1.207193301031122
2011-06-14,1.4679253497512628,1.1712750089935584,0.8352622702792025,1.2067308276239912
2011-06-15,1.5161142798526512,1.1928126070048055,0.8334641204168284,1.1982531259171627
2011-06-16,1.5678229705414612,1.2019338047387453,0.8226954000751165,1.1822606781377758
2011-06-17,1.635548962434435,1.2204511804912714,0.8116190631903492,1.1657790928485798
2011-06-20,1.7060730110679572,1.244672323475742,0.8053293911567259,1.1600883771042572
2011-06-21,1.7911961815823463,1.2660764865790504,0.8017220750312982,1.1579158703885228
2011-06-22,1.8874664815045428,1.2748702109344185,0.7957090392639555,1.1623837762923201
2011-06-23,1.996744677598205,1.2841109680320808,0.7908627621493218,1.1616918811934946
2011-06-24,2.121783142569579,1.3043638120888383,0.7922162969785782,1.1726278800111463
2011-06-27,2.2560650552820563,1.3255967044524057,0.7991800126717049,1.1839365082026745
2011-06-28,2.423437015653338,1.3422778642897795,0.8064257416722866,1.1946190549080644
2011-06-29,2.6189372046230197,1.3606558865998581,0.8065681806468064,1.2075493764463758
2011-06-30,2.868826058989665,1.3875877883069343,0.8089134600462199,1.2166134563528492
2011-07-01,3.152534784169864,1.4146972100005737,0.8096366192303737,1.2348250162214842
2011-07-05,3.4972710078720333,1.4319272806700478,0.8059351464769602,1.2591327687519527
2011-07-06,3.2178097703056894,1.4522951431562945,0.8102528771156023,1.2826904636426437
2011-07-07,3.0029789460878384,1.4723673163335285,0.81420610101944,1.3158331536129402
2011-07-08,2.8239346977362874,1.4948005493177619,0.8245513685578525,1.358202036563145
2011-07-11,2.670875816910544,1.516459692157747,0.8396398293050626,1.411676851799635
2011-07-12,2.5313536558653746,1.52825761160125,0.8543223370376829,1.4479574740351255
2011-07-13,2.4213225631776454,1.5418026443687818,0.8795682021844977,1.491792212287311
2011-07-14,2.3211893845219715,1.5650900940143277,0.9161050846084005,1.5440051217153423
2011-07-15,2.238288900491712,1.5954840096427736,0.9557388521710488,1.5970031304722787
2011-07-18,2.1709459259335215,1.6336785505547202,1.0064705294328107,1.6557400556440298
2011-07-19,2.122375581661249,1.6753262031446243,1.0566812233794884,1.6995086853689727
2011-07-20,2.1016023166417472,1.6872297732802195,1.1005251614205402,1.7412349141693688
2011-07-21,2.093529692417986,1.7065946837398172,1.1536400837364953,1.7793082625552525
2011-07-22,2.1034292165733395,1.7410198331421538,1.2115514427197094,1.8269453657202053
2011-07-25,2.118537473356801,1.7867727222270466,1.272479936890731,1.9000734268912587
2011-07-26,2.149358202688838,1.8372434078693192,1.344957665364876,1.9814563394792168
2011-07-27,2.194289971296777,1.8932845786812906,1.4282728533615232,2.0565569173219007
2011-07-28,2.2361880395746767,1.9185556394458971,1.4883426061461869,2.1326456560576177
2011-07-29,2.277673681576722,1.9493669987134008,1.5605491324284997,2.2386978517148766
2011-08-01,2.338636524904583,2.0006759671268766,1.6504008779328088,2.367689003569169
2011-08-02,2.406892356076749,2.071939275886448,1.7595852085321986,2.5117266005857113
2011-08-03,2.4989658702768134,2.149218752803656,1.8677329485869456,2.6674344739572424
2011-08-04,2.5966225629646438,2.2466470589959617,1.9811237121143892,2.8374183007923777
2011-08-05,2.622308381990525,2.30129159084803,2.060034677140117,2.9652193345348095
2011-08-08,2.6875976050072903,2.366289544726442,2.1615485317359338,3.1270206103120284
2011-08-09,2.6885903340702555,2.3534316372638364,2.184653119668071,3.154514922580987
2011-08-10,2.6574541207465563,2.320314399121478,2.187452293290704,3.1458319329472966
2011-08-11,2.6071825858271307,2.257035664632663,2.1374933372831704,3.1111501219098487
2011-08-12,2.547955503750816,2.176668666414361,2.0835666697946134,3.0453906298230216
2011-08-15,2.5012492882679065,2.1263159606591784,2.0464736754717485,3.0099262871026102
2011-08-16,2.4534620008248136,2.089156306057343,2.0167638737944897,2.980483448320303
2011-08-17,2.4147675249117118,2.0956139959635496,1.9874447539252424,2.9702482348505455
2011-08-18,2.398406292573973,2.112142511349986,1.967868159016623,2.9667304987921956
2011-08-19,2.338658542280108,2.0551666679737446,1.9226563266306886,2.933742037603986
2011-08-22,2.288022723283094,2.0067291225199035,1.8814023059004874,2.906891623103223
2011-08-23,2.238528554907322,1.9921820522036633,1.8474605330037683,2.8880831772119184
2011-08-24,2.1768453758540143,1.9546396608335321,1.7949950921262583,2.8542945636107926
2011-08-25,2.127021038631957,1.9287700790454252,1.7598352904717653,2.815874617023598
2011-08-26,2.0881098993380744,1.9139607528064244,1.7261961300968776,2.7882775549921446
2011-08-29,2.061414955527623,1.8929495588304008,1.711444193189326,2.7813947437060746
2011-08-30,2.005758810485533,1.8534760552258298,1.67724567063325,2.759214191270802
2011-08-31,1.9638602751730212,1.8148658547650856,1.650091794540506,2.7368902885714568
2011-09-01,1.9451329894640432,1.785565656935177,1.633124295852185,2.726483101092535
2011-09-02,1.9293981199230616,1.777096243013881,1.6333711236278237,2.72140105751493
2011-09-06,1.8975492438254766,1.7585398573876034,1.626200829935521,2.6707126345751644
2011-09-07,1.8821640161535624,1.7485891750424452,1.6337132094065705,2.6346287135884734
2011-09-08,1.8732211712791655,1.7325202757392342,1.6370384163623228,2.591833243236241
2011-09-09,1.8658348395150295,1.7251781522330274,1.6496285486748992,2.5631713850374482
2011-09-12,1.8453262359170357,1.7018453717986095,1.6434449260921609,2.5220241966908006
2011-09-13,1.8362030854717133,1.673309525314682,1.6467421339583568,2.5034143862265816
2011-09-14,1.8354110628050702,1.6579975649039802,1.649042837968474,2.514081554303726
2011-09-15,1.84341200438504,1.6462528497265367,1.658467195524615,2.5284832628981313
2011-09-16,1.848432521805177,1.6330758409712798,1.6690054029761379,2.5502238104530432
2011-09-19,1.8722056510203626,1.623146734447678,1.6884998706016232,2.5906259038613575
2011-09-20,1.9012112090937343,1.640739658772365,1.7045437219526909,2.6449209582675994
2011-09-21,1.9438561998638773,1.6583659071132486,1.7274745644887002,2.6958408061209322
2011-09-22,1.9563215110679895,1.686076387748444,1.7524331418250165,2.7293924259692157
2011-09-23,1.9535822817645063,1.6709873766261585,1.7376606633665523,2.740961502921071
2011-09-26,1.948764638657013,1.656923928640036,1.7302185438473345,2.763602507889708
2011-09-27,1.94299647924526,1.6542023267664099,1.7173813425408597,2.8014259323153006
2011-09-28,1.9526088408663749,1.6576530471418487,1.709199325652059,2.8591966646502898
2011-09-29,1.952702217050985,1.668994021552251,1.6790934731592968,2.873295237988688
2011-09-30,1.9636850046280434,1.6825018928260764,1.655159823906906,2.8876821018991077
2011-10-03,1.9551598833565738,1.6802808412617352,1.6285638434745853,2.9011204778475768
2011-10-04,1.919659557586062,1.657823855348917,1.587366476665858,2.8982442020097525
2011-10-05,1.8679131243890168,1.645038370047134,1.5629840521853435,2.8305692582693633
2011-10-06,1.8169007465565454,1.6231902635069846,1.5456841764673446,2.775772027507814
2011-10-07,1.7714453830681731,1.6032127851487241,1.5156164755385637,2.73907468988641
2011-10-10,1.735737224959588,1.5985969764244243,1.5011152881366794,2.7180079424340873
2011-10-11,1.686025308212996,1.5655531185367353,1.4565374547713497,2.650123814668816
2011-10-12,1.6586210423287955,1.5562157537625385,1.4235742217492993,2.607989476451457
2011-10-13,1.644248545702087,1.5727215652763908,1.4075842842696704,2.579383458627139
2011-10-14,1.6359466171766293,1.5963617670016088,1.4204486118898598,2.5628474258998093
2011-10-17,1.6321153147644367,1.6105774057436963,1.4325173580737693,2.5444984105048825
2011-10-18,1.6305627967481886,1.6179913056145434,1.4400730325909223,2.520120153273787
2011-10-19,1.6228385829614618,1.6294361080274953,1.4482065034768015,2.4913722726620824
2011-10-20,1.6156207961896318,1.6306470102866575,1.4565909452906336,2.47631099648858
2011-10-21,1.6217108037856351,1.6434079159106922,1.4746053382615516,2.4727797131865747
2011-10-24,1.6229777611040517,1.6495880537092118,1.491281802402375,2.4764012909860105
2011-10-25,1.6408926188031776,1.6564152215397359,1.5223217426964388,2.4635191101744716
2011-10-26,1.6644906568839855,1.6471750692529434,1.5463869764589717,2.4580667560693077
2011-10-27,1.682989277383217,1.6598050787475473,1.5730251869036813,2.4692961383594
2011-10-28,1.684404365173241,1.6549283944046933,1.5810833139148524,2.420806960149166
2011-10-31,1.7073012181218783,1.668572782449978,1.603365534640587,2.3832884311769647
2011-11-01,1.7155453617636307,1.6952451988420663,1.6153862609962775,2.3368066335073467
2011-11-02,1.6940666348192255,1.6895376705033225,1.5980782623922065,2.2732530634481734
2011-11-03,1.6712466788051161,1.6885205308657154,1.577340051807566,2.2056464605157786
2011-11-04,1.6404253341216575,1.6843240402493442,1.5506005730703167,2.1364696234011316
2011-11-07,1.6264814938168979,1.6895889869030782,1.5479432935848572,2.0680436113162823
2011-11-08,1.6283318233468278,1.710617815438995,1.5518785453844528,2.031406507111978
2011-11-09,1.633619788673493,1.739200140447276,1.5594470682511667,2.0166474467715587
2011-11-10,1.6127643604932855,1.7327135465692332,1.5399015560787102,1.9562467729230248
2011-11-11,1.6026366884893668,1.7327163718456957,1.5210998790613426,1.9145580860521907
2011-11-14,1.5837209398261,1.7322823332956592,1.488929358549245,1.8724820937883555
2011-11-15,1.5781752618119327,1.7341463889710047,1.4653001248587771,1.845338350406581
2011-11-16,1.5669346207369692,1.736914472773917,1.4525718805081869,1.8348776244628142
2011-11-17,1.5480505697005924,1.724253084330892,1.4473389171269846,1.833155559916688
2011-11-18,1.537344492856305,1.7056146523339453,1.4390084834581678,1.855555712657656
2011-11-21,1.5265044591872055,1.6875491533983962,1.4418128869913411,1.8993724481254322
2011-11-22,1.5123136583954,1.6690567937230625,1.4305463652102897,1.9490265585460362
2011-11-23,1.5156014856368076,1.671687204599298,1.436291835711055,2.0065947395182038
2011-11-25,1.5183440429897577,1.6584326534683853,1.4269534484365274,2.047500386515147
2011-11-28,1.5275977524241358,1.6413605066033508,1.4272044239242967,2.1054845883326503
2011-11-29,1.5129286375766755,1.6039300380995385,1.4027355942415554,2.1002655744790375
2011-11-30,1.5091649936311886,1.5821875899677469,1.3908757302271813,2.12340560730957
2011-12-01,1.446443230934084,1.5177502525997042,1.3142727214166534,2.0447207348006233
2011-12-02,1.4020189260215206,1.4601482414345879,1.2624595269637047,1.9821707856843822
2011-12-05,1.3671098936827686,1.4151798162063538,1.2264659135408003,1.9312414065264476
2011-12-06,1.337967067635603,1.372267340462129,1.1918315860384459,1.8936393570717434
2011-12-07,1.3225666396813938,1.3404724238947239,1.1727989511881407,1.8675648613880875
2011-12-08,1.3094975134672828,1.3236843481653742,1.1668677039560664,1.8737475829752919
2011-12-09,1.28202620836181,1.2958512120227728,1.1490022912338747,1.8472195600421772
2011-12-12,1.2545822596604306,1.2727567670837805,1.131055485659531,1.8054106046123075
2011-12-13,1.2150786892975014,1.2607282936224355,1.1100413543840282,1.767425752558196
2011-12-14,1.1881384975135607,1.2506444274281674,1.092388382500622,1.7324980303089788
2011-12-15,1.1635118879627318,1.2247933044356698,1.0798914881897945,1.7036741260082082
2011-12-16,1.1411117471026782,1.209809684694103,1.0613564470907946,1.6744314640813316
2011-12-19,1.132996416068889,1.1951840311886248,1.0555683613654812,1.6679362808905158
2011-12-20,1.123571150057703,1.18342315975483,1.0592871414832232,1.6718944749926572
2011-12-21,1.0807547028889641,1.1375983644025982,1.0230463325223178,1.6404259257505696
2011-12-22,1.0525197762569247,1.082088700641802,0.9941937277393256,1.6141497968945884
2011-12-23,1.0231297190486068,1.0368755500045577,0.9692725913536964,1.5893226354519114
2011-12-27,0.9928718386074474,0.9983255189134418,0.941954434993816,1.5561128287184813
2011-12-28,0.9722843994270034,0.9717699804128651,0.9221103798832854,1.526733821091826
2011-12-29,0.940314338738369,0.944808723094982,0.8889836194940253,1.4856293836982246
2011-12-30,0.9118217272745598,0.9200465942233688,0.8535114314602075,1.4337139853625187
2012-01-03,0.8853596011343724,0.9033645964178366,0.8217411119488935,1.3796558172951419
2012-01-04,0.850594135900355,0.873172959162661,0.781419047276104,1.3281316336092452
2012-01-05,0.8171898786487227,0.8395546727289072,0.7471285642004423,1.2885411774971927
2012-01-06,0.790791049501743,0.8024680387913585,0.722305430189395,1.2488941239862463
2012-01-09,0.7657384925613294,0.7682280041891337,0.702847910540807,1.2202246856462688
2012-01-10,0.7477063837608289,0.7388216396397899,0.6911613080823888,1.193961909277568
2012-01-11,0.7257084742896226,0.711175845802324,0.6810629778689828,1.1761843276584407
2012-01-12,0.7044460801761976,0.691448559678285,0.6676753653767754,1.1690068306980061
2012-01-13,0.6832017849923223,0.6789014937814687,0.6556971799319831,1.1683098144780883
2012-01-17,0.6674978736920615,0.6719824022556192,0.6459347811338338,1.1610779546186956
2012-01-18,0.6544444474216188,0.6668511870008207,0.6417032376723848,1.1494789719553646
2012-01-19,0.6335363400212237,0.6513908661552561,0.6300404090911714,1.127056003568562
2012-01-20,0.6195800160972041,0.6387358529363941,0.6213894792801851,1.1119587060167722
2012-01-23,0.6106547313890561,0.6309443118646669,0.6101836944138246,1.0954828314011145
2012-01-24,0.602002782209996,0.6268054318845749,0.598486690744799,1.0850400301350813
2012-01-25,0.5967367175255317,0.6315299881163113,0.5905046639115243,1.076365068218479
2012-01-26,0.5920424230484436,0.6310154334910907,0.5813909811428492,1.073303450716636
2012-01-27,0.5905755457488623,0.6312123275529399,0.5775291983093463,1.0714562910176446
2012-01-30,0.5927353719409104,0.6344547591581041,0.57148319586806,1.0717112362949006
2012-01-31,0.597657682184055,0.6376519712046671,0.5672671731520703,1.0746550762812626
2012-02-01,0.6061690901824631,0.649324064645502,0.5659462112198265,1.0755528645441834
2012-02-02,0.6145593961439024,0.6605442978657342,0.5671016758709573,1.0673045404648194
2012-02-03,0.6296296760323193,0.6752089100496766,0.5696053427357148,1.0659169562183846
2012-02-06,0.6331652454780462,0.6773558717851671,0.5614434724070136,1.0484186145970362
2012-02-07,0.6374801568361698,0.6844815588119785,0.5578572201356401,1.0346956446207882
2012-02-08,0.6384044660771214,0.700878997919816,0.5586111998473332,1.0288491263104915
2012-02-09,0.642219904943198,0.7180708984428018,0.5620280677034633,1.0259075508368587
2012-02-10,0.6539315243937844,0.7330342093455872,0.5692580104979786,1.0162442653236814
2012-02-13,0.6567744637675698,0.7376337351446888,0.5744271747570925,1.0027283030062586
2012-02-14,0.6591963476060388,0.74024013218073,0.5771764877910655,0.9913007251416303
2012-02-15,0.6659424121004155,0.7434799762289812,0.5860662682787435,0.9844784120829787
2012-02-16,0.6742444127393868,0.7492982862236194,0.5934813691968573,0.9802731635920338
2012-02-17,0.6772722688039158,0.7501289758016821,0.5960737593225803,0.9564304637946238
2012-02-21,0.6796867910653872,0.7479637130053662,0.6063339992990546,0.940077248301211
2012-02-22,0.6827803207398992,0.7456935695769494,0.6143104965971008,0.9386676810948309
2012-02-23,0.6834130938793441,0.7411725637414617,0.6223779030950042,0.9350557452111811
2012-02-24,0.684433128700402,0.73830315392639,0.6311450875852433,0.9269700767955952
2012-02-27,0.6930147064509732,0.7407430976128738,0.6456688564716171,0.9299078108948958
2012-02-28,0.7041828323904136,0.7501839104089807,0.6635421899697235,0.9479406528221961
2012-02-29,0.7135553670061906,0.763206805273382,0.6823104491289615,0.9711995067710575
2012-03-01,0.7262027881633012,0.7772437413216653,0.7009279727310561,0.9906040087655049
2012-03-02,0.7363730425859213,0.7953544333225303,0.7194155463953165,1.0129424199517822
2012-03-05,0.7496496290164999,0.8098137619724611,0.7416493709704629,1.0300173878588799
2012-03-06,0.7689157489109221,0.8200026568786377,0.7679612478498239,1.0576057892903368
2012-03-07,0.7710735246629195,0.834899577425712,0.7676627160646153,1.0655538038886954
2012-03-08,0.7771945672153452,0.8450864184624468,0.7646725821952425,1.074231707057773
2012-03-09,0.7812157051220526,0.8441022432653558,0.7635407122375836,1.0873392075781856
2012-03-12,0.7917372954375704,0.8453340937722984,0.7700259676577187,1.093620386464558
2012-03-13,0.8086747237190761,0.8508245257599422,0.7803249528818577,1.1017430854223818
2012-03-14,0.8029556183235288,0.839569075219357,0.7732095272805616,1.0918103751427162
2012-03-15,0.7927350218740769,0.8324498355348394,0.7671322820559787,1.0812412108589264
2012-03-16,0.7835258453683243,0.827746149695068,0.7595093120148302,1.0694206278637097
2012-03-19,0.7788240961967126,0.823478816856863,0.7490774392951774,1.060405925171395
2012-03-20,0.7721844249472537,0.822875166937381,0.7463551680523102,1.0558873426100313
2012-03-21,0.7747026554765881,0.8327935382181794,0.7485468904420901,1.0458776429931527
2012-03-22,0.780203139095658,0.852317650160507,0.7514048798777982,1.0354385909524229
2012-03-23,0.7858637286390763,0.872806453920235,0.7545624538339955,1.0326281330683151
2012-03-26,0.7941744233313502,0.9035788078177456,0.7512675379878104,1.0273404980887944
2012-03-27,0.7900156118892885,0.9139085937370363,0.7393633912670743,1.0101362118493462
2012-03-28,0.7867198780969256,0.9447727882567948,0.7347557944737119,1.0047156055165094
2012-03-29,0.7904441676553372,0.9772433384996569,0.734816720214114,1.0024011624365583
2012-03-30,0.7998348381603798,1.007772710128267,0.741606923247169,1.0196891809265864
2012-04-02,0.8103544052633215,1.0454561612610462,0.7455237678545882,1.0463496416904425
2012-04-03,0.8213997538366331,1.0810235257977996,0.753796914436289,1.0756578470220937
2012-04-04,0.8357360086804406,1.1227677623620809,0.7628234824080109,1.111606512556233
2012-04-05,0.8470262746032562,1.1570683672624802,0.7734525118598715,1.1369004600979096
2012-04-09,0.864681126820213,1.1915533958991413,0.7853472110037293,1.1659463941237824
2012-04-10,0.8723889060395019,1.2171368214107887,0.7987821965260069,1.1862712065388357
2012-04-11,0.8661971412440266,1.2270513862239112,0.7978434981163568,1.1828149614343584
2012-04-12,0.8654256273261196,1.243912020744518,0.7962397533630263,1.1678923383823576
2012-04-13,0.8615864275904265,1.2650621591244666,0.7931626554340363,1.1487243296761078
2012-04-16,0.8512307921825207,1.2801417306332268,0.7848987648036001,1.1290923820942405
2012-04-17,0.8413594559831103,1.2962118880226534,0.7785683129246411,1.1185881057352618
2012-04-18,0.8258971139721213,1.2947905818925816,0.7576093073199922,1.0984471985845425
2012-04-19,0.8167566168097561,1.3030822059250924,0.7425128437537881,1.075820001684298
2012-04-20,0.8085155280699072,1.3104734151772015,0.7357896577184256,1.0652269297359376
2012-04-23,0.8110805941258636,1.316201293667213,0.7291412473548832,1.057124708978902
2012-04-24,0.8173960081534362,1.3178791936599397,0.7194193362730944,1.0412215483814848
2012-04-25,0.8302585001167241,1.3144336170313675,0.7142408710694425,1.0241137041256092
2012-04-26,0.8373214793700654,1.2796744758961625,0.7070073487159381,1.0084821569394704
2012-04-27,0.8371343973086054,1.243308927454491,0.701791906426043,0.994511282268702
2012-04-30,0.8342537657376613,1.2220950363889531,0.6958259200192394,0.9841222160016282
2012-05-01,0.8402856706076595,1.2128986682370442,0.6986197399200812,0.9678980949977577
2012-05-02,0.8378249713353825,1.2048495797858805,0.7049040011065385,0.9660314191636146
2012-05-03,0.8405948951706739,1.2180487049992943,0.7172631659515886,0.9743822732863336
2012-05-04,0.8467260055656196,1.2333847120809531,0.7322410470971807,0.979970896214083
2012-05-07,0.8351505630280703,1.2214091594683345,0.7374286607854125,0.9644966505373226
2012-05-08,0.8311640586232609,1.2134515852217016,0.7447055109074601,0.9536838511228801
2012-05-09,0.8359622899694472,1.2160006744739538,0.752502239370223,0.9503920011633291
2012-05-10,0.8367041113708367,1.2112146828136408,0.7631485220366316,0.9539889470283799
2012-05-11,0.8439317760733349,1.2217018115539333,0.7798280842878116,0.9670618799792183
2012-05-14,0.8615253241009003,1.2355184370639598,0.7946854870909286,0.9971263375213101
2012-05-15,0.8747012961090126,1.2515892739531436,0.8069097247863694,1.0261520792525785
2012-05-16,0.8881245456737444,1.254388682705224,0.8196665858072733,1.056436150529628
2012-05-17,0.9127333062684021,1.2692607700431207,0.8367434384143306,1.0920070544688778
2012-05-18,0.9292369050650482,1.2730801875237527,0.8422575960421993,1.108027047057474
2012-05-21,0.9418989823707533,1.279233903134565,0.851037587063654,1.1268121029216933
2012-05-22,0.9467537044491215,1.2642714362854013,0.8575296143878697,1.141440742662983
2012-05-23,0.9635509014554926,1.261422726780986,0.8740278623831064,1.157175403945088
2012-05-24,0.9827919880583321,1.2608721860547993,0.8931223534231428,1.17840680371155
2012-05-25,1.0038532405996574,1.2689786087140194,0.9195716300755445,1.1972561071890795
2012-05-29,1.0283087156650736,1.2760992277936836,0.9527286052587006,1.2136333108519357
2012-05-30,1.0524243875458212,1.2730506929697494,0.9817128040053044,1.2363377252227297
2012-05-31,1.0755921750164785,1.2661286970350156,1.006464487900519,1.2509056389160762
2012-06-01,1.1058276490610108,1.2705667139927992,1.0366867223419536,1.265115110606629
2012-06-04,1.0958504202708919,1.2562942464160836,1.0399375424316104,1.2493220661686442
2012-06-05,1.0916278124254264,1.2441320923030659,1.0460475420975859,1.243285114192697
2012-06-06,1.0963302315604493,1.247322347921281,1.0502861073318333,1.2399557665840844
2012-06-07,1.0837046328280615,1.2344899200375796,1.02767727099723,1.2211730671529146
2012-06-08,1.0775058363724959,1.2434056945515437,1.0155673610158655,1.2042644598015133
2012-06-11,1.0739575592133253,1.2565257955339635,1.013470094743265,1.1948164659570908
2012-06-12,1.0567926910936178,1.2576268123981083,1.0028082799305318,1.1799596145567133
2012-06-13,1.0425124217323098,1.2538247488024503,0.9872018981250832,1.1640520830915995
2012-06-14,1.0324793762072153,1.2446582477416859,0.9764443274375938,1.1486211239892516
2012-06-15,1.0218920769865492,1.240295800908375,0.9584571247592558,1.1450664737079979
2012-06-18,1.0167211199252078,1.2464561727472558,0.9433836883472071,1.151796653481625
2012-06-19,1.0174637846369945,1.2638198203586546,0.9385830650534884,1.175485100185612
2012-06-20,1.0169936088378726,1.2833387255141309,0.9332200769224114,1.186314411481081
2012-06-21,1.022814753713619,1.2949494070531196,0.9400797566427658,1.2066494576485371
2012-06-22,1.0012459870062866,1.294418996542146,0.9273370990969735,1.1955887359214075
2012-06-25,0.9895292451849116,1.2984698828872963,0.9200800315265016,1.1915792245087695
2012-06-26,0.9611660347127368,1.2955240197252802,0.9018651951848977,1.1844689469276024
2012-06-27,0.9468302216990849,1.3031516633565114,0.8879203933149025,1.1870382613627695
2012-06-28,0.9293927682293859,1.3127054790383763,0.8862792148227782,1.173214711686047
2012-06-29,0.9213477450148284,1.317694564609536,0.8925702203092647,1.1685205172113455
2012-07-02,0.8881792636228678,1.3023918667337404,0.8771455257033558,1.1348148223827936
2012-07-03,0.8595279597894966,1.2913455954067263,0.8656700930364505,1.1124103937694891
2012-07-05,0.8383438337386057,1.2880942881507826,0.8548401063438797,1.0914156514196232
2012-07-06,0.8280287520014655,1.2818682880979366,0.8478270505690878,1.0782808802585242
2012-07-09,0.8146388437142071,1.2791459110022643,0.8458577335348462,1.0674823667369777
2012-07-10,0.8136591730635664,1.2778809965640245,0.8419111391379078,1.0566183482966418
2012-07-11,0.8125945761560465,1.2859025282405805,0.8326741162092086,1.0397361063822
2012-07-12,0.8144430451720547,1.2819602790542386,0.8353558567164663,1.0286970492826488
2012-07-13,0.8218926119228184,1.2858017648449962,0.8459611656772286,1.0314385763703962
2012-07-16,0.8175179829893665,1.2860410825807498,0.8411821674468459,1.0245945388499307
2012-07-17,0.815778431962353,1.2861903170783582,0.8355516842428388,1.0281359056944213
2012-07-18,0.822055911925122,1.2900428820294236,0.827110837515363,1.0332836541227668
2012-07-19,0.8310328787411456,1.288169277343907,0.8225465025354235,1.045339484667226
2012-07-20,0.8415037153806328,1.286497631925253,0.822429514918342,1.0634703945773094
2012-07-23,0.8468578933057728,1.2806998378440755,0.8194600116395981,1.0859282448490117
2012-07-24,0.8480101159072525,1.2656198618004184,0.8110598584345016,1.091738225337514
2012-07-25,0.853651671001404,1.2471353018751874,0.8012936785023113,1.0933146260310087
2012-07-26,0.8656161520204878,1.2228751319117641,0.7933590112610283,1.1045719094189266
2012-07-27,0.8641487391151716,1.1992810033926224,0.7764328628659596,1.1155093272893009
2012-07-30,0.8521634010902694,1.1452222951963338,0.7512667592102077,1.0964644049193237
2012-07-31,0.8447777568426903,1.0890838277202863,0.7350106134591742,1.0823194103266391
2012-08-01,0.835707893751483,1.0371902053561894,0.7138304204641585,1.0736967799343387
2012-08-02,0.833108910822259,0.9995283337240268,0.6957687279370545,1.052569982744472
2012-08-03,0.8232074306158325,0.9708339697294311,0.6788146876558034,1.0371084700132405
2012-08-06,0.7982085264137567,0.9313690540087025,0.6436650494811275,0.9921824856146118
2012-08-07,0.7735749313590913,0.8950272982591653,0.6151145294570184,0.9550382412566067
2012-08-08,0.7469886412848594,0.8649389063755369,0.5948564414796371,0.9258810638312531
2012-08-09,0.7223933425128758,0.8413260144358439,0.5813277243468425,0.9048787052759064
2012-08-10,0.7045248538818153,0.8234605501229855,0.5708610407202814,0.8829958302089528
2012-08-13,0.6847896136290401,0.8072887550430184,0.5584612492869413,0.8629766908624666
2012-08-14,0.6717482442873182,0.7943857717888881,0.5488584119493881,0.8539554361547627
2012-08-15,0.6618350911514248,0.7842958112336045,0.5447606337254693,0.8533983243278936
2012-08-16,0.6567894231838822,0.7804941452413586,0.5419342114110194,0.8557446105685603
2012-08-17,0.6524275595118364,0.772620733274356,0.5401247961292533,0.8538450140585513
2012-08-20,0.6522373355813973,0.7708462056201532,0.5409526250588587,0.8459473615147056
2012-08-21,0.6533439551901651,0.7689192723688594,0.5445273264158087,0.8430879903052697
2012-08-22,0.6617219366212498,0.7699857947957479,0.5473437639398274,0.8460256052009445
2012-08-23,0.6759334872053074,0.7712288187617734,0.5536957551538729,0.8470037726017772
2012-08-24,0.6815581862441413,0.7656790399425999,0.5506944109846319,0.8484658563321761
2012-08-27,0.6885772187694038,0.7667464551739264,0.5480377073100309,0.8518312483063792
2012-08-28,0.6966405915505638,0.7774774384168979,0.5551335822319368,0.8497963668501234
2012-08-29,0.7094765233674886,0.7888784155414733,0.5616163754985862,0.845153254794737
2012-08-30,0.7194689620439755,0.800573367999016,0.5727791446380229,0.8480522138267059
2012-08-31,0.7302793967736033,0.8144025296566242,0.5796510143983337,0.8515155542451397
2012-09-04,0.7395932965508769,0.8319315350349528,0.5913750965258638,0.8629988295173876
2012-09-05,0.7512314249158935,0.8474655751407965,0.6075107563915886,0.8764915684853254
2012-09-06,0.7668715575137061,0.8642296921886787,0.6292570151657219,0.8906187321660617
2012-09-07,0.7548923790952902,0.8565346360273869,0.6262560337804837,0.8928822776191676
2012-09-10,0.7478265772081489,0.8503970001366111,0.6270699166222169,0.8917817259988575
2012-09-11,0.7371722820044162,0.8327664312696061,0.6260158533274051,0.8907718777624448
2012-09-12,0.7283463624811509,0.8289735236079271,0.628243059973226,0.8972676799759841
2012-09-13,0.7280727249037579,0.8284371908017207,0.6343782942990515,0.9095877005060973
2012-09-14,0.7105122842614541,0.8225786944502362,0.6224375859688434,0.9086606675048633
2012-09-17,0.7010052423099221,0.81577582781023,0.6109873935024422,0.8992085888793631
2012-09-18,0.6951788104772894,0.8095426943393487,0.6012094953301255,0.8888923049012397
2012-09-19,0.6880471030010273,0.7998836980849718,0.5961937935251723,0.880957048900853
2012-09-20,0.6811285227414902,0.8030182325549051,0.6007900561900699,0.8768999089912394
2012-09-21,0.6783426580963217,0.8123953542756973,0.6037356901446231,0.8810485981759247
2012-09-24,0.6824550550921152,0.8339045569302304,0.6102945369600373,0.8921214491379652
2012-09-25,0.6860074501848364,0.8513918444426363,0.6211471934303074,0.9034366139376916
2012-09-26,0.688238254660053,0.8609562207979202,0.6245041868562602,0.8971249381402151
2012-09-27,0.6907029719411868,0.8672036128429937,0.6240280378506778,0.8968365759562938
2012-09-28,0.6890566893785622,0.8645161989660088,0.6253406305134093,0.8975792826327599
2012-10-01,0.6935024644758809,0.8597868677202117,0.6276858626173494,0.8974544280387614
2012-10-02,0.7017058568495952,0.8643629268117284,0.6335221588320284,0.8989948866660221
2012-10-03,0.719493912808684,0.8792305576391836,0.6407066987371509,0.9021517388122129
2012-10-04,0.7305547296583847,0.895496724538617,0.6505502529410803,0.9028581831193823
2012-10-05,0.7375756494796843,0.9111474859954437,0.6639846490949332,0.9058485144525331
2012-10-08,0.7477303286253594,0.9270376737495766,0.6822534831581589,0.9126096562560467
2012-10-09,0.7634769036261254,0.9377447469878688,0.7003932819081141,0.9149572706640022
2012-10-10,0.7728544844491596,0.9287550971246524,0.7176696152447477,0.9124301282676569
2012-10-11,0.7819266776634692,0.9243483637675772,0.7286122871291253,0.9110120820746939
2012-10-12,0.7973704929526917,0.9302261967511344,0.7500981570171523,0.9134091965341704
2012-10-15,0.8112702284258836,0.9383344984500825,0.7755470589002333,0.9110993389824098
2012-10-16,0.8276752927560896,0.9502643649022914,0.7956439984298294,0.91034397464352
2012-10-17,0.842203451078689,0.9567607715730129,0.8128748216696382,0.9201362757956428
2012-10-18,0.8550444112850271,0.9753400023218929,0.8296654967482892,0.9255131796418428
2012-10-19,0.8746246623410274,0.991562218246239,0.8494575119467368,0.9358376214764186
2012-10-22,0.8804398633098488,0.9831553120901081,0.8644900437048458,0.9327329342097279
2012-10-23,0.8815142608320841,0.9818545230097336,0.8859595072542282,0.9403817187366262
2012-10-24,0.8723531217235533,0.980664401103165,0.8879648285942915,0.9501193581085066
2012-10-25,0.8717862583634147,0.9768173113734291,0.8907559974127619,0.9739843221337131
2012-10-26,0.8731957011003796,0.9834448531677458,0.9018447539415886,1.0129559936765695
2012-10-31,0.881561458827559,0.9965698168220334,0.9147858673743224,1.0508148171023346
2012-11-01,0.8981005976837306,1.0123855800604447,0.9273466107511995,1.0871888562841046
2012-11-02,0.9175511465757389,1.0182372221774953,0.9376625613702317,1.1087137056565362
2012-11-05,0.9375933396795173,1.020423704512583,0.9425724038770147,1.1281630591089142
2012-11-06,0.9556211147089182,1.0322699629947463,0.954786595010524,1.1469093251484692
2012-11-07,0.9792359262867009,1.0584059779966097,0.964545196514976,1.1763489515329995
2012-11-08,0.9733441213666402,1.0479328165292323,0.948957234834962,1.1682864030671123
2012-11-09,0.9585712056627104,1.0265118702115597,0.9410231718575227,1.151276783921365
2012-11-12,0.9557816988999313,1.017250186803169,0.9401704691562176,1.1374156622559461
2012-11-13,0.961027642297583,1.0082546644637536,0.9447747496169087,1.1272072669362283
2012-11-14,0.9697083134253377,1.0076032137843491,0.96026877275716,1.1165347704890183
2012-11-15,0.9637910697598646,1.0012992484514287,0.9607543987052679,1.0964188679253202
2012-11-16,0.962929005425997,1.00345425465063,0.9576528619726707,1.0863793008621743
2012-11-19,0.9608438095470034,1.006557458322244,0.9558119814845235,1.0833002166065642
2012-11-20,0.9380322428330582,0.9763596697222129,0.9371682407996866,1.0684886586534237
2012-11-21,0.9206033446945973,0.9518023330854526,0.9134343728514246,1.0634987713282738
2012-11-23,0.9061075471357437,0.9286360454412167,0.8955171710575957,1.068141894360905
2012-11-26,0.8818001614298635,0.8994204415808167,0.8648550841307288,1.0634582103866976
2012-11-27,0.8670994540807662,0.8772449456586101,0.8313821910900381,1.0599309831912818
2012-11-28,0.8574199553253639,0.8648512570014867,0.7968866951285055,1.0635946117945476
2012-11-29,0.8477877853109931,0.8619034855009169,0.7615941870947239,1.0666524286314651
2012-11-30,0.8461188305773354,0.8588505020345009,0.7368233357203101,1.0581605313059534
2012-12-03,0.8456526451177596,0.8550562473929928,0.7160697486780483,1.0524087014838404
2012-12-04,0.8384416860900107,0.8592443707569986,0.6996155573135394,1.0480465253459106
2012-12-05,0.8330099559329075,0.8701631999253412,0.6902611054184116,1.0405683560083552
2012-12-06,0.8352645534923995,0.8753329958122555,0.6849395004505302,1.0340922699162787
2012-12-07,0.84082163586333,0.886555259251484,0.68348003126701,1.034908064416243
2012-12-10,0.8523190679568301,0.8996758549431404,0.6819902554645892,1.04328908913191
2012-12-11,0.8652972887690702,0.9129286006472416,0.6845630374004715,1.0555223418539164
2012-12-12,0.8819814626495822,0.9129918470197318,0.6936115404248218,1.064497659842871
2012-12-13,0.8997956443136089,0.9172586400691264,0.7017286255110499,1.0712547689959038
2012-12-14,0.9141889587121026,0.9247463872229854,0.712263377901205,1.0795546316309788
2012-12-17,0.9314599686941926,0.9284491690745772,0.7308349656063075,1.0864813928342116
2012-12-18,0.9574949691151453,0.9321953125207458,0.7504624127228819,1.0855486735208641
2012-12-19,0.9765025162115545,0.9326714557577763,0.767209208234847,1.0846340867339637
2012-12-20,0.9882120741592578,0.9344401899218843,0.7839828903164904,1.0868597454524025
2012-12-21,1.0014977628762387,0.940911644485521,0.7975738268316723,1.0866301705780819
2012-12-24,1.000602118139884,0.9379285800821487,0.8059649401334564,1.0938853307221397
2012-12-26,0.9934279837613981,0.9505887306939887,0.809245292339801,1.1103096104668322
2012-12-27,0.9885872195615185,0.9628112528564965,0.8186639129029504,1.1261728569895382
2012-12-28,0.9954234648695771,0.9729850976356291,0.8345585776349057,1.143149594786634
2012-12-31,0.9945616470518902,0.9778059708766565,0.8396042847861763,1.1591227200450875
2013-01-02,0.9816239164076137,0.9691059143919388,0.8457039463624892,1.1559081749777267
2013-01-03,0.9355192140125563,0.9158826252443738,0.8174526375211673,1.108660719629961
2013-01-04,0.9009194375788643,0.8712355762343367,0.7860737705368974,1.0655746835121906
2013-01-07,0.877141358907735,0.8325403280680255,0.7563717650978582,1.0174616508650673
2013-01-08,0.8510112853009566,0.8014356082105564,0.7316460165025664,0.972956643677121
2013-01-09,0.8246306865884667,0.779768261877329,0.702006493941999,0.9355068382079401
2013-01-10,0.7963812254260428,0.7653367733270168,0.6826206067159767,0.8949976273255198
2013-01-11,0.7703234126127346,0.7548280653531143,0.6653151034278677,0.8548651265365449
2013-01-14,0.7440958737148898,0.7486090623955483,0.6507745437085246,0.8211763915068178
2013-01-15,0.7224688110755798,0.7434664710560592,0.6406473070892572,0.7935551550435507
2013-01-16,0.7026602937003741,0.7410927467434725,0.6384488227625479,0.777014655498607
2013-01-17,0.6832260676267388,0.7427638696428189,0.6387135683817008,0.7660163747701441
2013-01-18,0.6703799131663074,0.7450287895978879,0.6367877617003976,0.7543079680380315
2013-01-22,0.6576936827291037,0.7511055430909775,0.6332031467337391,0.7427505529925734
2013-01-23,0.6483880211564813,0.7608508753461282,0.6358980042103883,0.7295144044789124
2013-01-24,0.6354820043391827,0.7709416353049277,0.6385515207397723,0.7243707029555165
2013-01-25,0.6280747678168968,0.7719719121787999,0.6451674166885881,0.7255579742717808
2013-01-28,0.6227660217177455,0.7759246904988493,0.6499907361382847,0.7292328809257258
2013-01-29,0.6208513945073356,0.7884859865019013,0.6531070315369184,0.7388338580113789
2013-01-30,0.6282528403730592,0.8068397787111695,0.6578422141727465,0.7505277813462987
2013-01-31,0.6307317588625989,0.8256178579529762,0.6596201020755436,0.7582305617501871
2013-02-01,0.6372313501117628,0.8441948027145884,0.6633887765535373,0.7706741443823586
2013-02-04,0.6418872304967401,0.8669275022155979,0.6653123599735348,0.7924967514055773
2013-02-05,0.6396491587392851,0.867859648317192,0.6634443473037601,0.8044010567047127
2013-02-06,0.6345180632664996,0.8583943365473236,0.6627922380656216,0.8064261306777967
2013-02-07,0.6241845223960596,0.8554785443970556,0.6675022407781136,0.8149024109906171
2013-02-08,0.6176477637168173,0.8581639125391334,0.6729324834591837,0.8293287720792233
2013-02-11,0.6171372964068861,0.8574173867738926,0.6785857023980896,0.8436785302854404
2013-02-12,0.6232995463824753,0.8532406057589834,0.6867074849813378,0.8586732760323798
2013-02-13,0.632963966706067,0.85562438571063,0.6958897531045599,0.8746092903826435
2013-02-14,0.6463678151553314,0.8680967875267959,0.7075788216773503,0.8947464743268994
2013-02-15,0.6696626497118715,0.8792514544053751,0.7206910855047792,0.9206845927780025
2013-02-19,0.6998006458989988,0.8923220683320986,0.7285158578705104,0.9503513449088341
2013-02-20,0.7357565699853864,0.9038758441271554,0.7412008861778515,0.9780517384848376
2013-02-21,0.7567184352585327,0.8981900463879496,0.7514374937114331,0.9873878686879196
2013-02-22,0.7790496446231667,0.8841946749038497,0.760146717317589,0.9920632855714996
2013-02-25,0.8017951609004719,0.8718814866390608,0.761321689998606,0.9916927416980243
2013-02-26,0.7981032173541368,0.8515751442063432,0.7458280255765588,0.9622306310956907
2013-02-27,0.7932296153476874,0.8290651023789299,0.7243963006660246,0.940400304394233
2013-02-28,0.7768534658172274,0.8062844568496212,0.6982700671776602,0.9185947779452724
2013-03-01,0.7580397966314607,0.7900356457802128,0.6805520895641713,0.8996867350956858
2013-03-04,0.7397387090214258,0.7809610502390408,0.6637712873772809,0.8801784072539425
2013-03-05,0.7270386175582197,0.7766361054473203,0.6540466980775684,0.8646042859244232
2013-03-06,0.7052748787463734,0.755113160974905,0.6396209605880555,0.846781304745225
2013-03-07,0.6853199416147502,0.7325388378939799,0.6248614561561466,0.8312569674463557
2013-03-08,0.6694458903940411,0.7118152114109633,0.6150366248909848,0.820632068021244
2013-03-11,0.6550716048151002,0.690024788235665,0.6045224594259083,0.8115850265075454
2013-03-12,0.6498861484322124,0.6737314252282246,0.5919760852706086,0.8087166791742999
2013-03-13,0.6492092355527221,0.6592254672638969,0.5853124737038591,0.8158665728777799
2013-03-14,0.6476969124829397,0.6488275593440781,0.5830591142266055,0.8177727812655234
2013-03-15,0.64954889039526,0.6457424133917185,0.5857259303331419,0.8197125669030789
2013-03-18,0.6561503726077341,0.6479157032702916,0.5916631986901516,0.8205224631776082
2013-03-19,0.657063027749995,0.6556679980662024,0.596608431897929,0.8225648531523128
2013-03-20,0.6651958362257677,0.6710695953796117,0.6064282512881498,0.8270657118162966
2013-03-21,0.6759291779973846,0.6868911477280272,0.618677825785059,0.8364329976977802
2013-03-22,0.6848518104729571,0.6901405287054752,0.6287661477507231,0.840473387203658
2013-03-25,0.6890928165117168,0.6915016483125447,0.6391098116981072,0.8488717080376754
2013-03-26,0.6945572784852987,0.6916027451354141,0.6488978343564907,0.8609260585171653
2013-03-27,0.6949185792060081,0.695939167945291,0.6590320044346344,0.879773448262975
2013-03-28,0.698406559875807,0.7084711765541819,0.6695492027496314,0.9099857645114576
2013-04-01,0.7065677665992409,0.7303627474594645,0.6748179007879656,0.9446916635620233
2013-04-02,0.7160978424424387,0.7533505113338665,0.6843197904342176,0.9795428756548343
2013-04-03,0.7316899147751454,0.7828312690905771,0.692327375873371,1.0183991536303203
2013-04-04,0.742973868066799,0.8110174575457877,0.6984837839832486,1.0426703539511688
2013-04-05,0.75720269554588,0.8443141575713236,0.7029268049975432,1.0633337053076135
2013-04-08,0.7739957759602901,0.8728693806892184,0.7136756056970596,1.0957556492467422
2013-04-09,0.793371667610331,0.8968201068671411,0.7289841454502417,1.1234363261774776
2013-04-10,0.8171361151092076,0.9268618541107564,0.7463684684435141,1.1755535954162328
2013-04-11,0.8331325456742668,0.9492262818445651,0.7580294241232032,1.218251103552892
2013-04-12,0.8524493780317286,0.9766055268084453,0.7745845382007802,1.2698520355210328
2013-04-15,0.8800900974472399,1.0051891649024502,0.7926397563653048,1.3358742375836994
2013-04-16,0.8693629945252106,1.0132805387012422,0.7890448928574653,1.3395544239973913
2013-04-17,0.8521629206482919,1.0198287287401187,0.779629942510711,1.329282695655711
2013-04-18,0.8211362779717487,1.0021577068685719,0.7630495076897855,1.3024289427772975
2013-04-19,0.7919454851037576,0.979758015032313,0.7485836754555034,1.278065204208076
2013-04-22,0.7695526290938439,0.9483904484149004,0.7381869113028117,1.2600972779439092
2013-04-23,0.753490136347784,0.9219631293148477,0.7339442810692579,1.2453115340470102
2013-04-24,0.7335886412656368,0.8917773486594439,0.7306017153714779,1.226501993169538
2013-04-25,0.7235245797014502,0.872354769111128,0.7258563004786481,1.207597616523684
2013-04-26,0.7168302123297153,0.8490273553138735,0.7236164372219253,1.193292418086193
2013-04-29,0.716989238941752,0.8263665538102223,0.7260235313118927,1.1826181543076864
2013-04-30,0.7223282724321782,0.8058457419429751,0.7269301846809268,1.1847092789552938
2013-05-01,0.7370483166515945,0.7877104006445288,0.7319944697596001,1.190547215902764
2013-05-02,0.7418317974739878,0.7712882410982874,0.7329394779995618,1.1755535279084957
2013-05-03,0.7451628128342338,0.7565713951077746,0.7338960703383762,1.1578900385975743
2013-05-06,0.743312542761599,0.7377672596703032,0.7305926308256168,1.136836097662655
2013-05-07,0.7396793678500858,0.7236325122756239,0.7244911602907137,1.1122691677512904
2013-05-08,0.7405473977487158,0.7175133355521304,0.7174763559625494,1.0894599750472767
2013-05-09,0.7370443049906521,0.7098239528342677,0.7087581519581445,1.069324209755871
2013-05-10,0.7334573487137686,0.7077847059810576,0.7006517979873842,1.0419921939694976
2013-05-13,0.7322145090004146,0.7058247648350835,0.6990856994131334,1.020223466401905
2013-05-14,0.7384026503639578,0.7063984882507905,0.7023718068803428,0.9951057640437279
2013-05-15,0.7415645705279601,0.7088998277781001,0.7009736229518531,0.9750949621403168
2013-05-16,0.7465668114130783,0.7158945709164407,0.7026684806132262,0.9615766525592025
2013-05-17,0.7491467304101438,0.7231729624570665,0.7070154914661054,0.9605641411311037
2013-05-20,0.7558099158701668,0.7268367183957956,0.7156928095138808,0.9595728596828713
2013-05-21,0.7655121754693951,0.7288512970757378,0.7279163214718665,0.9632466051480647
2013-05-22,0.7777120865112476,0.7326175751986174,0.7444302614373194,0.9825145258694564
2013-05-23,0.7819992422242864,0.7258342319634098,0.7572559015775698,0.9912478219158712
2013-05-24,0.7955759912853392,0.7224899647030973,0.7794406322326524,1.0067518006498146
2013-05-28,0.8212298508923263,0.7246026466413711,0.8014156860705229,1.0248030627819507
2013-05-29,0.8432847044136752,0.7337193733278491,0.8186337523990955,1.0409052409926198
2013-05-30,0.865251419029021,0.7446560427273682,0.8366451243669119,1.0575010160945217
2013-05-31,0.8866095787568175,0.7560979806335764,0.8629184675178247,1.0726091632351389
2013-06-03,0.9013390217892294,0.7695429327965435,0.8828548358659623,1.078062741094357
2013-06-04,0.9184004008468483,0.7899255434077489,0.9062292227712457,1.0860870363391937
2013-06-05,0.939234021002547,0.8107527172885415,0.9299427875706848,1.0964096379788828
2013-06-06,0.9481052275626316,0.8221935838282819,0.9355789930410804,1.0944867123313424
2013-06-07,0.9617856587806136,0.84184429218278,0.952254003144491,1.1004697153774123
2013-06-10,0.9718350005621273,0.854995477369549,0.9520355110027124,1.115055581392616
2013-06-11,0.9965369868504785,0.8734830561096673,0.9579925949824497,1.1377532709230247
2013-06-12,1.022058260250558,0.8845422390323886,0.9651103027595929,1.1432223972848419
2013-06-13,1.046066699907348,0.8879451682673724,0.9649498149845098,1.1504774071595565
2013-06-14,1.0659949551721049,0.8882329849784626,0.9615639192508909,1.1441142877523836
2013-06-17,1.0812430577729193,0.894566461935623,0.9561151174078941,1.1409972149063652
2013-06-18,1.0954168711143915,0.9058799973374358,0.9484145871867211,1.1422020636134964
2013-06-19,1.1116378127036506,0.9211996708298135,0.9374955373519239,1.1454438406383793
2013-06-20,1.115701195218252,0.9364343064333984,0.9226950057577628,1.139979761774208
2013-06-21,1.088750562177736,0.9129026434314934,0.876617744070359,1.1123280411435736
2013-06-24,1.0612972049899527,0.8968194721009111,0.8395851078047604,1.0912035431899152
2013-06-25,1.0258186972577266,0.8751962220140069,0.8038451585828225,1.0693348489553742
2013-06-26,0.9961058149183,0.8549092047505161,0.7694389162313799,1.0437715026033
2013-06-27,0.9702709008886843,0.829748318963729,0.7334442602644634,1.0216668218546137
2013-06-28,0.9480767371596128,0.8053731488966395,0.7042517921521775,0.9968184333979327
2013-07-01,0.9268501163050754,0.7831341372708495,0.6726855068801827,0.9697242100338538
2013-07-02,0.9115482073096736,0.7618813674107934,0.6527010761811668,0.9484064104132963
2013-07-03,0.8944183190568289,0.7480126674486028,0.637712165384875,0.9319479340197778
2013-07-05,0.8752342144253338,0.7404508526763305,0.6266387955871547,0.9208420623232575
2013-07-08,0.8546279469228965,0.7343969546182161,0.6101233368939802,0.9017498938727485
2013-07-09,0.8314592963623502,0.7354040592283255,0.5961794601509732,0.8863857528990625
2013-07-10,0.8052019131414163,0.7424363592862724,0.5828677508575583,0.86791548705109
2013-07-11,0.7888680733494512,0.7477768634205265,0.5758112798404574,0.8533678498715763
2013-07-12,0.7598406162985928,0.734759538031984,0.5589710743927506,0.8416639418915295
2013-07-15,0.7331718124917368,0.7231614305491161,0.5427666783093152,0.8306938040147568
2013-07-16,0.7114095001138986,0.7131601522998857,0.5273859918487911,0.8171204362896315
2013-07-17,0.6902896463111233,0.7110939197776582,0.5167539820999368,0.8031822978850224
2013-07-18,0.673857912790952,0.711951405553638,0.5139434900725274,0.7938890307726801
2013-07-19,0.6572633621691456,0.717963439706104,0.5125821467416276,0.787696775607981
2013-07-22,0.6383484804145152,0.7157167292738221,0.5108711813802552,0.7925052278156969
2013-07-23,0.6263776345733624,0.7130467454217793,0.5139859258861672,0.7972634248714726
2013-07-24,0.6217090465388174,0.7067512539886689,0.5144797027538024,0.8031483971711417
2013-07-25,0.6170019618028952,0.7036976485656731,0.5195842197273227,0.8037404920645765
2013-07-26,0.6170398085851962,0.6985046838433165,0.52582617331961,0.8088849088261438
2013-07-29,0.6187293522213504,0.698877731399807,0.5399928512592506,0.8171337581643123
2013-07-30,0.6214131032093367,0.7014056600571406,0.5509267244491475,0.8219448374732122
2013-07-31,0.6262784231340315,0.706076210906895,0.5608502739656983,0.8226816177547895
2013-08-01,0.6346634343582789,0.7104438526427647,0.575280166056558,0.8292633418594668
2013-08-02,0.633236244715842,0.7145661543935502,0.5840847638355411,0.8274362416958563
2013-08-05,0.6333496313835917,0.7134028560628265,0.5910070140379419,0.8223427399359962
2013-08-06,0.6328860962126254,0.7166537053500334,0.6015923045619213,0.824956447869892
2013-08-07,0.6377833917575516,0.7226571384736923,0.6095468869548424,0.8322750091504351
2013-08-08,0.6437469112226569,0.7306991689522229,0.6167348221107597,0.8394017452059761
2013-08-09,0.6561250520644749,0.7436114786953563,0.6193175429387984,0.8433498303160649
2013-08-12,0.6708806965896807,0.7559163404814294,0.6224738682350978,0.8539272561477044
2013-08-13,0.6880586559425742,0.7669223211778021,0.6343952108156918,0.8675174635762083
2013-08-14,0.7071154920024267,0.7792221852869194,0.6580676332583398,0.8801973230655741
2013-08-15,0.7191692442194448,0.7939463055700923,0.6770341836185316,0.8960009958692365
2013-08-16,0.7157393909593326,0.7913987305154714,0.6754566901524885,0.8954267871315051
2013-08-19,0.7144091823960117,0.791624167631623,0.6791581540880116,0.899727190653869
2013-08-20,0.7085800639148169,0.7927277874049077,0.6817645892852768,0.9079906557834542
2013-08-21,0.7042268121351786,0.7938808179735238,0.6911790492667284,0.9177572629475137
2013-08-22,0.7064061521827167,0.7988775856452746,0.7010729644868202,0.9309726276651886
2013-08-23,0.7022740265377213,0.8019571381102666,0.7057887596945686,0.9321782010353633
2013-08-26,0.7013435309226069,0.8041148727298681,0.708908182506707,0.9365519357450132
2013-08-27,0.7024692873795262,0.8120490535585768,0.7142921389596277,0.942553280257095
2013-08-28,0.6799536142213795,0.7890175072984396,0.7036679829875835,0.9289469706394409
2013-08-29,0.6599644401593043,0.7738354988482197,0.6952860883571518,0.9178273022208122
2013-08-30,0.649395814148865,0.7613997099999142,0.6952853456294453,0.9056175510085203
2013-09-03,0.6423371869035771,0.7524409409469449,0.6985451998955152,0.8787526056900593
2013-09-04,0.6332027187407536,0.755210589440518,0.7057302501008504,0.8631987957335892
2013-09-05,0.6243944840701909,0.7559479421531349,0.7128663019589441,0.8557601903753139
2013-09-06,0.6219302619356016,0.7601043103650109,0.7200245820299123,0.8497794191282393
2013-09-09,0.621080023639961,0.7736769845946159,0.7373873386486961,0.8372802738901232
2013-09-10,0.6231645115083931,0.7754424654654761,0.7510972968027734,0.8207199251310925
2013-09-11,0.6271256023917687,0.7782288741586318,0.7596311150849415,0.7969337670171683
2013-09-12,0.6368709427355294,0.7822251847871351,0.7635404373592705,0.7798509193162437
2013-09-13,0.6505860811031348,0.7841239472455116,0.7717947409792688,0.7628873021816754
2013-09-16,0.664454648312395,0.7887817554111242,0.7747528591043109,0.7437118994071743
2013-09-17,0.6820247188539045,0.7922633332802932,0.7780833220030484,0.7302588095169599
2013-09-18,0.6956873307189629,0.8015461986148801,0.7826412585549817,0.7159616535212057
2013-09-19,0.7003293270466473,0.8065998463998801,0.7851794515206998,0.6999833595565749
2013-09-20,0.7057878347357328,0.8117697843712469,0.7866583845764116,0.6906649456603798
2013-09-23,0.7121948133889716,0.8204048132949804,0.7767828891392304,0.6864075012349798
2013-09-24,0.7150081249084415,0.8293510013966305,0.7684646223996802,0.686029643738834
2013-09-25,0.7175342148089846,0.8449360226813084,0.7652908654261712,0.6878397037593438
2013-09-26,0.7195052641013613,0.8568703846114315,0.7609669115775993,0.6989228569768028
2013-09-27,0.7232705106458246,0.8650396161452127,0.762104735820209,0.7149659833516018
2013-09-30,0.7327413704325029,0.8797147241385268,0.7659393771137656,0.7350560170193082
2013-10-01,0.7497757957027746,0.8957607106520693,0.770189216552109,0.7625463385557936
2013-10-02,0.7638090958297967,0.9181188807325809,0.7806516966261857,0.7839673816144811
2013-10-03,0.7783348898001582,0.943820526358513,0.7967341521132204,0.8073747163466847
2013-10-04,0.7977429020427587,0.9636456058647807,0.8076243017890627,0.8265771999380722
2013-10-07,0.8159987749346665,0.9743873450176791,0.821446846329186,0.85234281767748
2013-10-08,0.8321654328488998,0.9829523133484799,0.8324098019986161,0.8809584052576902
2013-10-09,0.8413692694696082,0.9738383182501428,0.8409013308561893,0.9023177056724856
2013-10-10,0.8512712013468589,0.9657985696063193,0.861854654300695,0.9232306766828792
2013-10-11,0.8328380610086534,0.935530912613918,0.8535574208488261,0.9228354205232722
2013-10-14,0.8114261395079599,0.9098246276198183,0.8431476834850976,0.912957546422576
2013-10-15,0.7937648538255306,0.8913625061871904,0.821530024869312,0.8996202785739955
2013-10-16,0.774365317106901,0.8763666584174582,0.8076041901344487,0.8857853225107701
2013-10-17,0.7497791328285229,0.8644195123708006,0.7923449548795392,0.869401470201311
2013-10-18,0.7211866908666428,0.8492924383740001,0.7773442705512358,0.8442035979361835
2013-10-21,0.6959946526048306,0.8250125814666988,0.7644165941387995,0.826254433887032
2013-10-22,0.6729009791457481,0.8031080569015,0.7538137081451106,0.8212288811491523
2013-10-23,0.6570352720901572,0.7805501290818107,0.7459611671819553,0.818332919499735
2013-10-24,0.6441071270439488,0.7677040507862154,0.7421310038007504,0.8212538103343254
2013-10-25,0.63599513594579,0.7638190068938503,0.7383586190075387,0.8249009871474765
2013-10-28,0.6320825529970189,0.7617277904563111,0.7363701090573914,0.831679337042316
2013-10-29,0.6326064772070218,0.7570766707265422,0.7388973180378134,0.8361759350442876
2013-10-30,0.637707885917321,0.7526356079062259,0.7318053269377541,0.8474509440162236
2013-10-31,0.6447393867925918,0.7487725908074129,0.7217331921916535,0.8543798212226087
2013-11-01,0.6536001407470167,0.7487664114400195,0.7152097316322044,0.8707499519764776
2013-11-04,0.6636164858121724,0.7509164701152592,0.7150977820765704,0.8966147742943767
2013-11-05,0.6788019192717228,0.754931333404905,0.7212398152132242,0.9138120131732947
2013-11-06,0.694715117165474,0.7659904022896681,0.7279676233507972,0.9314259840362807
2013-11-07,0.7093343679513796,0.7917988483155405,0.7315580215078955,0.9489475568672128
2013-11-08,0.7116842312037869,0.7882855560303429,0.731563008176455,0.9606916521849418
2013-11-11,0.7008573005625551,0.7743969973416891,0.7218204586843112,0.9558595330357559
2013-11-12,0.6877399260170646,0.7630782201443532,0.7123110774564766,0.9564870283154918
2013-11-13,0.6824858131553123,0.7530533702711579,0.7041423918421528,0.9603369919104886
2013-11-14,0.6757722717867698,0.7362583642435004,0.700927346585411,0.9602553015706038
2013-11-15,0.6816832158770548,0.72215579798831,0.7035615515727248,0.9642452779915467
2013-11-18,0.6819510640463703,0.7080601784274504,0.6993161597788848,0.9647410108274036
2013-11-19,0.67744825496781,0.6867466180690177,0.6900059346926021,0.9605991208728356
2013-11-20,0.6725737860221526,0.6687787658085848,0.6876890561368458,0.9524977857499657
2013-11-21,0.6710275490072344,0.6573007032200315,0.6862855988038832,0.9429485360122152
2013-11-22,0.6663420302321051,0.645658466919924,0.684894269261831,0.9277847249442661
2013-11-25,0.6638851178030144,0.6320807408155951,0.6859748421299869,0.9139768846026266
2013-11-26,0.6582671997461651,0.6252527027679285,0.6854632491887244,0.9104625439948018
2013-11-27,0.6589825947382919,0.6171682171867235,0.6886213676711564,0.9032584902953104
2013-11-29,0.6617083697819077,0.6067032403342213,0.6999608763530878,0.9000673742956968
2013-12-02,0.6728566143629304,0.5976759196639299,0.7093041455642685,0.8953224072660072
2013-12-03,0.6869996371862647,0.5916593679091713,0.7180340379802014,0.8852905211229146
2013-12-04,0.6955947703466556,0.5879821811609056,0.7206301599500194,0.8739576203108008
2013-12-05,0.7037788186412731,0.5860989847792278,0.7292868859416234,0.8729864862980874
2013-12-06,0.7159884734414063,0.5871352074381938,0.7419919586479696,0.874763749164094
2013-12-09,0.7240951983417943,0.5878073249885165,0.747430200196049,0.8811875261799518
2013-12-10,0.7328501049272482,0.593595705553832,0.7577967261287885,0.894584838432999
2013-12-11,0.7418621434131716,0.6055629862947387,0.7667514411905189,0.9118245735908638
2013-12-12,0.7394660749748316,0.602279821295815,0.772407577793674,0.9156167810297562
2013-12-13,0.7390032323282781,0.6046435650891011,0.777435860449175,0.9265967586207439
2013-12-16,0.7448770354781822,0.6077005308632198,0.78659054353948,0.9403132452799783
2013-12-17,0.7486581756262356,0.6095718465217436,0.7852068174903373,0.9596576508522696
2013-12-18,0.7526019764331691,0.6201419772312421,0.7890686674599242,0.9904267380816789
2013-12-19,0.7425430383822764,0.6259763385007453,0.7693629815907098,1.0131308438543543
2013-12-20,0.7359687837684229,0.632392442692984,0.7576454403741398,1.0327382582462368
2013-12-23,0.7343493858543207,0.6375419278358926,0.7517848861288148,1.035119909426602
2013-12-24,0.7273762057731323,0.6412673155664639,0.7438003126939927,1.0340894306838866
2013-12-26,0.7245114946213355,0.6518287805480693,0.7434659943015455,1.0346469193876218
2013-12-27,0.7246286636187943,0.6655302997451036,0.7376886040382569,1.0427145068665462
2013-12-30,0.7316290372808774,0.6791279963525466,0.738669190639165,1.0526386235558374
2013-12-31,0.7395914244565063,0.7018948821791086,0.7400206702954152,1.0674397796080037
2014-01-02,0.7465808563897715,0.7293352866521686,0.7412747134413955,1.0711853902609525
2014-01-03,0.7489505335411814,0.7566195657864019,0.7373577499162381,1.073507639393466
2014-01-06,0.7535647453236908,0.7771037321350087,0.7343719052222435,1.0804686610368055
2014-01-07,0.758346779597206,0.7974361421651631,0.7334765740540858,1.081887942622974
2014-01-08,0.7699778934077107,0.8191436893727256,0.7294724765293901,1.0729644499839754
2014-01-09,0.7855798761474473,0.8482059194627876,0.730276922222787,1.0621244194391213
2014-01-10,0.8087754651583019,0.8774989416693918,0.7352026377042192,1.0587877557002994
2014-01-13,0.8366174375864713,0.9095988908318441,0.7425258031709475,1.0643060788762124
2014-01-14,0.8572802109104356,0.9241175649596327,0.7447913280311486,1.0667974721004914
2014-01-15,0.8766570434712219,0.9300748275984975,0.7572511022917511,1.0621751474292607
2014-01-16,0.8917451496217548,0.9374937944813997,0.774796221789061,1.0605383445833259
2014-01-17,0.9066826836876197,0.9502941866305951,0.7979962198097897,1.0681620721635363
2014-01-21,0.9281268211214179,0.970414721222211,0.8270981353401485,1.0739538323369893
2014-01-22,0.9462628996044523,0.9904376511660075,0.8595307331531405,1.079086569228798
2014-01-23,0.9694080495414382,1.018094339958258,0.8977477074792418,1.0896551334634648
2014-01-24,0.9890210247249939,1.0474003038832316,0.9307079919735178,1.1090676157529549
2014-01-27,0.9814824094237474,1.0520893022207352,0.9427438066662331,1.1003489763466274
2014-01-28,0.9715916368588977,1.0540877710075847,0.9609307336956215,1.0943545647018555
2014-01-29,0.9687447127618941,1.06677691081007,0.9822656726194452,1.0906837422315567
2014-01-30,0.9654804078746985,1.0662820257450423,1.000857557003116,1.0804045628906012
2014-01-31,0.9616011589821212,1.0642182116638919,1.0147922539673153,1.0707163481788942
2014-02-03,0.9572055147078795,1.058285996137014,1.0175273295595937,1.0677488085457774
2014-02-04,0.9244295116761344,1.027562866052606,1.0123284988681225,1.022588095055971
2014-02-05,0.8990540056565174,1.0031675435837832,1.0169310922412025,0.9873698840746744
2014-02-06,0.8839086097357803,0.9831694872741225,1.0244539049501284,0.9566263642483976
2014-02-07,0.8659380800824865,0.9621380246470388,1.0149154777562905,0.9316891100644717
2014-02-10,0.8427861374843374,0.9381855921845325,1.0042084744563802,0.9061607692784405
2014-02-11,0.8244303954313809,0.9242227788581246,0.9919470332054287,0.8897249277899508
2014-02-12,0.8001416506476943,0.9089425077116317,0.9726007802695416,0.8747431647182246
2014-02-13,0.7815190235522514,0.9032469286505004,0.9588547276410093,0.863277246481495
2014-02-14,0.7655442821627593,0.8995623530883999,0.9464836564403556,0.8520466764256094
2014-02-18,0.7486137769499109,0.899067582830981,0.9306014885659212,0.8414191103501358
2014-02-19,0.7309028689579266,0.9018809287182847,0.9142377020068169,0.8294086827375987
2014-02-20,0.7130133277579557,0.9061715853011781,0.8978863041875589,0.811323407389579
2014-02-21,0.7020142675451071,0.9098645093290304,0.8866214823847235,0.7969438496417728
2014-02-24,0.696020949579131,0.9138019555880017,0.875413062634302,0.7900245667185496
2014-02-25,0.6890802831103081,0.9161933351820636,0.8697282727129116,0.7821548741560491
2014-02-26,0.6901037126212547,0.9132378716873781,0.8657011950650462,0.7863202379453403
2014-02-27,0.6902415511637136,0.9112211770458926,0.866202927952518,0.7929087102256567
2014-02-28,0.6921785415893508,0.9130790893794215,0.8682307619167461,0.8012149966252283
2014-03-03,0.6944288461444622,0.923734352132998,0.8716672322197687,0.8121102849075296
2014-03-04,0.6899467658077031,0.931407329278424,0.869628869987331,0.8227201221752473
2014-03-05,0.6717500357952021,0.933818273923635,0.86001559335907,0.80214224531262
2014-03-06,0.6575394570240155,0.933186351712118,0.8487836960872774,0.7909158104542243
2014-03-07,0.6478070079390195,0.9381368399362238,0.8350693717147236,0.7802258524538694
2014-03-10,0.6418441539596269,0.9459806303233551,0.8256288427589246,0.7812519450891614
2014-03-11,0.6451632992441699,0.9548320452365878,0.820897119262658,0.7823029964337185
2014-03-12,0.6557871171474936,0.970553308964133,0.8133300554392896,0.7800113120936496
2014-03-13,0.6704876939692312,0.9849468839451924,0.811820298203052,0.7769257612541808
2014-03-14,0.6732482648798574,0.9965312627944559,0.8015366612979151,0.7731038431812102
2014-03-17,0.6758181665373837,1.0066661249791573,0.7960386418912505,0.7757372099178967
2014-03-18,0.674498782246366,1.017707660675824,0.7824823505556309,0.780699826102926
2014-03-19,0.6741703956864765,1.0294615987349627,0.7662293981520585,0.7838233448942161
2014-03-20,0.6767545136883647,1.0385030387229266,0.7515524897493473,0.7934538120578883
2014-03-21,0.6861020875189991,1.0514075602051842,0.7349547298110561,0.8077985460948751
2014-03-24,0.6977055226131721,1.0614079527662497,0.7191826826541226,0.8303286271163783
2014-03-25,0.7114107988867684,1.0717590371435308,0.6997769552459568,0.8571060535312268
2014-03-26,0.7276165029633263,1.0939907700445615,0.68597653286052,0.8833154147507459
2014-03-27,0.7423478656933504,1.1151154813523527,0.6796740845148638,0.8914366614908081
2014-03-28,0.759907288896104,1.1395467977663436,0.682240573367162,0.9109542688832782
2014-03-31,0.7759917899929782,1.1645805232786561,0.6868524919319785,0.9431307771545093
2014-04-01,0.7934265620570758,1.1938249332451616,0.6866543863596505,0.9679052831774646
2014-04-02,0.8123241404931824,1.2167116910140412,0.6932201571256523,0.9894240125345152
2014-04-03,0.835852059723509,1.2403150199732886,0.6993177931444764,1.010292966020838
2014-04-04,0.8606848889743088,1.2730792954190477,0.7093182628555409,1.0358527771223673
2014-04-07,0.874382559839799,1.2765470948558826,0.7145340656202922,1.0468759683308786
2014-04-08,0.8831449497430613,1.2689208165686878,0.7158037025945576,1.0518053450021534
2014-04-09,0.8923726975766496,1.274727990686008,0.7232624629538518,1.0561294922751665
2014-04-10,0.8944679376757652,1.2730179478511756,0.7226330859686355,1.0590276946940993
2014-04-11,0.8677180838573733,1.2297365453731934,0.7072143965424023,1.0355357689382274
2014-04-14,0.8394653308066649,1.1797639293948874,0.6881942883173295,1.016025889973612
2014-04-15,0.8137641820178376,1.1342345696965772,0.6689872823469504,0.9983555483285936
2014-04-16,0.7883776602030833,1.0993153761859522,0.6531763550112113,0.9886336302215463
2014-04-17,0.758759659101815,1.067429249088258,0.6365335921137908,0.9821218104375521
2014-04-21,0.7339650507518356,1.0380282369291527,0.6253388067015228,0.9749909745728877
2014-04-22,0.714849509902101,1.0159718238850755,0.6111330268641374,0.970632549336823
2014-04-23,0.6959493973974583,0.9919050942616782,0.5987734004078528,0.9599076769855771
2014-04-24,0.6808092170458965,0.9792730889538452,0.5887279609128184,0.9567692230580408
2014-04-25,0.6682644877062589,0.9711381686504963,0.5809459924412705,0.9506799804888538
2014-04-28,0.6543498029873102,0.9435211083173055,0.5694329419732277,0.9350867191328008
2014-04-29,0.6453041109597173,0.9210894267253903,0.5592227141921892,0.9297566219839682
2014-04-30,0.6400972764760624,0.8986512530034823,0.5510498081593508,0.9307127954838258
2014-05-01,0.6390867534045322,0.8795407405052554,0.551185669958863,0.9303216258297589
2014-05-02,0.6399085974537864,0.86269906803255,0.548901396636939,0.9365608636886652
2014-05-05,0.6410941674291831,0.8557358016417352,0.5470435984131128,0.9490540483409516
2014-05-06,0.6460137434081105,0.8488274815320683,0.5498457442722211,0.9654038130836151
2014-05-07,0.6381369947068736,0.8330819525885981,0.5500524296274999,0.9710413748171396
2014-05-08,0.635431342389713,0.8194788910561905,0.5502289649121688,0.9798129923200484
2014-05-09,0.6372786151212756,0.8187557737462989,0.5552719424002225,0.9861204033011923
2014-05-12,0.6390033729189992,0.830222225078858,0.5650385765253784,0.9912298625837518
2014-05-13,0.6374704004794183,0.8304393126439669,0.5728306138144579,0.9836870810997306
2014-05-14,0.6309200426411959,0.8234146746813433,0.5873018425304112,0.9783547817770204
2014-05-15,0.6240878847669518,0.811652278599406,0.5957188633724927,0.9603341573410354
2014-05-16,0.6112700438468051,0.7952148070027699,0.5910423632506481,0.9430563376485438
2014-05-19,0.6019058333564897,0.7744685828050386,0.5855782454071723,0.9306371045755013
2014-05-20,0.5958792791512307,0.7571149975681176,0.5756729301700853,0.9106383225992571
2014-05-21,0.5896840579713638,0.7412543934279519,0.5633553004806249,0.8887809494880524
2014-05-22,0.5756161795481963,0.7270187279146562,0.5458650934419751,0.8704664493327999
2014-05-23,0.5672333290811475,0.7132016806199689,0.5290538300193931,0.8540958113803078
2014-05-27,0.5589269876480414,0.6979570999303119,0.5157640128616892,0.8413159601420497
2014-05-28,0.5447040350451177,0.681840981526775,0.5081325918141528,0.8237486192497613
2014-05-29,0.5362001677785352,0.6703838543768119,0.5010627418939763,0.8100955255260075
2014-05-30,0.5299803716924084,0.6565117567154732,0.4949783315677613,0.7988201126790487
2014-06-02,0.5232948110310264,0.6486250703016327,0.49242323888264494,0.7931740812095921
2014-06-03,0.5155065491946684,0.641584208059552,0.49222278223522054,0.792207096029804
2014-06-04,0.5104621440568314,0.6355887917914382,0.4935338944237944,0.7967438759005383
2014-06-05,0.5115551549255325,0.6332676444273255,0.49161522046120737,0.8015835756659611
2014-06-06,0.5086347534036785,0.6271267055576027,0.49255287426729716,0.7847023009862589
2014-06-09,0.5054649583198222,0.6233179921712347,0.4952311746249136,0.7697921942885938
2014-06-10,0.5056557792933575,0.6223713269519394,0.49600327916299447,0.7542264941273902
2014-06-11,0.5076152910006472,0.6186912892180939,0.4976747744601598,0.7404464977884023
2014-06-12,0.5069582715217134,0.6169169029049182,0.4954484456949833,0.7273566763966729
2014-06-13,0.4994827000208687,0.6026003482194112,0.48721954552252134,0.7175524948005658
2014-06-16,0.4927052441977068,0.5905097287666551,0.48498195209446565,0.7075235082071974
2014-06-17,0.4871105561021658,0.5841235683924606,0.4813476228302351,0.7066004718018454
2014-06-18,0.48466679545717894,0.5864048054112531,0.4824550911593664,0.7079896606015808
2014-06-19,0.48064174861269754,0.5903625080494401,0.4831019273095217,0.7100803348773413
2014-06-20,0.4749249330917659,0.5958450133626345,0.48799061662867294,0.7111428397494691
2014-06-23,0.4737277212404656,0.6001640700159325,0.49672243150364837,0.721223545003567
2014-06-24,0.47257000785654973,0.6066891128814741,0.5066870975489713,0.7331399896891658
2014-06-25,0.47201252779608405,0.617599221960872,0.5085163053579216,0.7421751928702492
2014-06-26,0.4753981473912002,0.6281390383038005,0.515009498541106,0.7583284122251914
2014-06-27,0.4799982034626033,0.645017309173514,0.5214869478983958,0.7768267236037241
2014-06-30,0.48633851835259523,0.6667396535340737,0.5292559960965743,0.7926016091009114
2014-07-01,0.4934485654656252,0.6892911874411185,0.5401443485036379,0.8104433015881362
2014-07-02,0.49792722750992463,0.7057201007545303,0.547282512517324,0.8256456367083616
2014-07-03,0.5043656459277618,0.7200071014423466,0.5577925340115794,0.8376412668330596
2014-07-07,0.5107849598651931,0.7384727797293985,0.5650568947550613,0.8465004990250813
2014-07-08,0.5221696261307484,0.755647685511668,0.5724936488314752,0.8418720476831103
2014-07-09,0.5276776823627052,0.7644264720237518,0.5746174241703931,0.8400148037429951
2014-07-10,0.5331563632016052,0.774208324625081,0.5772499348446581,0.8437506970550189
2014-07-11,0.5387978418794348,0.7841013265005624,0.5848025838676268,0.8534715030876096
2014-07-14,0.5555431127442391,0.7915426422425754,0.5947498500272864,0.8668508745309101
2014-07-15,0.5689203444878074,0.8005639923881068,0.6027326824037507,0.8809398893885384
2014-07-16,0.5820709421121303,0.8087011237914801,0.6127459253378105,0.8969008314244807
2014-07-17,0.5991963292968291,0.8196355941509658,0.6181939055647591,0.9114200100322174
2014-07-18,0.6039816859896271,0.8221916432660736,0.6180224460546304,0.9147609536496203
2014-07-21,0.6055118634663499,0.809704360084836,0.6195179459486956,0.9071054407425532
2014-07-22,0.6096871367337365,0.8004459183575271,0.6211601900713694,0.9037816077409904
2014-07-23,0.6131654316013814,0.7962020840203551,0.6259389459699305,0.8995482117638279
2014-07-24,0.6240582329050429,0.7925140069619787,0.6298591851685791,0.9034187196102581
2014-07-25,0.6375963826924128,0.7956857822669378,0.637695546586949,0.9048525684273997
2014-07-28,0.652996632423413,0.7948343879095304,0.6425718825067805,0.9069409321711399
2014-07-29,0.6717239683790462,0.7953732889944654,0.6492344376653583,0.9085787181202475
2014-07-30,0.6919405423077409,0.7999176662277666,0.6604933471507428,0.9195397022726596
2014-07-31,0.7173344469067077,0.81233028294464,0.6768456595080499,0.9311579331737883
2014-08-01,0.7103257338107996,0.8004950612985294,0.6622192100776251,0.9148060688029012
2014-08-04,0.7040940737349394,0.7850759323409162,0.6539755180654001,0.8973801332938817
2014-08-05,0.6966152653115757,0.7716475372929188,0.650549603270963,0.8872520979927434
2014-08-06,0.6802279342041117,0.7614172110562927,0.6443079554219844,0.8733657563121933
2014-08-07,0.6667297226300817,0.7527334472377009,0.6387482131847464,0.8627355060413745
2014-08-08,0.6518433766179468,0.7519413926072405,0.6388453233015484,0.8481624709534956
2014-08-11,0.6272161907234591,0.750593396603691,0.6286125946995349,0.8286731549686648
2014-08-12,0.6082693329149593,0.7453487578497072,0.6176243955312212,0.8128214120855622
2014-08-13,0.5902771378329912,0.7374755262273249,0.6027950284852597,0.7926769683749786
2014-08-14,0.5717201572807294,0.7324489634841744,0.5906019804330598,0.7770180323675717
2014-08-15,0.560166992524287,0.7261179096428487,0.5835039642752755,0.7677178353315335
2014-08-18,0.5499384954729902,0.7226374119180718,0.5753392225122587,0.7623370029791888
2014-08-19,0.5386164172090511,0.7162292391831174,0.5597800063346726,0.7482711466804417
2014-08-20,0.5260879494128559,0.7070020873402296,0.5476631280882804,0.7361973311508625
2014-08-21,0.5140127070368296,0.6954959876078131,0.5363236629046433,0.7357905881368217
2014-08-22,0.5026378800595505,0.6919356618840496,0.528290343377808,0.7394951546618213
2014-08-25,0.4908723837354953,0.6891997925872276,0.519429935969565,0.7487283369092015
2014-08-26,0.47725003714284314,0.6817302772566686,0.5089129820283321,0.7629796165135739
2014-08-27,0.4664163695980827,0.6805542955922482,0.5041334812949408,0.7805506248264148
2014-08-28,0.4628212873106707,0.6825291650211164,0.5022498353119579,0.7990204310983153
2014-08-29,0.4670789000131458,0.684749391471335,0.5017725499540183,0.8180200979946751
2014-09-02,0.47213880769748856,0.687461697201919,0.5057099112162654,0.829252173785153
2014-09-03,0.48090598425375414,0.6919411773321632,0.5090034847004465,0.8421807154157429
2014-09-04,0.4942091476203428,0.6959824465302494,0.5159426774122023,0.8540770241626496
2014-09-05,0.508192531547713,0.7069006322038436,0.5295661677195143,0.8654916700353699
2014-09-08,0.5240911472901764,0.7174544763238362,0.5434885284093165,0.8804487157481026
2014-09-09,0.541126814157708,0.7317420861447241,0.5578048819872324,0.9001238016101456
2014-09-10,0.5567939391809054,0.7398269515029112,0.5703055471711763,0.9073588605726137
2014-09-11,0.5716324591975829,0.7490475165182965,0.5892998907148336,0.9175111485387961
2014-09-12,0.5904157998302583,0.7593750018964411,0.6105415547800589,0.9305630190399514
2014-09-15,0.609974420625453,0.7743702140517168,0.6340833917284681,0.9392833048861401
2014-09-16,0.6328004328968909,0.7786716764716893,0.6600679624694464,0.9480227892960438
2014-09-17,0.6564582693899285,0.7837970569425157,0.6887603734344374,0.9672193635374197
2014-09-18,0.6823701393511198,0.7985054750422864,0.7246682125414975,0.9940404398236034
2014-09-19,0.708400945257362,0.8212597935793969,0.7562508525826476,1.013192510195957
2014-09-22,0.7408577206877391,0.8510845371019887,0.7924668298735296,1.0349829350542366
2014-09-23,0.7784439033012186,0.8796869490222916,0.8321284309897269,1.0550768560336712
2014-09-24,0.8239512808588287,0.9118813844854768,0.8642343885336881,1.0794185717720923
2014-09-25,0.8646930598223498,0.9455237177772292,0.8959577901671367,1.1098381839007219
2014-09-26,0.8891852120694208,0.9592726220189773,0.9109262074968899,1.124776507947143
2014-09-29,0.9152125339518317,0.9715006374593282,0.932458376307071,1.1357516724886827
2014-09-30,0.943370993224553,0.9858663672755191,0.9501435052732113,1.145619501258629
2014-10-01,0.9719537513467497,1.0085382772899527,0.9680183064511895,1.1402815339500971
2014-10-02,0.9892288335245745,1.0125006893206694,0.9736569448513375,1.1348288841327756
2014-10-03,1.012394261889571,1.0332197641380414,0.9806571043435156,1.1385776239005116
2014-10-06,1.0467541850208113,1.0573062177818522,0.9914852162077822,1.1552708355204284
2014-10-07,1.0849568172470598,1.090188764670675,1.005952617521128,1.1764421913815972
2014-10-08,1.1192087115476912,1.1198995385432715,1.0110780490292661,1.1872179628881625
2014-10-09,1.140354955070675,1.1382250048168459,1.0027128770189695,1.1933898510635916
2014-10-10,1.1482602090791867,1.1507809132605633,0.9839140994857908,1.1754795551349937
2014-10-13,1.1495545210469502,1.129153614317219,0.9686752156295638,1.1619026337442382
2014-10-14,1.1466521528296514,1.1064723053373513,0.9484404236693031,1.1463373702401551
2014-10-15,1.1410075084957219,1.0907873193009454,0.9342264526573022,1.1325684731896521
2014-10-16,1.13649922352586,1.0809993678032215,0.9138583484319249,1.1145754849445604
2014-10-17,1.1359006575600876,1.0828879622122545,0.9023517127124077,1.1081008292930032
2014-10-20,1.1272749839641423,1.0636301934327226,0.8828808963322535,1.1043215339093917
2014-10-21,1.1122761984864404,1.0426361139085942,0.8658646101704098,1.099121693147379
2014-10-22,1.0759675818689893,0.9904864233522458,0.8449722009137719,1.0909892034694764
2014-10-23,1.047572044378195,0.9541623119006252,0.8229417363821695,1.0721230353550582
2014-10-24,1.0134034558320204,0.9165507778198806,0.796730833274705,1.0575831583276734
2014-10-27,0.9854132350286865,0.8901501293634843,0.7717048457347251,1.049553951750175
2014-10-28,0.9578497417636509,0.8705294737444631,0.7511452959078125,1.0349025159083567
2014-10-29,0.9327310668233447,0.8501681472289713,0.7263769673759481,0.9929575587491908
2014-10-30,0.9061688388575626,0.840126472103115,0.7033796135914515,0.9611824132196451
2014-10-31,0.8752719623006817,0.8272240941838933,0.6721883271219096,0.9273325496151837
2014-11-03,0.8422095784968562,0.804796998436046,0.6323862984029931,0.888142541684076
2014-11-04,0.8119991558413862,0.7846505788117469,0.6039344382119621,0.8619632219737761
2014-11-05,0.7898336923132179,0.7600182757982349,0.5795311055658219,0.8357571041432657
2014-11-06,0.7611679040413815,0.7383476187375266,0.560408379057026,0.8156422547578686
2014-11-07,0.7360552245111085,0.7257513235820108,0.5428343264432959,0.8058064346457731
2014-11-10,0.7126044043772807,0.7118679690224311,0.5268363123979419,0.805441684659433
2014-11-11,0.692214662256155,0.7041649136520213,0.5138385098437795,0.8063744210415167
2014-11-12,0.674607575711718,0.6988165192926895,0.510538087890478,0.8175397591872047
2014-11-13,0.6575588151463885,0.6997377319156329,0.5096248070438287,0.8337035378583574
2014-11-14,0.642190269895863,0.699827434633011,0.5096877166361494,0.8424641969570796
2014-11-17,0.6318776035765644,0.7045462260104443,0.5084017558851968,0.8526768251119813
2014-11-18,0.6242043528973282,0.712985583683007,0.5125081824987708,0.8627583153068139
2014-11-19,0.6171039766343432,0.7163995229097442,0.5157456756993372,0.8741331099050234
2014-11-20,0.6161750120507906,0.720191218203446,0.5195905335093194,0.8819166268701571
2014-11-21,0.6157271333984701,0.731751335921222,0.5297864783124948,0.8912401989004474
2014-11-24,0.6214811561016843,0.7448506877882825,0.5407222585929802,0.9037458463181594
2014-11-25,0.6354833446917,0.7602498340847275,0.5550248348831318,0.9207037083405124
2014-11-26,0.6579294699609817,0.771667780915088,0.5703686844981536,0.9399886639536517
2014-11-28,0.684709131830035,0.7814936184137361,0.5832412622302514,0.9681512515016071
2014-12-01,0.709644123600208,0.7958533175249018,0.5971761648974844,0.9830733256868855
2014-12-02,0.7380200725585196,0.8089808477678807,0.6147323935456969,0.9945312963767617
2014-12-03,0.770926704328297,0.8203235394163311,0.6301871454763537,0.9925852921882118
2014-12-04,0.8038265527076454,0.8327481354432676,0.6465867308402364,0.9969593917903892
2014-12-05,0.8384536310623105,0.850911661656309,0.6718167832315383,1.015394409260507
2014-12-08,0.8724683447288734,0.8718032470939905,0.7022643242789279,1.0429222624082026
2014-12-09,0.9026539203220619,0.8906678829985443,0.7380610860676738,1.0705738219567
2014-12-10,0.9347779018756714,0.9220801074395157,0.779598308608809,1.095134821468812
2014-12-11,0.9508223395107607,0.9410213233940145,0.8119865507188173,1.0949121206510273
2014-12-12,0.9755538257768751,0.9619148796941176,0.846302160979571,1.1038544418966219
2014-12-15,0.9827253591700412,0.9829501828084807,0.8639052721074192,1.1084993374641108
2014-12-16,0.9892548124666493,1.0049327605424891,0.8894929456841691,1.11614987926677
2014-12-17,0.9944454051422775,1.0128468916993714,0.9186674200151124,1.1282415008886393
2014-12-18,0.9882112725638013,1.0115854253574763,0.93790879931019,1.108513439783516
2014-12-19,0.9554470288799657,0.9860169389552822,0.9232493618590901,1.0814040480806435
2014-12-22,0.9312779714886624,0.9732767658265097,0.9156540866330702,1.0591998889345646
2014-12-23,0.9144782878529022,0.9684448658806039,0.9078073524398,1.046206144528453
2014-12-24,0.9029781539358683,0.9623297355488161,0.9069754600378452,1.0409894263584265
2014-12-26,0.8990330617396959,0.9608622317149147,0.9146405257601142,1.043543477923947
2014-12-29,0.9064807944939459,0.9653545103928374,0.9235050695061664,1.0475807265289114
2014-12-30,0.9224516421608033,0.9812956245863698,0.9454713573731383,1.062668430051131
2014-12-31,0.9364616411195,1.0024281828249473,0.9739605917613577,1.0821830481211367
2015-01-02,0.946015780290418,1.014937124891953,0.9943162320414577,1.1096314950891815
2015-01-05,0.9606237864438547,1.0375357776284992,1.021733036445698,1.1353910961581553
2015-01-06,0.959992856033773,1.048175810330401,1.0338453050743592,1.1583208830198857
2015-01-07,0.9586233778626186,1.0616789314506188,1.0552448944549033,1.1665448313769338
2015-01-08,0.9549686739706844,1.0732969679135083,1.0646568550981832,1.1694946922040765
2015-01-09,0.9430263185616075,1.0695854704316057,1.061441262849994,1.1628993195912203
2015-01-12,0.9399873032541806,1.066061184672329,1.0510224672294746,1.1576512605287144
2015-01-13,0.9432132497850338,1.0660970845533901,1.0426317023631806,1.1662270256038203
2015-01-14,0.9474742480918368,1.0688871884436582,1.0408622020134628,1.1858085707466628
2015-01-15,0.9523571713820049,1.0782493883586772,1.0366630087499964,1.2138529807299914
2015-01-16,0.9545891634042332,1.0782564662189624,1.0398924256163034,1.230509936049062
2015-01-20,0.9529461915193963,1.072119268723628,1.0414595925816184,1.2450803827591577
2015-01-21,0.9620437385368567,1.073946753759801,1.0424079349713196,1.2579884105073642
2015-01-22,0.9684038589100332,1.0832388212053359,1.0412592641704344,1.2668791234203964
2015-01-23,0.9649230228727496,1.081732374832663,1.0316713209521988,1.2653029404847231
2015-01-26,0.9686067604330636,1.08892680165953,1.0272089536980877,1.263087579371785
2015-01-27,0.977216954611194,1.102753878319541,1.0272681768171545,1.2696437318329925
2015-01-28,0.9691317103885712,1.0776128132389895,1.0073493090534227,1.2735896084648024
2015-01-29,0.951406516600531,1.0629295826839058,0.9935086488721566,1.2589015368085996
2015-01-30,0.9279160348886719,1.0459458782057542,0.9760242244412086,1.2429265425079754
2015-02-02,0.9000086049228279,1.0220807320638108,0.9530062925605474,1.2130778932316095
2015-02-03,0.8744684428918691,0.9969219307904694,0.9313745575735549,1.1825907312593784
2015-02-04,0.835808894807746,0.966312196823676,0.8976980779406892,1.1430035216073409
2015-02-05,0.8125596723398935,0.9403083284004589,0.8757164178961715,1.0998830123810168
2015-02-06,0.7890704261359217,0.9148408310562032,0.8521336072492962,1.0525021076354195
2015-02-09,0.7725873908669874,0.8987468884431926,0.8335192563255243,1.0126484381690937
2015-02-10,0.7580769414084415,0.8856037830588787,0.8069411512118602,0.9736235018755841
2015-02-11,0.7440963987709479,0.8669837281190513,0.788527351614094,0.9429656856161082
2015-02-12,0.7336439218094271,0.845525274553482,0.7756498735532955,0.9153420885609161
2015-02-13,0.7162195867597326,0.8179465495306064,0.7623973189991214,0.8800124987851697
2015-02-17,0.7059849300649409,0.7953710490952346,0.7573776309727845,0.8439264913032876
2015-02-18,0.6915842497676444,0.7809797919133087,0.7535501646829181,0.8180633308997974
2015-02-19,0.6854660337729941,0.771643348796763,0.7506356711497109,0.798401250110262
2015-02-20,0.6848753409760955,0.7663746502832841,0.7506277032191571,0.7813191382906428
2015-02-23,0.6854494353936512,0.7644812581776654,0.749992286496065,0.7661172846841331
2015-02-24,0.691716739532313,0.7629354786149225,0.7493011512758925,0.7515279895252525
2015-02-25,0.697972655529803,0.7709001972560399,0.7468033477563008,0.7470020868612384
2015-02-26,0.711259063787571,0.7777729582130241,0.7473862130723328,0.7522064164622584
2015-02-27,0.7263727542477494,0.7890712490298583,0.7490109934856152,0.7550437209226266
2015-03-02,0.7437250241533698,0.8000600425565129,0.7576651637874569,0.7572790839948913
2015-03-03,0.7605923707031076,0.8041396049515898,0.7666324070844752,0.7570150686227605
2015-03-04,0.7838946827456009,0.8101994276333523,0.7846959351081926,0.76167055877628
2015-03-05,0.8122610472650377,0.8230952090336757,0.8027025816992576,0.7673336503067844
2015-03-06,0.848852643075362,0.8489425809676443,0.827081275100679,0.7843876873407861
2015-03-09,0.8682673472829467,0.8680063024905801,0.8410302365653032,0.7868535352263185
2015-03-10,0.8944826660652322,0.8882391671635769,0.857619333978421,0.7937408443072819
2015-03-11,0.9003131279194246,0.891222205732748,0.8703083640229924,0.7957117004002784
2015-03-12,0.9181953152123371,0.8876280587389722,0.8815150381991836,0.7974824134075738
2015-03-13,0.9280891123298682,0.8879746571498194,0.878378814844551,0.7853196323801979
2015-03-16,0.9353139159241664,0.8943602229434696,0.8754778689717346,0.7804228197036852
2015-03-17,0.9290720007495489,0.9038901017615614,0.8697118620992339,0.7751425790079364
2015-03-18,0.9220704371947074,0.9145839658025805,0.8647045405339205,0.7748475086253381
2015-03-19,0.915043615148861,0.916536073453176,0.8512897428887656,0.7789173364912841
2015-03-20,0.9047439479879574,0.9268242731560654,0.845513936551736,0.7879314321537081
2015-03-23,0.8975657721491015,0.9433911356411393,0.8356266823602261,0.7859993005850978
2015-03-24,0.8939331217123065,0.9643503082844519,0.8281335245808072,0.7927503366399419
2015-03-25,0.8874358933458645,0.9812700606126028,0.8251840708895225,0.8077984328629052
2015-03-26,0.8726454854689235,0.9643609523054513,0.8102488195929819,0.8095474588494698
2015-03-27,0.8599282007883922,0.9524521780447172,0.8037818776638008,0.8078255310504164
2015-03-30,0.8528510633527405,0.9436520532473508,0.8046207080244309,0.813272449937624
2015-03-31,0.8394970095256888,0.9311720667716948,0.7930400490544012,0.8112362855325507
2015-04-01,0.818004433938991,0.9145304214159518,0.7725045022902105,0.8088095537323303
2015-04-02,0.8015802708548608,0.8980337860753679,0.7547029508205594,0.8090744003679767
2015-04-06,0.7930768363394723,0.8841085753321716,0.7387850870923504,0.8145345093017442
2015-04-07,0.7853068890395205,0.8741308674849521,0.7192776678685582,0.8220724653721815
2015-04-08,0.772428951466019,0.868984411816417,0.7035598783251513,0.8257476993137676
2015-04-09,0.7602041394025758,0.8589500837630544,0.6963443940487014,0.8292948509673569
2015-04-10,0.751688692313458,0.8507768080895438,0.6916562894747037,0.8315650929046405
2015-04-13,0.7439257462271996,0.846797585286169,0.6846301269882622,0.8333194358237588
2015-04-14,0.7322388695506703,0.8543451712411586,0.6796349691209811,0.8405904063175176
2015-04-15,0.7228802975650109,0.867202438041609,0.6822187414375176,0.8482313859555893
2015-04-16,0.7147524684405345,0.8790349361279166,0.6895768035924852,0.8576051595299887
2015-04-17,0.716396734239155,0.8918385308716901,0.6957950344395509,0.8687669764278018
2015-04-20,0.7102088598593136,0.8933119522054269,0.6883137677334269,0.8642028158339072
2015-04-21,0.7067862569107094,0.894383876482865,0.6709911985741984,0.8559906184865825
2015-04-22,0.700471783437037,0.9035831496699854,0.6585574990542103,0.852589481398888
2015-04-23,0.7014588052548874,0.9133487466764644,0.6474426415565193,0.8518617239031108
2015-04-24,0.7058760792227624,0.9345621669017533,0.6461112885478577,0.8491681712229924
2015-04-27,0.7119232236110425,0.9514741849900737,0.6492959811090846,0.8472452974665002
2015-04-28,0.7206935852852542,0.9621304466596434,0.6554587053632107,0.8446095469502921
2015-04-29,0.730876027649524,0.9765202691660961,0.6647931483448215,0.842512018220986
2015-04-30,0.7395470976340461,0.9891341869412483,0.6781082154726568,0.8339255718997547
2015-05-01,0.7470239535215548,0.9964152651571629,0.6781223080484199,0.8093064276212419
2015-05-04,0.7530008638322365,0.997575361177695,0.6720987144800341,0.7892053197342264
2015-05-05,0.7637880642518072,0.9959786067778562,0.6658177561918894,0.7778582908618641
2015-05-06,0.768035496923781,0.9837745103013859,0.6567161177045973,0.760601470690661
2015-05-07,0.7692827737280823,0.9711566997278189,0.6509394311678095,0.7466902705978142
2015-05-08,0.7698545179547502,0.9580296871080816,0.6447110022828589,0.7378409493098842
2015-05-11,0.7573078211272022,0.9368531939632796,0.6249397287068374,0.7292187087397478
2015-05-12,0.7509493920623195,0.9159007085777574,0.6108243354583056,0.7245425368915016
2015-05-13,0.7423740362971365,0.9009339562164494,0.6014984235246867,0.7180300126062451
2015-05-14,0.7337495683996502,0.8887633575755708,0.597620650791267,0.7160899855836104
2015-05-15,0.7244721805996006,0.8708493448679967,0.5833993347838426,0.7152554913076833
2015-05-18,0.7152812876925516,0.8649657973794379,0.5720718620092047,0.7224376461220822
2015-05-19,0.712161243867963,0.8651310544422365,0.5663496991472612,0.725304145530735
2015-05-20,0.7076068522067844,0.8675507926263669,0.5608212303749626,0.7316804056111235
2015-05-21,0.7029972563092904,0.8794388831863112,0.5574010217816877,0.7440283289852773
2015-05-22,0.7011567677653892,0.890014206011802,0.5624421528022576,0.7581829768045976
2015-05-26,0.705344975311931,0.8981150625919911,0.5740941077445088,0.7704321690938626
2015-05-27,0.7065547295501526,0.894786165190723,0.578303630991891,0.7747073264687107
2015-05-28,0.7076077482561081,0.8825666279414128,0.5831166981330562,0.7713963402297394
2015-05-29,0.7131432127925023,0.865137966155156,0.5908428106559845,0.7755652771091247
2015-06-01,0.7083858323929247,0.8404651552668377,0.5960655124558676,0.7775953597517364
2015-06-02,0.7124043072945282,0.8169997624884554,0.600290473822307,0.786650404616301
2015-06-03,0.7155419111334873,0.8043858924269219,0.6056945377230188,0.8061393890186362
2015-06-04,0.7199314167001913,0.797062779614319,0.6192965621752274,0.8205851722115247
2015-06-05,0.72046045815042,0.7926229452564287,0.6222584603859618,0.8353659741045115
2015-06-08,0.7200262696414808,0.7868741866219408,0.6246143735831349,0.8509427023773489
2015-06-09,0.715371793752744,0.7803325778556229,0.6315231963840064,0.8557671648807591
2015-06-10,0.7163215261545597,0.7833472332200127,0.6419829418252455,0.8655884422519932
2015-06-11,0.7167961876588074,0.7819730870902419,0.6445721987961321,0.8644938563406442
2015-06-12,0.7178363062158577,0.7891529510907918,0.6525279942337638,0.8719248623601924
2015-06-15,0.7152772008169938,0.7892514788792656,0.6577193323989482,0.8809758540223241
2015-06-16,0.7200557611030307,0.7929566341754672,0.6628514394614957,0.8891625280952741
2015-06-17,0.7274855414218905,0.8031174514379876,0.6682658958624627,0.9037622120448382
2015-06-18,0.7371262807653204,0.822172755391148,0.6798389112434976,0.924325255290858
2015-06-19,0.7421082109839787,0.8371653540678039,0.6883012270740864,0.9479697892929008
2015-06-22,0.758928489299609,0.8489207094810715,0.6970538239021519,0.9720169398549797
2015-06-23,0.7759670349303223,0.8664260983003628,0.7119155278940924,0.9954659832898206
2015-06-24,0.8031465688808143,0.8852255651125153,0.733129681348821,1.015349432695286
2015-06-25,0.8244892236861383,0.9030446291869941,0.7502502726887883,1.0336489598196135
2015-06-26,0.8472554053666455,0.9287578751250335,0.7751236731762785,1.0527660146617235
2015-06-29,0.8848682910882155,0.9518146901228969,0.8046904280338405,1.0661438750545356
2015-06-30,0.8868718086983791,0.9386561102377768,0.8045993046607599,1.0439645286925368
2015-07-01,0.8935483136067306,0.9337045205561647,0.8151932127690543,1.0301813824665251
2015-07-02,0.9040841075854991,0.9292175793013826,0.8263373350240654,1.0236075369419513
2015-07-06,0.9133347134314653,0.9371192113927244,0.8413152288760058,1.0130734593452269
2015-07-07,0.9159346599264053,0.9513560246943857,0.8515641812336153,1.0063106188499162
2015-07-08,0.9139682398930777,0.9725279147163924,0.8667479554753716,0.9952199380005174
2015-07-09,0.8908395032379991,0.9721758659236505,0.8716657078200718,0.9826278377876057
2015-07-10,0.8802163238232777,0.9856007286067723,0.8793721695082488,0.981553313673147
2015-07-13,0.865026961843397,0.982082739746306,0.8757080915663868,0.9777408278427798
2015-07-14,0.8425954374136498,0.9663993117203026,0.869065586980289,0.9751466110155443
2015-07-15,0.8206586887499767,0.952735313508497,0.8709014808400931,0.9690298058325565
2015-07-16,0.8048857247993326,0.9443531145294312,0.8761025606931626,0.9620008945697878
2015-07-17,0.7960784409419365,0.9326117522664332,0.8784565415713785,0.963488727255426
2015-07-20,0.7977101708009906,0.9185410309099662,0.8855490696873994,0.964722079977252
2015-07-21,0.8042769921107779,0.9144465279690611,0.8980779721896,0.963896280104455
2015-07-22,0.8188241199018316,0.9167243391112879,0.9039800222000522,0.9720081486314781
2015-07-23,0.8285906759720258,0.9053337477445166,0.9136610205220749,0.979727610002544
2015-07-24,0.8410033462941523,0.9040258611957399,0.9299434859802682,0.9743070576308226
2015-07-27,0.8537333550586851,0.8998667407979022,0.9418193505938792,0.9606381285891564
2015-07-28,0.8678934668708639,0.9035683860411591,0.9509450507490614,0.93897327581631
2015-07-29,0.8747057120135592,0.9148575758189441,0.9573044696148725,0.9210340998611528
2015-07-30,0.8786069052710652,0.9322918361516896,0.9658130308787989,0.9121270181212778
2015-07-31,0.8935929479793304,0.9595267181812956,0.9772574000011512,0.911857286777355
2015-08-03,0.9067480495539983,0.9890535804127396,0.9826981970404738,0.9250215650672199
2015-08-04,0.9261025139618531,1.0274976019118016,0.9840786095135899,0.9434943116488349
2015-08-05,0.952545034004809,1.0759008072913419,0.9877701039269215,0.9613799576082582
2015-08-06,0.9834359359811546,1.126982282475347,0.9971061315222595,0.9771320558726737
2015-08-07,1.014226045894314,1.168741990815463,1.0108661623468074,0.9952105224863949
2015-08-10,1.0476057304714042,1.2115465724212167,1.0369244425879383,1.0199155796471098
2015-08-11,1.0785469414714606,1.2606198459904698,1.0599080931865525,1.0428950079167976
2015-08-12,1.1145808798392034,1.3092062190486795,1.0868772270902203,1.071591828302611
2015-08-13,1.1631732141888087,1.3593925818525467,1.1155320658457557,1.1054893490788493
2015-08-14,1.2229598156488464,1.4206624043158522,1.1591385758225614,1.1516193525863314
2015-08-17,1.2863140429581454,1.5042065506922058,1.2180098383200224,1.1930849918564577
2015-08-18,1.361493592562844,1.6068085974354571,1.2851697628243712,1.2413689533199133
2015-08-19,1.4447228291114633,1.7175817582506532,1.3644335934927219,1.286509151332833
2015-08-20,1.547412991708701,1.8404619304880039,1.4528364315046924,1.3324864052636634
2015-08-21,1.6405339724000303,1.9552655130977388,1.5439534107768795,1.380855955971222
2015-08-24,1.7165204097761535,2.0312066016353705,1.6216989560554036,1.4412894423159137
2015-08-25,1.7612858663271704,2.059336514482885,1.6525549322392488,1.4400294529420945
2015-08-26,1.7858324425931036,2.0854270153558248,1.684841637339663,1.432636543939981
2015-08-27,1.7750539325316126,2.034223447909172,1.649115496182361,1.4113563063732333
2015-08-28,1.7463878436503308,1.9866043580089452,1.6110200484416606,1.3830693534935317
2015-08-31,1.715004112033173,1.945257190790617,1.5962872866726454,1.3565903664922865
2015-09-01,1.6830792903039455,1.9041564780942533,1.5977963700296398,1.3358424974747012
2015-09-02,1.6351113045356496,1.84317850960259,1.5690062150946578,1.27595743954616
2015-09-03,1.591175947941854,1.7662033130809063,1.538722141103972,1.2256495599811796
2015-09-04,1.5460762557961456,1.6940140754188941,1.4956506774025107,1.1894024346459267
2015-09-08,1.5000761242289378,1.619112205913872,1.455902945964036,1.1632165537204826
2015-09-09,1.4538329989938246,1.5554764476234502,1.3960540106217003,1.1286254115958338
2015-09-10,1.4162662096522276,1.4955484962864487,1.3455244010565448,1.1087829897018904
2015-09-11,1.3870969507216862,1.4340371769905458,1.31510815950556,1.0921560556748309
2015-09-14,1.3655461619506917,1.3897190526185184,1.2988929808110403,1.0857029282463393
2015-09-15,1.3500457808548352,1.3557785478965438,1.286944798728846,1.091110286555737
2015-09-16,1.3355914923281043,1.323051807952601,1.2736000306656596,1.0941558953220465
2015-09-17,1.3170978736855012,1.2966314769761116,1.2575292435510765,1.0999572959136323
2015-09-18,1.2998948052397996,1.2768806192561815,1.2389167943901858,1.1145518377263213
2015-09-21,1.268813290162916,1.2570888646563019,1.2123376452824979,1.1213643804040236
2015-09-22,1.253084702112188,1.2471648708600496,1.198548231927133,1.1322722476811904
2015-09-23,1.2350604635462459,1.24170299319056,1.1731626608074954,1.1367271628258344
2015-09-24,1.230815002769663,1.2445713654671309,1.1561331206119756,1.1447722633147073
2015-09-25,1.231115768679685,1.254515907344593,1.1407244967116819,1.161146594151746
2015-09-28,1.2444922434165369,1.2760286658193871,1.126061959185766,1.177668180865454
2015-09-29,1.2299381091757013,1.2607238570648853,1.105893739699913,1.183450942125622
2015-09-30,1.215630700630615,1.2386982774925093,1.094625961940491,1.1919135394030544
2015-10-01,1.1978941584666252,1.202378699017583,1.0733744159730505,1.2066212018348357
2015-10-02,1.1765744979217398,1.1784208722728209,1.0635159390372861,1.229667558223598
2015-10-05,1.1436004445785166,1.1473104786687653,1.0510591585238096,1.25372572452618
2015-10-06,1.0961220027016974,1.1176364480219032,1.018072458889581,1.2364332151454587
2015-10-07,1.0608032886275283,1.0933376561408612,0.9994146724875516,1.2210993372424852
2015-10-08,1.034932612471301,1.0755662674822946,0.9840897060863993,1.1916403198173104
2015-10-09,1.0111169029664069,1.0531687278142496,0.9728272792495467,1.1774406048594965
2015-10-12,0.999727027385055,1.0332629804935787,0.9684437655915791,1.165555334633293
2015-10-13,0.9921602620564588,1.0178772161849376,0.9632291767637917,1.1605907180752428
2015-10-14,0.9794616939453216,1.0207060859645758,0.9639273742193247,1.1628342659114062
2015-10-15,0.9667291021882626,1.026467173201983,0.960082505854966,1.1593686503282763
2015-10-16,0.9495163946020423,1.027246277848279,0.9497519434322714,1.1515312758292677
2015-10-19,0.9374560312539453,1.0286165881909097,0.9428172061482933,1.1483152405871229
2015-10-20,0.9406835697238387,1.0384270985612594,0.9409693868054653,1.1642699500278326
2015-10-21,0.9418571114049121,1.0498030481755034,0.9406691410157869,1.188345243098486
2015-10-22,0.9424007025724566,1.0690265222556248,0.9360875691612666,1.2108813547307562
2015-10-23,0.9301901249364424,1.0752731655738372,0.9179914863941941,1.2196421452097208
2015-10-26,0.9169816362479293,1.048993421666751,0.8964903620857408,1.2328936349481934
2015-10-27,0.9023677180473483,1.0283851931995276,0.8883073602195092,1.2409859687852123
2015-10-28,0.8882012798259796,1.0117107118071893,0.8909075843205497,1.2432821021826568
2015-10-29,0.8717756070200993,1.0029057880618308,0.8947926757365744,1.2234718548071744
2015-10-30,0.8578539157474794,0.9977492888286437,0.9006663982025084,1.214265816630082
2015-11-02,0.8473916141341844,1.0018205663270097,0.9055487187015611,1.2002189098641836
2015-11-03,0.8431747325042044,1.0070423640750015,0.9035985466698967,1.1870541026370862
2015-11-04,0.8488014238212237,1.0190965635703295,0.8970130881229657,1.1821142082211125
2015-11-05,0.8524212713889342,1.0345242467917684,0.8926679169836156,1.1858967019835713
2015-11-06,0.8668722908176163,1.0559976346305167,0.888840840951957,1.1909468643060546
2015-11-09,0.8819140114320052,1.0884838752060602,0.8942238328985002,1.2020660747041323
2015-11-10,0.8871282959340964,1.1034939849504015,0.8949560423136976,1.2059012551797774
2015-11-11,0.9060438356748954,1.1163121451916025,0.8961244435913298,1.2094538633435754
2015-11-12,0.9275937785848236,1.133899514651599,0.9053300810716656,1.2152354260361435
2015-11-13,0.952355752604511,1.1530275257832856,0.9122256319658423,1.2017524071046537
2015-11-16,0.9613966336372745,1.1499952345595532,0.9038739779622664,1.1931490090009331
2015-11-17,0.9598541312367963,1.1433742478302924,0.8882912370699185,1.184060496741401
2015-11-18,0.9578948945095432,1.1367512610686008,0.8779909178265936,1.1824184188502636
2015-11-19,0.944390680768744,1.1169427986672216,0.8638765381742411,1.177702352275652
2015-11-20,0.9354347274289371,1.1075331218716657,0.853513890765857,1.1767863214449215
2015-11-23,0.9376089834884584,1.1059793981398438,0.8460676973892335,1.1785453413766
2015-11-24,0.9456972288330383,1.104487026802515,0.8382059428859847,1.1773438882327962
2015-11-25,0.951830573807443,1.10534761469683,0.8358881778893824,1.180697496794693
2015-11-27,0.9602478994214483,1.1150339818253139,0.8404938922482107,1.1832257425672865
2015-11-30,0.9728999942330071,1.1273608580973165,0.8456543818850224,1.1900904743234626
2015-12-01,0.9979463566301616,1.1470457332666886,0.8577007582302802,1.2050181486862592
2015-12-02,1.0251620595805306,1.167449542115399,0.8713568321722952,1.2222362723233091
2015-12-03,1.053066944240325,1.1930749768571087,0.8949964739978087,1.230699116146307
2015-12-04,1.071878170829944,1.2105477927220567,0.9118252629308334,1.2438975239999195
2015-12-07,1.0791480051664524,1.2085770329690166,0.9172373879532293,1.2515469321163224
2015-12-08,1.0870295292554282,1.2180134614977962,0.9304485918287763,1.261099955895862
2015-12-09,1.0972966040400192,1.2381043996001557,0.950431279564857,1.2881941494518785
2015-12-10,1.116588865093016,1.2577174566167013,0.9736085336621941,1.316550235023517
2015-12-11,1.1453249140063892,1.293562048612997,1.0019215306594238,1.3435456541448667
2015-12-14,1.1560893553933937,1.3016062532623902,1.017434813452125,1.3517665135375123
2015-12-15,1.1735369122277493,1.3148551121787933,1.0357466912988798,1.3597354878601293
2015-12-16,1.1947765944927748,1.3178314067412724,1.0571450946195269,1.3631178805533077
2015-12-17,1.21494430562822,1.3116316059611604,1.080897797612065,1.357197378032464
2015-12-18,1.2264072168315745,1.30579050673199,1.1042016089204163,1.353977640257244
2015-12-21,1.2270421643194236,1.292666951195425,1.1042644691029246,1.3485254796323074
2015-12-22,1.2380795577234096,1.2827862367485259,1.11344380783755,1.342122475663633
2015-12-23,1.245955170570814,1.2837779237907103,1.1189056912925484,1.335160171126682
2015-12-24,1.254238762877181,1.297315596752397,1.126016765218598,1.3298235515157415
2015-12-28,1.262860127150016,1.3219345944694647,1.1401292757108248,1.3363494906226792
2015-12-29,1.272277818070267,1.3472483590707043,1.1581377434770062,1.3410504167686317
2015-12-30,1.2823817808736093,1.3772765925250419,1.1759618168141095,1.3509649599155094
2015-12-31,1.3093161208475732,1.416195726565088,1.190380513451809,1.3576371536527119
2016-01-04,1.330997841311169,1.460408109841971,1.20942390114944,1.373908477431392
2016-01-05,1.347259585625188,1.4812380698140961,1.2288155402995007,1.3704112188425734
2016-01-06,1.3715867988581136,1.5058897093764247,1.2566339426010598,1.367655750576269
2016-01-07,1.4000660415809563,1.5434344263993147,1.2693672267744223,1.377982474689476
2016-01-08,1.4132227321883513,1.5426877820354403,1.2711335556833194,1.3739024770740889
2016-01-11,1.4258966393694759,1.5539492448150356,1.2744694089202182,1.3671284099930743
2016-01-12,1.4460492796896316,1.5797707460248533,1.2857020399311974,1.3814968785509647
2016-01-13,1.4582392423588406,1.6132736566957118,1.3076849932865937,1.4024064967174608
2016-01-14,1.4484206132706603,1.6116580598380785,1.3144890779009237,1.4083598259963073
2016-01-15,1.4352770575351426,1.602206100351743,1.3205618282557157,1.418790307312054
2016-01-19,1.4233550657030472,1.5671932124329075,1.3128066075380966,1.4311518809193962
2016-01-20,1.4103876499373764,1.5469024248752503,1.3108050469309818,1.4438305420576063
2016-01-21,1.4126612194265598,1.540745972223037,1.3135069871554468,1.4561771123152856
2016-01-22,1.418342603291543,1.5430235989064478,1.3173424307083685,1.4888866658215505
2016-01-25,1.4073954209993287,1.5217955314103133,1.322948120971163,1.51805535989855
2016-01-26,1.3913284947639775,1.5035701899899891,1.3344240563566112,1.5254290382123665
2016-01-27,1.3742311936030644,1.5020581324723647,1.3385894813746684,1.5133974368540117
2016-01-28,1.3631411486872202,1.4975757118435908,1.3392934863167845,1.5099102565361022
2016-01-29,1.3651141026880047,1.4974157855288237,1.340110158653779,1.5116137381933066
2016-02-01,1.352029432133266,1.4969168580475485,1.31949266490939,1.4837793659935206
2016-02-02,1.354057916620184,1.50775422673105,1.3012513520857725,1.474797007582803
2016-02-03,1.3355062766564068,1.5126987224696502,1.2750087665996424,1.4482487686105865
2016-02-04,1.3247561714300626,1.5277787456394172,1.2595903432640594,1.4348273290380167
2016-02-05,1.332397234072394,1.5587258337316785,1.2496830675754604,1.4299598361439703
2016-02-08,1.3235507024179136,1.5460977687434403,1.2375446445677543,1.4185778155189526
2016-02-09,1.3124909138681022,1.5305362294565759,1.2216889276968876,1.4004116571492629
2016-02-10,1.2929960164507472,1.5183778650096336,1.1997730093290688,1.392847291579791
2016-02-11,1.2826436031035482,1.5123354453635902,1.1885575771101735,1.3879923542137107
2016-02-12,1.2652874242095575,1.5132373695300445,1.168340169413868,1.3784520064059773
2016-02-16,1.2410155765223971,1.513084263135883,1.134768341921344,1.3561489861217007
2016-02-17,1.2179868011206845,1.5066748591630383,1.0975179530665362,1.3219199906378083
2016-02-18,1.1903549176736885,1.4863842168134682,1.0504432532770227,1.2975878214389074
2016-02-19,1.1602460598843802,1.4724869679642245,1.013858104552877,1.2810016544027223
2016-02-22,1.1362429223819916,1.4620636321320308,0.9926410179280725,1.2747510588458733
2016-02-23,1.1108661132394375,1.4453714547822092,0.96356732891389,1.2671055509488967
2016-02-24,1.0831668065627038,1.4280545142364434,0.9332909517011356,1.2642809365134045
2016-02-25,1.056991133835733,1.4096848025434714,0.9088883692474649,1.259386008752363
2016-02-26,1.0368446299540477,1.3933519390372022,0.892714398818873,1.2698216633198143
2016-02-29,1.0190995821335025,1.3839412134344262,0.8820155699902785,1.2897839995094442
2016-03-01,1.0054695994951766,1.3844184949592078,0.8705939631160214,1.3043363096221525
2016-03-02,0.9785859248328507,1.3446211703620918,0.8398423687821175,1.3019549148757044
2016-03-03,0.9569774208328528,1.306440775936265,0.8128789971580241,1.300495514435132
2016-03-04,0.9402712874300703,1.2729223838306787,0.7935189080396061,1.3012285096812974
2016-03-07,0.9241897562786088,1.2434061562334664,0.7766644217989771,1.2908904299852975
2016-03-08,0.9088146056458598,1.2247260048561153,0.7564303461371017,1.271966300890626
2016-03-09,0.8984168889632157,1.2014118052373635,0.7366586404572592,1.2363214915313083
2016-03-10,0.8854648125551942,1.1910796023937804,0.7245507793060253,1.209158793396621
2016-03-11,0.872244883568211,1.184611799016619,0.7254653483536927,1.1920453542366323
2016-03-14,0.8423908592716532,1.1653827680419733,0.7190730275375691,1.163005181810641
2016-03-15,0.8194432805274603,1.1418435711867967,0.7141060673138327,1.1396310467443642
2016-03-16,0.8012332550121166,1.127416505201699,0.7083753845151803,1.124028215541283
2016-03-17,0.7863476253654493,1.1087684097360224,0.703156491122265,1.1136955275042142
2016-03-18,0.775677978293643,1.1042000220493755,0.6957313817921394,1.0947305527844526
2016-03-21,0.7623566920947705,1.108344210471126,0.6910915013367868,1.089121726919525
2016-03-22,0.744450967003825,1.111219057616865,0.6855755903879024,1.0882785599092126
2016-03-23,0.7376639709955349,1.1134610992117038,0.6753974972359886,1.092703894702316
2016-03-24,0.7330462503975352,1.1115570991188732,0.6662536437356269,1.0927186367317823
2016-03-28,0.7312768094709596,1.109594014390142,0.6591700695874945,1.0948421883703299
2016-03-29,0.7349961891377502,1.1022378575175062,0.6563860809134197,1.0999957714340305
2016-03-30,0.7364936097728655,1.0913353823731158,0.6553890855436358,1.0833678536592735
2016-03-31,0.7391632474147688,1.0858156170958981,0.6548957903554173,1.0671914178564623
2016-04-01,0.7443561495333907,1.0804457350180001,0.6581237381620064,1.0639494085045496
2016-04-04,0.7489307767235562,1.0694921534525081,0.6618943741123263,1.0567087860329087
2016-04-05,0.7549838617203568,1.0706786702337283,0.6674206674821895,1.045900142890486
2016-04-06,0.7508860756562258,1.0613389559629214,0.6671335466470425,1.0300296005870513
2016-04-07,0.7454163427217123,1.039749695343267,0.668578186261975,1.0122821696039561
2016-04-08,0.7264184566418428,1.0149988009621695,0.6623194142305333,0.987766867027031
2016-04-11,0.7134877261402375,0.9902826213525151,0.6581941720169731,0.9682068599782895
2016-04-12,0.7065571159179287,0.9683995881273798,0.6595632288672635,0.9551991900290057
2016-04-13,0.6972964956580044,0.9563124945148492,0.6558749701843115,0.9439438136323781
2016-04-14,0.6840954056338946,0.9351672894959797,0.6456095503565692,0.9240038986044293
2016-04-15,0.6753563586464872,0.9189948131594077,0.63654632115318,0.9144086548049374
2016-04-18,0.6668609314066181,0.9013422202335096,0.6339030519622513,0.9145029811564197
2016-04-19,0.6579825764193732,0.8875595609747337,0.6300269237104834,0.9164934739295854
2016-04-20,0.6510025205757827,0.8864323352656529,0.6332787495274331,0.9203670448346295
2016-04-21,0.6544444700718297,0.8918013208571862,0.6342922423687505,0.9333761240520578
2016-04-22,0.6517132049872321,0.9032899116382898,0.6303156792359405,0.9484450932940156
2016-04-25,0.6559502727599174,0.9024879088806178,0.6295574949507226,0.9613084223560335
2016-04-26,0.6683820738124996,0.9019915283176465,0.6327714504975002,0.9648001181740333
2016-04-27,0.6803172432554156,0.9073897073152062,0.6428145019577475,0.9699935047541831
2016-04-28,0.6924965738398559,0.9137512566548769,0.6540009190950645,0.9724637569720767
2016-04-29,0.6962111294243615,0.9058049399279604,0.6588823864318376,0.9661351295398984
2016-05-02,0.6961912660053591,0.8878440137390619,0.6612129522868412,0.969139201297506
2016-05-03,0.6993425498824001,0.8731626452376519,0.6649119467615602,0.9790180204639546
2016-05-04,0.69904190384663,0.8563165868072071,0.667430549509688,0.9784065363410767
2016-05-05,0.6928379133341988,0.8456568914427618,0.6721530629619159,0.9869667282792345
2016-05-06,0.6904304920825821,0.8412649867252082,0.6804550547955168,0.999438794082729
2016-05-09,0.6909504904131416,0.841666465399599,0.6967992887172381,1.0196757038368123
2016-05-10,0.6929601101398569,0.8469268196214808,0.7139356366442149,1.0375824320456009
2016-05-11,0.6797358808509115,0.8494509325192576,0.7232255719952209,1.0494400496681573
2016-05-12,0.666421938054555,0.85223846070881,0.7198508115345984,1.0628253267948442
2016-05-13,0.6544704776206375,0.8599019150807609,0.719313232613556,1.0865479219761935
2016-05-16,0.6404817176707729,0.8710405928899546,0.7127160431951272,1.1117137453116055
2016-05-17,0.6331393301555972,0.8796005273458365,0.7062804916309093,1.1394408649562475
2016-05-18,0.624114542714054,0.8773963930281837,0.6941916763466536,1.1623053031472563
2016-05-19,0.6212176863260136,0.8899906394168198,0.6888430431380878,1.1820513925498637
2016-05-20,0.6242462682262596,0.9040171944583845,0.6860079860670467,1.1969877074542825
2016-05-23,0.6315346844346386,0.9210842366741787,0.6863311418851051,1.1987800674193145
2016-05-24,0.6362513459593836,0.9457716330406983,0.6865399513279344,1.2053957029600775
2016-05-25,0.6337677146314533,0.9430509508436776,0.6797294851245573,1.1984774998005658
2016-05-26,0.629377044370086,0.9401152969645312,0.6730982176027263,1.1860732410069552
2016-05-27,0.6346001243232033,0.9361057030977472,0.6741593848221692,1.1858717500128357
2016-05-31,0.6416548575717329,0.9329934435995955,0.6774674450327764,1.181179310843115
2016-06-01,0.6468709286029178,0.9306667202590393,0.6792625415945999,1.1810442321342212
2016-06-02,0.6566496248823831,0.9281831742558556,0.6833220609765444,1.1776402061535678
2016-06-03,0.6736955197392698,0.9275306782526354,0.6910356746987255,1.1864074162484108
2016-06-06,0.687243860809435,0.9270668557995635,0.7030881499858117,1.1941014712430582
2016-06-07,0.7043649411970478,0.9313337885679075,0.7188504338838675,1.202289688989652
2016-06-08,0.7284550885458755,0.9417917892071995,0.7428767308593031,1.2065805404920404
2016-06-09,0.7557290092535969,0.9465647554827267,0.7620205756813421,1.2116564624962773
2016-06-10,0.7860677273627901,0.9578122613028167,0.7842123227722383,1.2281445955885277
2016-06-13,0.8134854914860488,0.9633732692310017,0.8042718879958671,1.247664940640354
2016-06-14,0.8314121205646632,0.9689023291801656,0.8301146480443727,1.2595454558160242
2016-06-15,0.8599571730015162,0.9876003156898209,0.8629976704703677,1.2677322519806562
2016-06-16,0.8940047767923417,1.0156075971878804,0.8933658929928586,1.2759902519617654
2016-06-17,0.9306075639954389,1.0498533843941917,0.9200270716645037,1.2958442680535063
2016-06-20,0.9673770495835552,1.0923595135368145,0.945431915262845,1.3240359453176407
2016-06-21,1.0072383004946979,1.1321614624234289,0.9738429177899908,1.3537705547913756
2016-06-22,1.0523391039977192,1.1794555056113776,1.002042689229122,1.384044453459593
2016-06-23,1.1076905202860006,1.2359096944985928,1.0394735042176295,1.42615264569029
2016-06-24,1.152969662097158,1.2904146038858142,1.0704671100954486,1.4562628149271042
2016-06-27,1.1302541178822538,1.2618404574709685,1.049796968213381,1.441765539739403
2016-06-28,1.0981399159422962,1.2162700730774663,1.0241895654710804,1.39026451051216
2016-06-29,1.0541679447276613,1.1666089304971075,0.997985133514652,1.3431078337187214
2016-06-30,0.9987849371196852,1.1038867425205685,0.9560675567277069,1.2896551150269562
2016-07-01,0.9377072721929636,1.045015151646914,0.9106095012454759,1.2442870363730336
2016-07-05,0.890829861657012,1.0016123401311143,0.8716882387795234,1.2142570254879346
2016-07-06,0.8498078497405983,0.961465844540006,0.8391572557490312,1.185226354549292
2016-07-07,0.8133612150390932,0.9198628241756758,0.8068799688908131,1.1624831740827448
2016-07-08,0.7768810330190024,0.887035027834239,0.7723159833773718,1.151188649348731
2016-07-11,0.7354802430719142,0.8448042909942522,0.7289552285425948,1.1192732408658774
2016-07-12,0.7054263460826303,0.8065982787095515,0.6910857686531002,1.0825061336325035
2016-07-13,0.6825187247949375,0.7732408065151881,0.6583438723349839,1.032265269264887
2016-07-14,0.6666510184541379,0.7424054102579017,0.6293380391362476,0.9974892411532997
2016-07-15,0.6481530541164546,0.7201284519365733,0.6042746204815674,0.962019829307258
2016-07-18,0.6302020876838074,0.7042493590781115,0.5826626454276335,0.9276254533767769
2016-07-19,0.6178185917651755,0.6948620148067288,0.5662235278702742,0.8981947413879551
2016-07-20,0.606889253343084,0.6847253286191277,0.5491682981084232,0.8660680344605467
2016-07-21,0.5991714690101383,0.6712818823880337,0.542462631889949,0.8399601698972765
2016-07-22,0.591071649945394,0.6605346682760533,0.533518558645966,0.819685825700296
2016-07-25,0.5821001745004578,0.6500580214944232,0.5245398384706665,0.8009603405158319
2016-07-26,0.5780277628074157,0.6431190114535416,0.5151810293032467,0.7862144544177166
2016-07-27,0.5749674011886515,0.6384909164685832,0.5037586413477546,0.7766238081964316
2016-07-28,0.571880076926656,0.6301243909482432,0.49501166107391087,0.7748913157503035
2016-07-29,0.5664875673968739,0.6288048696690876,0.4911342099879222,0.7772271141849932
2016-08-01,0.5617498980997737,0.6316066225401329,0.48974691084213423,0.7780902600374309
2016-08-02,0.5581917854734484,0.6381773736500814,0.49034269266070907,0.7837754974581794
2016-08-03,0.5497761396821169,0.6394861435109794,0.4881357122478654,0.779258763194597
2016-08-04,0.5403151995870702,0.6353767345525986,0.4877477851750862,0.7720434384827001
2016-08-05,0.5373772056747943,0.6372619916067762,0.4904153652349381,0.7715970048581116
2016-08-08,0.5282287727176826,0.6270257182935092,0.4801672072953476,0.755168321845859
2016-08-09,0.5251224419639017,0.6169958495203668,0.470575671229418,0.739797758925494
2016-08-10,0.5245936518969122,0.6083056798852572,0.46608457581447743,0.7294770513942247
2016-08-11,0.523398911808606,0.6010267850067388,0.4566377164144334,0.7146026312296985
2016-08-12,0.5239515522447842,0.5955314693952295,0.44640082973610895,0.7051714666701107
2016-08-15,0.5270004487261717,0.5957858209774451,0.4389103748722863,0.7009727289391513
2016-08-16,0.5296632113927621,0.5993437473991309,0.43501624380216125,0.6998407163801782
2016-08-17,0.5236698975127805,0.5980361723672031,0.4283466691488577,0.7028164976304508
2016-08-18,0.5210373397172481,0.6002115202445981,0.4242355112739824,0.7129448889995801
2016-08-19,0.5186444274390539,0.6096045556648151,0.4243677810604381,0.7194578152225198
2016-08-22,0.5192418004073305,0.6210204070496076,0.4276387579586484,0.7329741499770345
2016-08-23,0.5201988132803389,0.6312367577475244,0.43614410503359274,0.7515073591697721
2016-08-24,0.5242020889703596,0.6436281479066149,0.4507716837158347,0.7700405239402465
2016-08-25,0.5328540290602861,0.6490857746492616,0.4664095248091139,0.7831251823178872
2016-08-26,0.5453321264370994,0.6603908134260569,0.4875090221990887,0.7950974207394258
2016-08-29,0.5607463964257998,0.6786156404997127,0.503757454159583,0.8086313913264591
2016-08-30,0.5796611089685058,0.6961048355597552,0.5190287502150909,0.8213403786911917
2016-08-31,0.604922336738743,0.7184028099584849,0.5332780703447073,0.8375741959954959
2016-09-01,0.6349001751171477,0.7417842971353888,0.5543688936918102,0.8502361297738064
2016-09-02,0.664785957131362,0.7676533853710144,0.5811272823858195,0.8660627209407576
2016-09-06,0.698998456340054,0.7975539983537362,0.613657679021678,0.8857472363177565
2016-09-07,0.735158022263746,0.8312065611578161,0.649276953145476,0.9143615339055634
2016-09-08,0.7780125581258432,0.8729230393674409,0.6943138901824207,0.951332579033061
2016-09-09,0.8255436285992139,0.9148574569871526,0.7452052524715833,0.9987384325961721
2016-09-12,0.8299115758935885,0.907788108445604,0.7571343961771706,0.9995906984686667
2016-09-13,0.8292474451132774,0.8897284234407383,0.7630981313783606,1.00471840621783
2016-09-14,0.8128709569305271,0.8747087646027983,0.7536987767330123,0.985162257473944
2016-09-15,0.8043347140225149,0.8582026545777212,0.7447662067058222,0.9691343395127137
2016-09-16,0.795556459961648,0.8246799683386273,0.7339190832377852,0.952695740074942
2016-09-19,0.7839330908103569,0.7993347207467468,0.7242814347082139,0.9472785701233064
2016-09-20,0.7751991176986276,0.78217704370267,0.7153231794216017,0.9472423923636608
2016-09-21,0.7632329080803949,0.7735626557528801,0.7141211641376037,0.9515907184454775
2016-09-22,0.7553871561691342,0.7643751511586563,0.7084535338907018,0.9593945029156656
2016-09-23,0.748019951931387,0.763370315166719,0.7036145107487385,0.956528756492466
2016-09-26,0.7323585880748956,0.7683392510945403,0.6967555892996831,0.9577831038782205
2016-09-27,0.7113769998379627,0.7709774933986157,0.6831090442362551,0.9602693119780978
2016-09-28,0.6941968159556039,0.7701387944502469,0.6724419838191106,0.964815587130207
2016-09-29,0.6847709802126621,0.7750875636993402,0.6616212908943329,0.9679778055921054
2016-09-30,0.6713309399838902,0.7747708097035534,0.6439755427561357,0.9614865343209938
2016-10-03,0.6570567844337711,0.7701493805866295,0.6252230949745737,0.9560457521266174
2016-10-04,0.6495869023164033,0.7658005530645123,0.6097086121852601,0.9518869850903404
2016-10-05,0.638823846427771,0.7681461056673916,0.5937784484395374,0.9473780790192
2016-10-06,0.633010868150315,0.7739528169951899,0.5782488283320453,0.9405699379601301
2016-10-07,0.627751825775118,0.7837206526109588,0.5699741202233793,0.9372749823998217
2016-10-10,0.6224139986055958,0.7896544833288865,0.5620976457360192,0.9372826907197949
2016-10-11,0.6203709078753448,0.7984242931042169,0.5596687330590417,0.9347386225149341
2016-10-12,0.6065607884369351,0.7919458238997532,0.546571822050441,0.9145922469846428
2016-10-13,0.5961570891051238,0.7901121456667664,0.5342875718435476,0.9008520807695901
2016-10-14,0.5877201569034378,0.7910820768328819,0.5232849014050274,0.883753903922944
2016-10-17,0.58134943914034,0.7844084373691084,0.5126700231730156,0.8688946653788838
2016-10-18,0.5743600934895084,0.7806470082429686,0.5053632316745832,0.8594732510955304
2016-10-19,0.5656414124305359,0.7780769654565254,0.49760078740418684,0.8623423993680399
2016-10-20,0.5631792606883564,0.7764189815721424,0.49397465485212244,0.863881696675765
2016-10-21,0.559636464404991,0.7835107261035366,0.49394296546116595,0.872323387134244
2016-10-24,0.5561902242674683,0.7914768346560324,0.4961531600986386,0.8918740927125733
2016-10-25,0.5543977916269406,0.7962236252530956,0.5000295230379211,0.9166321588281705
2016-10-26,0.5563316787492274,0.8046080650343084,0.5045195250923349,0.9358863377932788
2016-10-27,0.5572040366633865,0.8172672135333191,0.5116001305366746,0.9609892254383668
2016-10-28,0.5643192032715801,0.8200595471266989,0.5232133968830828,0.985234325890427
2016-10-31,0.5761590753116612,0.8270054044334629,0.5442326696289198,1.0165950571833613
2016-11-01,0.5916338749468388,0.8414980135956999,0.5720924695155254,1.0539844875727435
2016-11-02,0.6003246533942141,0.8519622972017055,0.5981870965875252,1.102652211546846
2016-11-03,0.6131034288163891,0.8637628396121249,0.6230577030179932,1.1520475022586065
2016-11-04,0.6271575885492701,0.8737285407184937,0.6488701425394137,1.2115655682008193
2016-11-07,0.6475152688867679,0.8919409079387319,0.6701675257737171,1.2782740461491617
2016-11-08,0.6294536105560331,0.8920703009236652,0.6567533289135894,1.3227081248655588
2016-11-09,0.6122567628542889,0.8978099560672781,0.6463213152052345,1.3667432852675263
2016-11-10,0.5908072606633081,0.9037104067154093,0.6255957209782889,1.382689712674476
2016-11-11,0.5697342819313201,0.9002562374593296,0.6003057807590402,1.3834132166810498
2016-11-14,0.5529539902091332,0.9047543942433225,0.5779996254014292,1.359564327591247
2016-11-15,0.5379432227517058,0.9070842847884233,0.5609909530327001,1.32706673345073
2016-11-16,0.5214105005531523,0.9013379979032188,0.544404217542441,1.2992796950148833
2016-11-17,0.5059173015858353,0.8976923755039173,0.5287127374138874,1.273486203156803
2016-11-18,0.4931824310154159,0.891849978019596,0.5176852593945515,1.2492182810806323
2016-11-21,0.4869196564693896,0.8959238779948856,0.5115053523661258,1.222831122719859
2016-11-22,0.4784812963301028,0.896349477300684,0.5028012627926131,1.1943001470069126
2016-11-23,0.47326367799766206,0.896625332316449,0.4945343739341555,1.1761683664359797
2016-11-25,0.47122515310098767,0.8931782224343554,0.49043443205044035,1.1604178937331096
2016-11-28,0.4727320212385577,0.8897339391908943,0.48879881005626963,1.1479261533006404
2016-11-29,0.4733874349807037,0.8854313111955764,0.4901795601792648,1.1244088292844214
2016-11-30,0.47800353513590377,0.8906049797947705,0.4978250243742922,1.1107407659305923
2016-12-01,0.4887106718112715,0.888405146879742,0.511306481914587,1.1115496007651127
2016-12-02,0.49999914341346136,0.8568222734475355,0.5234302426605748,1.1109437398110746
2016-12-05,0.5137464299947081,0.8341042103326772,0.539405244459762,1.11172043128025
2016-12-06,0.5275175924217509,0.8131556913117634,0.5555576739131338,1.100876488917068
2016-12-07,0.5475415909614217,0.8022502658130909,0.5752670171064649,1.101437153729908
2016-12-08,0.5515294497103435,0.7887718921681425,0.5794095271088858,1.1022879980369111
2016-12-09,0.5572942570997262,0.7743548178406523,0.5850315248742156,1.084545250391502
2016-12-12,0.5609514942937072,0.7584293569717895,0.591216865912704,1.0613536039108487
2016-12-13,0.562785145670513,0.7468003483496389,0.5922828423753125,1.0326578577596541
2016-12-14,0.5560851445286139,0.725987901246164,0.5937897729855054,1.0149564374730595
2016-12-15,0.5412795719589211,0.7074358175812504,0.5940992180465787,0.9940442922134802
2016-12-16,0.528411323140168,0.6961438797677663,0.5931130001236578,0.9733819751112758
2016-12-19,0.517182115470997,0.6887168657477782,0.5878778191060448,0.9634519158918072
2016-12-20,0.5109264393465879,0.6875063094764312,0.5840075074108556,0.954585003695178
2016-12-21,0.5085627429406632,0.684743313344074,0.5853340097380444,0.9504033417283526
2016-12-22,0.5037796768399744,0.6829273821088913,0.5840207205704808,0.9385567451457887
2016-12-23,0.4954782381331989,0.6814844260745462,0.5827701085645433,0.9255778876300651
2016-12-27,0.49240029322999734,0.6878795227929321,0.5824341871627892,0.9158362169476568
2016-12-28,0.4949239875703032,0.6954018195780803,0.5829331054685148,0.9126574058514764
2016-12-29,0.49117682532456214,0.6964852760033958,0.5792353928038726,0.9094457610394652
2016-12-30,0.48864555943108284,0.6999911952493704,0.5785363607306739,0.9146329550024422
2017-01-03,0.48853952447913634,0.6930820289369004,0.5772663937702324,0.9256496777414981
2017-01-04,0.484269205116703,0.6866283244619771,0.5695820368681181,0.9406962940024443
2017-01-05,0.4807085585792316,0.6796578376364621,0.561484520191864,0.9504058179328566
2017-01-06,0.4759051587595719,0.6677300049913917,0.5529483015658071,0.9588143504784817
2017-01-09,0.46804184551872186,0.6447063698161578,0.5430954713617074,0.9774359192381948
2017-01-10,0.4571672709717721,0.6276248239278633,0.533001700963341,0.9854649598617966
2017-01-11,0.44843873869444634,0.6124878430934838,0.5209909522830981,0.992482115995581
2017-01-12,0.4427464816125869,0.6000574308586447,0.5091441543194489,0.9990421748720647
2017-01-13,0.438812442878022,0.5938221409049544,0.49507773564783136,1.0031612307647544
2017-01-17,0.43939428234297206,0.5893656394763483,0.4873301126512523,1.011405981421544
2017-01-18,0.4374144338155644,0.5877717313388015,0.48136861434264633,1.0157571961537177
2017-01-19,0.4382677868954311,0.5809656567762969,0.4766387803140809,1.02039548671146
2017-01-20,0.44100185901387606,0.5729456940178541,0.47523915083460794,1.0254492949396576
2017-01-23,0.44791684166871315,0.5632374481291356,0.4722130057440841,1.0299412737059606
2017-01-24,0.4551290096438208,0.5586800463506277,0.4733574395393706,1.0291254987407898
2017-01-25,0.4566964732435979,0.5559295809245938,0.4775969451307695,1.0232168425192019
2017-01-26,0.4554586662997727,0.5414404864767582,0.4792782816225676,1.0188062910762923
2017-01-27,0.4558619558690532,0.5311341069080698,0.47994648912473253,1.0178226037896354
2017-01-30,0.4586567723670584,0.5236066246900212,0.4832866529803464,1.0194272161381968
2017-01-31,0.4568664648451571,0.5082482466252415,0.49014915503330864,1.0168842177641262
2017-02-01,0.45767420556748245,0.49252597956938626,0.4946399275397735,1.0221788741656732
2017-02-02,0.46124600533051635,0.4778181961599124,0.49647084853548334,1.0211357528175917
2017-02-03,0.4636747797845596,0.46635173891269854,0.4968872136266865,1.021182087435127
2017-02-06,0.46281348678287304,0.4539700489556516,0.48668317147937756,1.0140126068800417
2017-02-07,0.4624631124537408,0.44313161887345925,0.4778585660340434,1.0036694255423393
2017-02-08,0.46263475195616655,0.4333991211119508,0.47897703881515846,0.9948311635783986
2017-02-09,0.46959558528654727,0.4275494222682439,0.48288321530068135,0.9864485241464349
2017-02-10,0.47788530224513315,0.4216320813632742,0.4898630140366198,0.9588319873024038
2017-02-13,0.48894653988581166,0.4145504469420345,0.49904693146715956,0.9336916560272162
2017-02-14,0.5001611781347312,0.4098520086619945,0.5010864488571546,0.9090944967568645
2017-02-15,0.5107389520923489,0.4057680754035604,0.5013486458900573,0.8902180931129806
2017-02-16,0.5239076750572027,0.4028530325055432,0.49819592997565154,0.8813928344448949
2017-02-17,0.5331842449689582,0.4037255227867373,0.49931117936739966,0.8785142753221458
2017-02-21,0.5435581219486431,0.40806495621854616,0.502477908956124,0.8862238347925836
2017-02-22,0.5535094555414878,0.41043920537184336,0.5032816039502198,0.8976150099350393
2017-02-23,0.5628769722574598,0.41388783698352616,0.5058331968361839,0.9165858713039403
2017-02-24,0.5724166429384555,0.4142625993940701,0.508594623820725,0.9393439391045904
2017-02-27,0.5796805984133723,0.41748549909944205,0.5167099746968884,0.9590219799311501
2017-02-28,0.5914207106606617,0.4248620209564053,0.5314896361787724,0.9817255879712671
2017-03-01,0.6022031123046805,0.43100028893033127,0.5474402485825192,0.9995356438094803
2017-03-02,0.5976511651010825,0.42833675697635815,0.5381517955953272,1.0021222524670814
2017-03-03,0.5888571971287565,0.4230225110432254,0.5275088920853653,0.9973528594024761
2017-03-06,0.5795771460627118,0.4199465316805137,0.5181222964348521,0.9914341722298159
2017-03-07,0.5715062109987493,0.41920560591140826,0.5080280966801739,0.9828882464885044
2017-03-08,0.5630037378336727,0.41687210767382843,0.49825527839829337,0.9796078104631993
2017-03-09,0.5595952760904777,0.41827883742370575,0.4871216037590872,0.9772448936281741
2017-03-10,0.5581044314025498,0.42291542733426724,0.47962480914456584,0.9843697032265246
2017-03-13,0.5558283433603,0.4275430904663462,0.4732876544089478,0.9966319976887349
2017-03-14,0.5575376833784605,0.4338185981842848,0.47317543920559535,1.011965309115238
2017-03-15,0.5635761797258668,0.44133096536552285,0.47357289961164084,1.024451805114294
2017-03-16,0.556547805447904,0.44953559329867776,0.47029566530469785,1.0316846773796857
2017-03-17,0.5526866439916363,0.46120113959581904,0.4731313475616629,1.0487137328229748
2017-03-20,0.562969126744812,0.47501901322609713,0.4798504075579028,1.0748200107321026
2017-03-21,0.5717265243873273,0.49381447042698745,0.48839783806626264,1.103842526720329
2017-03-22,0.5587397457488761,0.4837470210713624,0.48066156092389606,1.0877435774244206
2017-03-23,0.5457389466034022,0.4709395902194032,0.47416521148619906,1.0751219659036249
2017-03-24,0.5300343706057496,0.4630930395596025,0.46803291213629805,1.060028322656258
2017-03-27,0.5174428761788333,0.4575929644249008,0.4615605467756921,1.0495118672033013
2017-03-28,0.5083130300494146,0.45415598747798613,0.45474454991976093,1.037594269139751
2017-03-29,0.4952143678257612,0.4508045640713177,0.4438432542798429,1.0180606851858545
2017-03-30,0.4813217974201941,0.44605637489150596,0.43476693468210575,1.0136020139466106
2017-03-31,0.4689667181470437,0.44384499558046553,0.42838171515722734,1.0048843838351438
2017-04-03,0.45900710143723406,0.4441607076772485,0.42163017811370823,1.009306113573414
2017-04-04,0.45292644807110155,0.44495883663460967,0.419754202020657,1.008396744831452
2017-04-05,0.4480884611257696,0.4475402397887461,0.42337702715486647,1.0033019081878047
2017-04-06,0.4445647630203192,0.4493819913409524,0.4258180384353491,0.9935767930268297
2017-04-07,0.4440798901863716,0.4568819167103707,0.43199512299245685,0.9796009152442944
2017-04-10,0.44854605691858535,0.4665880536944075,0.43891907008885506,0.9666025718858509
2017-04-11,0.4512659335935226,0.4801878788942265,0.44387492621563523,0.9598103115538721
2017-04-12,0.45485626868482254,0.49416063387553866,0.44974317224794463,0.9628596446788675
2017-04-13,0.4614190869911739,0.5084765843835051,0.4558894135941627,0.9558186551075274
2017-04-17,0.46448024186070286,0.5187417152647752,0.4608567083733552,0.9377786277573773
2017-04-18,0.46308916236318776,0.5246029337958045,0.4609155671772376,0.9208471478938588
2017-04-19,0.46592378364243897,0.5354875624350139,0.4696671005969014,0.9118973149232432
2017-04-20,0.47031232516428145,0.548357494103702,0.4739692381712853,0.9031158761125594
2017-04-21,0.47068719674159765,0.5581752301489681,0.4740127370772744,0.9016412109773071
2017-04-24,0.4746614951419078,0.5715960630511809,0.47668465661430004,0.9023214144340377
2017-04-25,0.4677605407827713,0.5723294834385095,0.4713531607131919,0.8978989865751752
2017-04-26,0.45839043321395845,0.5718330890870169,0.45685025104801036,0.8928299007299124
2017-04-27,0.4502020206976792,0.5712118342592463,0.4442503075005082,0.8981255724651981
2017-04-28,0.4424058715450856,0.5662343619356683,0.43547445743549507,0.8994574908351095
2017-05-01,0.4374406706904834,0.5628146416949908,0.43300231133058575,0.8884512430562389
2017-05-02,0.4380779587526819,0.5566122494876838,0.43053619995014325,0.8752785099059759
2017-05-03,0.4438712452718131,0.5584419918715396,0.43064976660757587,0.8588174863426975
2017-05-04,0.45216911266775545,0.5620660837409588,0.4347680662143402,0.853262053550252
2017-05-05,0.46167798917584935,0.5666814891397819,0.4391752175513732,0.8621127710121773
2017-05-08,0.4693576470095876,0.5729313050000501,0.44555668498664286,0.8683900923446712
2017-05-09,0.4791630697366631,0.5876725225076317,0.45472907239728405,0.87726780937391
2017-05-10,0.49244551055186836,0.6074399723362728,0.4634143051883996,0.890867106116069
2017-05-11,0.5085769377587016,0.6295727798087816,0.47058548261295563,0.9046533087632869
2017-05-12,0.5213909538727304,0.6540784726486755,0.4814239655441601,0.9208822468315211
2017-05-15,0.5345305171161694,0.6817719019477614,0.49449234900582095,0.9368959922665957
2017-05-16,0.5446802102702628,0.7138583596721855,0.5079760068433411,0.9514570155860842
2017-05-17,0.5583100442868633,0.7547745341829928,0.5290413778454816,0.973070217863592
2017-05-18,0.5434079848723162,0.7416467274545242,0.5147130469698564,0.940839694867902
2017-05-19,0.5354457962748878,0.7239108479174738,0.5067444757234342,0.9220468130999301
2017-05-22,0.529555552737139,0.713472818343683,0.49802247082476714,0.9005540814444206
2017-05-23,0.5245262276408884,0.7076255830142021,0.49185473611322844,0.8860038327754362
2017-05-24,0.5197495909419866,0.7061691700216846,0.49014405687063434,0.8772344736981722
2017-05-25,0.5167244475715168,0.7017986186630804,0.4906542585821382,0.8748988216155222
2017-05-26,0.5135236029004343,0.697875189002301,0.489673132391025,0.8728091832399453
2017-05-30,0.5099628255356772,0.7039667825507577,0.4902519726622987,0.8797221892171708
2017-05-31,0.5079854057251294,0.7130260982741856,0.4913477943830015,0.8851914678705263
2017-06-01,0.5085370815237225,0.7334042396122009,0.49564519121484657,0.8942146161482222
2017-06-02,0.5005597476959432,0.7556382884680282,0.4982793889272275,0.8841538159854744
2017-06-05,0.4969421319846926,0.7743823533589519,0.502453163633322,0.8781897776270229
2017-06-06,0.4913857949717815,0.8043009792019301,0.5043320405294193,0.8805087057395168
2017-06-07,0.4886975852598396,0.8377804768616869,0.5095032469782094,0.8846777562937058
2017-06-08,0.4874079382614108,0.8767421574701818,0.5129014463300956,0.8911065952328672
2017-06-09,0.48727738122163355,0.9162058325409261,0.5125432323521254,0.8872549680264495
2017-06-12,0.4884868480433036,0.917794280600427,0.5124036657281485,0.8793434450037495
2017-06-13,0.4891121807202838,0.9202791653431015,0.5130903125814489,0.8789290541712466
2017-06-14,0.49411526864077887,0.9282341176155939,0.5123080235390257,0.8820547784423359
2017-06-15,0.4931574465541325,0.9378613347373218,0.5141627787794734,0.8864404073585134
2017-06-16,0.49533541973723133,0.9571827691049393,0.5172521212320799,0.8872684541481766
2017-06-19,0.49792713714238607,0.9768354969005193,0.5262105156686558,0.8904506729621731
2017-06-20,0.49525123937354926,0.9852980943656132,0.5347408244200521,0.8941612784343627
2017-06-21,0.49017663931451594,0.9929996204338871,0.5418476870974105,0.894813027686926
2017-06-22,0.4885218336335217,0.9992661312828798,0.5499592848103019,0.8858634397786334
2017-06-23,0.48934127403478483,1.0094697092741551,0.5581554683565628,0.8827361079861165
2017-06-26,0.4949323485288422,1.0119255715736466,0.5639217715485495,0.8873978694362151
2017-06-27,0.5066704004946398,1.0214571753403725,0.5778816598511355,0.8910785296726846
2017-06-28,0.510880907249564,1.0215359819803835,0.5945310030092623,0.9024472574067978
2017-06-29,0.5091876376141479,1.0116872384025852,0.6107744519183504,0.8992256994600921
2017-06-30,0.4978131419407235,0.9861176671811824,0.626197742419757,0.8943178411035129
2017-09-06,0.4857372006298332,0.9723197652181748,0.6410748787085401,0.8918234127363157
2017-09-07,0.47492026830104456,0.9607549313943122,0.6166014730463087,0.8914330380861453
2017-09-08,0.46654544885117816,0.953395262747018,0.59514850318296,0.895080072688777
2017-09-11,0.45693069111547024,0.9324691656442905,0.5843345492186953,0.8926422872263401
2017-09-12,0.43918579451448314,0.9064207179666052,0.5614827545086029,0.8889561320280817
2017-09-13,0.42320454530775464,0.8840132546725341,0.5432840455512765,0.8781586958691091
2017-09-14,0.4086886646579856,0.8643566485844805,0.5252517088928527,0.8653044056529013
2017-09-15,0.39957653781309155,0.8381779705713246,0.5108372920289949,0.859697723225537
2017-09-18,0.38996262594218484,0.8163948542700733,0.49885107312138827,0.8532539160668848
2017-09-19,0.38170912232575055,0.7969713662939863,0.4833093659226403,0.8413732799099275
2017-09-20,0.37447684883261273,0.781060408737761,0.46611892826975504,0.8227846228109436
2017-09-21,0.3708564498876709,0.765369275131524,0.45364521485410036,0.8110389970596764
2017-09-22,0.3659498825288868,0.750654338548528,0.4413787464610557,0.8070099225527663
2017-09-25,0.3631067519887784,0.7395806108056086,0.4320556632677499,0.8045073040472591
2017-09-26,0.36120432129396574,0.7265977762758665,0.42924053052306343,0.7990352662258438
2017-09-27,0.3630583590619297,0.7185795034375834,0.4283778950876819,0.7925249740041095
2017-09-28,0.3608407900989096,0.7131145265727044,0.43010784021885756,0.7721111687106206
2017-09-29,0.3588167983790002,0.7083966492499733,0.43277858350203796,0.7511278748167165
2017-10-02,0.3563418460641835,0.6973526908426283,0.4381229076911793,0.7344293295501751
2017-10-03,0.351506255775664,0.6905013203243243,0.44182454861399434,0.7136294127486077
2017-10-04,0.34999108854825073,0.6804079164174159,0.4434276508644064,0.6908288001149463
2017-10-05,0.3507454314101023,0.6730024275733415,0.4477736229963341,0.6731787195185069
2017-10-06,0.3453132672514575,0.6645522225543126,0.455264804281302,0.6541789856500775
2017-10-09,0.3413082162221811,0.6599725725275268,0.464887178716177,0.6326101216559541
2017-10-10,0.3368318946273975,0.6591028558271756,0.47696702726760604,0.6150990018258324
2017-10-11,0.3347973895445802,0.6513322900222595,0.4893407532972926,0.6040730499565171
2017-10-12,0.336567865426427,0.6496325230051734,0.5012444889657615,0.5966802903159405
2017-10-13,0.34175176530836815,0.6551316665098541,0.5145324959193298,0.5910905375388265
2017-10-16,0.35062040512499454,0.6685327957879674,0.5228285575678356,0.5868879210117125
2017-10-17,0.35869015170106944,0.6841972703152387,0.5319960184872427,0.5886032294072866
2017-10-18,0.36657184476398885,0.7027471253366624,0.5416100029908987,0.5932044447023148
2017-10-19,0.3761003253370016,0.7261568705488373,0.5483912770076772,0.5936497646102701
2017-10-20,0.3836933218520841,0.7472670362123567,0.5561128330818232,0.6013732693584057
2017-10-23,0.392187761968531,0.7658669463498563,0.5593604341700998,0.6109610855862269
2017-10-24,0.39952974768037786,0.7762919218467186,0.5641809948409577,0.6162295077274436
2017-10-25,0.41036436013467487,0.7956024950786548,0.56610360767751,0.6260903763221523
2017-10-26,0.417689391943843,0.8153906181316387,0.5632572265305308,0.6350738857651715
2017-10-27,0.4280070643170993,0.8374878456675677,0.5611138811353121,0.6479495120498157
2017-10-30,0.42782147612366583,0.8088538542984522,0.5607050436025846,0.6668028708097851
2017-10-31,0.4271146939773767,0.7830381139580521,0.5615578712387669,0.6698103149431437
2017-11-01,0.4255115630001712,0.7572539125641466,0.5642686962588297,0.6769123798111172
2017-11-02,0.42572117525274583,0.7374168904966455,0.5675041573635958,0.6874317701061116
2017-11-03,0.42936005747081424,0.7176798907387247,0.5683694829437305,0.6984109289247067
2017-11-06,0.4311438679156647,0.7004810391750731,0.5732206522852095,0.710895211338643
2017-11-07,0.439693653775787,0.6858913524741057,0.5789839029806141,0.7246279814749955
2017-11-08,0.4511570184640517,0.6801494328467684,0.5871227233420391,0.7252831673078334
2017-11-09,0.46774344177378974,0.6796510661738894,0.5959856176275927,0.7236295324422103
2017-11-10,0.48129169262556987,0.6854532291276604,0.6048480630754207,0.7247551955018445
2017-11-13,0.4932630762311493,0.6954991423019008,0.617007512399694,0.7261782840625429
2017-11-14,0.5041057151531094,0.7098830754063856,0.6230200542445675,0.7312519526384785
2017-11-15,0.5148665921906803,0.7261388117544669,0.6335209261621212,0.7393917007312371
2017-11-16,0.5234704900794819,0.7447669901065479,0.640358492073259,0.7545068569959014
2017-11-17,0.5266676470940774,0.757732890654292,0.6424958768037006,0.7687411654525833
2017-11-20,0.5295134706475237,0.7737866202902393,0.6467492829215624,0.7823125558262061
2017-11-21,0.5384123873521462,0.790635869251085,0.6535648130601143,0.7951679160659023
2017-11-22,0.5460839912373501,0.7970091433023276,0.6565500912557539,0.7968781078876155
2017-11-24,0.5567298825966983,0.8030913804065013,0.6541712514875431,0.8043251958666895
2017-11-27,0.5691104314663539,0.8107889326666687,0.6537741230405782,0.8170969410739763
2017-11-28,0.5774311452186855,0.8243707370706411,0.6544852836896308,0.8311970228434665
2017-11-29,0.5772635455098327,0.8407503442652843,0.6496363174297879,0.8216144600616969
2017-11-30,0.575789386339513,0.8340874629467673,0.6451833591400156,0.8059143537924401
2017-12-01,0.5680972780108506,0.8264526510703161,0.6247442546609778,0.7985540388389186
2017-12-04,0.5651984982017239,0.8218093849588443,0.6037810787758099,0.8025761954791186
2017-12-05,0.5628445188610636,0.8047917291479438,0.5873485143238906,0.809362056566776
2017-12-06,0.5566092315831083,0.7950502180545769,0.5743552340017055,0.8036071881056799
2017-12-07,0.5543569418307563,0.7898493751484746,0.5623701878700378,0.7963021857597027
2017-12-08,0.5521783644488747,0.7947642092584858,0.5521661625167628,0.7911077600687035
2017-12-11,0.5511464533487465,0.8085683583302316,0.5416099879421223,0.788975535325835
2017-12-12,0.5500588152119965,0.8164265900237657,0.5319177175491188,0.7923119463090472
2017-12-13,0.5512068010246188,0.829966525636979,0.5207648063986792,0.7989282831451899
2017-12-14,0.5616330106959392,0.8471471546083698,0.5149140923633165,0.8065258843051143
2017-12-15,0.569281071137901,0.865684908597573,0.5135649555550278,0.8131294820555834
2017-12-18,0.5735828382307175,0.8777938741776169,0.518917297902994,0.8127260287472786
2017-12-19,0.5739369146530218,0.8815102921344277,0.52720501745737,0.8099991053134199
2017-12-20,0.571862038328837,0.8854252085242164,0.538644499946167,0.8041229483362354
2017-12-21,0.5647234704473271,0.8892874935333863,0.5468841736265997,0.8054915964049671
2017-12-22,0.5608029641707176,0.8968642279705901,0.5572201822809443,0.8122856165044928
2017-12-26,0.5627633831419666,0.9041336287901693,0.5665118900285244,0.819858381848293
2017-12-27,0.570389840174181,0.9120148551287831,0.5718494029347525,0.8337079943336537
2017-12-28,0.5790802019338595,0.9143247317780728,0.5829881403362621,0.8459188758996938
2017-12-29,0.5875820233278854,0.9210060293124429,0.6030205116199009,0.8552618654632744
2018-01-02,0.5988830843334416,0.9348491706770135,0.622139906588416,0.8638343200841379
2018-01-03,0.6062129632570226,0.9333200425794507,0.6434489395074273,0.8717351529069042
2018-01-04,0.6167066719740947,0.9286605880953431,0.6700771188485408,0.885915686593823
2018-01-05,0.6276861681454246,0.9302339846110301,0.693672001067647,0.9042438639431821
2018-01-08,0.63802417781187,0.9328713584387609,0.710303903365933,0.9264736787564695
2018-01-09,0.6554329531795435,0.9400523093086641,0.7292414927516159,0.9471584312896709
2018-01-10,0.6719208421926245,0.951194445650661,0.7507176952553409,0.9727757282659171
2018-01-11,0.6888280952019914,0.9670582391305027,0.7783739592031121,1.0003788429882694
2018-01-12,0.7084355110080021,0.9858164748310516,0.8062368410866252,1.0047745464443245
2018-01-16,0.7238046072751586,1.0041081316441844,0.8270302258695247,1.0159910972604467
2018-01-17,0.743585751444101,1.0213831035067997,0.8541727369854022,1.0259644071421188
2018-01-18,0.7551850524855369,1.0341385034081965,0.8769258508387385,1.032241914413773
2018-01-19,0.7649582510048136,1.0553905898128275,0.8981706744982204,1.040958703022631
2018-01-22,0.780719847223009,1.0856838648632483,0.9258011789704317,1.0456908354798702
2018-01-23,0.7989294129344146,1.1149941570125963,0.9625463947114222,1.0559786806496607
2018-01-24,0.8313762555831596,1.1478629373615097,1.0111972943387912,1.0720061989743377
2018-01-25,0.8768881029622008,1.194153642688674,1.0561162873658037,1.089671781296682
2018-01-26,0.9271217737576244,1.2450935209591507,1.1112069745747615,1.1115486436617679
2018-01-29,0.9824130108740023,1.2979297821181293,1.1652565811487943,1.1403815533196826
2018-01-30,1.0421027641710903,1.347978891123317,1.2244611264207421,1.1746826923559444
2018-01-31,1.1080345140471324,1.405495899031602,1.2842776616384255,1.2191249902534391
2018-02-01,1.1795600404082833,1.4693741880234132,1.3498976728489276,1.26450150153985
2018-02-02,1.2714011146615978,1.5400442310493638,1.4298725942486925,1.3293734580299055
2018-02-05,1.3538732362047732,1.597505805265754,1.5017782508821682,1.384452592184426
2018-02-06,1.361320808269971,1.6080508798005602,1.4922399746644481,1.3813512940592876
2018-02-07,1.3637663660040464,1.6110289253425285,1.483541444332846,1.3790977939574844
2018-02-08,1.3828024653244906,1.6221203175401016,1.475458798134455,1.3796633184465976
2018-02-09,1.3445819175686748,1.5832046841998924,1.4131790969740812,1.3503567743612948
2018-02-12,1.3214040680358512,1.5501614983722265,1.3663934231060861,1.3406576506243195
2018-02-13,1.2979133249364074,1.5155989892292554,1.3220941259244554,1.3274719679696367
2018-02-14,1.278490007497427,1.4798344634058316,1.2887432838394186,1.3181157484591743
2018-02-15,1.261199230348511,1.4381857072091384,1.2627770337829787,1.3081374789098945
2018-02-16,1.2518426112827765,1.3934434249103442,1.2402350303689584,1.2978545183337649
2018-02-20,1.2403256388996053,1.3530383475406316,1.2281401009975375,1.293000517345502
2018-02-21,1.2249124011985522,1.3211898949813723,1.2293518457605623,1.2933842996025937
2018-02-22,1.2131396030010284,1.30563820643486,1.2289392847652476,1.2920125621323495
2018-02-23,1.2142275361913248,1.3035034073971952,1.2237260511893382,1.3085373434886167
2018-02-26,1.205782569974619,1.2876615529568314,1.2229120534267148,1.3266306795803644
2018-02-27,1.191700204944237,1.2744676583780739,1.2160928093415526,1.344796438714699
2018-02-28,1.172933050641039,1.2696102061542398,1.2092526098559824,1.3578940121710437
2018-03-01,1.1525423056459225,1.2658838166533475,1.1891457781640007,1.3499113052005391
2018-03-02,1.1272807483377025,1.249120326272707,1.1547603209583346,1.3450669207453878
2018-03-05,1.120359084949843,1.2397035432072814,1.134015163356979,1.3295209179841627
2018-03-06,1.109524556995976,1.2390900654665646,1.1236396146124028,1.3178788689394747
2018-03-07,1.104974492289076,1.2498609712576472,1.1236670473323844,1.3120512022460873
2018-03-08,1.1074859916843645,1.2679331634243602,1.118131518677563,1.3069619137466146
2018-03-09,1.116530485883136,1.2910414391589138,1.1162268405060014,1.302105262960313
2018-03-12,1.1253486463641726,1.3212568486813687,1.1054463418257217,1.288095574423053
2018-03-13,1.141553046356314,1.3547767897116307,1.1020768827047869,1.2683480118863693
2018-03-14,1.1628643966134997,1.3782216637078015,1.1063026154686093,1.2574497166307281
2018-03-15,1.1799099106172806,1.408584414805261,1.1215600435700959,1.2550424915351939
2018-03-16,1.200045158521312,1.4351888833615776,1.1478695027530204,1.2605175160729725
2018-03-19,1.225212774733776,1.4778245041101843,1.1735269958214245,1.2668928993834663
2018-03-20,1.2496851361463746,1.513516299049332,1.1966878809923993,1.2711319208723981
2018-03-21,1.2831450298140912,1.5629771449035115,1.235327712191555,1.2777489473686903
2018-03-22,1.3253334164357897,1.629744451691875,1.2821640367291738,1.2935013724083337
2018-03-23,1.3330051817014652,1.6869707697272527,1.29220801999377,1.3009386289750011
2018-03-26,1.3270593604441219,1.713501859471516,1.2958453193487511,1.2837246319311664
2018-03-27,1.2985517759624854,1.6944295325143335,1.275910567604411,1.2616022727956073
2018-03-28,1.2701726783260265,1.6595397942643342,1.2547494071408407,1.2472361753656414
2018-03-29,1.2535766811595768,1.6254838558984657,1.2410723074159908,1.2380520715045196
2018-04-02,1.247376797085398,1.5897414495406939,1.2286089649718333,1.2304279491643646
2018-04-03,1.2209479132163898,1.5281776047325752,1.2088515707451173,1.2086383974426602
2018-04-04,1.179133281762584,1.4889694920066032,1.1851242052326996,1.181761166464695
2018-04-05,1.1464912647389693,1.4569890973609556,1.165122304483485,1.1610886089015489
2018-04-06,1.1215145756242695,1.4262805976666741,1.1544097839906964,1.1334305983378692
2018-04-09,1.0796478944510361,1.3864906085823634,1.113941403128452,1.096678090198292
2018-04-10,1.039420294428635,1.3491858380113428,1.085169228023057,1.0615523440630312
2018-04-11,1.0031597677139568,1.2976544461932809,1.0536871585236258,1.009330910241806
2018-04-12,0.9685684872997128,1.2559679328579396,1.0211655263069075,0.9719140350303545
2018-04-13,0.9339741035299864,1.2210021537223041,0.9917841841026164,0.9368319835327895
2018-04-16,0.9090123884941053,1.1930728990546677,0.9695212116794273,0.9055729453177984
2018-04-17,0.8905402035186497,1.1832786664561996,0.9525719888595852,0.873350050378051
2018-04-18,0.8700061621886912,1.1716096687116861,0.9401917406431322,0.8435522589595535
2018-04-19,0.8527038596347204,1.1694838112196997,0.9342580633319589,0.81709326169624
2018-04-20,0.8453218442819153,1.163461631559648,0.9249046576959343,0.7950444567288556
2018-04-23,0.8334470844349784,1.1484249057298053,0.9141181913808408,0.7737898698276976
2018-04-24,0.825024949263207,1.1343408202064824,0.9047970657708185,0.7565647184659213
2018-04-25,0.8143190052924448,1.106122988947451,0.881918561896158,0.746698202133462
2018-04-26,0.8099058239365323,1.0895175997241657,0.8628168032493418,0.74237292038649
2018-04-27,0.7957884363026235,1.0578023399078582,0.8459286520509155,0.7481101992083133
2018-04-30,0.7785524779541133,1.0302062983322606,0.834032481977108,0.7557324379578584
2018-05-01,0.7585654244438538,1.0087586355194036,0.8288486163743892,0.7598755197023892
2018-05-02,0.7489512705195047,0.9810740195354091,0.8263011032053562,0.7724360477725615
2018-05-03,0.7358660088527585,0.9626265357113362,0.8210075895944569,0.7829713936231788
2018-05-04,0.7298775361291918,0.9555677343071137,0.8238734836507771,0.7940961118844481
2018-05-07,0.7174890656405467,0.9367185682720474,0.8087984591892142,0.7932776912278692
2018-05-08,0.7093896633035739,0.9180828872789807,0.789419392882052,0.7894042229371412
2018-05-09,0.7043865198746835,0.9018748157232912,0.7786314207413236,0.7865451235697886
2018-05-10,0.6938255033588853,0.8868634822788309,0.766705415101795,0.7800309731655382
2018-05-11,0.6786761218196067,0.8701425001854071,0.7549493483613903,0.7724682900866733
2018-05-14,0.6651355140776687,0.8594315808573811,0.7527671805245294,0.7666520671514762
2018-05-15,0.6544934458858488,0.8509918473185142,0.7542961431566962,0.7613738667236091
2018-05-16,0.6447132216019806,0.8416030091988961,0.7543304604923118,0.7609880940400026
2018-05-17,0.6350788882831727,0.8383551543715824,0.752907432289035,0.7588392184372889
2018-05-18,0.6293341687115481,0.8362332410434438,0.76013721473934,0.7505491431263749
2018-05-21,0.6275279918800024,0.842358997621148,0.7677315860197219,0.745826960014391
2018-05-22,0.6286629620808405,0.8486655341301962,0.769431317082533,0.7344138097609342
2018-05-23,0.6285402982118092,0.8535809497763782,0.7725497306411068,0.7281264385128329
2018-05-24,0.627556300312521,0.8538116719199684,0.7784552151165769,0.7196697836319367
2018-05-25,0.623217866078514,0.855534479662867,0.7831971383749273,0.7138802333399432
2018-05-29,0.6231594390497163,0.8609761777351799,0.7946444284057061,0.7144513032800306
2018-05-30,0.6105605752964887,0.8631301870457871,0.7788750901084278,0.7182808926788895
2018-05-31,0.5938402243120121,0.8619239807610695,0.7645457343417396,0.7154860384504182
2018-06-01,0.583314116795725,0.8626768882530027,0.7497357983538215,0.7066812845844245
2018-06-04,0.5673806564518346,0.8476509428334092,0.7379521085968177,0.6964453374949133
2018-06-05,0.5534482662852769,0.8264744192776639,0.7224901870912592,0.6826521112723706
2018-06-06,0.53899328113947,0.8141507559652413,0.7119009320136379,0.675382046594657
2018-06-07,0.5213786616911167,0.802130615620175,0.6922126849663219,0.6698350874615897
2018-06-08,0.5093309067561642,0.7900471527850068,0.6762598965253593,0.6629911060674876
2018-06-11,0.5012868491484264,0.7806323978467196,0.6712608081751859,0.6588858131862387
2018-06-12,0.4969303948172532,0.7776283265450424,0.6642012780824947,0.6574637989211451
2018-06-13,0.49578398674085844,0.7826843934219773,0.6619526363683189,0.6576093570282466
2018-06-14,0.4937099156723491,0.7962432026294171,0.6620565509352709,0.656708336371469
2018-06-15,0.4926886286823981,0.8058409663915171,0.6647153343508845,0.6584419579786749
2018-06-18,0.495769391966617,0.8145029570408224,0.6717187982272997,0.6656898574674514
2018-06-19,0.5049770435357905,0.8308779468968698,0.6789256500573082,0.6800200851203708
2018-06-20,0.5194760308851913,0.8562936619025769,0.6711240484776824,0.6981100035283708
2018-06-21,0.5397057506899268,0.8813872261696315,0.6636655115622134,0.7124448169902331
2018-06-22,0.5613250005588499,0.8980987459932889,0.6525700418680799,0.726732733572993
2018-06-25,0.5873985807448748,0.9209170425997774,0.6496838253974131,0.7435868739985421
2018-06-26,0.5928445802676191,0.9170584613750089,0.6313819711890019,0.7502255688724518
2018-06-27,0.600449852819699,0.9228677438357747,0.6209818145547732,0.7617300112510326
2018-06-28,0.603903606051552,0.913538858794818,0.6059459749166001,0.7651104293547352
2018-06-29,0.6077863320128181,0.9055600295354058,0.593563007926771,0.7673760325359474
2018-07-02,0.6109385377858549,0.9053977888988185,0.5894276488832202,0.7718489518766734
2018-07-03,0.6180921659514307,0.8998642996086261,0.5891735643799659,0.7745717203372109
2018-07-05,0.6250916771863393,0.8961721601467206,0.591181033761684,0.7773275668501749
2018-07-06,0.6297489935928365,0.8912650804980742,0.5912094988649493,0.7806724825451201
2018-07-09,0.6350042868712127,0.8803095647102255,0.5920548663969353,0.7790793107174944
2018-07-10,0.6370386926182119,0.8738532029486754,0.579284955988242,0.7741861672525483
2018-07-11,0.6366084487454302,0.875688631830546,0.568532242352812,0.7712256720799269
2018-07-12,0.6364550861986926,0.8768665007466963,0.5509548566049767,0.7632273979448037
2018-07-13,0.63142928363224,0.8648440880211826,0.5350561228476509,0.7556033589117379
2018-07-16,0.6318487176684616,0.8510454482674906,0.5206782325184993,0.7518469143305265
2018-07-17,0.6289946867463672,0.8448403039482171,0.5171331855130689,0.7497763772099938
2018-07-18,0.6326005278680695,0.8456602941635373,0.5148238152260883,0.7477900402043691
2018-07-19,0.6390503228750093,0.8510712978599131,0.5117920142236397,0.7436041963892144
2018-07-20,0.6417946864879953,0.8573657289216644,0.5050014150341766,0.7439918919145628
2018-07-23,0.64648863239987,0.8666840574763255,0.500574309759522,0.7461447663111962
2018-07-24,0.6498890182299516,0.8748536811912637,0.5000354523829232,0.744194526470554
2018-07-25,0.6519862582604674,0.8859139040591058,0.4957981559462707,0.7416260023832724
2018-07-26,0.650954661347324,0.8883883399440242,0.49394268960565807,0.7359485232193121
2018-07-27,0.6568558224978889,0.8821038317067197,0.48940039337855085,0.7328733757238528
2018-07-30,0.6617885722245122,0.865905975369032,0.4872339325820297,0.7187453544563182
2018-07-31,0.6650546023871323,0.8412240414274658,0.4812969618416789,0.7048369147417001
2018-08-01,0.664078554428784,0.8191133848758749,0.4790393701394719,0.6919502801497518
2018-08-02,0.6665668359076482,0.8060858622017965,0.47726603430961223,0.6817142297094196
2018-08-03,0.6566756327490931,0.7874875863913842,0.4784110348320988,0.6718326885596277
2018-08-06,0.6517096439831686,0.7702805881671191,0.4832565524700892,0.6673069458054769
2018-08-07,0.6448387262552757,0.7579227831729553,0.4924303052851092,0.6653690523311881
2018-08-08,0.6416378524408668,0.7456699104465838,0.5023622318825262,0.6669199024078514
2018-08-09,0.6430605349153433,0.7346937496903445,0.5179788879095195,0.6753808070833911
2018-08-10,0.6441143967891522,0.7246630800668615,0.5346935815691896,0.6949979307534058
2018-08-13,0.6390042755150028,0.7103599685925379,0.5478860713048792,0.7130662469841458
2018-08-14,0.6346745559439483,0.7070317195104677,0.5566832990865814,0.7263917610032313
2018-08-15,0.6292014284842627,0.709966816797131,0.5699104111881039,0.7329070951250061
2018-08-16,0.6219252943310114,0.7066683566161497,0.580903600845843,0.7344064826561069
2018-08-17,0.612058831815292,0.7085526687459535,0.5780448510878055,0.7339050166699069
2018-08-20,0.6044826726325365,0.7156570645701813,0.5703393345469391,0.731053500473667
2018-08-21,0.6014329175491292,0.7297842179291603,0.5677033672020692,0.7310588971426576
2018-08-22,0.5988308415531521,0.748834413609034,0.563130901212631,0.7261994731678176
2018-08-23,0.5929135068007098,0.7619067157640248,0.5594804320389117,0.7245402710116279
2018-08-24,0.5856762348727284,0.7762886339220297,0.5559639894062541,0.7179854723043051
2018-08-27,0.5857171907448346,0.787479746668019,0.5540590554678646,0.7123517976111206
2018-08-28,0.5753419896204046,0.7994527322141614,0.5481292982137596,0.708472805728727
2018-08-29,0.5687887376352356,0.8122890772278035,0.5464801866905435,0.7065042383307616
2018-08-30,0.56821291714597,0.8226360609138677,0.5481062315414591,0.7018151467552135
2018-08-31,0.5678775635688056,0.8399407079705624,0.546739556767875,0.6997820144598147
2018-09-04,0.5695984218438084,0.8581651385232242,0.5401310829595461,0.7014797227682136
2018-09-05,0.5707733831256311,0.8780741219246989,0.5373783161266322,0.7064253324659286
2018-09-06,0.5749341300266151,0.8869050613350467,0.5330174424906534,0.7110405458393355
2018-09-07,0.5795267451746567,0.89305623783676,0.5330629675757524,0.715735068819884
2018-09-10,0.5891529388017525,0.8965183980110083,0.5376943935730439,0.7161068900104128
2018-09-11,0.6087211768180945,0.9101377561846447,0.5458949986607926,0.7275979981734518
2018-09-12,0.6290274786956997,0.9177285703181862,0.5579077545429345,0.7378482399682845
2018-09-13,0.6495172248776085,0.9404781036596803,0.5764286311862985,0.7441365094908361
2018-09-14,0.6651821907458733,0.9639190447445185,0.5971038948316154,0.757717230081543
2018-09-17,0.6831435589782892,1.0005106236221284,0.6239459171652454,0.7737061555028543
2018-09-18,0.6961803617124268,1.0287712134745521,0.6511629916001208,0.7924143638034937
2018-09-19,0.7126171086131443,1.0598552799238172,0.6786397884754128,0.8144091107366724
2018-09-20,0.7353878305924664,1.0916785073993491,0.7085502280614311,0.8346955646028034
2018-09-21,0.7465967361959509,1.1254501279294893,0.7285864147324075,0.8571729249577175
2018-09-24,0.7594028585991353,1.160305317059765,0.7481348736254024,0.8831280737284253
2018-09-25,0.7728284591583193,1.1993607423357893,0.7652632268058777,0.9135803373499441
2018-09-26,0.7944707084279901,1.2463971762534318,0.7862838048536753,0.9399904062964851
2018-09-27,0.8221196932914149,1.29280895627322,0.8058209205085213,0.9731372933929094
2018-09-28,0.8570931321168188,1.3456013638627393,0.8312793062942604,1.0165605402296236
2018-10-01,0.8890894089644082,1.401208045100001,0.86264744916625,1.0583947888717602
2018-10-02,0.9352896991215919,1.4566731169438105,0.8952558523434376,1.0972995744408547
2018-10-03,0.9831786292800536,1.5213661065460702,0.9325216629223335,1.1307366453591237
2018-10-04,1.0319120491922509,1.5817690547673147,0.9742174802031921,1.1584373624184847
2018-10-05,1.0865195823340656,1.6396956119381456,1.0240571377816563,1.1802627226712503
2018-10-08,1.148430079139241,1.7108780234946166,1.0757740749211102,1.2087813962355831
2018-10-09,1.2133229453421992,1.7760596370154864,1.1352583036499122,1.2371411167213393
2018-10-10,1.2945751678422972,1.854205612060043,1.2161120232482643,1.2805747882654082
2018-10-11,1.3288420066279893,1.8771709170104476,1.252743641405324,1.3067528421880155
2018-10-12,1.348391423163163,1.9069437520776986,1.2636832796974737,1.3107856873575277
2018-10-15,1.36610883504439,1.9331171433460879,1.2775438371856986,1.3210754989878861
2018-10-16,1.3895278825201747,1.964337551690783,1.2892582352915891,1.3302427927991463
2018-10-17,1.3986967085904694,1.992181242564287,1.270400933044974,1.3262338457597018
2018-10-18,1.417665956661375,2.028882136654078,1.2583318457114119,1.3376447492813082
2018-10-19,1.424978290997658,2.06683476635796,1.261683376115727,1.3409405056584438
2018-10-22,1.441352914525036,2.0991059862648904,1.2768855745618992,1.3521060088155488
2018-10-23,1.4678726740901245,2.1412727294030924,1.2879747034944207,1.3567254924253496
2018-10-24,1.5051999093898971,2.1792182116285703,1.3065226808370871,1.3713412620538323
2018-10-25,1.489043624672514,2.169549407746764,1.3009495370571333,1.3491118303762448
2018-10-26,1.4707604861905088,2.1269508632572744,1.2888069762819796,1.325251390059673
2018-10-29,1.44595336112061,2.0824586895562396,1.274469161689111,1.3009959882940028
2018-10-30,1.4197418601403236,2.038428932594675,1.2564584913898886,1.2897544849060207
2018-10-31,1.3912235169702685,1.987012268463397,1.2440460103911997,1.268841422280057
2018-11-01,1.3648875450264222,1.955639833384125,1.2326481957861564,1.2338950816814136
2018-11-02,1.3400706753563465,1.9210817016998174,1.2143847123120959,1.2050836208540723
2018-11-05,1.3343066754586066,1.8921819094311174,1.2106351625426424,1.1947790384431236
2018-11-06,1.3409357650574176,1.885619168442151,1.216343890351374,1.1907092669654582
2018-11-07,1.3502211485178144,1.8922602359921603,1.2239906354516272,1.1878924436441092
2018-11-08,1.3536862252113167,1.8800547387051794,1.2354771103859856,1.1896445724726397
2018-11-09,1.3578716047496633,1.877444788664375,1.2489721865087624,1.1970713316008643
2018-11-12,1.3685755748027617,1.863263821156077,1.2717851697597813,1.182484123426429
2018-11-13,1.3478975128275412,1.8389173346711152,1.2672546708570072,1.1659162485243277
2018-11-14,1.347100446775444,1.82852039383536,1.267474248279639,1.1561106338524125
2018-11-15,1.3572783625866836,1.8294586448234722,1.2804103888798175,1.1483633456930964
2018-11-16,1.3648295154063506,1.84252361816696,1.310549588789203,1.148612323404324
2018-11-19,1.3767159119364036,1.869624474542414,1.3468882507306221,1.158178749672099
2018-11-20,1.374671250092859,1.856318509254872,1.3789677731534864,1.1718147711861202
2018-11-21,1.3628651561594713,1.8508953458369721,1.386076970172937,1.1649984000212554
2018-11-23,1.3537461500736494,1.8553022584378687,1.390556112728379,1.1646705432640256
2018-11-26,1.35264244355232,1.8822054969122555,1.4045898742492808,1.1689248989702277
2018-11-27,1.3480130763983784,1.9062704681443121,1.4225623985176103,1.1802697686216972
2018-11-28,1.3557282363356857,1.9280763050132295,1.4595785883426795,1.2075279886627788
2018-11-29,1.3618045539300223,1.9297233463053345,1.4879881062267182,1.2263972305833681
2018-11-30,1.3681632960258536,1.9311892136873905,1.5359113879743145,1.270468974687037
2018-12-03,1.391715175732278,1.9477941111610904,1.5901752775867024,1.3178278450575096
2018-12-04,1.4151229824755662,1.9661238403320604,1.6412397562644532,1.3789507637706762
2018-12-06,1.4037971522365362,1.941898831904078,1.6509835526124654,1.3667743417284728
2018-12-07,1.404885238295128,1.9245243677784394,1.653325543401481,1.3591234020229448
2018-12-10,1.39201087411332,1.886424957154633,1.6401099539211212,1.3450253175609261
2018-12-11,1.3885379840193814,1.8659599663194564,1.639279250715085,1.342117830217799
2018-12-12,1.3893431090665986,1.8653994372517289,1.6425459604034487,1.3510555337941277
2018-12-13,1.4129562352141498,1.8876492312996394,1.6518919030488455,1.3740323455678356
2018-12-14,1.4469468144385824,1.9079775371441479,1.6713972542357736,1.395430526069619
2018-12-17,1.4739576725955505,1.9226724198904268,1.6897241845445599,1.4217360782691293
2018-12-18,1.495993794757741,1.938748630463448,1.7042824860841974,1.4341988658408404
2018-12-19,1.5312005689247974,1.980369051305146,1.7223921524884238,1.4615980798677046
2018-12-20,1.5704279740731886,2.0110816387841197,1.740369730819701,1.4872737172760773
2018-12-21,1.6142409360123327,2.0306028746650373,1.749329500514167,1.5079695107744846
2018-12-24,1.6479364234737266,2.026679336465169,1.7539214170639765,1.517336939772359
2018-12-26,1.6635791562741133,2.013115395699674,1.726754457268671,1.5147569846387796
2018-12-27,1.6212279583124949,1.9356442220327577,1.653685871685969,1.4643423352010216
2018-12-28,1.5839032461054912,1.8767181531971473,1.5898226236539896,1.4238885394969945
2018-12-31,1.5529571410064422,1.8416090874067261,1.5486043312828341,1.395337784150028
2019-01-02,1.5172648920275313,1.8051378799888789,1.5196329566008062,1.3740722622116563
2019-01-03,1.483570543142548,1.7731013360526993,1.4951943959003102,1.361685818111034
2019-01-04,1.439765448534482,1.7182779503040346,1.441745249785774,1.3477949697347795
2019-01-07,1.366801219316739,1.6255231571792432,1.3678077943449556,1.3037746151173966
2019-01-08,1.3074963238589408,1.545892023846847,1.2985008462226892,1.2497550041732357
2019-01-09,1.259205316793969,1.4842515683217838,1.2411107455979908,1.1942953669654275
2019-01-10,1.2094771198014347,1.4417695770790588,1.1916971719246314,1.14393572460525
2019-01-11,1.1669561751220625,1.406616935877019,1.1425927933651303,1.0931276972503499
2019-01-14,1.1295498083297446,1.385074598209279,1.1014738747047679,1.040819125696035
2019-01-15,1.1003991877402144,1.3701070037339251,1.0677170021338267,0.9949773891103842
2019-01-16,1.0796659748649144,1.3363485910665347,1.0316230457702438,0.9599905261278168
2019-01-17,1.0600289732754726,1.316385097412646,1.0034742261393002,0.9201748106328794
2019-01-18,1.0450972193706327,1.3027031167449707,0.9722772542879196,0.8882247546095244
2019-01-22,1.025667884618656,1.2866098258832244,0.9407277827839272,0.8624725009468284
2019-01-23,1.0052010547914823,1.2548599244244736,0.9090990205656551,0.8275113827281241
2019-01-24,0.9951917472631197,1.2362846900728197,0.8864135002061255,0.7952710383368506
2019-01-25,0.9790349289818541,1.2207128675142063,0.8603888856085037,0.7709430366598481
2019-01-28,0.9610004413683085,1.1984351991009097,0.8478991681456419,0.7441292401141877
2019-01-29,0.9414351698731755,1.1753198459136962,0.8361143594477847,0.7224038713167286
2019-01-30,0.919523171020564,1.150814327776635,0.8224446425274727,0.7111977970220468
2019-01-31,0.8933847379832311,1.1012791731286338,0.7962879597993456,0.6988793053797022
2019-02-01,0.8655710084903792,1.0495873914663465,0.7747139524301965,0.6894430264301897
2019-02-04,0.845881822252773,0.9999092589676066,0.7608435968281825,0.6852963603226594
2019-02-05,0.8256483119455772,0.9510887262038015,0.7531617203780654,0.6733002441936407
2019-02-06,0.8087821840255505,0.8992994176173998,0.745281881398697,0.673122762310336
2019-02-07,0.7957289483304517,0.8567534383471042,0.7438077475938175,0.6768561603297801
2019-02-08,0.7800745713371658,0.8064397866954495,0.7429387246191618,0.6848387632672521
2019-02-11,0.7693468303843117,0.7641424690360957,0.747147147557508,0.6987705518907673
2019-02-12,0.7581618925193022,0.7332541298349383,0.7543618112234093,0.7062301562575166
2019-02-13,0.7390297707646093,0.6925295536659231,0.7578249882582933,0.7143597525876165
2019-02-14,0.7213069113515141,0.6654627425101605,0.7675059161577495,0.7214870583027214
2019-02-15,0.707504248788099,0.6462020299721425,0.7803864060488636,0.7303930996812026
2019-02-19,0.6901797421672428,0.631943833887379,0.7693775146177201,0.7293279321463862
2019-02-20,0.673632324261905,0.6181427910803446,0.7606977483525185,0.7309722616728465
2019-02-21,0.661298205332959,0.6080002194199399,0.7536026210658914,0.7405892943423273
2019-02-22,0.658046078618085,0.5992726064730625,0.7469226112825291,0.7571650821501791
2019-02-25,0.6518422168284436,0.5916219385353579,0.7442261014629269,0.7776615931519714
2019-02-26,0.6488462410554796,0.5826314616017322,0.7399774170381117,0.8008541188119872
2019-02-27,0.646213651230509,0.5800757177544914,0.7357757255106979,0.8244045375412136
2019-02-28,0.647723095701002,0.5806673378766254,0.7349483583396802,0.8488718865958351
2019-03-01,0.6505794557940517,0.5865889725230146,0.735178073129981,0.8721887309528027
2019-03-04,0.6549587524003828,0.5971680229759967,0.7326803361355313,0.9018463956268499
2019-03-05,0.6580067031221156,0.6120289515686113,0.7234023636161956,0.9343474604823724
2019-03-06,0.6693368943361983,0.6319000272877496,0.7181984649442865,0.9639983440955741
2019-03-07,0.678866081479284,0.6589328531467621,0.7118006716133481,0.9751566654210919
2019-03-08,0.689610398866299,0.6778395872717206,0.704692878766967,0.9830609084081887
2019-03-11,0.705064774707362,0.706797971269663,0.6961775671117397,0.9948155498869673
2019-03-12,0.7078037588606968,0.7068690830247641,0.6900071007522327,1.0002353230893692
2019-03-13,0.7143575555351064,0.7111983373297219,0.6867843018842232,1.0073634671186011
2019-03-14,0.7165792067954692,0.7184284467053179,0.6786328163177263,1.0197784894753141
2019-03-15,0.7254387275810888,0.7289836353151834,0.6745432848934286,1.041314127320003
2019-03-18,0.731291716995227,0.7442727448349717,0.6772937974240844,1.0637688167275683
2019-03-19,0.7410779256842533,0.7673782526956594,0.6841160073856546,1.0916872288190698
2019-03-20,0.7584159901644646,0.795511782542072,0.6959581993195919,1.1179436631279949
2019-03-21,0.7752866081721513,0.828682892241712,0.7024099045108481,1.1455362333465955
2019-03-22,0.7861936822565533,0.8491250065848303,0.704662231569051,1.1760227454705485
2019-03-25,0.7705094240441659,0.8365521303533604,0.6887236832958823,1.1601020228778436
2019-03-26,0.7614994101540291,0.8225932004675273,0.6759119425181759,1.146842756832327
2019-03-27,0.748873375614548,0.8083831140609534,0.6633629627394397,1.136796959085289
2019-03-28,0.7370584629954972,0.7957867489010503,0.6510369000717727,1.1253917861668283
2019-03-29,0.7228095891672355,0.7843885105482593,0.6422280748591487,1.1211860679297228
2019-04-01,0.7088676435760564,0.7735408888454868,0.6321177815290185,1.124179309466705
2019-04-02,0.687660002526531,0.7524601688331285,0.6120341162071936,1.125894504770684
2019-04-03,0.6749017641519456,0.7306766201977007,0.5934134469959584,1.1160836449547686
2019-04-04,0.6631940237443599,0.7089089959332717,0.5780769757897712,1.1146549314926586
2019-04-05,0.6456422247116731,0.694552122158498,0.5651912090297097,1.1080024134141735
2019-04-08,0.628037685239665,0.6780938439576172,0.5598407812867879,1.108672537954109
2019-04-09,0.6147345571349037,0.6712069321024565,0.5553154525915416,1.110936259031979
2019-04-10,0.6093381927786077,0.6613925918609481,0.544892116402361,1.1045683028503355
2019-04-11,0.6045521777627166,0.6565696522795449,0.5383468065890231,1.0843280593330094
2019-04-12,0.6022723128729556,0.6532756624594704,0.536814546224762,1.0714394071550073
2019-04-15,0.6009817220371975,0.6523601849021599,0.5255917090726899,1.0592010213730048
2019-04-16,0.6013731746638893,0.6566293813360158,0.5206024361039129,1.0519951421681775
2019-04-17,0.6070192352052376,0.6678465637219899,0.5208767059453472,1.0501416829613144
2019-04-18,0.6180361330911495,0.6790617187944753,0.521663966643261,1.0571338878250822
2019-04-22,0.6334381071771037,0.6923815427024268,0.5235518470737018,1.0642658706335322
2019-04-23,0.6559791482685804,0.7153849179621616,0.5285463468661631,1.0701919632589658
2019-04-24,0.6734095138638921,0.7326900207756721,0.532612272798457,1.0688484617929999
2019-04-25,0.6928427147794892,0.7474001270405728,0.5432776468557414,1.0760410635717192
2019-04-26,0.709067848778542,0.7643366881959004,0.5549041332198766,1.079784096489406
2019-04-29,0.7261901339045399,0.7905970277899841,0.5684686992693241,1.080070889347549
2019-04-30,0.7528254223051081,0.8223670651855863,0.5874505619273482,1.0892202199891585
2019-05-01,0.7767444616721823,0.8596035715771693,0.6143381828403657,1.1009868245398928
2019-05-02,0.8013504223538837,0.9023896196295538,0.6409976843048131,1.1116633134513618
2019-05-03,0.8295811635511265,0.9451995116795567,0.6716354812605395,1.1194814547464385
2019-05-06,0.844973780332655,0.9879468775617303,0.7052509631590691,1.1137708688050059
2019-05-07,0.8633441929383011,1.0323320278404355,0.7396290651070535,1.114331881068677
2019-05-08,0.8704840542180885,1.0657484346981507,0.7544977382729204,1.1062988713447448
2019-05-09,0.8818696677877634,1.1127381988450127,0.7754694078247791,1.108032598437583
2019-05-10,0.8969425183763057,1.1680798832733403,0.7998046909466061,1.1180578927682445
2019-05-13,0.9194117593636055,1.232760822208273,0.8283418546990765,1.1273960148822093
2019-05-14,0.9064856818462517,1.2408253672200074,0.8155716949366045,1.1039942247562398
2019-05-15,0.8945406188969286,1.2422244936353357,0.8016282540448675,1.0828658462154044
2019-05-16,0.8853704799513269,1.240518454812385,0.7914010085105936,1.0635581028633136
2019-05-17,0.8820633687819617,1.245768548584511,0.7849385058931996,1.0568022993667767
2019-05-20,0.880977076373204,1.2479385554105535,0.7818209907464906,1.0475623228360667
2019-05-21,0.8759478802617657,1.237280175640867,0.7808932896381852,1.0369191566814637
2019-05-22,0.8734137628125757,1.2385034253579033,0.7850793508561212,1.028782589397052
2019-05-23,0.8737189347110462,1.2388361667150025,0.7961957634841427,1.0261263432458876
2019-05-24,0.8747273230631091,1.2397980705194627,0.7997343742174063,1.0046020775695368
2019-05-28,0.8845206395653495,1.2371688232961968,0.8025527387634921,0.9893118697966039
2019-05-29,0.8957353792609375,1.2364686054058545,0.8046553745095595,0.9748889038824686
2019-05-30,0.9002163702865253,1.2433747339487145,0.8040118969125607,0.962066979511151
2019-05-31,0.9126966730086893,1.2451990822640508,0.8056363441494888,0.9506526925763088
2019-06-03,0.9178904884272586,1.23432904807176,0.8032302654528837,0.9397484906466246
2019-06-04,0.9228124805400637,1.2084223580331686,0.8088205786733399,0.9318849372678345
2019-06-05,0.9094473128937196,1.1708457547019997,0.7856130711205684,0.9059248856257125
2019-06-06,0.8877276924079118,1.135494836406781,0.7674668064677634,0.8877967693683989
2019-06-07,0.8677823400542909,1.1134281260998777,0.7512841417599012,0.8667637496924022
2019-06-10,0.8448441871165275,1.0738684904583269,0.7252912883404753,0.8515828355212595
2019-06-11,0.8211506958101857,1.0419162301133125,0.7072266735914454,0.8407530351238192
2019-06-12,0.7973197237748811,1.017205751606226,0.6935283647934164,0.8332928309353482
2019-06-13,0.7836969222232815,0.9950419210619328,0.679846224279175,0.8293474548697763
2019-06-14,0.7749496135097604,0.9743092797033439,0.6692726754141596,0.8188602450891365
2019-06-17,0.7605618817513208,0.9589388016493923,0.664365275972057,0.8156872351982299
2019-06-18,0.7533496585648646,0.9491518221762375,0.6649248699809706,0.8144727589690435
2019-06-19,0.7370183891119686,0.9303131455658248,0.6477286660713114,0.8165094511395224
2019-06-20,0.7256092526376986,0.9144869043584674,0.6364569188607353,0.8200701025412866
2019-06-21,0.7166552660345503,0.9012910325688096,0.6171625459688895,0.823842784596139
2019-06-24,0.7114054138879997,0.895067773010075,0.6014874806828817,0.8267562805902269
2019-06-25,0.7023167198305532,0.896118915886711,0.5918710689408972,0.831683259810298
2019-06-26,0.6833967490996272,0.8757901136608912,0.5801644643839411,0.8359323206772111
2019-06-27,0.6719058407034008,0.8687589871516859,0.5736716568165751,0.8420939408620776
2019-06-28,0.6748325617634023,0.863418612501072,0.5676175583266485,0.8403986655326107
2019-07-01,0.681049706860937,0.8596385729996959,0.568293912466998,0.8259946088716477
2019-07-02,0.6847868826860849,0.8477765057233795,0.5667060900847116,0.818849506913581
2019-07-03,0.6945604043276441,0.8405026604363947,0.5679201432492004,0.8139903338558694
2019-07-05,0.7003284436911554,0.8322340028869853,0.5686780135544041,0.8140812465455626
2019-07-08,0.7115928721097009,0.8277913468812358,0.5732872938355648,0.8147375448443323
2019-07-09,0.7224538410597311,0.8232641120251166,0.5807493115413432,0.8149736450084369
2019-07-10,0.7307511909261732,0.8234083816425631,0.5940800576276126,0.8235300912169705
2019-07-11,0.737562632978954,0.8165132650108118,0.6092280972507231,0.8286347279040952
2019-07-12,0.7478748448029414,0.8129173904516384,0.6206893238146811,0.8402931023108536
2019-07-15,0.7563867072215453,0.8129522270159113,0.6256510654474031,0.8519256260045697
2019-07-16,0.7708594237899397,0.8147257823943511,0.6357668265662627,0.8621363782644433
2019-07-17,0.7862176953412621,0.8183540799766154,0.646711440080945,0.8788078435658485
2019-07-18,0.8050226786499486,0.8262427405715044,0.6670012155222181,0.8910163882105504
2019-07-19,0.823745281006823,0.8477308681139324,0.6917240854018918,0.9092770747629545
2019-07-22,0.8377452817856803,0.874058324895468,0.718818521415086,0.9308508724197494
2019-07-23,0.8571457942605508,0.9071555698710654,0.7535692878748611,0.9663988063101759
2019-07-24,0.8705275425049225,0.9477344304169996,0.7889172108165089,1.0094649591026021
2019-07-25,0.8933345716491672,0.9848273953760199,0.8241561103448182,1.0423605950394619
2019-07-26,0.9237905626421763,1.024506832387161,0.8562785988448771,1.0812774325070775
2019-07-29,0.9565760570696058,1.0650142947478318,0.8875905917659266,1.1180230222200616
2019-07-30,1.0024337222398607,1.1167632984031421,0.9259294977668903,1.1609165592954982
2019-07-31,1.0636777891961013,1.1807723186115335,0.9738175465015807,1.2050571819054523
2019-08-01,1.124220646226124,1.2342619066348872,1.0205632198348367,1.2415702920436373
2019-08-02,1.180543899447855,1.2952454263936812,1.052448181295639,1.2760904486563214
2019-08-05,1.2347772540903925,1.3633056942072161,1.097613457315835,1.314215290907369
2019-08-06,1.2448596864155195,1.3687210427809737,1.1014900600411857,1.324895660458839
2019-08-07,1.263793283607151,1.372777800554677,1.0973055066106756,1.3534016732656915
2019-08-08,1.2865750871445472,1.3794318664034013,1.0972390012106468,1.3874104507684353
2019-08-09,1.3121561087878846,1.3876089093362913,1.1001858455428084,1.4002628063193063
2019-08-12,1.3200859113572758,1.404977946877526,1.105411928919751,1.4225006501294097
2019-08-13,1.3403643241187917,1.406596911651776,1.1187041706467815,1.4562797414998991
2019-08-14,1.3445781018611842,1.4027709597105116,1.132503746257526,1.499578745022388
2019-08-15,1.3110000949549436,1.3809021520909524,1.1032853985128472,1.5081023265721822
2019-08-16,1.2918391252615395,1.3741935875799627,1.0808441193219567,1.5184728719789236
2019-08-19,1.2626051355708847,1.3648150857378374,1.0560801173619012,1.5160710656612766
2019-08-20,1.2346056244261496,1.3447616791006023,1.0373708731236615,1.502812787006838
2019-08-21,1.2058862183031214,1.3288558769138608,1.0255775825965316,1.494929354287873
2019-08-22,1.1891515661483165,1.320414092185125,1.0106488209017008,1.4983587493628878
2019-08-23,1.1808271835953326,1.3116318293697926,1.002956716736796,1.5109446530593047
2019-08-26,1.1385835764547834,1.2543417373271606,0.9764287971246108,1.47918545914935
2019-08-27,1.0991057972970402,1.2029512544667422,0.9530769234514275,1.4533495572744268
2019-08-28,1.0581423414300737,1.1597120774126148,0.9292130680400712,1.4209677345676097
2019-08-29,1.0260795446746087,1.1215430502108221,0.9038541411894158,1.3943893550145874
2019-08-30,0.9875932151950682,1.0843230710830731,0.8822180939730888,1.3608302203879272
2019-09-03,0.9553072447685055,1.0560283508082762,0.8676029015493796,1.3405497184665636
2019-09-04,0.9236808717580389,1.034279971126131,0.8516069907461883,1.3231104219003196
2019-09-05,0.8946328661183766,1.0107568498911093,0.8427191069250636,1.3159546607929657
2019-09-06,0.8584745045506064,0.9828351830570454,0.8185778728527956,1.2927384570737699
2019-09-09,0.8347883190229087,0.9612823762405185,0.8017694325095962,1.2840290400070167
2019-09-10,0.8181385906955702,0.9371855903520452,0.7856725625784622,1.255704206744999
2019-09-11,0.7997353443771473,0.9194944136912881,0.776306978282685,1.2163117510103363
2019-09-12,0.7856492755748803,0.9011078958816172,0.7588445254997563,1.169116441393562
2019-09-13,0.7788844285010003,0.8821831069709631,0.7379732965427421,1.1274519204257576
2019-09-16,0.7750476043064851,0.8599398602293183,0.7183948791106859,1.0926748673801063
2019-09-17,0.7813901805015139,0.8456818424696446,0.7036679995547613,1.071451646252613
2019-09-18,0.7923256468004606,0.836198835793247,0.6929940019659006,1.0463432089570357
2019-09-19,0.7985935107091114,0.8364240751953976,0.6862891475862296,1.0303290917981356
2019-09-20,0.8060857714268961,0.8456751941611053,0.6909303592894781,1.0241875185004268
2019-09-23,0.8076698880266092,0.8562279403450879,0.695986691416736,1.0270669432727835
2019-09-24,0.8117127865595342,0.8776029299656487,0.7058517061939534,1.0286353660242504
2019-09-25,0.8161287567909624,0.8880432893977778,0.7143069190174495,1.0275415639422036
2019-09-26,0.8186385916264913,0.8950461805853175,0.730527350561345,1.0176201572720434
2019-09-27,0.8314193014822463,0.9118968227062363,0.7511495827563306,0.9940179945947498
2019-09-30,0.8426018588906151,0.9250899465020254,0.7672718160645831,0.973532654860868
2019-10-01,0.856506013941159,0.942870701104772,0.7902419751325864,0.9632220371850904
2019-10-02,0.8672637026710386,0.9597995450034723,0.8012185488573363,0.938433938271225
2019-10-03,0.8544401045994235,0.9572431732346123,0.7872450260222491,0.9228529442663235
2019-10-04,0.8438577224611691,0.950033595103589,0.7826890794282145,0.9092690326860681
2019-10-07,0.827708740823736,0.9352830465859358,0.7643150442957112,0.8967852062419024
2019-10-08,0.8087271572359799,0.9234905707546893,0.7472275080838006,0.8871471389126023
2019-10-09,0.7758357433890212,0.9035154371311561,0.7219884907856243,0.8723021805895418
2019-10-10,0.7452811997785452,0.8903356606829792,0.6996229059603927,0.8616310206408178
2019-10-11,0.7184095915868637,0.8813184010381232,0.6781872500627395,0.8479270725019769
2019-10-14,0.6885334001195803,0.8612202279539514,0.6554199227062543,0.822891501538347
2019-10-15,0.6685801482617684,0.8522643355035661,0.6396934278509289,0.7999370749637672
2019-10-16,0.6460184942340917,0.8421539273397535,0.6191110037268661,0.780098892131071
2019-10-17,0.6294093449956807,0.8384688480282819,0.6036489937040361,0.7655108367267608
2019-10-18,0.6179906435509774,0.8322465830281803,0.5938264855018771,0.7471073639079389
2019-10-21,0.6062493233399151,0.8161945142400793,0.5797549245826666,0.7293470414968438
2019-10-22,0.5891140765662579,0.8012178451161436,0.5652634450260722,0.7178846457661247
2019-10-23,0.5734281820515515,0.7782669394009047,0.5585673620386711,0.7127875343133836
2019-10-24,0.5610879096820025,0.7582213278550717,0.5514730203045194,0.7113785375608265
2019-10-25,0.5538019709794956,0.7399539346605123,0.5442056758801438,0.7110626942541212
2019-10-28,0.5450389529961955,0.7230083692660183,0.5404906552717211,0.7130201232830112
2019-10-29,0.538112615251375,0.7032901078735928,0.5419340837303062,0.7133302225373467
2019-10-30,0.5298978782098442,0.6846258687647454,0.5476925810219946,0.7152441010193519
2019-10-31,0.5268982317337951,0.668290452008178,0.5566622376133215,0.7177858926448897
2019-11-01,0.5288283514995903,0.6570516615951852,0.5610665984929718,0.720338682708988
2019-11-04,0.5217601421815041,0.6456650874482198,0.5576431462122317,0.7046094207111793
2019-11-05,0.5143486274035635,0.6336529987834943,0.5581713818771448,0.6836561283330632
2019-11-06,0.511689678403117,0.627453816739724,0.5541211700129028,0.6707844813753091
2019-11-07,0.5071370750909628,0.6193605084951216,0.5520361827542368,0.658928234292754
2019-11-08,0.5059092592571729,0.6157443644258817,0.5473570448785885,0.6479875646163347
2019-11-11,0.5055107194531818,0.6173798251625003,0.5464452219249456,0.6366557106496467
2019-11-12,0.5053482970122146,0.6187916844556429,0.5484693236598476,0.6268035153641985
2019-11-13,0.5077408128334132,0.6185999390766144,0.5550089082245644,0.6196593181271507
2019-11-14,0.5093854381995875,0.6203009855113684,0.559883420903832,0.6151345983987988
2019-11-15,0.5116749478088983,0.6240999603774535,0.562957217166214,0.6098201204919448
2019-11-18,0.5086535259998362,0.6274952826770384,0.5621546860404262,0.6110278173252294
2019-11-19,0.5078739970793809,0.634738493063638,0.5617412994591283,0.6172896434412481
2019-11-20,0.5105155707932826,0.6513363808608645,0.5636462315024147,0.6279534521733299
2019-11-21,0.5118178745265496,0.6616840840173496,0.5660914275470251,0.6402917824306631
2019-11-22,0.5147790255146758,0.6751756802034407,0.5727341729764978,0.652954400183582
2019-11-25,0.5226823675458687,0.6899861149811009,0.5791665902126176,0.6672868207698994
2019-11-26,0.5283595580253211,0.6961615985617043,0.5846812083665197,0.657509490961173
2019-11-27,0.5333772441175217,0.7040577001312287,0.5991831451971183,0.6475812816432437
2019-11-29,0.5430584117005173,0.7072084350484269,0.6159778852620573,0.6427326680453378
2019-12-02,0.5552690783378115,0.7086558671943688,0.6355349637879489,0.6389232395993752
2019-12-03,0.5619870821569024,0.6976236921361345,0.6461894373282242,0.6365025375454713
2019-12-04,0.56776331827429,0.6808407302928938,0.6437235467613868,0.6321977942399226
2019-12-05,0.5719187551587694,0.6617453060148052,0.6422511059400412,0.6288647385665531
2019-12-06,0.5797952537383453,0.6535846399077527,0.6441620777414583,0.6298566308435369
2019-12-09,0.5823232016246208,0.64294940640803,0.6330021880013831,0.6228091537126259
2019-12-10,0.5825138350978792,0.6427026440680158,0.6261571083833837,0.6234284273887868
2019-12-11,0.5889725501574492,0.6469295666427675,0.6212365071538946,0.625825054913463
2019-12-12,0.5901263608125007,0.6493255130917783,0.617657298975654,0.6280602393649731
2019-12-13,0.5900526597858972,0.6551320806310575,0.61173112532477,0.6218937503196127
2019-12-16,0.5908999664231837,0.6666855672272828,0.6094388094843763,0.6079783143332282
2019-12-17,0.5858073464429924,0.6720950215206135,0.6048917263744135,0.5913681113281583
2019-12-18,0.5842836194610403,0.6844031278236538,0.6038290686097871,0.572033770584323
2019-12-19,0.5905228247347513,0.6971179558152033,0.605253521634516,0.5555907673590529
2019-12-20,0.5989171251990697,0.7105031528371548,0.6042162560849476,0.5469291872759211
2019-12-23,0.6068733744682443,0.7229402370577724,0.6067018956492226,0.5401281230791931
2019-12-24,0.6124735204191095,0.7365813919187045,0.6108291166056461,0.5408827964566013
2019-12-26,0.6207073128385671,0.7509307206324585,0.6168291689580498,0.5416800378007398
2019-12-27,0.6348791167314176,0.7656012907317945,0.6258995072224214,0.5448265771825376
2019-12-30,0.6457260885139187,0.7845471452251478,0.6405151951810713,0.5454601444024175
2019-12-31,0.6618063436784879,0.7991170490316809,0.6526018195536958,0.5526394051818913
2020-01-02,0.674095131915438,0.8157335737617251,0.6668245162775019,0.5533198722161412
2020-01-03,0.6800444857576102,0.8109914796465565,0.6774398798010978,0.5615850965407935
2020-01-06,0.6763555172908347,0.811240600143224,0.6857135958323847,0.5691216140117266
2020-01-07,0.6764442182432459,0.8166952472782545,0.6918600332616905,0.5818895313761966
2020-01-08,0.6768700805945045,0.8259775820363798,0.6962282611507956,0.6000754251044347
2020-01-09,0.6768741723512011,0.8419882585558048,0.7009461832725766,0.6236763301649483
2020-01-10,0.6824785827406299,0.8588981093764734,0.7068482727836888,0.6476052160464184
2020-01-13,0.6914905863788008,0.8804527040759705,0.7160754095909767,0.6756321438956181
2020-01-14,0.6982597262989385,0.8982049971886129,0.7272859985428057,0.7057482380999592
2020-01-15,0.7075925785011716,0.9128716036781944,0.7442003400900367,0.7367786087699744
2020-01-16,0.7218008172662593,0.9330864269913426,0.7630988794517118,0.7716408989058903
2020-01-17,0.728819765684826,0.9449797140865107,0.7808726273058496,0.7975986474169747
2020-01-21,0.7454961538014478,0.9625217743733583,0.8050233468008642,0.8289785475763163
2020-01-22,0.7667028047567966,0.9911693790114814,0.8371566477450432,0.8583653760835603
2020-01-23,0.7929569077030418,1.0200723049537466,0.8766505126072134,0.8956930202918082
2020-01-24,0.8284280947343772,1.0580560122805458,0.9219410494795147,0.94521296160671
2020-01-27,0.8582324995099003,1.103288330360265,0.9684015595900556,0.9842247016874532
2020-01-28,0.8795040813999492,1.1258020215252367,0.9989206549880825,1.0213801253139716
2020-01-29,0.9024885317695384,1.1549961807751477,1.03265021443122,1.0563532082571256
2020-01-30,0.9318062188108784,1.1949164186853805,1.0757331292096572,1.0856414770465517
2020-01-31,0.9679061267700259,1.2433517070909337,1.1256871004746982,1.135758411875682
2020-02-03,0.9881987317921941,1.2841957313768204,1.1500042914200728,1.165431099776625
2020-02-04,1.0124750185725822,1.3202196788759064,1.1719764005533098,1.1991771522501944
2020-02-05,1.0332183087283773,1.338290442140304,1.2006712100209034,1.2454221266647576
2020-02-06,1.0548703558990282,1.3624709085817899,1.2073386926570482,1.278756238659626
2020-02-07,1.0878954783359194,1.3853887890140013,1.229707746226763,1.3142760101612734
2020-02-10,1.1373966708760705,1.4242321864677712,1.259707746923666,1.3459486625955017
2020-02-11,1.190759429052752,1.4817227733234979,1.2976954067625912,1.3951069518376358
2020-02-12,1.2521382936840786,1.555695938075667,1.35124061249292,1.4556706943888613
2020-02-13,1.3117559591993058,1.6423383187304668,1.415341736671133,1.5212159729359775
2020-02-14,1.3857568947934953,1.7397754597854351,1.4841794178661403,1.5903060797620658
2020-02-18,1.4605006090824741,1.8447932954243471,1.5843360509883253,1.6754681410429395
2020-02-19,1.5423032632010396,1.9443325694732037,1.697957564086976,1.7822700130888653
2020-02-20,1.6474477423656886,2.070978194605941,1.8293387000494614,1.911198588206753
2020-02-21,1.7785683255927813,2.221216308919099,1.97004003956308,2.0658806527955815
2020-02-24,1.92762103450835,2.376817776526037,2.1267133724508924,2.2533945304182765
2020-02-25,2.073012604999748,2.531835460986052,2.269837341994962,2.4394717535338937
2020-02-26,2.2022535234055933,2.6792448225421923,2.4114552160547458,2.6128800873010234
2020-02-27,2.3575125797249568,2.8341414524162936,2.597749019815349,2.7722077422984075
2020-02-28,2.506787286074381,2.940571127207696,2.7805370274168895,2.938619923649121
2020-03-02,2.701456974315437,3.085915077972159,2.9955560527634604,3.1354036489478467
2020-03-03,2.8842633072350576,3.2253726210112483,3.1924333080470877,3.3408394300914055
2020-03-04,3.1077884138417136,3.382629787922178,3.4293880773681904,3.5715185266618805
2020-03-05,3.3264196996432895,3.543771376939705,3.663576865049784,3.8325836822803074
2020-03-06,3.5490677946914073,3.724675738590847,3.89779046720279,4.118488200673553
2020-03-09,3.8305379930248384,3.925291642350978,4.21795890516834,4.449425387005425
2020-03-10,4.039662502385835,4.055538888140264,4.509928116262767,4.676692595751086
2020-03-11,4.2220502668314825,4.2082431683869705,4.763971331325167,4.954816519537412
2020-03-12,4.427821332233472,4.3488874116388985,4.9735273205679595,5.216864874811633
2020-03-13,4.497317198229884,4.3757930420857685,5.074565134210456,5.377220742035303
2020-03-16,4.52516702908656,4.365547452315941,5.1112264981028614,5.523024957532773
2020-03-17,4.418485179186049,4.180993675333718,4.922817470505263,5.487294854410528
2020-03-18,4.3263021163532285,3.9711487720156167,4.759175537542443,5.439884467803417
2020-03-19,4.207516022364037,3.8211456645975117,4.583124991674701,5.297457619861143
2020-03-20,4.117211503431584,3.72252753815838,4.426268875295501,5.156348140662042
2020-03-23,4.022240898750445,3.6396529406811267,4.304734702083203,5.048756005694389
2020-03-24,3.947451897241135,3.6004041275978884,4.273926573125105,4.976122077028172
2020-03-25,3.799273369732716,3.497504680875594,4.121626661934957,4.802620570935371
2020-03-26,3.6715950197087732,3.42882394993701,3.9610452064531194,4.680635489649432
2020-03-27,3.5209358664851558,3.34517618618209,3.7668487721793933,4.558992331559626
2020-03-30,3.3912141135145286,3.2798452984867823,3.6012165076158418,4.447459734471942
2020-03-31,3.2566057919648626,3.201302907114802,3.4615549210681738,4.33206187868838
2020-04-01,3.1412664733278053,3.1265258590513647,3.346932032336163,4.291331096359276
2020-04-02,3.02304750245005,3.0295386253035415,3.2437122925119173,4.237404624292006
2020-04-03,2.926685364547215,2.953017636964345,3.141405344450864,4.220356120735712
2020-04-06,2.86708628180618,2.901081309071967,3.0405134177031035,4.202891616580287
2020-04-07,2.7488598763631487,2.7757206166279667,2.863440381857395,4.131009055916052
2020-04-08,2.6235914385904553,2.697453049875722,2.7240995609281677,4.067952262546787
2020-04-09,2.503543274278781,2.5974936312779313,2.5629388249573886,3.9932314716864803
2020-04-13,2.413982794380701,2.512405340351583,2.4147465134756376,3.8999902504815744
2020-04-14,2.3372463484946433,2.454401692537411,2.2999139000109428,3.815951716547685
2020-04-15,2.2515314153306094,2.394075406801507,2.1965094138975974,3.7397456033959284
2020-04-16,2.1845775724860563,2.361193857767811,2.1222055816397356,3.63171649958696
2020-04-17,2.1283352935171056,2.3456091060115245,2.0549339826887456,3.553460791852133
2020-04-20,2.0724375483248374,2.3203816297260196,1.984881525835798,3.4394717279392077
2020-04-21,2.01300494715662,2.3051049128004566,1.9279211616831016,3.359285983069994
2020-04-22,1.9334175560050273,2.246486060370931,1.8529318189304131,3.3030919503614418
2020-04-23,1.8556459380750814,2.162236080011098,1.8016168859999617,3.246576506864119
2020-04-24,1.792554506599156,2.116330947157785,1.7635756407890588,3.208313183500378
2020-04-27,1.7356106938971,2.067235664564355,1.720746871049577,3.1772130226352027
2020-04-28,1.6688546819666423,2.0412231489872705,1.6876246483190565,3.1418974098098214
2020-04-29,1.6104396793765856,2.0154879119064186,1.6608571112116992,3.1245358789574493
2020-04-30,1.5498999402553384,1.9584042546951048,1.6311918897449837,3.111702881917183
2020-05-01,1.5071022695518987,1.9205885987584506,1.6109093757169233,3.1016819688319996
2020-05-04,1.4568419179743501,1.8599946384930357,1.583298510819241,3.0775048680355446
2020-05-05,1.4276318417051184,1.8118721261515902,1.5638932425161203,3.07222381530539
2020-05-06,1.4142709064969796,1.7661350873119224,1.558081265196773,3.091673016360926
2020-05-07,1.4079576543618588,1.719801062576284,1.5454198769888712,3.152577976720932
2020-05-08,1.4128046435791741,1.6881444218719586,1.537410761529056,3.23666905492446
2020-05-11,1.413091970364478,1.6678435777102554,1.5469412514900436,3.286591325385827
2020-05-12,1.4241587090958734,1.6468697814985191,1.572655082342544,3.3085365550686103
2020-05-13,1.4359578304808611,1.6163388729333277,1.5996914458786207,3.3516307736290325
2020-05-14,1.4443924443806924,1.5543363142385564,1.6070109286617795,3.3700365583518512
2020-05-15,1.462883887164933,1.501785793830563,1.6288718380589404,3.4038759002886962
2020-05-18,1.493547407256137,1.4493954007275294,1.6694724870211906,3.4426175266565773
2020-05-19,1.4988712347075026,1.3920026253518207,1.6664936554938352,3.4376843337105574
2020-05-20,1.5043696524202685,1.3493723089133522,1.6621764609714837,3.4433958966847054
2020-05-21,1.498017013679422,1.29971390016743,1.6526103368704015,3.4429044611797823
2020-05-22,1.4964404402603408,1.257871766317976,1.65042220565461,3.4575233640218985
2020-05-26,1.4921976742661691,1.2370110132053085,1.665401685042818,3.462677326381736
2020-05-27,1.4880263727052112,1.2224878918152147,1.6728327970276056,3.4370201398153966
2020-05-28,1.4860043592340744,1.2175536971412324,1.6687974064970001,3.3962920692470253
2020-05-29,1.4998601777934741,1.2180662899342336,1.6848031344535794,3.3615170619164063
2020-06-01,1.5106565525772164,1.2130477333477008,1.7162050769495858,3.341177222041177
2020-06-02,1.528506993251315,1.2302737834374406,1.757893028448582,3.323286733164023
2020-06-03,1.5525593840422212,1.253807479194628,1.797589137759971,3.31484726387588
2020-06-04,1.5798619979602733,1.2801411440368016,1.8367495241154774,3.3224214562470324
2020-06-05,1.603828046391923,1.3096273979050772,1.8920638616040313,3.337807195601775
2020-06-08,1.6230919025600317,1.3354498446442447,1.9317659299524876,3.324907008749571
2020-06-09,1.641370833458924,1.3753946280663467,1.9906276662557487,3.338857228183661
2020-06-10,1.6756442477862974,1.4307534288701627,2.052028989883877,3.3531426939695095
2020-06-11,1.708954760813657,1.4865518949631868,2.1206378153709524,3.338409301195636
2020-06-12,1.6412655145746142,1.4430033544971796,2.056071726037,3.2072526025066117
2020-06-15,1.5817349995602275,1.4161594682435172,1.9936636648839334,3.0779807309326808
2020-06-16,1.523135558371468,1.402125198612997,1.9323284236373095,2.9754235671416933
2020-06-17,1.4660303804060304,1.3882583197992127,1.862662828397407,2.899954895595425
2020-06-18,1.420701789739793,1.373183324984067,1.7967894964436797,2.8184669843992474
2020-06-19,1.382054322885026,1.3727925815540452,1.7436511499694507,2.7495071829505933
2020-06-22,1.3489613750222134,1.3773284318343801,1.6921347111992175,2.6739334181654604
2020-06-23,1.3166240185899374,1.3933222392094375,1.6555081142824766,2.633285483511371
2020-06-24,1.3077706905067104,1.4197434514164788,1.642521117179991,2.6246699076207753
2020-06-25,1.28612562568315,1.432235244718845,1.610962328082276,2.5691058250930605
2020-06-26,1.2700673503477449,1.4336446960343816,1.584015173045857,2.519923763977728
2020-06-29,1.2394425753619578,1.429122854340405,1.537984540731726,2.486835603088512
2020-06-30,1.2148130663010523,1.4321243319303865,1.4645436775883691,2.4449507474573053
2020-07-01,1.1913114821719175,1.4273541803670906,1.399752170628536,2.4051293152517244
2020-07-02,1.1581244886279798,1.4255113450812156,1.3494800189970273,2.359490235334055
2020-07-06,1.1245747167038487,1.4339618091518131,1.3104488674521106,2.3406981896801193
2020-07-07,1.090801762952313,1.4270440830677302,1.2758316626960953,2.3327991866820215
2020-07-08,1.0508438931286979,1.422847473249232,1.2387411512647384,2.308402752530068
2020-07-09,1.01839032952839,1.4193441005970406,1.2120833583699857,2.306125718658065
2020-07-10,0.986929864783495,1.4213754736081174,1.1832432799616908,2.284677285106422
2020-07-13,0.9629993341119806,1.4353509334712926,1.1563082969470184,2.264049448944495
2020-07-14,0.9394634705206972,1.438853708305456,1.1304350613581133,2.224193047757485
2020-07-15,0.9134963066636064,1.4505061332444087,1.0869290113077692,2.1861726276478817
2020-07-16,0.8952209866088096,1.4711156383498873,1.0434269312706979,2.102414540972152
2020-07-17,0.8794808279365122,1.4907450106556865,1.0054487182522867,2.0381496296484864
2020-07-20,0.8693585169093563,1.5183158473128502,0.9719499477544342,1.9828127828444657
2020-07-21,0.8623215339351444,1.5284994085742616,0.9470358905678458,1.9408301239181782
2020-07-22,0.8615049387274955,1.5393249523533497,0.9314425282785601,1.8941188823433086
2020-07-23,0.8674625741474593,1.5548706489722874,0.9260531556361525,1.8526216681243624
2020-07-24,0.8638920348175,1.5458242308196766,0.9134533271118412,1.8196907823920798
2020-07-27,0.8553679212720371,1.5398079096876476,0.8988584722777978,1.7873869923121128
2020-07-28,0.8539241362247686,1.5240863185147808,0.8913341746027325,1.759167907437699
2020-07-29,0.8471965186801976,1.497252676173872,0.8846422081317794,1.7259209644844054
2020-07-30,0.8362606770427012,1.4753032256721006,0.8755899583466998,1.6842356083070313
2020-07-31,0.8355619695496947,1.464191764419182,0.8660211277726586,1.6421151251100936
2020-08-03,0.8338508119007669,1.4460665530556343,0.8641815382906015,1.5958372065179696
2020-08-04,0.8410931527580435,1.426865813204328,0.8596776935070589,1.563493817758769
2020-08-05,0.8458006567573747,1.4197841358478058,0.8617025805609952,1.5395133158452334
2020-08-06,0.851035655344062,1.4281366109920883,0.8515378987381971,1.5018932884919167
2020-08-07,0.8511018612160889,1.4374592395622012,0.8452573436730245,1.4730052228349764
2020-08-10,0.8526746218072885,1.4459255700210962,0.8392054998686347,1.4382182988514125
2020-08-11,0.8584963300169604,1.460364874758084,0.8291452799592146,1.391629268783932
2020-08-12,0.8616256566960372,1.4792649388595267,0.8247659062082259,1.3597793465180792
2020-08-13,0.8568253773865432,1.4910155318983092,0.8219621399182735,1.3364549385928581
2020-08-14,0.854111271386964,1.5220049100313644,0.8216183141663832,1.324361625981768
2020-08-17,0.8617066553817392,1.5642991357822538,0.8265427067006846,1.3152161659212835
2020-08-18,0.8705785953738602,1.598096416605077,0.8346280222725683,1.3162843856996134
2020-08-19,0.8819214959367385,1.633204621351435,0.847383535791593,1.319417377989622
2020-08-20,0.8977872394859437,1.669954068997597,0.8559504885484109,1.3278643184933656
2020-08-21,0.918072236785042,1.7203299001687684,0.8691896326651694,1.3308419084552379
2020-08-24,0.9367042971017638,1.7656648411924896,0.8883441377889313,1.3394481552668849
2020-08-25,0.9570764479873085,1.8145212835347644,0.9047483137742246,1.3399556676345332
2020-08-26,0.9881766972651063,1.8525549501237628,0.9265051762503308,1.336239866492545
2020-08-27,1.022825441346685,1.88754983846265,0.9485742968735881,1.333551624612605
2020-08-28,1.0671163845946146,1.9352246129006423,0.9776201205091318,1.338642245264149
2020-08-31,1.1292237192717907,1.9888826099390395,1.0177955323004648,1.3618961944483128
2020-09-01,1.204054927735904,2.047459440361885,1.0688987197214237,1.3757281599410995
2020-09-02,1.2840589868427545,2.091353427226462,1.1307243793694945,1.3922953228369954
2020-09-03,1.3543102159775235,2.149659629657306,1.1898807538853002,1.4180482385299786
2020-09-04,1.3888909687059918,2.1426635128815845,1.2115894147224904,1.4486763543193988
2020-09-08,1.4198540708700502,2.130802328150533,1.2301680343589732,1.490414789177169
2020-09-09,1.4177500319601752,2.0666974339708317,1.2270029627870078,1.5158473483197328
2020-09-10,1.4025974162167196,2.0224890288665205,1.2268363262629072,1.554381389994482
2020-09-11,1.3731251032882916,1.9766187211518162,1.2307890381458924,1.5877299172273158
2020-09-14,1.3587031183891864,1.9568522876823495,1.2344078504217753,1.6271021372748713
2020-09-15,1.3392172349497944,1.9496299414634846,1.2299282845635084,1.6526069351716766
2020-09-16,1.3255885264295642,1.9406949876301065,1.2362067392533889,1.6808040640453508
2020-09-17,1.3177408548312497,1.9372732242713069,1.2367593083354127,1.7032617149801301
2020-09-18,1.3186200878598164,1.9359954569549072,1.2469279756451592,1.730226778026127
2020-09-21,1.3266821069748038,1.9345875252844587,1.2558568073615821,1.7840498919115217
2020-09-22,1.3246197036056928,1.9466193283845092,1.2539056475542514,1.7735815488631506
2020-09-23,1.3282350508931309,1.9570569504202218,1.2508848543831872,1.778557038160001
2020-09-24,1.3245197980012262,1.9332855897711991,1.2328658526045397,1.7408241106740232
2020-09-25,1.3318142609132562,1.917244108890175,1.2216592124286054,1.71409702723536
2020-09-28,1.3259662050370213,1.8979808643516065,1.2169888261651949,1.7025288210634604
2020-09-29,1.3149261483336296,1.867088362047146,1.210165386489007,1.6614365666283368
2020-09-30,1.3035188210364945,1.8551858084467872,1.2056137311224402,1.624751485148136
2020-10-01,1.2976872897451253,1.8572271957722466,1.1977788088505157,1.5949872045586784
2020-10-02,1.294705958913726,1.8746427249334954,1.1863331432608408,1.5648552067613248
2020-10-05,1.2836833596749075,1.8664704376211951,1.189562498773108,1.5555155584611935
2020-10-06,1.2777341152208481,1.8398529786071254,1.1955059621583404,1.5416771003530019
2020-10-07,1.26910941302174,1.8050188926792,1.1927014804026286,1.5384961427309995
2020-10-08,1.2579924693087536,1.773616321882381,1.1802926087397099,1.5379588319272588
2020-10-09,1.2508997681871978,1.7496096354287034,1.1758101052359315,1.5426050568439227
2020-10-12,1.2346583349490166,1.716516889689446,1.1814133558703233,1.553800170468503
2020-10-13,1.2110943074954308,1.6632612463420768,1.1852837070487088,1.5590133485218944
2020-10-14,1.1890621436772244,1.6329686590696433,1.19171324603693,1.564159339418934
2020-10-15,1.1836611435946502,1.6107099449019244,1.1979253140476454,1.577708206644706
2020-10-16,1.1817046160321856,1.5948528200812848,1.2154589336997053,1.5949959575841144
2020-10-19,1.1889765942504995,1.5918719117801656,1.235837133414309,1.6217609088376281
2020-10-20,1.1882923570401291,1.5799569961375566,1.2622257967682975,1.65356654655054
2020-10-21,1.1990353758131986,1.5730556265980356,1.2833032976762475,1.7123520832392385
2020-10-22,1.2137879548737756,1.5810403044391999,1.306243929916307,1.7884119740300926
2020-10-23,1.2332682964634643,1.601594690843931,1.3393655895560461,1.8619069982267937
2020-10-26,1.257436208757541,1.6365911579012884,1.3664267483619066,1.9470226141816371
2020-10-27,1.2724919525634413,1.6800260916042564,1.3798736794399575,2.0198296138560194
2020-10-28,1.2967443914507253,1.7312912352120124,1.407290464487389,2.091747520361968
2020-10-29,1.2717536394251043,1.7235978080992562,1.3933219723589667,2.1560272692967053
2020-10-30,1.251124583664866,1.71211796966359,1.3985888488638811,2.229997448541523
2020-11-02,1.235237432925754,1.6881378344470845,1.4014461377180798,2.316638567907101
2020-11-03,1.2200674612356692,1.682043391101074,1.4018586917075337,2.387968045296927
2020-11-04,1.2083278375995763,1.67403027466368,1.3853669005707345,2.4517529583695796
2020-11-05,1.1898793427043965,1.6015015561150465,1.3696746999250586,2.5146683946955344
2020-11-06,1.157035437398105,1.531409268003461,1.3502612154944378,2.546839732617691
2020-11-09,1.1317158798765532,1.474460998627325,1.3442931163507157,2.6020654427882475
2020-11-10,1.0995044504219442,1.4111932407472585,1.3086445416706745,2.562112273810219
2020-11-11,1.0748629644260703,1.3424071411926015,1.2577078556292243,2.5331703091223896
2020-11-12,1.0570851876093723,1.2567500398528595,1.2146649501153,2.514485409126213
2020-11-13,1.0295862943603646,1.187338498026479,1.173838709542036,2.4980196039791234
2020-11-16,1.0024820441031725,1.1161965176596018,1.1358329866260297,2.484984670237376
2020-11-17,0.9781772258201046,1.0577852477362513,1.0893490205567582,2.4712395746112077
2020-11-18,0.9600660478990227,1.0105636518291123,1.0436323673007653,2.478797397875011
2020-11-19,0.9370040851632913,0.977611392721935,1.0023236363244732,2.4863550857086665
2020-11-20,0.9180509319798952,0.9547250350467592,0.9769820769786087,2.4896513119082213
2020-11-23,0.8957283477887404,0.9378285537787981,0.9590789101406685,2.4710440063312222
2020-11-24,0.8788509763676261,0.9323992276327534,0.9386057895397559,2.4211316608173172
2020-11-25,0.8544864267234671,0.9227368942484887,0.9107286659582416,2.3401697007072677
2020-11-27,0.8289158650110757,0.9177490453285098,0.8888377464033062,2.2757280964295914
2020-11-30,0.8132181387151146,0.9146669506320948,0.8740325243339078,2.222136607735531
2020-12-01,0.8001276546598127,0.914618239480004,0.8549535921215837,2.144343300840998
2020-12-02,0.7801757528087944,0.9083714035071553,0.8314801977290835,2.0778089480151176
2020-12-03,0.7668788265690729,0.9034793241928412,0.814412522973655,2.020549423769548
2020-12-04,0.7551722633983224,0.902083227779829,0.7950589300129456,1.9727054369595831
2020-12-07,0.7381228904971715,0.9067711514146923,0.7720227670648026,1.9181564175402936
2020-12-08,0.7295611474730014,0.9152458768223979,0.7557472553580133,1.8679688474639813
2020-12-09,0.7286572529167219,0.9274475690640219,0.7458519133118792,1.8264720219322705
2020-12-10,0.7254090324762325,0.9135431659887717,0.731986480935194,1.806319014388884
2020-12-11,0.7244747752284895,0.8971844681293364,0.7197046527979011,1.7963381701122358
2020-12-14,0.7231614914878588,0.8863986692079823,0.7122454029154425,1.7845698946941528
2020-12-15,0.7227863282749772,0.8801625558855997,0.7027666652650056,1.7779233783881137
2020-12-16,0.7134430760841712,0.8759243206284826,0.6836779217725476,1.7621949226068114
2020-12-17,0.7135202993932481,0.8831292228610479,0.6678578225122878,1.7411562213567624
2020-12-18,0.7179051740600082,0.890775104797869,0.6576454785954725,1.7190373562254033
2020-12-21,0.7204361925020749,0.9011787979979157,0.6539696331605639,1.7035096976918596
2020-12-22,0.7276833277404454,0.9135744869546512,0.6528013209399778,1.6865556797128183
2020-12-23,0.7393315248684872,0.9249749334741109,0.6505492733908719,1.6732807298551153
2020-12-24,0.7499478659519214,0.9324465716191895,0.6504044347345292,1.6649687603502406
2020-12-28,0.764185842700123,0.943286470306402,0.6576977850601844,1.665170087137552
2020-12-29,0.7693094405580392,0.9502872250896464,0.6640234804168395,1.6632420269450061
2020-12-30,0.7816156259743864,0.9635596332068658,0.6747058029946157,1.6575111825077444
2020-12-31,0.795409562340814,0.9803508459277586,0.6895112077539274,1.6639016573802736
2021-01-04,0.8109059944330602,1.0035103039341395,0.699795082651264,1.6868398427268492
2021-01-05,0.8226056109221922,1.029439608580004,0.6992324769612723,1.703408230009008
2021-01-06,0.8351164195205507,1.0698312000997363,0.7006826103366527,1.7202528909978723
2021-01-07,0.8554087502816972,1.1071891784008154,0.6903302373520871,1.659762723419739
2021-01-08,0.8637198509775011,1.1219995739142674,0.6818685097516584,1.60676190639732
2021-01-11,0.8747637993084045,1.1386152665276459,0.6721120127097006,1.5502169188607464
2021-01-12,0.8817286559922951,1.1557131827838232,0.6726479282753741,1.5165586470092847
2021-01-13,0.894496305283231,1.1740469792572013,0.6824245909012566,1.4837607347925268
2021-01-14,0.9061978990515355,1.193392430008957,0.692517561296489,1.450871448201931
2021-01-15,0.9136447390800304,1.2290026754073455,0.6999752456773155,1.4154120773679244
2021-01-19,0.919735391367558,1.2619268610236043,0.7116123534877077,1.3768540557132303
2021-01-20,0.9247806017356409,1.3030661404397519,0.7280577666907975,1.3500838852474109
2021-01-21,0.9265374419514916,1.3324887448262095,0.7506667960802739,1.3345792367276226
2021-01-22,0.9331052775633876,1.3596306361341122,0.785243224918371,1.3234464942501394
2021-01-25,0.9447142427799914,1.385955631048826,0.8247761205597094,1.3115429152862959
2021-01-26,0.971845279750941,1.4283304940613786,0.8665389392276351,1.3096720719806356
2021-01-27,0.9973714415683127,1.4711233432007091,0.9139764037888113,1.3173097456634282
2021-01-28,0.9965949446695838,1.4783357724348334,0.941984812658797,1.3376069555511052
2021-01-29,1.000624650718849,1.4934346518648554,0.9589250030410056,1.3596603378241672
2021-02-01,0.9823461893270719,1.4887541414960443,0.958144822706932,1.3795341178928868
2021-02-02,0.9645616614477577,1.4785113704793922,0.958788455643655,1.3935702012281785
2021-02-03,0.9479762947590427,1.4593108987291776,0.9374221555162178,1.4138479363050434
2021-02-04,0.9376687324425175,1.4430231372962041,0.9165230264836578,1.4407862166575383
2021-02-05,0.9235109971496606,1.427156169261071,0.8934643909293424,1.4437875495293684
2021-02-08,0.9092173296133235,1.4105431020195842,0.8672162267034729,1.4373317258586042
2021-02-09,0.8984825822029094,1.41003672265275,0.8453103621372677,1.4041099713006018
2021-02-10,0.8936074231081101,1.4258710695026469,0.8324705101246619,1.3744449882309295
2021-02-11,0.8852444846035201,1.447684986866209,0.8228421820609586,1.3621949315907091
2021-02-12,0.8802580862883486,1.4688293696307115,0.8147312474242104,1.353727879964687
2021-02-16,0.885236786413572,1.4938263929552138,0.8115778453077752,1.3593793867829425
2021-02-17,0.8942534216663568,1.520528342132872,0.8121614532146927,1.3818770284226765
2021-02-18,0.904357325889169,1.5700500976928518,0.8194501864296908,1.4117648459644723
2021-02-19,0.9175593513316542,1.6393514108631841,0.8269150099352814,1.4486465278399032
2021-02-22,0.9428690087299803,1.707238063422632,0.8507982280942897,1.47830452815094
2021-02-23,0.9735363125758756,1.7528464139608788,0.873736655770425,1.523405593168124
2021-02-24,1.0108732110444976,1.8065002642739132,0.9020997158198629,1.5718462986734323
2021-02-25,1.0457213169824473,1.8745443096838175,0.9288711435687274,1.6151888458124084
2021-02-26,1.050895872055979,1.9098154254869835,0.9386879809158342,1.6350240557499254
2021-03-01,1.0589504974152044,1.9350333150444325,0.9436504401206864,1.665076140767959
2021-03-02,1.0490217807213873,1.9457351063675694,0.9330957128289777,1.6636434339930053
2021-03-03,1.0429011489700102,1.9481722256884726,0.9236779726249131,1.674334874750142
2021-03-04,1.034555547063528,1.9228350826456275,0.9102999254088817,1.6779064736801754
2021-03-05,1.0231544066409424,1.9078182483085866,0.9015146082306743,1.696558020414002
2021-03-08,1.0011626016829593,1.900235857833668,0.883405429446612,1.6915227725031705
2021-03-09,0.9728163454822009,1.8742225311399585,0.859282568149599,1.6823166381625383
2021-03-10,0.939296208848815,1.815647814928115,0.8421159095106548,1.6721149949765868
2021-03-11,0.9161530023066422,1.7658714815784278,0.8205265338890912,1.6536390042034914
2021-03-12,0.8910759953855254,1.726309668497095,0.7982995572543544,1.6366490833009626
2021-03-15,0.8683698290794434,1.6989258965667837,0.7756500849355745,1.626038351395211
2021-03-16,0.8504335527519339,1.6736753603888,0.7576485814704834,1.622254505397191
2021-03-17,0.8377735963721247,1.6675610990701197,0.7443105771766987,1.6197178234470127
2021-03-18,0.8320928123938842,1.6616611458319734,0.7306052801611317,1.632922905847679
2021-03-19,0.8150822327788412,1.6317933165129967,0.7227235095370184,1.6385586891997739
2021-03-22,0.8077140729636674,1.6061252790237002,0.716861636465789,1.6466251625609332
2021-03-23,0.801100437150599,1.5861983462702822,0.7181371412866847,1.6585450659865955
2021-03-24,0.791529813341125,1.5788653781915232,0.7203012650555397,1.612161828075286
2021-03-25,0.7820558315102728,1.559592014255714,0.7178483205377336,1.574962505661799
2021-03-26,0.7734077263946784,1.54217298550103,0.7177156362882653,1.5244301782773815
2021-03-29,0.7574549700584758,1.5221474826054442,0.7117209900056132,1.4527434063043452
2021-03-30,0.7456646431545964,1.5110267728261586,0.7040594334299203,1.3727620882339462
2021-03-31,0.7437096903514017,1.4948242462924635,0.7024907501345217,1.2989752835619022
2021-04-01,0.749413342652777,1.4680059765071776,0.7028347654930793,1.2437369435498091
2021-04-05,0.7503305480653715,1.427051393091766,0.7034791654005638,1.1936544905465047
2021-04-06,0.7422143621398986,1.3794000502223345,0.6947665977278371,1.1475223844805489
2021-04-07,0.7306690644948763,1.3408591045218756,0.6886562239456584,1.1188389502632923
2021-04-08,0.7211561857304742,1.310698185424293,0.6766071609332936,1.0834585093795086
2021-04-09,0.716242059045959,1.2945431494892434,0.6755487214633655,1.067949960751053
2021-04-12,0.7102842345258134,1.2790764310330525,0.6671975707862131,1.0647789739211326
2021-04-13,0.7125820275455431,1.2766904383422186,0.6672254210672868,1.0692956252191324
2021-04-14,0.7215311886695733,1.2769444762699975,0.6689492890601632,1.0755705627410455
2021-04-15,0.7362303180439143,1.2742517305050836,0.6735590092973773,1.0887377803619227
2021-04-16,0.7463813487161132,1.2692332259786852,0.6780518164007647,1.1043532888515837
2021-04-19,0.7596388603270048,1.266077917893331,0.6768257377299389,1.1240635108067085
2021-04-20,0.7762951891993947,1.2502247048323776,0.6861581791793954,1.1524136024035785
2021-04-21,0.7868605015693824,1.2424791525271008,0.6901405107286874,1.1571446748017906
2021-04-22,0.7914517617438798,1.239447016309006,0.6913607620881901,1.1395505978806937
2021-04-23,0.7866868157359772,1.2304309178032966,0.6860812800790933,1.1314192391649558
2021-04-26,0.7804346814968014,1.2200176442259414,0.682778089265017,1.1171850221433077
2021-04-27,0.7780804618048696,1.2137425336704852,0.6911450154828902,1.1082583002718613
2021-04-28,0.7731636157231453,1.2162102686248324,0.7025704352368818,1.1130887407720906
2021-04-29,0.7793322192419141,1.2211532531015445,0.7111180805519293,1.1225890203451048
2021-04-30,0.7907506577833606,1.2229153538825102,0.7167982374032802,1.141132508014956
2021-05-03,0.8062346832005733,1.2279749535500417,0.7267532215741416,1.1578422024045363
2021-05-04,0.8253802475511359,1.235373738673199,0.7341945218832824,1.167951679015616
2021-05-05,0.843835441691353,1.234003993356843,0.7492856713943263,1.174665783797034
2021-05-06,0.8592850442793614,1.2434048552041808,0.7729857634560952,1.191584438375829
2021-05-07,0.874998288435064,1.263873110873494,0.7910765401736111,1.2235587486228248
2021-05-10,0.8992977577501902,1.2849224646301562,0.8079024452474012,1.2617012558820047
2021-05-11,0.9274899524355555,1.2802128222264788,0.8274059608071499,1.291246353937383
2021-05-12,0.9553174616383178,1.2804543613575128,0.8382434557291046,1.3353113131278804
2021-05-13,0.9475275865005915,1.2485967219851102,0.8189265022984812,1.3333522648922613
2021-05-14,0.9326842221617745,1.2228555465716822,0.7876675027493039,1.321590671750724
2021-05-17,0.9103498582898308,1.1923199911406515,0.7533130271920521,1.291009902294488
2021-05-18,0.8869647290084761,1.1624851079092933,0.719764367673467,1.2607753236182777
2021-05-19,0.8635109331907784,1.1313686495204782,0.6930390946158321,1.2315235861954887
2021-05-20,0.8444405324370645,1.1096575727375717,0.6660320904337942,1.2079366620262473
2021-05-21,0.8231420988270903,1.085215540992593,0.6449013975122748,1.2068628300062787
2021-05-24,0.8049465291280521,1.0668791046556805,0.626250079360445,1.2201211509531271
2021-05-25,0.7834162037608948,1.0387354130205169,0.6085585249768295,1.2306771795850477
2021-05-26,0.7635548040876841,1.0121806690066246,0.5933206639303557,1.2386531211215521
2021-05-27,0.7444327224373707,0.9939131564611766,0.5859622171824526,1.243199739360672
2021-05-28,0.7284907796671481,0.9777697783541097,0.579472971057369,1.2502298965140834
2021-06-01,0.7184315086840016,0.9643598209879094,0.5799030173002335,1.2634773438862639
2021-06-02,0.7093040404378437,0.9461858693701083,0.5835745959925225,1.275078797550051
2021-06-03,0.7012238764671521,0.9360226614045382,0.5940512992963346,1.2779876208610907
2021-06-04,0.6925143053223995,0.9209039908369013,0.6108923658762159,1.2735914634496122
2021-06-07,0.6740251156641797,0.8970125476663562,0.6291543198290311,1.26775509156919
2021-06-08,0.6588728149913707,0.8752091691856562,0.6486176170841752,1.2582189800407406
2021-06-09,0.6515872762067416,0.8647627342412768,0.6680314495060724,1.252696177832131
2021-06-10,0.6499686121194701,0.85726019928482,0.6905962394494761,1.2544462748453247
2021-06-11,0.6487459769390486,0.8482060073293872,0.7059019946294459,1.2537790123323544
2021-06-14,0.6528544168856261,0.8429176068634738,0.7241032194742699,1.2610734905624768
2021-06-15,0.655032861015088,0.8350414318747548,0.7461987774833196,1.2838327713898687
2021-06-16,0.6611282873635856,0.8312976498109268,0.7693305128107131,1.312251180038503
2021-06-17,0.667920887191886,0.8239780889527392,0.7913493144872275,1.3493325184141622
2021-06-18,0.6787553654970411,0.8163000443799365,0.8135236395324693,1.3839070914081368
2021-06-21,0.6750023554708352,0.8051429473833743,0.8217379776069516,1.383878855409314
2021-06-22,0.6629541442676676,0.7914346251995057,0.8134325189562395,1.3630618696116867
2021-06-23,0.6545269333916406,0.7736050097843367,0.8006623593151809,1.3429403608053188
2021-06-24,0.6498759764725834,0.7604730044653479,0.7924506535428982,1.3289298696908196
2021-06-25,0.6446677193682145,0.7523201574642921,0.77991790193252,1.320343891626902
2021-06-28,0.64261670495144,0.7376334925294187,0.7627875934139263,1.3216345777699554
2021-06-29,0.6464207615879591,0.7236295047169172,0.7511091837649191,1.323345329946729
2021-06-30,0.65659462879722,0.7141547005502026,0.741788494952138,1.333836803096146
2021-07-01,0.6677575150519401,0.7136888462657445,0.7387296713777164,1.3545595682617093
2021-07-02,0.6832073239438233,0.7118267156252213,0.7381697974509499,1.3858684954964366
2021-07-06,0.6943980591255865,0.7035490140423222,0.7414607362106588,1.4183041107644039
2021-07-07,0.7132752217677784,0.6961949273989834,0.7478469575457392,1.4487842222103813
2021-07-08,0.7360696703112759,0.6933729714275522,0.7578149277140557,1.48821053743357
2021-07-09,0.7483712668370491,0.686158544421889,0.7659469537537257,1.529433487172011
2021-07-12,0.7567882624527627,0.6870196079993965,0.7699410351044309,1.5577126498866967
2021-07-13,0.7673361941114402,0.6902917775108518,0.7802811624117606,1.5772408234429494
2021-07-14,0.7876754887581585,0.6961063518485273,0.7985102791723955,1.5884023561013787
2021-07-15,0.8090726293497439,0.7002933728371614,0.8175961802940735,1.6025283135957937
2021-07-16,0.835159735120373,0.7112096027010877,0.8510100571779816,1.621102523428234
2021-07-19,0.8603774947026829,0.7165430126944388,0.8798868361248857,1.6187460869413517
2021-07-20,0.86001405950288,0.7198590395779807,0.8753218430089572,1.5810998127610802
2021-07-21,0.8485203956181979,0.7220725484138828,0.8571817698435212,1.5204321755599328
2021-07-22,0.8311159759536485,0.7238666091291243,0.8299599179139642,1.4668048946557923
2021-07-23,0.8143933569589168,0.7268079675993029,0.8025056527581318,1.4127530677527607
2021-07-26,0.7939932908820723,0.7275450986240698,0.7776969429831285,1.3706781134626844
2021-07-27,0.7778779862659826,0.7225416682907422,0.761600442104887,1.3350242777435943
2021-07-28,0.7635969400574655,0.7072664935176465,0.7455443171939129,1.3228765571676928
2021-07-29,0.7472510174447514,0.6967191612735425,0.7292707985879288,1.3187740685144331
2021-07-30,0.7340764164586839,0.6908106636308103,0.7205825969156543,1.3178983530090402
2021-08-02,0.7262101128906597,0.6870258697301992,0.7171306935239595,1.3112497216828276
2021-08-03,0.720664281702074,0.6875008786102266,0.7097509453135425,1.2978506535322238
2021-08-04,0.7096553088656766,0.6849794967384167,0.7067631558862505,1.2777136682887884
2021-08-05,0.7007193562093071,0.6788063760190843,0.6955095779501451,1.2499992293884963
2021-08-06,0.6951540147383506,0.6711309211352399,0.6866214536588922,1.2292654566033314
2021-08-09,0.688424262072633,0.6619767862252092,0.6852199151296056,1.216835710957054
2021-08-10,0.6878049486574214,0.6555493414613709,0.6832352769353999,1.2096085190694117
2021-08-11,0.6876139943284092,0.648009214566767,0.6826089933466233,1.1979963619236764
2021-08-12,0.6903137086681198,0.6473629366260136,0.6819195610383766,1.1888330751838807
2021-08-13,0.6937234497492348,0.6473851214772344,0.6833362924342425,1.1751494853647797
2021-08-16,0.7000846820828677,0.6521150552866363,0.6863362506395199,1.1612570833588065
2021-08-17,0.7085729072628506,0.6606294274950401,0.687998437226467,1.153083285762327
2021-08-18,0.7085753520622408,0.6666152700351166,0.6926172623213716,1.139166191933185
2021-08-19,0.6971457702088873,0.663208061193548,0.6901575296641197,1.1264335108283512
2021-08-20,0.6951989138421364,0.6620514429887202,0.6886227653113249,1.1150064489018923
2021-08-23,0.6969452389675753,0.6603877289842248,0.6818356022072943,1.0982702625727474
2021-08-24,0.6961780693092898,0.6502534063049248,0.6766444458223921,1.0844166263577915
2021-08-25,0.7005107185522034,0.6462123457361068,0.6800359724451309,1.076462119360226
2021-08-26,0.7116451204294602,0.6519253748966576,0.6857993106107223,1.0770543107087733
2021-08-27,0.7179791057835669,0.6584806605892687,0.6905560589564064,1.080829365315502
2021-08-30,0.7222899886724793,0.6592690312098404,0.6954696663454527,1.054341835647511
2021-08-31,0.7185801457473524,0.6549511583089983,0.6954931293588501,1.032344104899475
2021-09-01,0.7216207501372199,0.6495685915787743,0.7062396692093676,1.0274227575495622
2021-09-02,0.7298225391541485,0.6462090325783691,0.7202122172591008,1.0326049024217998
2021-09-03,0.738823581203023,0.6500373820880295,0.7372298146951415,1.0476352827244075
2021-09-07,0.7585050550101917,0.6599211085047645,0.747826291882815,1.0663439189535986
2021-09-08,0.7756154272537056,0.6788405100040318,0.7600830495345874,1.0922522882956713
2021-09-09,0.7913384806332829,0.7033686542390418,0.7799275813279912,1.1088578543749106
2021-09-10,0.8086447543265267,0.7278328863341957,0.8029129486796605,1.1388002525124086
2021-09-13,0.8277234415027371,0.7582914935644903,0.820515592608049,1.1629136864576468
2021-09-14,0.8593519863827704,0.7930100442850851,0.8383673548507041,1.2004064551160216
2021-09-15,0.8905821297754887,0.8297635748276527,0.8501761529297905,1.2180329674083332
2021-09-16,0.9212123466847659,0.8638663214636094,0.8624728397776604,1.2300758109926133
2021-09-17,0.9495257398800104,0.910512703328537,0.8782040264085184,1.239902137750231
2021-09-20,0.9772899326208402,0.9606851134255008,0.895957786528396,1.2491842119027847
2021-09-21,0.9860937818634985,0.9797559973017053,0.8954355930713218,1.2391792793904943
2021-09-22,0.9932598473758063,1.0017955287152138,0.9009817746840361,1.240309367804692
2021-09-23,1.002566051004478,1.0236033798665758,0.9138884661690837,1.2422882594042812
2021-09-24,1.0065522670030171,1.0349064940059207,0.9195260764133882,1.227801050546195
2021-09-27,1.0090186084618813,1.0501806433722276,0.9296990345309417,1.213547697668209
2021-09-28,1.0282411373799845,1.0641894256515658,0.9431516918159618,1.1944558056049233
2021-09-29,1.0254379234140771,1.033694816541607,0.9426283720422755,1.1707377156106191
2021-09-30,1.0354245355345426,1.0194596041958097,0.9485529286797774,1.1621922983230761
2021-10-01,1.0407269991238237,1.010787459100321,0.9396642395077812,1.1571884376697088
2021-10-04,1.0365776976208017,1.0088741308364362,0.9295818955429466,1.14317489018298
2021-10-05,1.0269764868952465,0.9842839361469027,0.9104846067885305,1.1371111560242937
2021-10-06,1.0060777985134743,0.9604518980178781,0.8868414607767068,1.1351728884680399
2021-10-07,0.9828232465732446,0.9529420968244111,0.8681884781379766,1.1312598220822727
2021-10-08,0.9610019949282098,0.945550574204899,0.8441545145185526,1.124834766567355
2021-10-11,0.9341176159568811,0.9394188198364698,0.8296453576599662,1.1245522529383327
2021-10-12,0.90461950113493,0.9298287239162447,0.820347348964323,1.1226241003205706
2021-10-13,0.8786890058465124,0.9284790296539386,0.8088979140719179,1.116533426969967
2021-10-14,0.8481954687838901,0.9261462315876181,0.795671134128822,1.1211938211030048
2021-10-15,0.8062229726029522,0.9118681005182537,0.7689791620445875,1.1232364060971303
2021-10-18,0.7726755311012303,0.8991246383849777,0.7314491366952587,1.1266910616766836
2021-10-19,0.7405949635946187,0.8849662746234304,0.7012686466574971,1.1368214106638295
2021-10-20,0.7190882487637309,0.875076847554994,0.6783203066073319,1.1579971678171657
2021-10-21,0.6964660879320999,0.8650384176613515,0.6575077071370735,1.1722501719228455
2021-10-22,0.672908153612343,0.8636438082439603,0.6409881654865427,1.2012795548519097
2021-10-25,0.6512272037263463,0.8592994965746537,0.6303608925969836,1.2362043442137034
2021-10-26,0.6361092182869014,0.855217691954169,0.6256221474709671,1.2794007112962669
2021-10-27,0.6228778754142927,0.852022543698836,0.6284451176534659,1.3092036077690121
2021-10-28,0.612156892658988,0.847152051246506,0.6311466031294174,1.32344798326871
2021-10-29,0.5961212080516762,0.8470673547232672,0.6369156242172351,1.3273673898522018
2021-11-01,0.584340711749884,0.8534132561034975,0.6408327759439822,1.3326678127511007
2021-11-02,0.5810613329516996,0.8635639883663115,0.645686037881844,1.3307798479939916
2021-11-03,0.5806957374251651,0.8835317442869829,0.6504677446997371,1.3381079847619242
2021-11-04,0.5803683713810978,0.9024533896917973,0.6602083285915753,1.3462406073204485
2021-11-05,0.5813477414918816,0.9113871988492747,0.6717707904615158,1.364768191569541
2021-11-08,0.5857186603571681,0.9288943950797525,0.6842048772197622,1.369500281439947
2021-11-09,0.5958317099455834,0.9532134358688837,0.7004723061945826,1.3792059466936861
2021-11-10,0.6094720707243365,0.9820934577953485,0.7158524785515101,1.3895590016541743
2021-11-11,0.6180612003924341,0.9971744748541321,0.7260747452192152,1.4018221564741808
2021-11-12,0.6323317949412391,1.009517055513532,0.7314299229721989,1.4277701944212013
2021-11-15,0.64814282612369,1.0246723469205137,0.7400453924943953,1.4513341867698746
2021-11-16,0.664489457101678,1.0450892371793814,0.7591650360360203,1.467036968813453
2021-11-17,0.684428003812451,1.0668747095231874,0.7875696282240123,1.4930478100505984
2021-11-18,0.7107680812628355,1.0879494927718816,0.8114315388770144,1.5228038327182993
2021-11-19,0.7428198602645254,1.1159007120284439,0.8416324303035475,1.544973269912087
2021-11-22,0.7794610484166915,1.1425807061201925,0.8696459225874,1.5606643069341768
2021-11-23,0.8236580567054953,1.1625219407876122,0.9107773877988167,1.5872522667673132
2021-11-24,0.8748453625056528,1.193972196750442,0.9586580240581745,1.6198554096507471
2021-11-26,0.9386448475574938,1.2436063050385677,1.0137648732751137,1.657068954742269
2021-11-29,0.9717913171960181,1.286802443309536,1.0295750969788064,1.6580577003582184
2021-11-30,1.0038034938994915,1.3181966658904052,1.0545609325707108,1.663925315708151
2021-12-01,1.0218698935059267,1.3472158524121236,1.0608432245078905,1.6599044474584104
2021-12-02,1.0399288171513419,1.3734486664536631,1.0623402741162906,1.6396755119917592
2021-12-03,1.0510767480788321,1.3931016491777808,1.0567223526322533,1.6004867287017983
2021-12-06,1.0601537907778922,1.407138558297331,1.0491764386743898,1.5743558193773313
2021-12-07,1.0563983964632127,1.4232726863180776,1.033226253360444,1.5379757339498887
2021-12-08,1.0410479837725075,1.4167911878533803,1.0197634534896278,1.5049766859841862
2021-12-09,1.0243548296252296,1.4194500309246867,1.014435173493259,1.4821775302891724
2021-12-10,1.0030024667968964,1.417386619904285,1.0094786233927804,1.4465830681304659
2021-12-13,0.9824005355670634,1.4119598881952693,1.0037186415298176,1.4316320146191766
2021-12-14,0.9644235526308819,1.4206802569781831,0.9846773263989865,1.4177614749498566
2021-12-15,0.947740094125304,1.4373774121794847,0.9733550857420159,1.4177989543011886
2021-12-16,0.9294589905729942,1.4387544117745996,0.9629637762677401,1.4171379035072977
2021-12-17,0.9193127448861402,1.4255931585557076,0.9638606342965717,1.4213270620955252
2021-12-20,0.9080690313434463,1.4191100337708915,0.9520037962622482,1.4367004358159574
2021-12-21,0.8935848975406268,1.4158199422909754,0.9351835071570324,1.434261571384938
2021-12-22,0.866770776071258,1.408094735249073,0.9083436163927064,1.4114794713990737
2021-12-23,0.8474681710641633,1.406114704192026,0.8850477923218464,1.3868517834340504
2021-12-27,0.8352136909686534,1.416206946817047,0.8652950705522259,1.360679479677112
2021-12-28,0.8310308344747193,1.4273335336221185,0.8429801441252814,1.3405795237169285
2021-12-29,0.8361201451539284,1.4437474679127464,0.8201038546074163,1.3196873986382167
2021-12-30,0.8346576020952117,1.4693911926835044,0.813693640195575,1.3083995232709735
2021-12-31,0.8364415626233456,1.5134118756376909,0.8045393647932354,1.2999981281414834
2022-01-03,0.850588641893489,1.5664307264776196,0.7989052916045488,1.3050630195260744
2022-01-04,0.8695520458340696,1.6144475204550777,0.7952814494740558,1.316117321329118
2022-01-05,0.8944131563907973,1.6602391987639187,0.8004007804943293,1.3379334543252164
2022-01-06,0.8929540213987676,1.6654485289317906,0.8022948404441297,1.3298812649273195
2022-01-07,0.9017392147391778,1.6825530550778014,0.808498572907305,1.3305789797416707
2022-01-10,0.9092687919598009,1.7101206611551443,0.8101436957790555,1.3217540639892018
2022-01-11,0.9181815256941257,1.7273729004067644,0.8152070860756836,1.3129799692099526
2022-01-12,0.9376113661444199,1.7563784594777845,0.8313582726368718,1.3107888143858477
2022-01-13,0.9657044734945248,1.7957969087680972,0.8562133438307632,1.3233385380381237
2022-01-14,0.9877044025593947,1.8189720352837901,0.8866098084951647,1.3361203258546421
2022-01-18,1.0206689343943633,1.8677667168592,0.9227423589580199,1.3632975980524862
2022-01-19,1.048750796225407,1.9103287085879894,0.948066841914942,1.3789878900984407
2022-01-20,1.0777272498273789,1.9629166026448714,0.9693027109713277,1.3930544317272313
2022-01-21,1.1058074064112904,1.996274150991936,0.9818910782470989,1.4066996847243036
2022-01-24,1.127068239232396,2.0043695820036556,0.9887545620945668,1.430779600689987
2022-01-25,1.1586327805838423,2.021412856249122,0.9991844732434205,1.444176022513123
2022-01-26,1.1898734329956995,2.0134434549557105,1.0192326792282904,1.4535630943048574
2022-01-27,1.2247076135854336,2.0238502621671413,1.0424560615188834,1.4662464548937753
2022-01-28,1.262968744653282,2.051394121816913,1.0643923012598442,1.4714095576695323
2022-01-31,1.2820141115213601,2.0492650372979555,1.0733085567899883,1.4805896223640465
2022-02-01,1.2977886073645524,2.041806367024784,1.0961546978128967,1.4813753204267495
2022-02-02,1.3142640483131907,2.0460641583483143,1.1138070401719802,1.4918412052966636
2022-02-03,1.3280016817564753,2.0597117836001995,1.142316906136031,1.5055197133177172
2022-02-04,1.3200018637993054,2.025143864500663,1.1616767482079877,1.5095050102783751
2022-02-07,1.3200162568328178,2.003485399819247,1.1836155799250636,1.512848587680523
2022-02-08,1.328491145086018,1.9861965394705234,1.2108479806730865,1.5156946386819061
2022-02-09,1.345021351109137,1.9882330498981977,1.2345793466798838,1.524569869106377
2022-02-10,1.3663321852025083,2.0113813558719276,1.256593912472721,1.5329559530081343
2022-02-11,1.381494861316497,2.029427245081488,1.2660193778997497,1.5386169419293958
2022-02-14,1.3808789305058369,2.021852244318101,1.2704579235840656,1.537288738681206
2022-02-15,1.3904952290938906,2.0266438234598754,1.2830840471129112,1.5386821792541878
2022-02-16,1.3968946484878009,2.032334574296405,1.279539242648062,1.5335751004838771
2022-02-17,1.4158594148406496,2.0510111229757557,1.2907840789602703,1.5300286911702352
2022-02-18,1.4159390659357347,2.0495723521917704,1.2942725452619321,1.5189395894069513
2022-02-22,1.4340386089891928,2.0443077538615846,1.2934367706184111,1.5227084503517283
2022-02-23,1.4511841932244984,2.0478911241398547,1.2957750088478603,1.5316684258875355
2022-02-24,1.4699226628517708,2.041348762402224,1.3046780258144142,1.532109434504553
2022-02-25,1.4779581241184263,2.0312266166406845,1.3151475855608574,1.5331136760736845
2022-02-28,1.4743441529732846,2.036832996030185,1.3021465297810624,1.5172002056044884
2022-03-01,1.4812942379101643,2.056851791985453,1.309276726848221,1.4982605211436788
2022-03-02,1.495796130399994,2.059570743576399,1.3042303521879057,1.4719377166584449
2022-03-03,1.512838394782442,2.0695889224239634,1.282976115322455,1.437014023802781
2022-03-04,1.5351697692222286,2.081688381255788,1.2778752769222594,1.4017075470843146
2022-03-07,1.5485738303778611,2.089239203272916,1.2974410168406425,1.365589493337859
2022-03-08,1.532624397543085,2.0599473665871404,1.2897249128497257,1.329526178375376
2022-03-09,1.5095791809245414,2.0741663806024118,1.2841284138029936,1.305435351800923
2022-03-10,1.4723416487671224,2.0557838435876805,1.271093115920553,1.2846721255911888
2022-03-11,1.4543435320192701,2.045380969165849,1.2533516118668384,1.2789016814640555
2022-03-14,1.4389372056440353,2.046508762917105,1.2407243649882205,1.269127018956617
2022-03-15,1.4254824486523914,2.0351751937917615,1.2294193372476439,1.2523450636915683
2022-03-16,1.3941411586218984,2.018761675075636,1.2096797716814274,1.231580061750814
2022-03-17,1.359330045613806,1.9765802551921787,1.1875927581257295,1.1848835430590101
2022-03-18,1.3200537249755127,1.9268913190591572,1.1620489954035438,1.154069389563915
2022-03-21,1.2870816241693983,1.8725444841242642,1.138318927830769,1.1221378436239977
2022-03-22,1.265739427970564,1.822716717225646,1.1153157972010546,1.0996844142149858
2022-03-23,1.246694385248629,1.7720774555734888,1.1010391308961756,1.0951984157953096
2022-03-24,1.2293660406024869,1.7346481845711765,1.090086862955205,1.095297912417101
2022-03-25,1.207456003132579,1.7126330966487868,1.0719633056251883,1.1114260980858295
2022-03-28,1.1908178862497165,1.703185339088646,1.0586452489483669,1.124349083722655
2022-03-29,1.1809790088461487,1.7008267512929935,1.056796895404543,1.140797672210441
2022-03-30,1.1644688999889012,1.7176757738434805,1.0589213080794595,1.1430479301244185
2022-03-31,1.17082353920286,1.736821018171839,1.0715039761545861,1.150644472626102
2022-04-01,1.1646587760503408,1.7761019257635267,1.0837301857185346,1.1630589233205306
2022-04-04,1.1691699634215351,1.8086426140379128,1.0948052661817431,1.1922058185968933
2022-04-05,1.184698049333296,1.8365584888114563,1.1030012007027945,1.2269229423763892
2022-04-06,1.2001126496014405,1.8459032335271073,1.115583927030667,1.2325830594168683
2022-04-07,1.2078961904044891,1.8341069258463731,1.12208759132329,1.2364028930225233
2022-04-08,1.2267974210099866,1.8402932036798936,1.1388407778508256,1.2429896579910702
2022-04-11,1.2558559955895987,1.85000349818635,1.1581725386529749,1.259016929394329
2022-04-12,1.280856768581955,1.858385154986815,1.179788802137,1.275224874682657
2022-04-13,1.313556159268205,1.8906902066451812,1.1996289866139862,1.293574181842326
2022-04-14,1.358880903711636,1.9315122517027508,1.2262562237549626,1.3067402664499117
2022-04-18,1.3915625818170416,1.9757986899194289,1.2614541125424765,1.3305197937364999
2022-04-19,1.4298163089297076,2.0309214634541832,1.3023306679953326,1.3595102306213929
2022-04-20,1.474828459687,2.092381458781949,1.3413084392135175,1.3898629166281786
2022-04-21,1.5207629112747092,2.1495063361976747,1.3829491073383213,1.4321240076061998
2022-04-22,1.5737227720705307,2.2109709502875914,1.431789596904571,1.4750946128136688
2022-04-25,1.6028398325094735,2.2595906996526853,1.461365824098226,1.5003391538024107
2022-04-26,1.6545122501045253,2.313974922929196,1.498376894056536,1.5392542843511767
2022-04-27,1.704235809228203,2.338916999990464,1.5323383251496272,1.5663311535107824
2022-04-28,1.7559216536266842,2.3905513328815835,1.5645027865729446,1.6035737228642906
2022-04-29,1.8051442441489882,2.421064472471433,1.5955773624782548,1.6437005640380433
2022-05-02,1.8219000314612437,2.4479904433906703,1.6213238967484989,1.6657578886382784
2022-05-03,1.8421580017144001,2.4857239583448845,1.6351268935811298,1.7031878577189
2022-05-04,1.887285625401067,2.532782883065105,1.664454885676017,1.7425989091221685
2022-05-05,1.917335007671386,2.580018594846567,1.6710407580768643,1.7649323246039894
2022-05-06,1.9321809655441569,2.563637676247489,1.6493449470819754,1.7721138184709602
2022-05-09,1.9491648897543894,2.558505591977192,1.6298083363870908,1.7887094275436062
2022-05-10,1.930440598719544,2.548705110677071,1.5993298814417674,1.756648158829311
2022-05-11,1.927747640008283,2.55846349249113,1.5736337349254264,1.7424868972071903
2022-05-12,1.9204249602144225,2.5609239708977096,1.5669088541227565,1.7364611979330362
2022-05-13,1.9236236998503222,2.5664322073003474,1.5710410583391377,1.7517643066445363
2022-05-16,1.9190973729351544,2.5460653137563614,1.5876530784786418,1.7774912038927526
2022-05-17,1.9206974254303895,2.5257864163677186,1.6174698043459428,1.795015454248347
2022-05-18,1.932545945888883,2.498416949166088,1.64230158722124,1.7974313260796144
2022-05-19,1.9005080264949699,2.4342190969713555,1.6137363128461768,1.7816715544381851
2022-05-20,1.8805246853381552,2.3852883032522487,1.5959337011411736,1.7831564392158104
2022-05-23,1.8657311543189905,2.3643863258721884,1.5838333022830835,1.790449248131311
2022-05-24,1.848114099048041,2.3558661610909373,1.5701758734241709,1.7976066957879937
2022-05-25,1.8440887871149405,2.344984826658069,1.5574367623534657,1.8054067332739026
2022-05-26,1.856983784473905,2.331849295344706,1.5587207713139917,1.8268700613569702
2022-05-27,1.879063461349332,2.3183020115855446,1.5572347949642182,1.8500993040653027
2022-05-31,1.897288623865355,2.284530520609893,1.5502444087859746,1.8659054871863623
2022-06-01,1.9048191944583135,2.2618042711474025,1.5524595039897184,1.8928599916279651
2022-06-02,1.9134924911809115,2.239841830924035,1.571423839843516,1.9145995008038232
2022-06-03,1.9170530372702568,2.216993793510811,1.5823147785789666,1.939969038617712
2022-06-06,1.923231457136649,2.1973213975863675,1.5903053584838631,1.9871440371668285
2022-06-07,1.9223117880007652,2.1971241605535563,1.6163817638411921,2.027070253580705
2022-06-08,1.93315278898807,2.2118766800664402,1.6406303391001251,2.0587261000583754
2022-06-09,1.939617188472426,2.229066327701741,1.6653166245421265,2.0820789908179096
2022-06-10,1.9497979673142707,2.2461709162385257,1.6721567533847652,2.100365583801467
2022-06-13,1.9441701263490243,2.248386358468639,1.661050462837959,2.098076930884751
2022-06-14,1.896238964732708,2.2104589117471156,1.634684127766167,2.0383933847556617
2022-06-15,1.865451620730345,2.197349937629755,1.6089430923158585,2.0156150147388834
2022-06-16,1.8497641384553882,2.1946585153836073,1.594472803724631,2.0085503464610643
2022-06-17,1.7980309597964104,2.1546557294978785,1.5708579501099311,1.9372847096370784
2022-06-21,1.7650909605101295,2.1318126542942624,1.5598487215329704,1.8766301725686418
2022-06-22,1.7267804871550103,2.1038865072154245,1.5405474004505442,1.8270789474127824
2022-06-23,1.6975831844040528,2.078786419283839,1.5080883542564076,1.7827313449997828
2022-06-24,1.6666630230767243,2.040901926270553,1.4812756082938505,1.7441929765561464
2022-06-27,1.616319006782508,1.9999853953285913,1.4201723877104615,1.687387373232032
2022-06-28,1.5716647538154653,1.9569927293303404,1.3760277379844819,1.6497085613645959
2022-06-29,1.522611469130938,1.8885329912881799,1.3276733534410978,1.6085662197022734
2022-06-30,1.4806082177553541,1.828875718979585,1.2933396612027048,1.5660135817275163
2022-07-01,1.4401908236847614,1.7788084893904643,1.255542870027538,1.5337434989841026
2022-07-05,1.403610304465297,1.7448157912988784,1.2261377461647607,1.5174365533877228
2022-07-06,1.3769768991273503,1.7145168857931985,1.1979869307456634,1.5035860215697165
2022-07-07,1.3493107872846757,1.7008272716921817,1.1764632051801849,1.509819581100554
2022-07-08,1.3173819025236917,1.6826225070193563,1.1562011614264427,1.5028514329210159
2022-07-11,1.2903296908122432,1.6832250336631949,1.1399616178060534,1.4873715030517507
2022-07-12,1.266864175684082,1.671332833424917,1.1295312438719254,1.471528671990972
2022-07-13,1.2521725687363072,1.6857577058597457,1.1308371275762326,1.4713230024394561
2022-07-14,1.247924966309169,1.7045062582365689,1.133689251159386,1.4769356580001702
2022-07-15,1.258795699111587,1.7343938556813259,1.1379298501755717,1.4906443289573188
2022-07-18,1.2513710976948202,1.7641745642534326,1.125332249017681,1.4937915261143726
2022-07-19,1.2460753743350435,1.8061661583160689,1.1172629669959948,1.5037485119463134
2022-07-20,1.225991725340736,1.831306263195787,1.0844566284081578,1.4830862833700356
2022-07-21,1.2104429806012713,1.8526702202296486,1.0558836647326237,1.4692128631075372
2022-07-22,1.2006793274760432,1.8744208705618186,1.0368666772907909,1.47098595792123
2022-07-25,1.2046332479881474,1.89196585537251,1.0239207807926884,1.4796636033632322
2022-07-26,1.2087996469470306,1.89907172641167,1.012466699107264,1.5030405756139376
2022-07-27,1.2095071744980395,1.9067409619916165,1.0017049884165785,1.524506619315193
2022-07-28,1.1921643432921163,1.8787515061021935,0.983742326933594,1.5459720477927374
2022-07-29,1.1785532063992246,1.8624887778279566,0.9617139730020784,1.5529139611972567
2022-08-01,1.1593461387033883,1.8451736580568516,0.9517957713462171,1.5488199616712304
2022-08-02,1.1466595228806449,1.8372276043156197,0.9411413770125514,1.5432277106264094
2022-08-03,1.1411154029455157,1.844161006627405,0.9213562239307652,1.5354935422548366
2022-08-04,1.1341874028416317,1.8361781280853537,0.9071229582732526,1.5190326714665945
2022-08-05,1.1377982770196835,1.8319184233662136,0.9057354942675896,1.504820236396521
2022-08-08,1.1418994306328243,1.8474923337773952,0.9145551676776001,1.4957262548185333
2022-08-09,1.161054566190126,1.8678116816956305,0.9204345864264984,1.4954998342078598
2022-08-10,1.175406773539941,1.8903714744900604,0.9308068734426863,1.5073566061941164
2022-08-11,1.1763551989543584,1.8942504495613275,0.9312538045323375,1.4988173522769206
2022-08-12,1.187104385704664,1.8854988448691823,0.9429814194104329,1.5051602990550652
2022-08-15,1.1908566120039445,1.882710366055627,0.9488814026649411,1.498576115367172
2022-08-16,1.1884577105102623,1.8848827118733922,0.9551747189523748,1.4930596693625933
2022-08-17,1.1969703833738907,1.9019810194443265,0.9698820054024858,1.4938600830846565
2022-08-18,1.2196840585722808,1.9277795374486122,0.9971048446565907,1.488707686436564
2022-08-19,1.2530664791220956,1.957193830037262,1.033292543504266,1.4854583287144723
2022-08-22,1.2883836684990533,1.9914312684144797,1.0696733248354229,1.4756253451262744
2022-08-23,1.3017784298289516,2.0000945636896006,1.0904579775725054,1.4651658694297303
2022-08-24,1.325069394042082,2.0163177565786765,1.112771145722894,1.4656776718032558
2022-08-25,1.3514259744143178,2.0397381717427145,1.1399233541114882,1.4865469595705396
2022-08-26,1.3812837001403684,2.0734539159025753,1.167165582781238,1.5098458396242787
2022-08-29,1.3800923294327836,2.065312005672779,1.158685690031689,1.49639580828222
2022-08-30,1.3896704916509972,2.062303178507399,1.1579636941952276,1.4804599912388399
2022-08-31,1.402931703677651,2.0510861272263963,1.1698123592764924,1.468532160092158
2022-09-01,1.4107987516134666,2.039193633212389,1.182290851996084,1.473238969966824
2022-09-02,1.4236155191116495,2.0340110780632585,1.1994366532363472,1.4957238704934177
2022-09-06,1.4424473658585544,2.0398548484668133,1.2177910723265521,1.519770712532747
2022-09-07,1.467523420042746,2.056305540290057,1.2394888841828962,1.5479547946675407
2022-09-08,1.4873417516158671,2.0701832327361003,1.2704740829421899,1.5850089913855265
2022-09-09,1.5215935736789001,2.101220012741278,1.3021666611742972,1.6280375571565893
2022-09-12,1.5628423259869288,2.132778456572977,1.3421136198310155,1.6717386387380386
2022-09-13,1.5970775094639982,2.169302648498292,1.3757105144654305,1.705195421009574
2022-09-14,1.5625374502962266,2.132568378185709,1.3477026550940685,1.6934848792290922
2022-09-15,1.5497491233072413,2.097648768830026,1.3347302363098525,1.6844132799372218
2022-09-16,1.5459009839563282,2.072599977085902,1.32413683478016,1.6833281018498656
2022-09-19,1.5472070817163655,2.06056106485207,1.3114284038256931,1.6898291776352319
2022-09-20,1.5495519614284292,2.0622289381319603,1.3101955055959709,1.6973847185887794
2022-09-21,1.5488638697628465,2.0672333049036173,1.319908805654721,1.715318057929141
2022-09-22,1.5332806928216842,2.0642044359128895,1.3248547592650166,1.7355631406372023
2022-09-23,1.5365193011554765,2.059906074655607,1.3297025698266443,1.7529133291955492
2022-09-26,1.539675395896856,2.054173459302962,1.3316109999815027,1.7499887857555574
2022-09-27,1.5530842578800004,2.0439216506999007,1.3488257925149418,1.7533769994461745
2022-09-28,1.5718053894797033,2.054947858951988,1.383936617441258,1.7767310442733766
2022-09-29,1.5781109086120502,2.060036748847683,1.415977260793935,1.7914074545402898
2022-09-30,1.575472010920406,2.0436545828779678,1.452767858128146,1.8079949105166087
2022-10-03,1.577087596723707,2.026256748457081,1.483273682968285,1.833258301353297
2022-10-04,1.5731845899743473,2.0088710973958968,1.521663408175568,1.8533720655515258
2022-10-05,1.5473246650277643,1.9843428766778644,1.53484303024892,1.8319818367366967
2022-10-06,1.5227168703265184,1.9776808834345736,1.5399716168982152,1.8349810149773083
2022-10-07,1.506182192717696,2.0047068722624393,1.5501514408998958,1.8389894200144261
2022-10-10,1.4673446360803803,2.010564608130431,1.5531446773059594,1.8265480413018045
2022-10-11,1.4390914434247342,2.016906574469031,1.563632341806445,1.8170769914996683
2022-10-12,1.433938624014818,2.0242678022065848,1.6028045792751662,1.8093610112180272
2022-10-13,1.4425177965372498,2.0298762527402223,1.6544449034979527,1.8173438527048849
2022-10-14,1.4385366481196808,2.0376618732583136,1.6808069314817753,1.8224017198665732
2022-10-17,1.428827468632515,2.03574266816328,1.7037580532942502,1.8280983647770317
2022-10-18,1.4157227350362602,2.0077884310832887,1.7206465462184075,1.7973952221197802
2022-10-19,1.4148431446445526,1.9762506814397605,1.7347545169157217,1.7754709631597108
2022-10-20,1.4215591959569402,1.9666254727373385,1.74596907555328,1.762461903842813
2022-10-21,1.4404510128722634,1.9567928196216353,1.7509594832519284,1.7608763839738013
2022-10-24,1.448687407497009,1.965252483667997,1.7339438023697067,1.7488333893671228
2022-10-25,1.4456557852661882,1.983212259788708,1.7116133248400094,1.7332476302057134
2022-10-26,1.4363732358785657,1.990972424509346,1.690597681665693,1.7057429252880305
2022-10-27,1.4459471442397676,2.0026295879776015,1.669335887344182,1.6787277467460702
2022-10-28,1.468690516295084,2.0205169809325234,1.6485289130446363,1.668516000679932
2022-10-31,1.4892923979085817,2.0492321263000934,1.611881483354899,1.6467505961595204
2022-11-01,1.5225783444282892,2.0915013384901027,1.5854165880335982,1.641547579192217
2022-11-02,1.5562127878551377,2.1449819725308688,1.5594318850605629,1.6534099645546654
2022-11-03,1.5724868155551044,2.1558154796997084,1.5370506145902652,1.6266386736161755
2022-11-04,1.5958126869553309,2.149087888659431,1.514750781393086,1.613110923033361
2022-11-07,1.623241112927913,2.1411647695927334,1.4977805404362323,1.6055504262252531
2022-11-08,1.668155370238035,2.1420483912945376,1.4802688867723817,1.6134272708433346
2022-11-09,1.7160396076545965,2.1528886448199414,1.457514109539406,1.6392149939455756
2022-11-10,1.7506204213300032,2.167796723095626,1.4260976641388965,1.6620302677934047
2022-11-11,1.6911114295924263,2.0833064272431496,1.3573281391457406,1.5957498919439748
2022-11-14,1.6412304968560405,2.009338350948807,1.2934182854426346,1.5382527603214509
2022-11-15,1.591994648856469,1.942116157660409,1.2324824389372937,1.4868196416492143
2022-11-16,1.5426490291401673,1.8764413332285224,1.1871016603428701,1.4424916446854101
2022-11-17,1.502824220657115,1.8101911031238747,1.1515584894823618,1.3864228464272077
2022-11-18,1.4653057038325739,1.7664510903795387,1.1245342160356595,1.3462288337899915
2022-11-21,1.438101562972769,1.730773965335688,1.108949383487371,1.3235919197417916
2022-11-22,1.4134166535624044,1.7004955667146107,1.101286865646565,1.3202476329533928
2022-11-23,1.3921423986627284,1.6814622375131345,1.0895649870179864,1.3147653856904906
2022-11-25,1.3852474434818538,1.672884504119595,1.084315390287939,1.3209822226495387
2022-11-28,1.389164552752779,1.6737163287953847,1.0894223786374717,1.3343258696119438
2022-11-29,1.3895760833387694,1.6573900231430327,1.0942454355134061,1.3305923951201055
2022-11-30,1.4047966886489265,1.6570737686636676,1.0991438979305326,1.3386681294531606
2022-12-01,1.4097692355722393,1.6200795621818826,1.0861455123976684,1.3350564464517114
2022-12-02,1.4095048166311943,1.5983837967180083,1.0673563702539375,1.3275804625644485
2022-12-05,1.4042806685690956,1.5950979502167513,1.056369366338729,1.3355744699332919
2022-12-06,1.3843679207068977,1.5958418798858116,1.040060972787618,1.316751058109226
2022-12-07,1.3486963884189143,1.5856453183884325,1.022754902526543,1.3046431878703635
2022-12-08,1.3303993196670487,1.5783093401705783,1.0140302523046154,1.3088195514694707
2022-12-09,1.317583228676564,1.572690966858106,1.0146293560496875,1.319547145589269
2022-12-12,1.3097411932603837,1.5768636733895465,1.025847706243533,1.3291581761422466
2022-12-13,1.3035028158223585,1.583621155821915,1.0289481346301839,1.3543822079780572
2022-12-14,1.3035225243896946,1.5943473131828572,1.0350561586655378,1.3896047390768642
2022-12-15,1.3082981153627722,1.6081188060643499,1.0558750095769693,1.4168473778796744
2022-12-16,1.2800677043342146,1.5949327474410309,1.0431006876756128,1.4194815938540317
2022-12-19,1.258795714033685,1.5855384230763383,1.0313080582848428,1.4201504365110695
2022-12-20,1.2448348091269212,1.5849869399099643,1.0237001574566404,1.426021683688832
2022-12-21,1.2367934997631256,1.5988088142278318,1.0176334491848857,1.42662589699196
2022-12-22,1.2158285369490704,1.6089698942439783,1.0095544032653743,1.4308295822341235
2022-12-23,1.1966946951786506,1.6035987710698103,1.0018648488923274,1.4261204437628316
2022-12-27,1.1840322632329656,1.5996566957878517,0.9933752699557644,1.4219008457651754
2022-12-28,1.1845409624218564,1.5958657785621457,0.9918589264720131,1.4150164276587984
2022-12-29,1.187604750036124,1.5933147423799352,0.9881058486268773,1.3953775766681893
2022-12-30,1.1838731868690704,1.58454951864656,0.9824935684269794,1.363027615165281
2023-01-03,1.1896735373000629,1.58200342965239,0.978074993132821,1.342216825551925
2023-01-04,1.197163668708409,1.590590756453824,0.9776890321401196,1.3388911195320956
2023-01-05,1.2007511739469017,1.6171018025177852,0.9831344902795237,1.3332872987122515
2023-01-06,1.2031249876118024,1.6300142128316801,0.9864399956243838,1.3363979961345882
2023-01-09,1.1935084175217245,1.621497118305992,0.974139967065744,1.319295558325714
2023-01-10,1.1900815492361432,1.6204443915794429,0.9720620903036838,1.3160363529800356
2023-01-11,1.1796238455868975,1.627184495344548,0.9680392464132497,1.3105428413327804
2023-01-12,1.1698723955734607,1.639097287662,0.9630729416852529,1.304516058621777
2023-01-13,1.1655153561110005,1.6486628748344225,0.9649013938722126,1.2915566571519397
2023-01-17,1.1667939036900288,1.6601281246234085,0.9708860053032853,1.2863541401133591
2023-01-18,1.181764274922129,1.6696499789229857,0.9689579046346136,1.2984043524532545
2023-01-19,1.1917164344895343,1.6781191191204095,0.9454291200482593,1.2920131861946405
2023-01-20,1.209885813653681,1.6862613390941812,0.9208335569882755,1.2864710716690633
2023-01-23,1.2101689645244003,1.6690399337029664,0.8972154093660479,1.2878950032005745
2023-01-24,1.19911908531014,1.6463019021287155,0.8721973275161788,1.2924682412451216
2023-01-25,1.1892858220323055,1.6430403547529544,0.8565512313428769,1.2982276783784732
2023-01-26,1.1753765302999264,1.6459140041175613,0.840446245242052,1.3101213950728807
2023-01-27,1.169820145795746,1.6467075782044625,0.8295592295521026,1.322907171873489
2023-01-30,1.1673571870308475,1.6566138720992585,0.8337374027874038,1.3416325885590912
2023-01-31,1.1587988181827644,1.6519785099798092,0.8358611879089023,1.3701166691273052
2023-02-01,1.1419609362630525,1.65406064070394,0.8306920795038407,1.3835983339793072
2023-02-02,1.1295081793013093,1.657707218654455,0.8221673457602547,1.3940492177424468
2023-02-03,1.1188272697010726,1.6257129197336722,0.8103477381258112,1.4006351102672352
2023-02-06,1.1021479188628855,1.5972781728696352,0.8028741590805465,1.4080797159301202
2023-02-07,1.08608402683862,1.5761671089073948,0.8047065628481829,1.415406342415638
2023-02-08,1.0737757336725753,1.5482626354659184,0.8046292865181144,1.4229089607464758
2023-02-09,1.060791759726568,1.5225251609575923,0.8092203996279057,1.4405516651718668
2023-02-10,1.0552771214750865,1.4987544542837026,0.8213103568016529,1.4505824161479592
2023-02-13,1.051110028908173,1.4828670083033704,0.8335887943458293,1.4657873385157298
2023-02-14,1.0437267572264513,1.4594897735493428,0.8433814575766068,1.4778704240139318
2023-02-15,1.0466717171593207,1.4376338621510527,0.853819291423188,1.487047125259499
2023-02-16,1.0558929182249919,1.414101116962136,0.8662344919473303,1.4819195481825906
2023-02-17,1.057793124549843,1.3951647560488196,0.8798242445371854,1.47775684329824
2023-02-21,1.0677878730165176,1.3737899742867548,0.901344531105572,1.4776831134952781
2023-02-22,1.0610095706290632,1.3260499916452875,0.8917910771420622,1.4587136959205669
2023-02-23,1.05609576257472,1.2917434205592928,0.8942461080641834,1.4493910723932415
2023-02-24,1.0563560039385305,1.2564128640397296,0.8983332123471331,1.4411627231417046
2023-02-27,1.0556518576343734,1.2176104304364979,0.9061431000046215,1.4318939848904368
2023-02-28,1.0654047611728754,1.1914540171378554,0.9212047458643295,1.4248971912471937
2023-03-01,1.0708138057360204,1.1748024308066358,0.9315610336231778,1.4387457313534453
2023-03-02,1.081590810675572,1.1645320936404797,0.9535292719796168,1.4683480967987854
2023-03-03,1.0977974483879378,1.15412674602682,0.9715335706444691,1.4968629954593533
2023-03-06,1.1092269066881024,1.123306277406733,0.9772651343686604,1.5373314431217335
2023-03-07,1.125793628556226,1.107143630539141,0.9892418617347164,1.5771584031472963
2023-03-08,1.132365148499903,1.1006255502520588,0.9975449370723352,1.6191687130072365
2023-03-09,1.1424148840248216,1.1052621955833213,1.0066040739684252,1.6790635244145395
2023-03-10,1.1344536833610643,1.1124924956999864,1.0130137037552598,1.7208692156194365
2023-03-13,1.1220096214255033,1.112812898894589,1.0198825279447095,1.7499626451471204
2023-03-14,1.1156988466191105,1.121712977316391,1.0273375697839728,1.7660436745153671
2023-03-15,1.1104197375404012,1.112770850810827,1.0306879099424295,1.7747817712599432
2023-03-16,1.1149402838776845,1.1207070015719791,1.026142922359558,1.7711708989759662
2023-03-17,1.1054556559877005,1.1013402535878762,1.0200866381217901,1.7758933423108683
2023-03-20,1.0876832425457295,1.0836026977685653,0.997761829542158,1.7710630125404518
2023-03-21,1.0642957874544081,1.0722918483151385,0.9773357056679217,1.7762836181366612
2023-03-22,1.034755604774313,1.0583243942462341,0.9696180745479336,1.7507610066173498
2023-03-23,0.9871942618339614,1.0358022552752622,0.9410032157130972,1.6934645659869687
2023-03-24,0.9594466487741344,1.0204765224665076,0.9269978411833143,1.6470729909185053
2023-03-27,0.9391406991381376,1.0121117845081244,0.9129257758109599,1.5966582686994444
2023-03-28,0.9222177174679356,1.0020511690054774,0.8947316450457573,1.541770059970241
2023-03-29,0.9097109415509912,1.0041775235463826,0.8828999645805486,1.4917833581378483
2023-03-30,0.8945834640338675,1.0034146016960808,0.8738373281412969,1.456972477871938
2023-03-31,0.8734853218874804,1.0051910727676765,0.8691685484821001,1.4405612255516875
2023-04-03,0.8447638415991484,1.0039839142404587,0.8556136179881497,1.4091451869137055
2023-04-04,0.8238331807021666,1.0079523273183544,0.8413145373357045,1.3763874689098148
2023-04-05,0.8085470171942415,1.0112207873889454,0.8348313516553274,1.3435784344263133
2023-04-06,0.8050823958883433,1.0135837645050847,0.8280930024751302,1.3093306443696315
2023-04-10,0.8042772358143196,1.0174264980991363,0.8233114244004649,1.289706367041611
2023-04-11,0.8044771821198659,1.0238825595700074,0.8248062320337902,1.26753438598365
2023-04-12,0.8106425388867545,1.0323070282182656,0.8203476081626572,1.2601633735043483
2023-04-13,0.8206571966274379,1.0350838631802328,0.8218931876979639,1.2542629980438853
2023-04-14,0.8234692706940694,1.0156649230317378,0.8145973166407411,1.2529106863152937
2023-04-17,0.8280395043457301,1.0060612664899102,0.8093188210120965,1.2594990338310423
2023-04-18,0.8359992821360218,1.0038264509115973,0.8001555843172623,1.263338688214715
2023-04-19,0.8521323781338579,1.0122694571396778,0.7957246533689342,1.261426995146262
2023-04-20,0.867617597879392,1.0230249749959421,0.7917895261000932,1.2723696296728197
2023-04-21,0.8894848479963199,1.0368165289563533,0.7997250387491985,1.2857696515287016
2023-04-24,0.9125762707576236,1.0588588879493221,0.8093023648968212,1.307434475033436
2023-04-25,0.9463387475296349,1.089167195707272,0.8258902977987865,1.3290495267156082
2023-04-26,0.9601217766811437,1.0979040368650406,0.8440823633811901,1.3283281768271689
2023-04-27,0.9789525684516822,1.1018034317463457,0.8587034469712964,1.33008310198575
2023-04-28,0.9735750483584973,1.0840595071107515,0.8641176027300379,1.3312260586718752
2023-05-01,0.9632807596678885,1.0660943301834318,0.8660444742114062,1.3320839016111974
2023-05-02,0.9571974130590643,1.0570899147215973,0.874543683165998,1.3502158534984587
2023-05-03,0.9505946310709772,1.0431570085092765,0.8765872628682175,1.3424391646983878
2023-05-04,0.9399026589147542,1.0361045446053214,0.8774448247757333,1.345337611580994
2023-05-05,0.9305173244607474,1.0363986002853924,0.8741583394841016,1.355297463021672
2023-05-08,0.9117783896390318,1.0212921916448958,0.8646045410838179,1.3515966697528061
2023-05-09,0.897988381202174,1.0170756475178058,0.8639167828688563,1.3595281424453485
2023-05-10,0.8895536767108435,1.0159629868685665,0.8664612094689877,1.3633429790468796
2023-05-11,0.880708748130577,1.0105031443896835,0.8717732592812539,1.3731611535384023
2023-05-12,0.8724369924764376,1.0150311764487578,0.8788469626379591,1.387597687140614
2023-05-15,0.867530854110876,1.0287438595493015,0.8830645040270254,1.4014086582718182
2023-05-16,0.8722908846308263,1.0462766717462724,0.8856760021328665,1.423901291770286
2023-05-17,0.8731101239870637,1.065188415575217,0.8867950482275271,1.451135337651916
2023-05-18,0.8658934538893462,1.0945843855290656,0.8773871745857565,1.4695205040291928
2023-05-19,0.8618576420919892,1.1062509972767889,0.8659664552011832,1.4831839657056873
2023-05-22,0.8621517153835067,1.109327111043545,0.8520810159622294,1.4865482199734268
2023-05-23,0.869762048140431,1.1194141465931013,0.8369249841690911,1.4957391788140229
2023-05-24,0.8737653843341557,1.1305358427034664,0.8291940099152534,1.515889583602802
2023-05-25,0.8714019246273167,1.1387827619540583,0.812503810500048,1.5328639629646186
2023-05-26,0.8657223428675868,1.1261328286102137,0.805661602101167,1.5523122345300462
2023-05-30,0.8564438399373725,1.0863595998356943,0.7886358019532091,1.579357559240865
2023-05-31,0.8455022598953335,1.0552554720697036,0.7800317214902075,1.6119597541481316
2023-06-01,0.8369054021657053,1.0263069876659057,0.7761071273795781,1.6455379529393928
2023-06-02,0.8251130029370974,1.0042413601025215,0.7737784380707144,1.695960577705319
2023-06-05,0.7976028027803976,0.9890016559492981,0.7504361460039964,1.6960980257787284
2023-06-06,0.7776659539435289,0.987965317859944,0.7258903597356925,1.6788722130733431
2023-06-07,0.7626303806797371,0.999625746458596,0.7079349271336044,1.6342530368520432
2023-06-08,0.7527595731776389,0.9992939963101619,0.6895776354769886,1.5677887019442933
2023-06-09,0.7423820721802802,0.9983567870752463,0.6756118402931685,1.512215004853176
2023-06-12,0.73435208688544,0.991210984793577,0.6677360348580562,1.4679723866307581
2023-06-13,0.7237749413871806,0.9759447526754307,0.653799024869061,1.4412081274159987
2023-06-14,0.7212718351582528,0.9711685264471451,0.6496252551615082,1.4158139475257694
2023-06-15,0.7244949619500911,0.978597548776475,0.6456895727983353,1.38727553105391
2023-06-16,0.7125567888740472,0.9863950487109635,0.6371041440915612,1.344433033869306
2023-06-20,0.7031563189595085,0.9928576002968115,0.6307430025666664,1.305191298776017
2023-06-21,0.6937880243144955,1.0038840038609305,0.6229750731844649,1.2737241652140572
2023-06-22,0.685013561916708,0.9975147052873595,0.6193836358009229,1.254300255783041
2023-06-23,0.6818310527950239,0.9900831259432062,0.6184944863584213,1.2306793711938597
2023-06-26,0.6719324189087914,0.9754597309629701,0.6166548925101005,1.2040390784481487
2023-06-27,0.6652928642057983,0.9501186064570903,0.6160450213080734,1.1851339242005408
2023-06-28,0.6511620889093997,0.922456971898177,0.6150963054003717,1.1694376915494162
2023-06-29,0.6404429579034177,0.9089445146694763,0.6168564033689903,1.1655313148552267
2023-06-30,0.6387938798166187,0.9062231244645411,0.6197173982950861,1.1581224843832527
2023-07-03,0.6302594519887507,0.8945587188807093,0.6182518681459452,1.1537296255336569
2023-07-05,0.6270872329729316,0.8944258034476057,0.6199041890023498,1.1591487375591643
2023-07-06,0.629712299174886,0.8968807645381133,0.6197383404750901,1.1557175553676486
2023-07-07,0.6296061759669331,0.9003278964152398,0.6117320894479964,1.1364738126426446
2023-07-10,0.633622475032821,0.9133820840076925,0.6049883959127135,1.112880820983745
2023-07-11,0.6415246762096655,0.928833510906709,0.5994414301174433,1.0972313796212108
2023-07-12,0.6446448535047934,0.9403535105142342,0.5852368766716025,1.0872719521175014
2023-07-13,0.6459208303171803,0.9654893879568226,0.5743787960680227,1.0712886439627523
2023-07-14,0.6482500356652442,0.9830095320515408,0.5632979357061049,1.0557876806134694
2023-07-17,0.6519952877643901,1.0039641847091825,0.5520868220615679,1.0372658030884423
2023-07-18,0.655293089133654,1.0195169734835454,0.5483065260476201,1.0229785045653836
2023-07-19,0.659599276338235,1.0290098896491182,0.5400239286439097,1.005849496679628
2023-07-20,0.6662020251770688,1.0496474437777232,0.5323867366209587,0.9918010014630574
2023-07-21,0.6664798899297619,1.04208588038975,0.5275898621664378,0.9717973973064289
2023-07-24,0.6676288382806371,1.037667391763935,0.5260139933097713,0.9610998054388694
2023-07-25,0.6728988622208263,1.0431266824531298,0.5273426829471802,0.9500385980887902
2023-07-26,0.6804379311946505,1.0563128811728366,0.5354328063125668,0.9458790661473537
2023-07-27,0.6856496547925797,1.0697322119999573,0.5486807809262487,0.936229159791247
2023-07-28,0.692416197459521,1.0954232574122966,0.5600510689779653,0.926998351502079
2023-07-31,0.6967815018296195,1.1062438974917903,0.5753671599353148,0.9143773080768715
2023-08-01,0.705520200263194,1.1172184047409628,0.5946224261143715,0.9047485181902919
2023-08-02,0.7203776966647361,1.1380727988021415,0.6131090340480174,0.9008544405718555
2023-08-03,0.715622563808807,1.1276536328025542,0.6263415510952616,0.894377791431028
2023-08-04,0.7142519189989577,1.137607576939566,0.6412667258130347,0.8943058747265114
2023-08-07,0.7116662567923132,1.1450611101779213,0.6579148779909898,0.8916221236328217
2023-08-08,0.7137150411191099,1.1504650857664933,0.6715898516629648,0.887699184616175
2023-08-09,0.7119050643145033,1.1509965209243627,0.6815568763049382,0.890916809506767
2023-08-10,0.7121701578683962,1.1414647119413026,0.6841680601612947,0.8955560339133771
2023-08-11,0.7165966038344294,1.1425892060567167,0.6863581731115614,0.901692949825231
2023-08-14,0.7284169244340295,1.1481394592903298,0.6851980670407164,0.9196132096491163
2023-08-15,0.750743730707327,1.1546126644977528,0.6890417908322068,0.9431074090516093
2023-08-16,0.7617634248778942,1.1558367039053536,0.6874064352308915,0.9501205473055414
2023-08-17,0.7680507094813934,1.1499452092770521,0.6821634107237259,0.9443331185943878
2023-08-18,0.7685907068745749,1.1536637819632942,0.6765506037419947,0.9406987132575537
2023-08-21,0.7744160217551335,1.1638579562445264,0.6777124058971813,0.9405231540013613
2023-08-22,0.7827930962147177,1.1666951340260978,0.6809325777012591,0.952680579498025
2023-08-23,0.7958811935259344,1.1771048741580903,0.6798940350611653,0.9556339522245176
2023-08-24,0.8055528057877377,1.1777014446478669,0.6860911055920559,0.9566720741175442
2023-08-25,0.8004898168590276,1.166888185707904,0.6813628534563482,0.964915892878896
2023-08-28,0.8010139766236983,1.1556078938112087,0.6809347552723378,0.977283039145798
2023-08-29,0.8058988223422622,1.1550784640944323,0.6787047228187651,0.9867710744511032
2023-08-30,0.7996918248668544,1.1282391740794293,0.6703629750846599,0.9922742636102388
2023-08-31,0.800038381873598,1.1062100660655352,0.6626075348956033,1.0012838585365813
2023-09-01,0.8022793134001479,1.0930577587122712,0.6555273103687183,1.0155109276485559
2023-09-05,0.8105696290479687,1.0820326071767241,0.6468992557282705,1.0353855594777859
2023-09-06,0.8252109093202031,1.081794900015153,0.6371759204520054,1.0198863743770257
2023-09-07,0.8351668288698401,1.0817431628305119,0.6234857239248164,1.0123182148790013
2023-09-08,0.8422748226766538,1.077777768939973,0.6170685856699806,1.0006423127077444
2023-09-11,0.8504389549537362,1.0806888272793016,0.6170870163049886,1.004005705802771
2023-09-12,0.862013470352579,1.0798055615763562,0.6188753751788589,1.0086101945711328
2023-09-13,0.8722209419794084,1.0665709322607575,0.6246951353174683,1.0100237049354348
2023-09-14,0.8839053167134923,1.054810480077893,0.6356840330579875,1.0239200315827597
2023-09-15,0.8947977584483443,1.0577163633476947,0.6401473488571477,1.0296965109791414
2023-09-18,0.9056878658570048,1.0478084162851684,0.6437744501213857,1.031353753572173
2023-09-19,0.9206010905574483,1.041489788647953,0.650160791348482,1.0428315490233913
2023-09-20,0.9371912024270956,1.0400323096840534,0.6614072789992661,1.065052265008336
2023-09-21,0.9466977413013833,1.0324234736832598,0.6771941093305933,1.0830195141005146
2023-09-22,0.9402049710798145,1.0143642319373043,0.6789373002532362,1.098606115197892
2023-09-25,0.9345032057319487,1.0040792230119708,0.6818510147600737,1.1167123563500114
2023-09-26,0.9333855044202474,1.0078371762055771,0.6898853037284206,1.134909302782894
2023-09-27,0.9233661009120159,1.004871617458413,0.6842259692232988,1.1448259151412525
2023-09-28,0.9184887818791602,1.0066995215840284,0.6821006288473336,1.1586491120857374
2023-09-29,0.9167730208947547,1.005558910372945,0.687378785241362,1.178725846168999
2023-10-02,0.9119222981560393,1.0058921690564457,0.6950927292933824,1.2004542406744372
2023-10-03,0.9182953453701315,1.0164054643762885,0.7027327710314922,1.2077846758607287
2023-10-04,0.9104502757364769,1.0175161180611003,0.7023009237962154,1.2037259718284625
2023-10-05,0.9023934545915387,1.0224279071704552,0.7020166424446209,1.2149149386032538
2023-10-06,0.9046730113446456,1.0312153022561925,0.7022999895033317,1.2314914876714538
2023-10-09,0.9048510152668332,1.0324803983691466,0.7037938293457578,1.2436742371544038
2023-10-10,0.9056048555574906,1.0296070025137445,0.7080741020070123,1.2587628311427672
2023-10-11,0.9094700392354463,1.040655214831515,0.7169810006284697,1.2722557114301276
2023-10-12,0.9197771620152202,1.0565957158688273,0.73491659719103,1.3039802520713395
2023-10-13,0.9306842324699672,1.0713573232075815,0.7485603264956885,1.3252695551698328
2023-10-16,0.9485294029318282,1.0796552021881198,0.7653628463122609,1.3536786240824805
2023-10-17,0.9665818193421813,1.0889935196353675,0.773649423887675,1.3885385337008083
2023-10-18,0.9889417555475163,1.107979087494366,0.7827636703824709,1.41487457242521
2023-10-19,1.0013998780918476,1.1267169492155704,0.7869238678745615,1.4305860813294975
2023-10-20,1.0076448517489205,1.1536910000425717,0.7861053608807191,1.4360956869875579
2023-10-23,1.0088354084674778,1.17874461274667,0.784919881231876,1.4444100046896113
2023-10-24,1.0156340255162135,1.2102345743230445,0.7888413496838055,1.4460460221407054
2023-10-25,1.0244102567567868,1.2373127413407896,0.7963815095655407,1.445595129986633
2023-10-26,1.029303213023266,1.2417894689873485,0.8125795665532626,1.4543450313237098
2023-10-27,1.0250679069869653,1.2191398035084364,0.8273756720029801,1.474823117584654
2023-10-30,1.0254228682444233,1.2122350189835316,0.8385304623204424,1.5018419103377743
2023-10-31,1.0275329788801626,1.2049649745289976,0.8435015984426142,1.5416342211467247
2023-11-01,1.0438996136555103,1.197830246294607,0.8553662352435222,1.6000522297734874
2023-11-02,1.0559820633527846,1.181118116290584,0.861968962669695,1.6663174287492866
2023-11-03,1.049687068258975,1.1716608974271983,0.8532512837038884,1.6990714867658148
2023-11-06,1.0381676807764801,1.1479386700749754,0.8470555076374282,1.7105851416649331
2023-11-07,1.0213361002967956,1.134253298496844,0.8405653282541937,1.7175031060197579
2023-11-08,1.003465776585483,1.1281129259988685,0.8333751817032644,1.7319784784337222
2023-11-09,0.9792293092835902,1.1223993300167576,0.8288318278078163,1.7557023865599959
2023-11-10,0.9488418427515118,1.1192454655027628,0.8190924592472533,1.770011237904603
2023-11-13,0.9124852762423332,1.0964698678244023,0.8047560049278234,1.7783565225031137
2023-11-14,0.8813739237821672,1.0767488049065816,0.7914033124770968,1.79740497997932
2023-11-15,0.8368012748573164,1.042423519764138,0.764021411109562,1.7377715270087362
2023-11-16,0.8017205346898859,1.0099379979340188,0.7373793048491151,1.6851818102282745
2023-11-17,0.7743911080776484,0.9813837121824854,0.7102680099630643,1.633264027334375
2023-11-20,0.7542422848127305,0.9577171532129173,0.6907294905852989,1.5911984172530396
2023-11-21,0.7375321671599165,0.93300684933349,0.6653961630620984,1.5717030456712802
2023-11-22,0.7236174991377339,0.9093119798497501,0.6493134612135143,1.5548019593827582
2023-11-24,0.7094421275632585,0.8919842525952572,0.6359956743397093,1.529684161606823
2023-11-27,0.6987128226472171,0.8855090523989453,0.6253374724904432,1.5030056033814596
2023-11-28,0.6913910732131873,0.8799201139712397,0.6204601400611319,1.493498194857057
2023-11-29,0.6894126414949012,0.8786640098026095,0.6203961654515857,1.4871947510541157
2023-11-30,0.6892168182999088,0.875306863986738,0.6220377597780511,1.4937984974067064
2023-12-01,0.6856833749428775,0.873258293474646,0.6099240532012472,1.5110517488677762
2023-12-04,0.6871515904165868,0.8763748794776919,0.5924121642473487,1.4872920710902926
2023-12-05,0.6845467527518314,0.8769751601975495,0.5775369682987203,1.4741108732399055
2023-12-06,0.6852857044249785,0.876044389966236,0.56640612115747,1.4672000025241667
2023-12-07,0.6814901410253553,0.8783749966124796,0.561367443264298,1.4585510056546422
2023-12-08,0.6825827386240813,0.8715217491750707,0.5625119479670753,1.459842058197829
2023-12-11,0.6862013881086456,0.8745855061845189,0.570492533127627,1.4771688560024416
2023-12-12,0.6877714117769769,0.8803355775264697,0.57959234411146,1.5118858752617266
2023-12-13,0.6925744411976833,0.8855453455431026,0.5946418219847757,1.5471792436249427
2023-12-14,0.6868768676905872,0.8837275645157471,0.5932486710132007,1.5465735548060413
2023-12-15,0.6865632065102639,0.8799035300631449,0.5978093476163299,1.5204944901430428
2023-12-18,0.6886233059766457,0.8863615263465912,0.6035881955305824,1.5057516026856395
2023-12-19,0.6896061298569091,0.8950320384063023,0.6111737425562548,1.5009471098795604
2023-12-20,0.6967255995131125,0.910582694272796,0.6142745885092349,1.4890672033788908
2023-12-21,0.6940805900901537,0.9106918272927503,0.6043459044678888,1.4627292011584228
2023-12-22,0.6919383854842851,0.910125808170105,0.5950725537280558,1.430286643905391
2023-12-26,0.692330216942182,0.9100030434415495,0.5888823908139194,1.425523416781288
2023-12-27,0.6965530648734207,0.9152454912233958,0.5847191299738603,1.4200158529083895
2023-12-28,0.6941239509808278,0.9240738307487049,0.5784299255064519,1.4055224371439585
2023-12-29,0.6983133303123681,0.948408509719009,0.5721604634749005,1.411269088647623
2024-01-02,0.7032548071492065,0.9786246855707863,0.5662355128911943,1.40369004864144
2024-01-03,0.7045253051884715,0.9919582255607283,0.5680706867474028,1.3970278437096875
2024-01-04,0.7061237496773778,0.9989034609125389,0.5641469486655958,1.3609282256497526
2024-01-05,0.7129721587186866,1.0042094305351268,0.5665591464703672,1.3341267952108289
2024-01-08,0.7200305080380762,1.017818977411496,0.5715440613702026,1.3235127127288087
2024-01-09,0.7135309250428563,1.0097322510885562,0.5761437468407747,1.3183984291383872
2024-01-10,0.711966022758183,1.0033529901493212,0.5776981306304977,1.3020346575077728
2024-01-11,0.7109442665027919,1.0058580670287518,0.5814675433472489,1.3036578119579074
2024-01-12,0.7132060690725147,1.013825472774345,0.586478668985759,1.30616146308315
2024-01-16,0.7138015034916232,1.0262453741796482,0.5905662429873783,1.3186139556273402
2024-01-17,0.7189640613482774,1.0353389906452424,0.5925381128333955,1.3338536324084018
2024-01-18,0.7304994041677751,1.046001450360127,0.5966830027916196,1.3536998273161844
2024-01-19,0.742005371590251,1.0460446647590727,0.6076392225428626,1.369815511128243
2024-01-22,0.7398040130777357,1.0391759081300733,0.6131394333689323,1.3908930352926037
2024-01-23,0.7401402617497258,1.0399471150583453,0.6213685017760037,1.4110924266448952
2024-01-24,0.7403491618247224,1.0437760264115696,0.6335917369683924,1.4361963948013465
2024-01-25,0.7438061395948633,1.0595004136800634,0.6398798348759851,1.4655826516939774
2024-01-26,0.7548002029654661,1.0831849861131981,0.6460594065163678,1.490313145918563
2024-01-29,0.7706721958795334,1.103608756018544,0.6531715121831536,1.519042163248335
2024-01-30,0.7829927656293275,1.1165027799014742,0.6599061460757563,1.5423286311404574
2024-01-31,0.8004562884596806,1.128520317627089,0.6690226092327228,1.5786812389167202
2024-02-01,0.7963388649362952,1.1333399101272104,0.673409326906375,1.5957106907368148
2024-02-02,0.788945680526475,1.13892866416215,0.6708259751660223,1.6095732670937954
2024-02-05,0.7783034195588703,1.1304468084152315,0.6709200387469298,1.6301489019679536
2024-02-06,0.7662736380025567,1.1270612803762188,0.6747769080287627,1.6562884887720732
2024-02-07,0.7602627701754432,1.134369486388553,0.6786619301283898,1.6923831034070502
2024-02-08,0.7629828138102012,1.1454721995427766,0.6857514043184292,1.718624126624247
2024-02-09,0.7683411813928223,1.1543117100496059,0.6943154136214811,1.74664422838064
2024-02-12,0.775601073526406,1.1594863061727165,0.7102629829605392,1.7663800675551824
2024-02-13,0.7882884795729613,1.1724415816243225,0.7284807730543742,1.7708736353234007
2024-02-14,0.7867793480178764,1.173452714954597,0.7309616675494737,1.7184634221240938
2024-02-15,0.793095957393246,1.1696248373709426,0.7287054198812464,1.6686369030920316
2024-02-16,0.7967164528741637,1.17586058371127,0.7235114429193947,1.5939076088512796
2024-02-20,0.802216473729718,1.1766995315841189,0.7181206549245781,1.5288210833999551
2024-02-21,0.802406224435643,1.1780922823805118,0.7176891824245937,1.4587340138643528
2024-02-22,0.8066810894919411,1.18602247532842,0.7227138198039673,1.398117806112479
2024-02-23,0.786645563476923,1.1601251728956152,0.719287502075668,1.3404928429430811
2024-02-26,0.7738029947026788,1.1355607013696905,0.7172974486186348,1.2972208056724266
2024-02-27,0.7653300330388911,1.1184744199279912,0.7099328448906523,1.2647967352458425
2024-02-28,0.7570015072668207,1.108243660020222,0.69807658565551,1.2393787805387255
2024-02-29,0.750084083457886,1.1094496342655393,0.6893586165365062,1.2121560392600774
2024-03-01,0.7478726126522744,1.1088791948807402,0.681862849641099,1.1877577644738027
2024-03-04,0.7400657150084607,1.0968871225712944,0.6781741625502108,1.1770623526755597
2024-03-05,0.7377093873006045,1.0968472376625664,0.6788331415007225,1.1658402491313882
2024-03-06,0.7232375354313407,1.0802550927294412,0.6733751895510456,1.1636934092438616
2024-03-07,0.7093657120618059,1.074378371956081,0.6647732009067705,1.1664304139776067
2024-03-08,0.6926461271897333,1.065547355775271,0.66163059422881,1.1788751980412746
2024-03-11,0.6807782385223446,1.0421528040592405,0.6688239654657959,1.1894486559363524
2024-03-12,0.6717372990218425,1.0243094693438812,0.6834381303757988,1.2008837554040894
2024-03-13,0.6587891509310527,0.9990621002348784,0.6939254748173196,1.215795843107282
2024-03-14,0.6514475642364372,0.9768243431050053,0.7065604399193635,1.2379447540190347
2024-03-15,0.6465729997514751,0.9607527040374872,0.7219261572989352,1.2508445769462306
2024-03-18,0.6416739375361015,0.9444223305978793,0.7375126040293695,1.270470213098628
2024-03-19,0.6412650453752755,0.9376193020313313,0.7536118445259286,1.298323705249847
2024-03-20,0.6463673353530324,0.9297673431724406,0.7671351999602707,1.3240849679362874
2024-03-21,0.6422703351924103,0.9165774431383791,0.7728423530881263,1.3392626900641993
2024-03-22,0.6394675596163388,0.9053411326750995,0.7803664782993548,1.3581015943385326
2024-03-25,0.6391073989634929,0.9021764477257056,0.791309002841562,1.3701876274907296
2024-03-26,0.6444352510911217,0.904787686462019,0.8066218031585436,1.3838464833860271
2024-03-27,0.6539378190562709,0.9045496452742232,0.8247910369543089,1.4151587178440022
2024-03-28,0.6583552471735077,0.9173694033164812,0.83253062340733,1.4215389886151808
2024-04-01,0.6700433270897569,0.9344136845648038,0.844286667277244,1.430569207141015
2024-04-02,0.6871392715295208,0.9613514425432984,0.8557124325234072,1.4334048986779153
2024-04-03,0.7029232017686338,0.9831717506543742,0.862069395731366,1.4297539057842608
2024-04-04,0.7233006719957414,1.0097896910173128,0.8709355143846249,1.4255053019090638
2024-04-05,0.738075297156545,1.0239500489388653,0.8676080910446508,1.4231654565424336
2024-04-08,0.7518885744728394,1.0357330827122255,0.8689087038860542,1.4276548339752788
2024-04-09,0.76697786190542,1.053899977810648,0.8683407591142994,1.4371932162338992
2024-04-10,0.7842156486432339,1.0800196643742175,0.8786171404176955,1.4501158658200644
2024-04-11,0.8008007763337875,1.1103750502712704,0.8841102057665625,1.4320094869702693
2024-04-12,0.818170446074693,1.1475719165354021,0.8940113984119805,1.4172186802154538
2024-04-15,0.8270102683562082,1.1716197885435753,0.8872668205512064,1.3906509470312844
2024-04-16,0.823776734296997,1.185288083863914,0.8730342087828381,1.3593056553413971
2024-04-17,0.819839790433321,1.1990583503604322,0.8615268936736664,1.325688849205878
2024-04-18,0.8122568681635265,1.2124852477594044,0.8592106390513392,1.2879435869944136
2024-04-19,0.8125987979932976,1.228991720016353,0.8677734154815969,1.2595278342046852
2024-04-22,0.8006113885742948,1.2317931298938245,0.8676373553784659,1.2385882218623394
2024-04-23,0.7860272718154696,1.2261478459563235,0.8658991326983959,1.2277280607090322
2024-04-24,0.7707451873257067,1.2108781714700252,0.8681443118427501,1.2054472828753235
2024-04-25,0.7595254050506328,1.1909043893732358,0.8712577030142538,1.1920963798838988
2024-04-26,0.7535291110762354,1.1715466792586753,0.8651013484343347,1.1778979438487882
2024-04-29,0.7518592451553959,1.1498288969891766,0.8618864740011329,1.1645215342742476
2024-04-30,0.7452068590251628,1.134985013560734,0.8555500401219384,1.1483282524509015
2024-05-01,0.7266948549403709,1.111504228012857,0.8431634244500803,1.1127129604166341
2024-05-02,0.7121250060160734,1.0922478325544043,0.8356984185137013,1.0905217604020863
2024-05-03,0.6984114884172278,1.0762388652681678,0.8291152227981542,1.0561555016059423
2024-05-06,0.6803839659781912,1.0480407159137985,0.8212267250557764,1.0253821376090846
2024-05-07,0.6562707417224581,1.019528750963861,0.8133197206210315,0.9909849406742202
2024-05-08,0.6379182279260683,1.00162689855711,0.806304215281651,0.9594107280248807
2024-05-09,0.6258274495503292,0.9820403044565151,0.8015351656007661,0.9358150058871172
2024-05-10,0.6104664811960191,0.9657310523223221,0.7895094483971082,0.9165457357005865
2024-05-13,0.6026063790382539,0.9599926544963804,0.7747710606569105,0.9058178390687368
2024-05-14,0.5993356104570315,0.9499122136529632,0.7583206968852502,0.9014685700990849
2024-05-15,0.5978678328454559,0.9555533627589615,0.7454933149439729,0.9011195043457493
2024-05-16,0.591891308620172,0.9501678852788488,0.7301214425120028,0.9079415246234397
2024-05-17,0.5902151187672878,0.9402976810825691,0.7163048808793689,0.9143848079485272
2024-05-20,0.5909842053243269,0.9332796366022518,0.7007385483979486,0.922662816018989
2024-05-21,0.5942300610584791,0.9233498922503383,0.6892535582583561,0.9443052898539863
2024-05-22,0.5963041468435617,0.9169280333011439,0.6896350148570698,0.9715241585646045
2024-05-23,0.6014396499053013,0.9145290940211275,0.6907181298641314,1.0046566072925724
2024-05-24,0.5996936885931198,0.9141172095771316,0.6749306472333585,1.021179966878695
2024-05-28,0.597875012219599,0.9176726050538263,0.6597774629213767,1.0432874728929602
2024-05-29,0.6039486695439101,0.9210466110469199,0.6477308443446458,1.0688762942506678
2024-05-30,0.6081239628710838,0.9253558014105325,0.6345566276584282,1.0833723383457452
2024-05-31,0.6108290102303943,0.9199822452946607,0.6186973760641001,1.0948911657722384
2024-06-03,0.6057771398390963,0.9141349351215937,0.5913482052227779,1.0991947071326
2024-06-04,0.6002912597102301,0.9224572400813725,0.5696666922098341,1.1026090835745141
2024-06-05,0.6034378829384,0.9361432852985189,0.5449923284693101,1.0984342226418258
2024-06-06,0.5958320921643474,0.9311754027308121,0.5213502081529745,1.0986792197055446
2024-06-07,0.586730386992061,0.9312944171415943,0.5005889802262395,1.0960262258846498
2024-06-10,0.5807288614388705,0.9314185248087152,0.488108727577686,1.091199856779011
2024-06-11,0.5755724001689354,0.9307463719858715,0.4771776048446635,1.089493891287437
2024-06-12,0.5729872261131629,0.9264346000593825,0.46831857499032215,1.0928017615111765
2024-06-13,0.5679121200032574,0.9165998540515686,0.46161541769472814,1.0931203688627693
2024-06-14,0.5720674542742868,0.9081791309631778,0.4571480196675511,1.0909225995167162
2024-06-17,0.5757761575079682,0.9090692386195263,0.4518502929366563,1.0787596064829386
2024-06-18,0.5783085594961936,0.9023031217174029,0.4460461848043543,1.072921874927717
2024-06-20,0.5770098813024699,0.8996610615934513,0.4453687496284335,1.066419579050156
2024-06-21,0.5751951098755372,0.9020361594638682,0.44198738192015663,1.0697962261005531
2024-06-24,0.5738357880101658,0.9121365316498717,0.44291203891769565,1.075713406207231
2024-06-25,0.5742330780604458,0.9213151833083228,0.4461534437802756,1.088321427576019
2024-06-26,0.5744186457851364,0.9339949078076777,0.4428917713161546,1.1035023907085018
2024-06-27,0.5790773154990208,0.9502588279649047,0.44724804316822775,1.1317735081958245
2024-06-28,0.5903057612363846,0.9713747937423463,0.45139757643408496,1.1594395070151304
2024-07-01,0.6031257574951292,0.9938251284460397,0.45859942478406823,1.1974756930251327
2024-07-02,0.6175900377532108,1.0152790958151903,0.4671540056500616,1.2361710297974322
2024-07-03,0.6319000122187195,1.0270351453192785,0.475030395023279,1.27503206006119
2024-07-05,0.6431226009417155,1.0460725958899368,0.4884368291585715,1.3153156176592584
2024-07-08,0.6537344467008004,1.0655250396509364,0.5070750186360405,1.3641742145069202
2024-07-09,0.6678590930027377,1.0904564188622872,0.5312360017765809,1.4239936219193716
2024-07-10,0.6901892622037187,1.1289822146602877,0.554863506747919,1.500381863471856
2024-07-11,0.7150689546871439,1.1740996534072095,0.5763363149494285,1.5737266187942147
2024-07-12,0.7382976473832914,1.2051972239370992,0.6083280505822797,1.5972250156494041
2024-07-15,0.769254283297083,1.2480256409045436,0.6452515012071737,1.6319151435342247
2024-07-16,0.8008145987758567,1.29943743445651,0.6855873493910083,1.6544006337992665
2024-07-17,0.841837060501057,1.357591338246008,0.7070430898187824,1.6331735255684323
2024-07-18,0.8647204093949208,1.384023370069427,0.7306529130193016,1.63175315619119
2024-07-19,0.893322285696203,1.4201145817664633,0.7559949050264406,1.622127515210431
2024-07-22,0.9170606712762357,1.4593454810181978,0.7784507879336168,1.6276969444715204
2024-07-23,0.946599221999158,1.5049388674271595,0.8071322494395565,1.6383476641669172
2024-07-24,0.9911422755955944,1.5537504223407093,0.8427094784609072,1.6470107091524
2024-07-25,1.0101294188192766,1.5548453084836704,0.8721672302178448,1.6479433844748328
2024-07-26,1.0325359757123311,1.5576275112389284,0.9057074337701034,1.658394866977378
2024-07-29,1.0522441972344037,1.5694969964551637,0.9245039976173997,1.6771593563351292
2024-07-30,1.0846592750544137,1.5894658581785,0.9443028553421812,1.7022313253333827
2024-07-31,1.1276093753957146,1.6107500620368693,0.9764037858939846,1.7267069813492641
2024-08-01,1.1651189405116498,1.6163660194317588,1.0123749907461665,1.764616503290453
2024-08-02,1.2034320914674044,1.615795346768057,1.0397498773945177,1.7846830854544664
2024-08-05,1.2330696011082793,1.6103985056283707,1.0590258254808664,1.787244763535335
2024-08-06,1.2214239744907973,1.5822291980851777,1.0291817771811946,1.7497889902360908
2024-08-07,1.2203113951587874,1.5535532167626933,1.0089390366837379,1.7213305081324362
2024-08-08,1.2222055673070142,1.5306422279143859,0.9907792817754488,1.711950382210309
2024-08-09,1.2057194531523001,1.501790002167611,0.9604799545135587,1.6974141543026258
2024-08-12,1.1867369059627646,1.4833687603756862,0.9368331212993449,1.6907633501293786
2024-08-13,1.1813191149660363,1.4776128644028805,0.9097779020277289,1.6733497773399877
2024-08-14,1.154681169978083,1.4676967917384878,0.8858664872491289,1.6598549784575203
2024-08-15,1.131759753618228,1.4696118510789953,0.8658994238806966,1.6645978219087314
2024-08-16,1.106008152214632,1.4473507218315445,0.840652501093141,1.6557569461169068
2024-08-19,1.0829588397768315,1.4440502180380572,0.8186546126967753,1.6446603525797567
2024-08-20,1.0594958069007936,1.441987142607029,0.793876858315699,1.6387849048044185
2024-08-21,1.035580197948122,1.4543802191932491,0.776182350555404,1.6322700505258054
2024-08-22,1.0170513374517418,1.4668060686465454,0.7641056774460148,1.62193355690869
2024-08-23,0.9989797883572988,1.473972265496687,0.7547354049435804,1.6118980669848015
2024-08-26,0.9826437623707975,1.4805549707528316,0.7385066562384928,1.5650418020635997
2024-08-27,0.9713783071838303,1.483530535954852,0.7297209061171731,1.5220139862009336
2024-08-28,0.9643788442560639,1.493814265575003,0.7222559996710757,1.4824318867932198
2024-08-29,0.9652127446441036,1.5052994880790767,0.7253353331132429,1.4461247922136704
2024-08-30,0.9638787590253596,1.520633909856622,0.7295308867759824,1.4161006797437692
2024-09-03,0.9560986249619315,1.5475226946503153,0.735805954577498,1.3831826697900085
2024-09-04,0.9208142170904499,1.5483950212693307,0.7316352094860563,1.3274683090752886
2024-09-05,0.8933966276316455,1.5536983193639258,0.7292951332065376,1.279682069619276
2024-09-06,0.8774442504435964,1.5644061059076273,0.7310501155637552,1.2348583581851127
2024-09-09,0.8496528104295212,1.5555852299212307,0.7215138760696798,1.1911248367008083
2024-09-10,0.8196308159683096,1.5460496712549323,0.7114638927798292,1.162359392968641
2024-09-11,0.7996853702906875,1.531717568049756,0.7056840735116813,1.1486317641690629
2024-09-12,0.7737154335235352,1.49638051449392,0.7025317872000756,1.1322555650465342
2024-09-13,0.75448982792191,1.4623603882882004,0.7010720209367568,1.1195690250457244
2024-09-16,0.7383114983110203,1.440076204374335,0.69654622594579,1.0829197980935
2024-09-17,0.7265180628016743,1.4155357773678727,0.6853744268747548,1.0575822465803526
2024-09-18,0.7211644656504141,1.3929232508939862,0.6764218861564992,1.0483456308248658
2024-09-19,0.7212044956393632,1.3630625994333634,0.6701476064223174,1.0519633163406386
2024-09-20,0.704990294995604,1.3059970639375313,0.651119027922607,1.0392690638086266
2024-09-23,0.6945390796189403,1.2592407605072289,0.642987204388594,1.0214108519308784
2024-09-24,0.6890213163433592,1.2219885980142173,0.6409557828549467,1.0091780064895652
2024-09-25,0.6829348731265502,1.1888422058065897,0.6436765684584732,1.0073292499126727
2024-09-26,0.6776302098627093,1.161636997654801,0.645317059637844,0.9960074041594071
2024-09-27,0.6785906969781447,1.140602388726879,0.6526100740500949,1.0011683012831118
2024-09-30,0.6819659125553565,1.1232036002796666,0.6589404258032721,1.012018946670919
2024-10-01,0.6840515641204271,1.1128191076440535,0.6676052276584548,1.0313508925699637
2024-10-02,0.6799139761647119,1.1038438697925328,0.6787325702125803,1.042139652853543
2024-10-03,0.6830118354265937,1.095492318287138,0.6953256607920495,1.0526200162736656
2024-10-04,0.6925985284494508,1.0975790693347165,0.7130933057991938,1.0629091567585496
2024-10-07,0.7001884182538951,1.1068317285915148,0.7248683372758227,1.0709333531992786
2024-10-08,0.7036007334519285,1.1062790480870859,0.7305709083490203,1.080503672337192
2024-10-09,0.7035196512806322,1.1080655525695384,0.7354784056300974,1.092711158013741
2024-10-10,0.6951600666121126,1.1085198597021726,0.7383809490662121,1.1039173222925165
2024-10-11,0.691500648909183,1.1212391459801472,0.7501092627041549,1.1244169481906277
2024-10-14,0.6870012289143023,1.1401789232580142,0.7621791548424658,1.1259478876490532
2024-10-15,0.6778331504898122,1.1734374462694175,0.7748600716304161,1.11807144065251
2024-10-16,0.6632563874027821,1.199758830221897,0.7846214135818668,1.1216699602076114
2024-10-17,0.6515269414134822,1.2250308951105922,0.7975057783517668,1.1175230529404465
2024-10-18,0.6472745053118973,1.2574298409417741,0.8117110959299186,1.110679550892297
2024-10-21,0.6469270621702328,1.2905923354943756,0.8245262244152625,1.1248915871292964
2024-10-22,0.6519006325937269,1.3115371036710737,0.8346456344242879,1.1273773652502324
2024-10-23,0.6638716723419184,1.3404279410907494,0.8584138724962409,1.1385247178792302
2024-10-24,0.6753841750273432,1.3553167689003112,0.8762313485938336,1.1524038280652515
2024-10-25,0.6884670243686621,1.3616985266604935,0.8950599170077425,1.1767365668030947
2024-10-28,0.7055519572776905,1.37421267386634,0.9185367596932663,1.2084359868537558
2024-10-29,0.7260462884133121,1.385120556244545,0.9380796804989282,1.2375812590983224
2024-10-30,0.7503627695337248,1.4057094032898803,0.9682563236196794,1.2760887583739962
2024-10-31,0.777871797254859,1.4331732561560673,0.9979900809932583,1.3213865401113576
2024-11-01,0.7784993480955977,1.4346075104013407,1.0295884878928006,1.3674397680761599
2024-11-04,0.7879374358738556,1.4389137290355647,1.049630965242011,1.4195354313623505
2024-11-05,0.8000834891245164,1.4436870555733932,1.0681744996083498,1.4788996304411666
2024-11-06,0.8130582480776017,1.4487659502561938,1.0730710145312223,1.5471904068513054
2024-11-07,0.7874789111694651,1.4353324811345312,1.0183831873100173,1.501201416199157
2024-11-08,0.7634986948494061,1.406618724150588,0.9746402665636413,1.4739685487300305
2024-11-11,0.7435513515239276,1.3836037904203298,0.9410205059458507,1.4508975516767946
2024-11-12,0.7290491497757375,1.3770148754514457,0.9167287946499778,1.4379810794317778
2024-11-13,0.7086597308914492,1.374673689586413,0.8954060323348642,1.4117484789347967
2024-11-14,0.7013023081492193,1.3670843876173588,0.8755473218871297,1.3858599902756839
2024-11-15,0.7002286707114069,1.3613877249312483,0.8597001571325109,1.3681880849905605
2024-11-18,0.6826841542352956,1.3371317715429398,0.838378043531248,1.356634756441354
2024-11-19,0.6702309636980401,1.3197772969673622,0.8262731467680828,1.3503774776424542
2024-11-20,0.6592044211232481,1.2943319969906608,0.8173321118159058,1.3440236806018764
2024-11-21,0.6522202161984298,1.2663436191034645,0.8133592470382455,1.3337716493625544
2024-11-22,0.6472914490821922,1.2459913026953369,0.8041109292326429,1.3163245071444731
2024-11-25,0.644682432419635,1.2226464548673182,0.7963163133888277,1.2964520161748891
2024-11-26,0.6502007526651983,1.201608186938679,0.7823999999623497,1.2619228832198004
2024-11-27,0.6638669304866742,1.1860518181129285,0.7627605387727501,1.2360422677189862
2024-11-29,0.6752681000290535,1.1766943808997394,0.7523395479957409,1.204283322704774
2024-12-02,0.6906544702881025,1.1735603247919073,0.7479399761731335,1.184901912665748
2024-12-03,0.7054169786520988,1.1709788498942775,0.7464371341102991,1.1836767676579363
2024-12-04,0.7195916459234577,1.1735548555451984,0.7468636958387662,1.1964599078135447
2024-12-05,0.7318062914524147,1.1798611519778344,0.7501756653047783,1.2170586382691597
2024-12-06,0.7422421220331836,1.1913590724059464,0.755348315141298,1.2327289122983625
2024-12-09,0.7626892685518499,1.1991372843900354,0.7622331915334662,1.2481360318458454
2024-12-10,0.7887366651164239,1.2051612757333252,0.7691568119631557,1.2649127944378478
2024-12-11,0.8173982203587112,1.2280784660174766,0.776528061743919,1.29168516654783
2024-12-12,0.8472033315864191,1.2594345648673984,0.7802235633115099,1.3262358372086123
2024-12-13,0.880331751993759,1.2962695043585866,0.7909502415013885,1.3647768793464523
2024-12-16,0.9138342488935347,1.3400805168812093,0.8063224777076939,1.4022762766305372
2024-12-17,0.9481065301337087,1.3761260605850403,0.833298372708936,1.4517253567740351
2024-12-18,0.9829922915709879,1.4146394772290272,0.8601779328155889,1.4883848322909845
2024-12-19,0.9710952860369374,1.3924343904275196,0.8442579491128327,1.4431972336845673
2024-12-20,0.96688956406275,1.3666098097374364,0.8411979997059195,1.3910076895683172
2024-12-23,0.9642260466402808,1.3515361085519928,0.835455140618288,1.343504690540098
2024-12-24,0.9652256239332512,1.3487042158711027,0.831949095259884,1.2993036707711318
2024-12-26,0.9606810572076298,1.3557178507102068,0.8308261173339153,1.2630642421681184
2024-12-27,0.961462063593631,1.3617036738864678,0.8345523804130641,1.23675122781867
2024-12-30,0.9607375455651422,1.3779555605180722,0.8360516939217064,1.2044417281290043
2024-12-31,0.9625531802334392,1.3858289995522743,0.8338487563400535,1.1798930541835435
2025-01-02,0.9617757275310951,1.3899944333909933,0.8370095890006761,1.1549377291459095
2025-01-03,0.9584344124399159,1.3928792291308165,0.8439943752798207,1.1458442892216343
2025-01-06,0.95038641698585,1.3866629297526234,0.846111602826133,1.1356605184271766
2025-01-07,0.9461029543155152,1.3915627881005235,0.8501677373715537,1.1255724825948805
2025-01-08,0.9369986843111139,1.3792278686816615,0.8599130996579945,1.1199018359779989
2025-01-10,0.9336118955022806,1.3679953000371374,0.8662106597144881,1.1225588132609827
2025-01-13,0.9189034833947785,1.3606127243461146,0.8562934106322774,1.1108131139805009
2025-01-14,0.911244228878946,1.3576366038240646,0.8483584723033633,1.0904474157243382
2025-01-15,0.9109840802356907,1.3682966204404339,0.8396821342961229,1.069411643271394
2025-01-16,0.895971486341007,1.3638184219207703,0.8306006987482578,1.0346771516926598
2025-01-17,0.8909119446703337,1.3579229150444214,0.8201134408396678,1.0102118639575548
2025-01-21,0.8795013575418286,1.347424339739362,0.8070410261045009,0.991461248579841
2025-01-22,0.871125585590254,1.3340252262430012,0.7945071373256852,0.9689719270167979
2025-01-23,0.8666646238472657,1.3044374867817612,0.7866546190147178,0.9458929606586626
2025-01-24,0.8635940804089637,1.2992498389494145,0.7768710981108866,0.9333026028755264
2025-01-27,0.8634601736612187,1.303701091587101,0.7754070850828192,0.9269600494086295
2025-01-28,0.8484599240954186,1.2699995546374476,0.772496302226977,0.9363382930883739
2025-01-29,0.8314437175604982,1.2342989440013037,0.7765769430116658,0.9494505356652201
2025-01-30,0.8232106703713876,1.200249713984192,0.7821979820198065,0.9630949124324448
2025-01-31,0.8227313785275816,1.1753005807208166,0.792212169656,0.9689859066957407
2025-02-03,0.8324362951438711,1.1567987151582562,0.7956807541893368,0.9843795392001621
2025-02-04,0.8390209241378758,1.1451138180784193,0.8002770454545165,0.9891040338242592
2025-02-05,0.8515003195021775,1.1336809890996347,0.800781215143043,0.9920192416819348
2025-02-06,0.8571327963150218,1.1262323697810956,0.7999295808910332,0.9937246208096654
2025-02-07,0.8668057802689705,1.1265208895911323,0.8114095513107453,1.0057943674986096
2025-02-10,0.8723403401228541,1.1357306775492553,0.8193642989008467,1.0133086109796345
2025-02-11,0.8746827353268605,1.1378947340779586,0.8282148430535118,1.0169545610593933
2025-02-12,0.8730746239912159,1.1456295074733527,0.8390504631319562,1.0355753020254717
2025-02-13,0.8795977325038714,1.1562509554597937,0.8537132541655451,1.041039899504184
2025-02-14,0.8800156189923921,1.1712517669028149,0.8647221475388889,1.0391447277882413
2025-02-18,0.8883820482475888,1.1974753525692612,0.8829123934648998,1.046457914832804
2025-02-19,0.9084411683142213,1.2405654062376315,0.9052976196099438,1.0543880713270577
2025-02-20,0.9358334453806014,1.287929020525333,0.9337591627476485,1.0704554071341987
2025-02-21,0.9685692720977293,1.3453786532448377,0.9500635637428387,1.088149334820456
2025-02-24,0.9889044736775311,1.385722768892531,0.9584064188741394,1.0791743405637064
2025-02-25,1.0080111937361134,1.4303270056540611,0.9713647518552103,1.0806516609899337
2025-02-26,1.0437355667508743,1.4817522463767292,0.9851005811658504,1.0887758064202337
2025-02-27,1.0780079956510142,1.5458700667742176,1.0128682821579007,1.1156816551688942
2025-02-28,1.1156725762237243,1.574815720566085,1.0370875475311656,1.1413321647929144
2025-03-03,1.1530719472855857,1.610611332591013,1.064301879556108,1.1787149666128065
2025-03-04,1.1796092053447054,1.6369975761907922,1.0816077624603722,1.2050775482808456
2025-03-05,1.2179871587847215,1.6789534677776614,1.0923167554760946,1.2340760834986333
2025-03-06,1.2562844108634978,1.7279574068065098,1.1008442611548455,1.2717832379630671
2025-03-07,1.285619293052581,1.7582132134462405,1.1110823367726683,1.315012448009125
2025-03-10,1.3245836833016127,1.7906063705667226,1.1313528805477902,1.3515275602180217
2025-03-11,1.3386125746165516,1.768117272948774,1.1274329370777891,1.3643123820399283
2025-03-12,1.3591706199372648,1.7565408941965848,1.1319244943981246,1.377065001750279
2025-03-13,1.3839997678036995,1.7377913097033213,1.1513387196600036,1.3997715070454317
2025-03-14,1.4124183609797192,1.7247788364530159,1.170224498353534,1.4189260089135267
2025-03-17,1.4209908291357116,1.7224799646130804,1.1873404936158425,1.4298666480130837
2025-03-18,1.4399226402373582,1.7606368898389773,1.2158395201259065,1.4515749608620905
2025-03-19,1.4726224665989438,1.7947800890055023,1.2471026160925938,1.4786217653415852
2025-03-20,1.5115182626945194,1.82382568476971,1.2850276551661348,1.5178855526576553
2025-03-21,1.574611777154155,1.862684169791279,1.3337323808459103,1.5536220912453567
2025-03-24,1.656310768746759,1.906844461232931,1.3860988095471758,1.600652289263867
2025-03-25,1.721527985268018,1.936760648001471,1.4468222603448477,1.641095065769159
2025-03-26,1.8072773339533692,1.987179527445124,1.5107960597309456,1.6889009635889298
2025-03-27,1.9018236218494664,2.0446472970073972,1.5900245104362294,1.7411839049050022
2025-03-28,2.009271018430031,2.1392704582038897,1.6654116693752608,1.8082610519063587
2025-03-31,2.114593427253246,2.2230961129289586,1.7441751091203315,1.8740858159933822
2025-04-01,2.2219981831181768,2.3446404649818127,1.835501723635959,1.9581144318422912
2025-04-02,2.3634458287046414,2.4870021349324474,1.9346951884181653,2.069420366959577
2025-04-03,2.5169953281337767,2.6511061751390703,2.064318743776954,2.2047035506459998
2025-04-04,2.618677774783235,2.764533220559997,2.146818864248201,2.2163069207421815
2025-04-07,2.655275181041729,2.799245884914741,2.1763215153831847,2.1988119657460903
2025-04-08,2.6960487407435707,2.848116114889658,2.2201740927436413,2.20212733902014
2025-04-09,2.757149662680499,2.9198692443309,2.2792715978889846,2.217095230090295
2025-04-10,2.6486414578904647,2.763230611973065,2.212084547481401,2.1206898529923848
2025-04-11,2.5085594163498355,2.5878282345718233,2.1413914025310348,1.9860778899768028
2025-04-14,2.3758126872023126,2.442520338001953,2.063784001055912,1.8701572125143615
2025-04-15,2.236509001199301,2.3374067549858903,2.0023748973249034,1.7686761711857808
2025-04-16,2.124973795303616,2.2673247885359595,1.9712263531774894,1.6898715613113264
2025-04-17,2.0210108585426774,2.1853147979471292,1.9350282569728179,1.6232123206203388
2025-04-21,1.9442007863046809,2.113831286167668,1.8991828781444187,1.5676923767311712
2025-04-22,1.8660307326808454,2.03968186900451,1.8422568714713885,1.5170251099929941
2025-04-23,1.7801648093485258,1.976831902635687,1.7822424555266119,1.46349517137047
2025-04-24,1.6913082651777407,1.918673718834959,1.71560932265426,1.415994765992675
2025-04-25,1.5979448948823634,1.8491175718998007,1.6564203817264869,1.355173485820021
2025-04-28,1.5225272682730424,1.778415441065026,1.598610955574317,1.3069241346365068
2025-04-29,1.4646902463610063,1.7088093330775007,1.5571271383487955,1.2727513247407305
2025-04-30,1.4169213910458793,1.6544071181676447,1.5093447643661322,1.252048952174079
2025-05-01,1.380124560672771,1.601318153255528,1.4658458381053612,1.2477247915441814
2025-05-02,1.3484779959231261,1.5587663097509827,1.4296266131997268,1.2561104992403012
2025-05-05,1.324684816105886,1.513145940215146,1.3890227440984066,1.255564382460813
2025-05-06,1.3023742593689973,1.46893181648102,1.3580229348091066,1.251976959171064
2025-05-07,1.2857060629998696,1.4335849109365735,1.3258783102277034,1.252940381500549
2025-05-08,1.2708459313973197,1.4009626928422863,1.301274463540758,1.2646382859997793
2025-05-09,1.2586529466074279,1.3793353276551843,1.2764509425534105,1.2692056603239754
2025-05-12,1.2632424207759698,1.3660951770821665,1.2589605033764402,1.2867865128799125
2025-05-13,1.2359603537823813,1.3105512223569042,1.2038933241290926,1.2692692695202605
2025-05-14,1.2119667373516143,1.2528147821827647,1.1600693052551048,1.2695156946671513
2025-05-15,1.195011449900348,1.2009854123801127,1.121573346696055,1.2768384155452843
2025-05-16,1.1760344261773203,1.1629890960401912,1.0877572642693931,1.2870470865400645
2025-05-19,1.15189524414291,1.1276244595787706,1.0634132253749853,1.2973134967074325
2025-05-20,1.1286258278735743,1.1037484766023389,1.0445908812005646,1.3087853321734222
2025-05-21,1.1117059712291402,1.089499288397243,1.035421169083532,1.3287924417107413
2025-05-22,1.0774799534571886,1.0720978702188466,0.9985776505586847,1.3117696803732446
2025-05-23,1.0553281959268048,1.066267851683179,0.9679971202565539,1.3054514325096802
2025-05-27,1.0436524133730334,1.0646956433045038,0.9376017672179869,1.297947719535547
2025-05-28,1.0207728617922647,1.0391701133525417,0.8974152884660798,1.2676999208617004
2025-05-29,0.9866909656212768,1.0203948871963946,0.8541114245426471,1.2457638621883096
2025-05-30,0.9565566736977189,1.0059472512283667,0.8233066943666537,1.2291981061808792
2025-06-02,0.9293305977457169,0.9914900565601401,0.8000549886459458,1.2156249258796352
2025-06-03,0.9159004380607619,0.9892949229410846,0.7864117328336578,1.2061427437831531
2025-06-04,0.8968310407549924,0.9857105552918075,0.7830670762872358,1.1785996823550553
2025-06-05,0.8778649704092253,0.9774951859179356,0.7781769715948694,1.159054077366412
2025-06-06,0.8634602800598017,0.963781429211583,0.7773453479828706,1.1460865614065368
2025-06-09,0.8494479439242406,0.9498383776144855,0.7696728874123409,1.1276435257470159
2025-06-10,0.8324825616247293,0.9354982627906078,0.7680403340834049,1.115913914920552
2025-06-11,0.8189887378963021,0.9299037042196636,0.7680781669850706,1.1085009911055417
2025-06-12,0.8093625085649425,0.9287152537887533,0.7756858573248108,1.0971735288774769
2025-06-13,0.8033990536875086,0.9352826854338264,0.7909445795148144,1.0895688450035066
2025-06-16,0.7804374156730691,0.9280269590397923,0.7886987859655109,1.0751475878111807
2025-06-17,0.7657751243344381,0.92077882417657,0.7883883273289247,1.0588343753901486
2025-06-18,0.7503865012019475,0.9124020970241726,0.7818455806815462,1.0452848520821854
2025-06-20,0.7378052160761143,0.9104623401114953,0.7790839732405521,1.0408612439867275
2025-06-23,0.7204528119088969,0.9075591497990134,0.7759987533167204,1.0533632672371982
2025-06-24,0.7043890089874788,0.9044615460713339,0.7705590774278107,1.0657004573903175
2025-06-25,0.6850700674325005,0.8952020210674627,0.7571628806109569,1.0788286509364957
2025-06-26,0.6691542744189207,0.8914242558969951,0.7468685419971629,1.090230217464432
2025-06-27,0.6536847613504274,0.8794583482830521,0.7341315137355388,1.1025390516929188
2025-06-30,0.6451144081108113,0.8748274136165224,0.7176024545280055,1.11464768926127
2025-07-01,0.6368021253154134,0.8723552422068507,0.7043217665905996,1.1356482086528774
2025-07-02,0.6295825435627251,0.8670462509498801,0.6893475618342771,1.1358449747074004
2025-07-03,0.6273008527165415,0.8553907108409771,0.6787111830548531,1.1357100652552043
2025-07-07,0.6222522467852925,0.8441295912636155,0.6708866076387535,1.1402101900203652
2025-07-08,0.6140916564911492,0.8306607459806026,0.6589939121295627,1.1342110229076283
2025-07-09,0.6121819538063977,0.8156398267354145,0.6482735865351065,1.1337824736705213
2025-07-10,0.6153493047929226,0.8079752443805248,0.6477404335905701,1.1349562820653087
2025-07-11,0.6169362788141446,0.8030723295813985,0.641571158281318,1.1375133080991129
2025-07-14,0.616127328386899,0.8063203407973505,0.6301924698888869,1.1492187670273761
2025-07-15,0.612245371585902,0.8188533219011036,0.6215698640231199,1.155808520443612
2025-07-16,0.6039309344989297,0.8299379420425705,0.6076959055964162,1.1458626103911898
2025-07-17,0.5978529473089252,0.8406187988492828,0.5962130502983971,1.1480258039439009
2025-07-18,0.5924761600988524,0.8512005042363837,0.5935364916709613,1.1432893755771187
2025-07-21,0.5965215335082091,0.8645441171349832,0.5885867769083001,1.1489326232538941
2025-07-22,0.6017684873378207,0.8705801127262215,0.5887497586783118,1.1567115936056387
2025-07-23,0.607281772474064,0.8751254595226406,0.5948883803973,1.1621395817318818
2025-07-24,0.6145411215325083,0.8835287295434642,0.5916841542367163,1.1553601658196098
2025-07-25,0.6316293807237638,0.8956335730699058,0.5879977800313325,1.1508738325147079
2025-07-28,0.649074699869119,0.9134886899947134,0.5840465506799012,1.1513832337692125
2025-07-29,0.6719483736080207,0.9370245041107462,0.5858152615525598,1.1558737570132045
2025-07-30,0.7009773809941198,0.9656125362482276,0.5931870089350434,1.1696981577773815
2025-07-31,0.7323707665454365,1.001279831043481,0.601377714412006,1.184791672951338
2025-08-01,0.7699688575585003,1.0309246043135527,0.6083594270167874,1.1989835968135463
2025-08-04,0.7841455692345375,1.0371916328238566,0.6068098048839813,1.2164380685242793
2025-08-05,0.7769157746341417,1.019998546857309,0.5938431605480969,1.2184602254619816
2025-08-06,0.771465829983148,1.002761141101662,0.5858102914947112,1.2283989542513833
2025-08-07,0.7626499067280647,0.9791816526690054,0.582511841221261,1.234695766040696
2025-08-08,0.7623749538681511,0.9658396157084386,0.5791781160854119,1.2395129050284943
2025-08-11,0.758395291181942,0.9516443215584995,0.5808729694498506,1.2609116647754186
2025-08-12,0.761632516081546,0.9428658405072895,0.5861675650037642,1.2907639095308898
2025-08-13,0.7548492808562152,0.9271526139181347,0.5820809457441272,1.293093578836263
2025-08-14,0.7487206258982786,0.9149908574203804,0.5740479038739063,1.2681362286087607
2025-08-15,0.7479195969693153,0.9061769501117494,0.5738965008624082,1.24314417327131
2025-08-18,0.751089046048092,0.8949837849992498,0.5808020999200348,1.222463093226152
2025-08-19,0.7543225452955639,0.8874002301772228,0.5937041879137476,1.214371981693293
2025-08-20,0.7582829092256803,0.8687476398376457,0.6067082216798437,1.2188081802897497
2025-08-21,0.761517642335933,0.8556188235807841,0.623381376393226,1.2213272508979105
2025-08-22,0.772208469327892,0.8393273971968147,0.6431527380439597,1.238347406464415
2025-08-25,0.7663974874971937,0.8106794905801649,0.6356614356920836,1.1839104669887772
2025-08-26,0.7541820308194903,0.7874481069980309,0.6239671640115335,1.140475582647557
2025-08-27,0.7459111110845303,0.7732632011825133,0.6150968634704329,1.1037201528001792
2025-08-28,0.7392014185357425,0.7752437936888585,0.6081306234687641,1.0761632084433348
2025-08-29,0.731692559868218,0.7787281403869916,0.6012660896814361,1.0542130725971155
2025-09-02,0.7325250665855662,0.7750576804856824,0.5953478796330601,1.0446870898471534
2025-09-03,0.7346288548693326,0.7673014301774308,0.5891548051289398,1.0353398305389165
2025-09-04,0.7381951369247054,0.763181011860005,0.5877026871415313,1.031272369409336
2025-09-05,0.7401322271558469,0.7611211113785192,0.5867001177433466,1.027991525682089
2025-09-08,0.7415038000735303,0.7596961313794515,0.5869962138895459,1.0180428140019293
2025-09-09,0.7382851461300578,0.7557949318606317,0.5857768627982206,1.0103428897918088
2025-09-10,0.7353315175224694,0.7573190268874024,0.5850464917782867,1.0093297458721735
2025-09-11,0.7354117086515236,0.7628784964768238,0.5809874872081513,1.0098590664086857
2025-09-12,0.7359137204737477,0.7676403978148583,0.568437994363099,1.0066373421361514
2025-09-15,0.7356089688650707,0.7683599612863079,0.5569643749159037,0.9982738048925934
2025-09-16,0.7364377093243675,0.7690225957201465,0.5535224814879722,0.9978389864566659
2025-09-17,0.7326495177645128,0.7698755622687959,0.5528241149957186,0.9966977649337159
2025-09-18,0.7308217623832378,0.7757778927931571,0.5499511513025316,1.0055354210939518
2025-09-19,0.7292412939896754,0.7783426685403818,0.5485157596428314,0.9905911028895392
2025-09-22,0.7298192705657749,0.7779522690799527,0.552454658774814,0.9773258210608101
2025-09-23,0.7379244264739905,0.7752696614588219,0.5579518367756923,0.9633976828076716
2025-09-24,0.7474889716519059,0.775604041431479,0.5653217018352181,0.9650368077949004
2025-09-25,0.7543994110692496,0.7770882283971846,0.5731154002522394,0.9654278737019371
2025-09-26,0.7578386912071383,0.7849813345792837,0.5801297028085526,0.9637335225023099
2025-09-29,0.7559631331063587,0.7940332851057332,0.5874628733409283,0.9591439111247778
2025-09-30,0.7490255139815697,0.8073520678159508,0.600221476698936,0.9643140423942049
2025-10-01,0.7468756933651733,0.8339226297439984,0.6210007951925561,0.9754290076054157
2025-10-02,0.7513692413394578,0.8638710559263205,0.6487318306746984,0.9913782126250356
2025-10-03,0.7651334480748775,0.9014671366912064,0.6811517514932236,1.0109167957111975
2025-10-06,0.782032976243675,0.9480307102618956,0.709655284673611,1.037673120254029
2025-10-07,0.8025126229897379,0.9944807828436895,0.7353676728978439,1.0603089121864129
2025-10-08,0.8212700771531446,1.0391368389612448,0.7664545562028491,1.0931348879033675
2025-10-09,0.8486690409235872,1.0942701324880013,0.8003726479420892,1.1352774728501775
2025-10-10,0.888095743902871,1.1570015231004045,0.8369218885985752,1.19573224540348
2025-10-13,0.8797577357171568,1.1628545523461027,0.8381323397168293,1.216467522004526
2025-10-14,0.8686975755111451,1.1529306927826295,0.8290162341569017,1.2235127263324879
2025-10-15,0.8604566398343603,1.144908765369742,0.8234875781719844,1.2091606994211166
2025-10-16,0.8595885106836625,1.1402216757529575,0.8290735537175578,1.2029187803630093
2025-10-17,0.8572433723212949,1.1412779714225105,0.8418433850845617,1.1821148897889953
2025-10-20,0.8447166264546879,1.1564743135613003,0.8528294459011503,1.1680956731959655
2025-10-21,0.8268178488554094,1.1669978339199507,0.856358395780438,1.153767697151165
2025-10-22,0.8174486193155801,1.1733652891611968,0.8501808658843641,1.1433948247220134
2025-10-23,0.8020578143634278,1.173904333889986,0.8461471585428092,1.1279832676021113
2025-10-24,0.7927822808913223,1.1801015333191105,0.8487402478681056,1.1201914831798407
2025-10-27,0.7910959449206743,1.1773792847542692,0.8439622674671894,1.1092906805440155
2025-10-28,0.7822339219457892,1.1760066709012686,0.8369647840769991,1.0978184653521548
2025-10-29,0.7757289277973911,1.1864574066931661,0.8348612743272448,1.0812112043161988
2025-10-30,0.7799450242840111,1.2063791246701,0.8326898197075517,1.0571918768245487
2025-10-31,0.7802015952212874,1.2153692236666276,0.8358699201133336,1.0295108461808566
2025-11-03,0.7916053661787608,1.2342469379322576,0.8446201880743962,1.0128948115016088
2025-11-04,0.8052448228522914,1.2504115760757424,0.8536790030238732,1.0112040815915515
2025-11-05,0.8067884696805899,1.2498618181154841,0.8614449173190881,1.006804658081342
2025-11-06,0.8227380815985464,1.2454473658564051,0.869041164829737,1.0020037136008002
2025-11-07,0.8300052405578264,1.229854893039992,0.8761280594393923,0.9984300910971842
2025-11-10,0.840826758542998,1.2112248192168302,0.8885220481788053,0.9958134755443626
2025-11-11,0.8465690257455388,1.1827475962321095,0.9032384209601163,1.0084294957378759
2025-11-12,0.8510742877772766,1.1759481439173471,0.9167977990864719,1.0276839583872601
2025-11-13,0.8606116989298966,1.1853080862113097,0.9269412379833609,1.0571144169694613
2025-11-14,0.8551978285922445,1.1838692460177866,0.9160085703201329,1.0905514831954626
2025-11-17,0.8538815432254276,1.1793329454289878,0.9012184817904789,1.135877176558126
2025-11-18,0.8485147188313282,1.175460588038034,0.8749283542270009,1.1623593261716232
2025-11-19,0.8438309252910983,1.1761838025673892,0.8451300981205558,1.1876713256500384
2025-11-20,0.8508074215108348,1.1814024533305563,0.829532405624989,1.2083718697181347
2025-11-21,0.8408323393517367,1.1588540384370396,0.8155071565030605,1.2232629704168874
2025-11-24,0.8311572986320469,1.1379943463833722,0.7939801441608931,1.2130784949324505
2025-11-25,0.8119689051075661,1.0871437027435848,0.7743173145157634,1.1970212102046998
2025-11-26,0.7898559123762522,1.044326788349886,0.746288843607823,1.1532162865964357
2025-11-28,0.7637078349040495,1.0107728690436177,0.7239999934727943,1.1092273278563662
2025-12-01,0.7380154441051195,0.9785324529838841,0.710731189912737,1.0767392643284737
2025-12-02,0.7112439412455785,0.9553183986780592,0.6989139818332201,1.053511637801368
2025-12-03,0.699617869604004,0.9340319628391508,0.6917352911833862,1.0396002019378154
2025-12-04,0.6933329849871182,0.9171686450198173,0.6838464974024765,1.0177292051433295
2025-12-05,0.6884848784070795,0.9078921589938247,0.6792032170595984,0.993096169849118
2025-12-08,0.6874574875338421,0.9039336099737363,0.6737402563716155,0.9743039757992255
2025-12-09,0.6948848382225801,0.8989470065764528,0.669727999964822,0.9690117231080765
2025-12-10,0.7014932674907104,0.9068521163896087,0.664399988757614,0.9668519435683828
2025-12-11,0.7119767600548084,0.9238617686906664,0.65432627118986,0.9448943784805974
2025-12-12,0.7127829560578759,0.9381151505246802,0.6420303232417004,0.9279580809420954
2025-12-15,0.707249012909075,0.9314663245986186,0.6294840707723638,0.9034481752617775
2025-12-16,0.7020256661597182,0.9251584646174551,0.6191904321155833,0.8801785538614724
2025-12-17,0.6987062414744305,0.9234753307236788,0.604745972865293,0.8699675712654793
2025-12-18,0.6864121909956281,0.9058765261050111,0.5915038456931838,0.8561212580424553
2025-12-19,0.6760220669746532,0.882678322537694,0.5860522190503015,0.8424055877386784
2025-12-22,0.6633772650630234,0.8557109622873497,0.5861336845954549,0.8363597873230347
2025-12-23,0.6493180601446524,0.8320226140684067,0.5875694666331516,0.8304096081678451
2025-12-24,0.6385061421860041,0.8108191614917962,0.5935171318819319,0.8281919786424714
2025-12-26,0.6230327978968734,0.7982653307099628,0.596043197412053,0.8296061216288313
2025-12-29,0.612150668188169,0.7853041923064219,0.601606708410568,0.8336163552325258
2025-12-30,0.6025445736031338,0.7768813546062094,0.6133763567609943,0.8487820087423206
2025-12-31,0.5998221095213504,0.774876848423043,0.6305276730875388,0.8651797883693112
2026-01-02,0.600947470714452,0.7739523911345618,0.6504291835058905,0.8842056742224095
2026-01-05,0.6053196393107989,0.7808061423486119,0.6697781496487512,0.9028684925508861
2026-01-06,0.6140746851956776,0.7949088300061438,0.6823739937471708,0.9206624247745461
2026-01-07,0.6227272952748699,0.8116069112695528,0.6881041732274092,0.9262043655465318
2026-01-08,0.6360100897438364,0.8307376742966185,0.6946489351855325,0.9314067016891656
2026-01-09,0.6539733715998155,0.8527303953566107,0.7000812865176106,0.9320843017876697
2026-01-12,0.6723255090617839,0.875427349303261,0.7041830010885755,0.9345004009222999
2026-01-13,0.6927174588354346,0.8974388576742591,0.7117348005508172,0.9492915317902284
2026-01-14,0.7219201420877255,0.921241458235211,0.7174435996185546,0.9695800459120791
2026-01-15,0.74951854429154,0.9340147561827553,0.7261428172888792,0.9858499917919132
2026-01-16,0.7884995245406966,0.9606831285498644,0.7359623125201233,1.0004939553542618
2026-01-20,0.8323010929439619,0.9881789992187229,0.750744867135836,1.021617287052345
2026-01-21,0.8423057976759372,0.9882279943086846,0.7489127027481771,1.0358577381357148
2026-01-22,0.8489207111861746,0.9886704164570368,0.7496710524714597,1.0315440118436472
2026-01-23,0.8554107817055803,0.9941655117713859,0.7532554210977644,1.029134048175669
2026-01-26,0.8612695459952211,1.002853470065725,0.7553258202645148,1.0127998178390087
2026-01-27,0.867417033810014,1.009344219778329,0.7591818173559414,1.0062073210194522
2026-01-28,0.8752086324025193,1.015351910912118,0.7609622771240766,1.0082470916404667
2026-01-29,0.8894276554591988,1.0301455666043096,0.7646559739854822,1.0099023283533655
2026-01-30,0.9054409291425181,1.0506540577727543,0.7773519139045773,1.0118742728989036
2026-02-02,0.9299893904956235,1.0734788167858778,0.790762820928376,1.0176562463571601
2026-02-03,0.9572326369752808,1.0996926482831157,0.8019935628084078,1.0274867907154186
2026-02-04,0.9807576743032631,1.1196137368283483,0.81536645817075,1.045334338902583
2026-02-05,1.0098542361703238,1.1256834200651267,0.8333921615409594,1.064402643239095
2026-02-06,1.032220335588531,1.1333847725253716,0.8469938708566022,1.0740268247784939
2026-02-09,1.0386689257957025,1.1209961179819814,0.8345969088516926,1.0524214163104868
2026-02-10,1.0384391297909006,1.116349677022471,0.8262254766562854,1.0337423884942167
2026-02-11,1.0478297400893322,1.1167088816104522,0.8204413086319127,1.027439233211795
2026-02-12,1.0498275196532072,1.1275344809358616,0.8253157545175206,1.024257757083379
2026-02-13,1.0329586460407534,1.1148502999222505,0.8127809212105436,1.0068929656309098
2026-02-17,1.017573064099473,1.1029106230998984,0.8054508583854862,0.9870702406088898
2026-02-18,1.0031142085575637,1.0961614901543861,0.8023010005046431,0.9709827991339732
2026-02-19,0.9988990783893864,1.089650035183598,0.8033982954670256,0.9638984214199293
