,SPY,QQQ,DIA,IWN
SPY,1.4990979453262532,1.5523734294012246,1.3080572179190197,1.5511170539999293
QQQ,1.5523734294012246,2.049127088180056,1.3619858580203008,1.598239009967068
DIA,1.3080572179190197,1.3619858580203008,1.2963683742795615,1.4631485522751637
IWN,1.5511170539999293,1.598239009967068,1.4631485522751637,2.2844744168913644
