,intercept,SPY_lag1,QQQ_lag1,DIA_lag1,IWN_lag1,SPY_lag2,QQQ_lag2,DIA_lag2,IWN_lag2
SPY,0.043118833181951324,-0.10299610187991702,0.06385784450394562,-0.11649408915146749,0.05062839585519455,-0.15856425750255074,0.03770797294163495,0.10461545031370754,0.015981290872884156
QQQ,0.050833904430632265,-0.06736028952714385,0.04724363613604854,-0.144370080937172,0.037997023816393305,-0.0691990110666716,-0.01367544452898756,0.04324063533188721,0.02465317402173776
DIA,0.029113793985665475,-0.042335245531022955,0.051049177200344416,-0.16824403324971723,0.043563287031613156,-0.130236439692831,0.02619026749663996,0.09074788244283086,0.01830083828231415
IWN,0.036152766420076,-0.026747376052371444,0.02883893591533344,-0.11921913001224958,-0.004356770594305805,-0.10383296049458943,0.012717913839508637,0.15804461376385942,-0.023014588204899593
