,SPY,QQQ,DIA,IWN
SPY,7.752867563614809,7.4113802025444695,6.639951958717376,7.513538365447586
QQQ,7.4113802025444695,9.24004047429492,6.686682000881688,7.299034509482977
DIA,6.639951958717376,6.686682000881688,6.534577728826248,7.235918690422531
IWN,7.513538365447586,7.299034509482977,7.235918690422531,10.29756084084523
