component,posterior_mean_pi
0,0.881317774599654
1,0.1186822254003461
