,intercept,SPY_lag1,QQQ_lag1,DIA_lag1,IWN_lag1,SPY_lag2,QQQ_lag2,DIA_lag2,IWN_lag2
SPY,0.0793558481135237,-0.030824384347992662,0.024049044469243778,-0.08240710982466193,0.030026763255738314,-0.0740715279911386,0.02310295867409383,0.03485166668331533,-0.006380689619185675
QQQ,0.10133799618372077,0.044205488545491334,-0.014126491644297126,-0.10086909962699298,0.028494461723433066,-0.011211257009803612,-0.005563650124936309,-0.018112334516433085,0.0019317150684554196
DIA,0.0586634083501707,0.058920890441990253,0.002964636620469863,-0.14586467960666408,0.018665933352313424,-0.03170611640833346,0.01357964570363072,0.01067039772157595,-0.006780692087925606
IWN,0.06109059643075386,0.09437555152016924,-0.0060764851069516745,-0.12405874569795196,-0.018721285452935714,0.04242597839648805,-0.008612333761422139,0.00943539259300435,-0.04933261295877789
