,intercept,SPY_lag1,QQQ_lag1,DIA_lag1,IWN_lag1,SPY_lag2,QQQ_lag2,DIA_lag2,IWN_lag2
SPY,0.07678808527656028,-0.03746884615919323,0.025759050713751345,-0.06867602229607007,0.016148794359964417,0.004564553191427356,-0.006121629502799698,0.019052502396689916,-0.01872982634466719
QQQ,0.09917369126401639,0.016179236435503785,-0.0010554343971454563,-0.08571938535618222,0.014615039019030895,0.04461496338023631,-0.02742604518427071,-0.013538992830753684,-0.01078228846553474
DIA,0.057126131860206875,0.034404347379317725,0.00788735545327706,-0.12052097511726423,0.010332199134408186,0.01379111075492975,-0.005812403229170838,0.013228230979978899,-0.016037197559192327
IWN,0.06675527345351784,0.04927198328780768,0.0007660742273500621,-0.08950308413840283,-0.021651321151336916,0.07299449161388406,-0.02286210999127426,0.02276490849077946,-0.05754926157250343
