,intercept,SPY_lag1,QQQ_lag1,DIA_lag1,IWN_lag1,SPY_lag2,QQQ_lag2,DIA_lag2,IWN_lag2
SPY,0.07596911299574972,-0.045709051382158486,0.013820027924679274,-0.04943602318475871,0.022356678790808614,-0.03401409884974048,-0.004786695858617612,0.03195703420528227,-0.0064359036794457555
QQQ,0.10258069195882848,0.026067177401057216,-0.008295949748355534,-0.0799098182841509,0.011900718388289462,0.03690204634206115,-0.044733103779702195,-0.001019586996531692,-0.0014878112598473625
DIA,0.0606916179839777,0.031242668152144215,-0.006219687776921058,-0.09923531206614743,0.021589212864473056,0.02242055975110551,-0.011925839060387482,0.006478721812282602,-0.015422253400558052
IWN,0.05549716388422748,0.03313213720248667,-0.007741033638710297,-0.07646761568444194,-0.00802958812547283,0.06863416125989592,-0.03077612543388277,0.00806322905787589,-0.04048862592555647
